protein,degree,clustering_coeff,betweenness,closeness,pagerank,eigenvector_centrality,avg_neighbor_degree,k_core,n_complexes,mean_complex_size,max_complex_size,co_complex_degree,co_complex_clustering,label
YJL092W,7,0.0,0.0010588505708198023,0.24343999949799494,0.0002678804496782136,2.8626216455295404e-06,13.571428571428571,4,0,0.0,0.0,0,0.0,0
YOL132W,2,0.0,1.0153994336565452e-05,0.1764271150909878,0.00011924978608668051,7.781252874921391e-09,4.5,2,0,0.0,0.0,0,0.0,0
YPL149W,3,0.3333333333333333,0.00020653271210537228,0.21799449972584395,0.00014736262495676793,1.5188414197199267e-06,9.666666666666666,2,1,3.0,3.0,2,1.0,0
YAL001C,5,1.0,0.0,0.21201346155110468,0.00015791668012118094,6.034209416363271e-07,9.4,5,4,84.75,195.0,255,0.7764397097421646,1
YBR123C,7,0.5238095238095238,0.0005229817259771156,0.23025914211012322,0.00020635402933373134,2.445436521553644e-06,11.857142857142858,5,4,84.75,195.0,255,0.7764397097421646,1
YDR362C,7,0.47619047619047616,0.0005769550734167957,0.23249872974714983,0.00021702631598685386,1.907729994442683e-05,13.142857142857142,5,4,84.75,195.0,255,0.7764397097421646,1
YGR047C,10,0.26666666666666666,0.002155703913749198,0.22254418287527075,0.0003084793303126973,9.283467776393433e-07,7.9,5,4,84.75,195.0,255,0.7764397097421646,1
YOR110W,18,0.1568627450980392,0.003221879971175159,0.2602917453050537,0.00045095710945791835,2.492021983515309e-05,21.27777777777778,8,4,84.75,195.0,255,0.7764397097421646,1
YPL007C,5,1.0,0.0,0.21201346155110468,0.00015791668012118094,6.034209416363271e-07,9.4,5,2,69.5,133.0,132,1.0,1
YAL003W,8,0.39285714285714285,0.00022554005685361227,0.222396290309205,0.0002232766341497029,2.423901482317912e-06,9.625,4,6,198.5,559.0,589,0.9439786101197695,1
YBR025C,10,0.1111111111111111,0.0008331039172569043,0.24000199873275602,0.00023422307817822608,5.725216469582792e-06,20.9,6,0,0.0,0.0,0,0.0,0
YBR118W,8,0.2857142857142857,0.0005624198193213378,0.23824085378832854,0.00021191306287523162,2.3644717431421518e-05,17.875,5,6,198.5,559.0,589,0.9439786101197695,0
YKL081W,11,0.2545454545454545,0.0004796150117078036,0.2261888442876504,0.00029209827973965263,5.717568968391623e-06,12.272727272727273,5,6,198.5,559.0,589,0.9439786101197695,0
YKR084C,6,0.6,4.707386817143169e-05,0.20921978604542985,0.000179983928136978,5.72377331709172e-07,7.166666666666667,4,3,93.66666666666667,266.0,265,1.0,0
YOL139C,31,0.18494623655913978,0.0021407983064171223,0.2769618176106868,0.0004984116881259624,0.00015085773780456504,42.096774193548384,15,7,172.71428571428572,559.0,589,0.9439786101197695,1
YPL048W,4,1.0,0.0,0.18798410884624586,0.00012999631418531463,1.1993992831146593e-07,7.5,4,4,71.5,266.0,265,1.0,0
YPL226W,2,1.0,0.0,0.18684574089626646,7.825730227335501e-05,1.0721371887445186e-07,9.5,2,0,0.0,0.0,0,0.0,0
YPR080W,5,0.9,6.5958404175994156e-06,0.19843624480152655,0.00015396908797106972,4.145574433309109e-07,7.4,4,6,198.5,559.0,589,0.9439786101197695,0
YGL181W,43,0.015503875968992248,0.01570040665539147,0.2824460320086131,0.0013955728849304762,0.001462628963785974,13.790697674418604,8,0,0.0,0.0,0,0.0,0
YML109W,30,0.07816091954022988,0.0032469656946047397,0.2616379739613103,0.0007765324616532992,0.0014175747577008708,14.033333333333333,6,0,0.0,0.0,0,0.0,0
YAL005C,11,0.10909090909090909,0.0005687905794369024,0.24935612030885929,0.00029072535708159154,4.087983215206931e-05,21.09090909090909,6,1,11.0,11.0,10,1.0,0
YAR002W,10,0.06666666666666667,0.0008153704833179507,0.25802243230108934,0.00027359686330560796,4.213701828734314e-05,32.1,6,1,59.0,59.0,58,1.0,0
YDR192C,31,0.05591397849462366,0.006635461558104035,0.28164149873947486,0.0008228667180954349,0.00014174446378590046,26.93548387096774,9,3,32.0,59.0,59,0.9812974868497955,0
YHR069C,15,0.5904761904761905,0.00017649891992203384,0.24532064007153873,0.00024247019738754094,4.677941884513497e-05,24.933333333333334,10,6,32.166666666666664,131.0,136,0.9196078431372549,1
YLR310C,16,0.06666666666666667,0.002755076359776786,0.2477797147185709,0.00046514164303112045,7.585709008416529e-06,13.4375,6,0,0.0,0.0,0,0.0,1
YLR335W,17,0.19117647058823528,0.0007250716488984594,0.2614021649359291,0.0004464432998536399,3.132817864811706e-05,27.235294117647058,8,3,32.0,59.0,59,0.9812974868497955,0
YLR347C,62,0.06980433632998413,0.011451156142299815,0.298778671178399,0.0014157641687090714,0.0028925302212095797,28.048387096774192,17,1,59.0,59.0,58,1.0,1
YNL007C,3,0.0,4.194683194836888e-05,0.21751493580464318,0.00012268160326115436,1.04186924904556e-06,11.666666666666666,2,4,282.5,559.0,558,1.0,1
YNL064C,11,0.01818181818181818,0.0009490270372029299,0.24435611272908717,0.00029167735291778864,2.206568099423183e-05,14.818181818181818,5,1,4.0,4.0,3,1.0,0
YOR098C,42,0.022067363530778164,0.006205403254246476,0.274619128331566,0.0012293324709132217,5.091885424774846e-05,11.428571428571429,8,3,32.0,59.0,59,0.9812974868497955,1
YOR160W,7,0.09523809523809523,0.0001348987406687295,0.25416347672072603,0.00019835499160262518,2.544897622949553e-05,42.857142857142854,6,0,0.0,0.0,0,0.0,1
YPL240C,18,0.0915032679738562,0.002175459696057978,0.2438493487488744,0.0005587643342213924,3.7652219383915657e-06,9.444444444444445,5,0,0.0,0.0,0,0.0,0
YAL007C,2,1.0,0.0,0.1760914851059932,7.983539415530727e-05,4.0208504194070495e-08,9.0,2,4,33.75,95.0,94,1.0,0
YGL200C,9,0.6111111111111112,0.00012102672011643454,0.20878803239567442,0.00025327415786914126,1.2498357156695537e-06,10.11111111111111,7,4,33.75,95.0,94,1.0,0
YML012W,9,0.6111111111111112,0.00018381895516092635,0.2134698837599935,0.00025334149772139825,1.943921394242988e-06,9.777777777777779,7,4,33.75,95.0,94,1.0,0
YAL011W,6,0.06666666666666667,0.0016326476699607777,0.23888184883750646,0.00020988749139279678,3.695468308798738e-05,24.5,5,2,48.0,83.0,82,1.0,0
YDL181W,20,0.4789473684210526,0.001535034337704482,0.2554619043469564,0.0004912303898031351,4.624623523893363e-05,21.5,14,4,24.25,56.0,57,0.9523809523809523,0
YER081W,95,0.0015677491601343784,0.03196720078650619,0.28761842066829746,0.0035721421955136157,0.0028829695557369586,9.926315789473684,13,1,3.0,3.0,2,1.0,0
YHR158C,11,0.01818181818181818,0.0016534060527959415,0.25956185376938534,0.0003207832728613893,2.158146764670066e-05,21.363636363636363,6,2,2.5,3.0,2,1.0,0
YIR018W,4,0.0,0.00022558325980398772,0.2006695678518758,0.00020794841040716345,5.018365700597187e-07,4.25,2,0,0.0,0.0,0,0.0,0
YOR127W,9,0.08333333333333333,0.0004362425636855654,0.23756436580727722,0.00028994667853451077,2.0330747042876005e-06,13.0,5,0,0.0,0.0,0,0.0,0
YOR269W,8,0.03571428571428571,0.0002223107426015843,0.2274898677592903,0.000270164143733528,2.8606751753460242e-06,8.0,5,0,0.0,0.0,0,0.0,0
YAL012W,6,0.2,0.0025409150444801643,0.2544905663076144,0.0002680642311735265,7.520479739302179e-05,54.666666666666664,4,0,0.0,0.0,0,0.0,1
YER003C,1,0.0,0.0,0.2010683658098936,7.009478970331536e-05,9.403691180990018e-07,6.0,1,0,0.0,0.0,0,0.0,1
YGR061C,5,0.5,2.755254067473878e-05,0.22605955993913576,0.0001773963417778797,2.2816178958158e-06,11.0,4,0,0.0,0.0,0,0.0,0
YGR204W,12,0.13636363636363635,0.0011121590400627079,0.2507791233011683,0.0004194939768960591,2.0602120706073016e-05,16.25,4,0,0.0,0.0,0,0.0,0
YJR091C,294,0.0007893942559959137,0.14585213430043378,0.3354550259101448,0.010902627273476554,0.00598529605475524,8.146258503401361,18,0,0.0,0.0,0,0.0,0
YMR101C,1,0.0,0.0,0.2010683658098936,7.009478970331536e-05,9.403691180990018e-07,6.0,1,0,0.0,0.0,0,0.0,0
YMR205C,15,0.10476190476190476,0.0022302266206643785,0.25221846083997146,0.0004518565961520106,5.128577277857823e-06,16.866666666666667,5,1,2.0,2.0,1,0.0,0
YAL013W,2,0.0,2.9708308370887196e-05,0.2170374772276711,7.933369227773032e-05,4.736528184674042e-07,18.5,2,3,58.0,133.0,132,1.0,0
YDR207C,18,0.06535947712418301,0.004396884636485707,0.2656154973459105,0.0005279624080531508,2.491604076440421e-05,19.0,7,6,74.33333333333333,195.0,255,0.7764397097421646,0
YGL061C,19,0.04093567251461988,0.002672653087000093,0.25589766666835295,0.0005017681153730166,1.2291894321555987e-05,15.842105263157896,7,8,25.0,55.0,75,0.6731531531531532,1
YAL014C,2,0.0,5.4693574279404954e-05,0.22216914671783616,8.289212374456314e-05,1.2047684474992578e-06,30.0,2,0,0.0,0.0,0,0.0,0
YER133W,41,0.06219512195121951,0.009771335813953189,0.27308494325708793,0.0009862130522225788,8.506472898590462e-05,23.146341463414632,11,11,5.636363636363637,20.0,29,0.4753694581280788,1
YIL034C,19,0.005847953216374269,0.0028911184582488775,0.24921328011850077,0.0006827056828102366,6.779233820190632e-06,9.421052631578947,5,5,27.2,73.0,73,0.9729832572298326,0
YAL015C,0,0.0,0.0,0.0,3.195568811248403e-05,4.8315357241094107e-57,0.0,0,0,0.0,0.0,0,0.0,0
YAL016W,5,0.6,6.328394125324185e-05,0.2121789031910197,0.00016370495582609476,2.729472152934921e-06,12.6,4,3,4.0,6.0,5,1.0,0
YDL134C,11,0.3090909090909091,0.001080128891776815,0.2479067884796095,0.0003093637585238516,7.444042651937125e-05,24.818181818181817,6,4,3.75,6.0,6,0.7333333333333333,0
YDL188C,7,0.6666666666666666,2.070018943575016e-05,0.2224986565247618,0.00020624378313234665,2.074252467339139e-05,14.857142857142858,5,1,6.0,6.0,5,1.0,0
YGL190C,11,0.2545454545454545,0.0008354948226766669,0.24238209543866887,0.0003285584157436649,2.2697885546621946e-05,16.727272727272727,6,2,4.5,6.0,5,1.0,0
YMR109W,30,0.135632183908046,0.003915649199575766,0.2606816604367348,0.0007809415313167268,0.00010040555863239127,16.4,7,3,37.666666666666664,73.0,72,1.0,0
YNL127W,4,0.0,3.915456932842869e-05,0.19339065749594006,0.0001645725892622192,5.7916461294682926e-08,4.0,2,1,6.0,6.0,5,1.0,0
YAL017W,2,0.0,1.910995691141745e-06,0.21041382429041727,8.945884044601286e-05,8.553718770352705e-07,16.0,2,0,0.0,0.0,0,0.0,0
YAL029C,7,0.38095238095238093,0.00015160847742892394,0.23412529496441006,0.00022529421287415273,1.958723545942689e-05,14.571428571428571,6,4,28.75,73.0,72,1.0,0
YCL027W,25,0.01,0.0041587209834790615,0.26642882179120997,0.0008841689888610647,4.8314354220988084e-05,15.88,7,0,0.0,0.0,0,0.0,0
YAL018C,1,0.0,0.0,0.22248727784743108,4.116044731888024e-05,2.82137635783581e-06,73.0,1,0,0.0,0.0,0,0.0,0
YLR264W,73,0.595509893455099,0.009699796370330372,0.2898025733432366,0.000791206465444107,0.00022309859582874143,53.28767123287671,56,7,227.28571428571428,559.0,589,0.9439786101197695,0
YAL019W,1,0.0,0.0,0.21231351476397772,6.0515880956947507e-05,2.444590563744967e-07,37.0,1,0,0.0,0.0,0,0.0,0
YJL124C,37,0.015015015015015015,0.009192731582007136,0.2727767402989948,0.001246701210441968,1.8915082238526272e-05,13.378378378378379,8,3,192.66666666666666,559.0,560,0.9943713263480706,0
YAL021C,12,0.45454545454545453,0.0004678002270066444,0.23469365221064184,0.0002853468564380211,3.216446676054017e-06,17.5,10,9,59.666666666666664,195.0,275,0.6880159256801592,0
YDL160C,23,0.20948616600790515,0.0038436366863465643,0.2680870243424124,0.0005823963318530625,4.2216868748799444e-05,17.782608695652176,10,5,171.6,559.0,749,0.621923705760979,0
YDR443C,21,0.41904761904761906,0.00031635102498310264,0.25368920817707546,0.0004778997502996955,4.873988683805984e-05,24.047619047619047,10,4,46.75,133.0,172,0.7451380388956889,0
YFL028C,13,0.7307692307692307,1.4006293149681348e-05,0.23203990778327738,0.00029838495788015254,2.2076080825678227e-06,15.615384615384615,10,5,85.6,195.0,255,0.7764397097421646,0
YGR092W,17,0.4117647058823529,0.0005054645083829841,0.24267954655149596,0.00041835368815090296,2.7861989811852843e-06,13.647058823529411,10,4,71.25,195.0,194,1.0,0
YIL106W,16,0.43333333333333335,0.0029429247038296525,0.23079661703069854,0.0004442472668334081,1.6094455975321503e-06,11.625,10,4,71.25,195.0,194,1.0,1
YJR122W,13,0.6666666666666666,0.00013401415003930602,0.23426397237782928,0.0003035418244672119,1.8723104868188233e-06,14.846153846153847,10,3,94.33333333333333,195.0,194,1.0,0
YKR036C,14,0.6813186813186813,2.9146417904350365e-05,0.23320912522265708,0.0003186714704950135,2.536646208579218e-06,15.714285714285714,10,5,85.6,195.0,255,0.7764397097421646,0
YLR180W,15,0.06666666666666667,0.0027396319428005093,0.23834527097072636,0.0004403343459990225,2.8043875875178445e-05,11.066666666666666,5,0,0.0,0.0,0,0.0,0
YNL025C,24,0.2826086956521739,0.004767647219275694,0.26280755291945557,0.0006146082722743637,5.1102022977892795e-05,21.916666666666668,10,4,46.75,133.0,172,0.7451380388956889,0
YNR052C,18,0.32679738562091504,0.0018850690433315576,0.2613079602996377,0.00044578604143060297,2.354798736087896e-05,21.166666666666668,10,10,67.7,195.0,389,0.4481488352370604,1
YPL042C,18,0.3137254901960784,0.000878589574270217,0.24490634040917966,0.00042577982251279175,2.6640210708979472e-05,18.72222222222222,10,4,46.75,133.0,172,0.7451380388956889,0
YAL022C,1,0.0,0.0,0.00028105677346824053,0.00015831621771793706,5.197694642178564e-46,2.0,1,0,0.0,0.0,0,0.0,0
YAL024C,1,0.0,0.0,0.21414236222822738,5.3634176035740884e-05,9.920803218795339e-07,33.0,1,1,3.0,3.0,2,1.0,0
YIR009W,33,0.10984848484848485,0.006117111762424231,0.2758029815537383,0.0008405648695394282,7.827383026625023e-05,25.0,12,5,148.0,559.0,558,1.0,0
YAL025C,5,0.6,0.00020198186801602362,0.22300047316770044,0.0001062676989369116,3.5997772198114026e-05,55.0,4,0,0.0,0.0,0,0.0,1
YHR052W,89,0.5120020429009193,0.0016997558932713513,0.28204319163881153,0.0008062701199805514,0.0008173342465808163,61.943820224719104,44,3,317.0,559.0,603,0.8616772174564608,1
YJR044C,1,0.0,0.0,0.18088712448666033,4.995051977794405e-05,4.773587319571137e-07,5.0,1,0,0.0,0.0,0,0.0,0
YKR081C,71,0.6716297786720322,0.0003081974375109496,0.27072285196195817,0.0006153357321313926,0.0007368810280379968,66.01408450704226,44,0,0.0,0.0,0,0.0,1
YNL110C,66,0.7188811188811188,0.0015317870650936106,0.2738240326679675,0.0006118690068548425,0.0007350590897518202,67.75757575757575,44,0,0.0,0.0,0,0.0,1
YOR272W,48,0.6170212765957447,0.0029685645483069497,0.2704872066046175,0.0005201617170309288,0.0004527303268291014,68.9375,39,3,39.666666666666664,73.0,72,1.0,1
YAL026C,3,0.0,0.00020754796473497272,0.20220851643172985,0.00016346176327554878,3.115246755358994e-07,6.333333333333333,2,0,0.0,0.0,0,0.0,0
YDL192W,16,0.2916666666666667,0.000970199671168949,0.25001529975453524,0.0004626443092674358,2.3949708886737367e-05,12.1875,9,5,29.0,95.0,103,0.8431372549019608,0
YOR153W,1,0.0,0.0,0.16696151633068532,7.815445844093808e-05,3.906634298411068e-09,3.0,1,0,0.0,0.0,0,0.0,0
YPL146C,2,0.0,8.60203253662112e-05,0.21474486554265598,9.422578679008602e-05,9.066559449352509e-07,29.5,2,0,0.0,0.0,0,0.0,1
YAL028W,3,0.0,0.0001882746019307065,0.225485447860924,0.00011705921588619318,4.871342860917172e-07,27.0,3,0,0.0,0.0,0,0.0,0
YBL050W,36,0.03650793650793651,0.00755712881194043,0.2621582543554485,0.0011753722474524986,9.905862675776257e-06,8.833333333333334,7,2,48.5,95.0,94,1.0,1
YDL239C,35,0.021848739495798318,0.008169217932425142,0.27699708589256766,0.0010610251297859341,2.83744395123696e-05,12.571428571428571,8,0,0.0,0.0,0,0.0,0
YLR233C,10,0.022222222222222223,0.0005150972726630496,0.217308503048385,0.00037045243416362726,3.68588948813432e-07,5.9,3,5,125.2,559.0,611,0.8418716964932521,0
YBR130C,7,0.09523809523809523,0.0030236838168505534,0.24864355209628322,0.0002470966898223698,2.0825043050771032e-05,33.714285714285715,6,0,0.0,0.0,0,0.0,0
YFL039C,34,0.0570409982174688,0.006508189784180818,0.26873285755937165,0.0009818980049052196,0.001428446928305927,15.0,7,8,46.125,133.0,283,0.3806230108011929,1
YGL106W,7,0.3333333333333333,0.00022833865629624285,0.23730519996883587,0.0002111960167324089,3.817201799661082e-05,21.857142857142858,6,0,0.0,0.0,0,0.0,1
YHR023W,9,0.16666666666666666,0.0009665442202625207,0.25440127659368855,0.0002642058813689514,2.09519216839799e-05,24.11111111111111,6,4,28.5,73.0,72,1.0,1
YKL130C,21,0.009523809523809525,0.003793102321951193,0.26080668011681957,0.0007023871463733208,6.737312424603079e-06,14.380952380952381,6,0,0.0,0.0,0,0.0,0
YOR326W,22,0.08225108225108226,0.0025375546868765682,0.26948192709543284,0.0005580175413284391,5.051712524177851e-05,22.545454545454547,7,4,28.75,73.0,72,1.0,1
YAL030W,2,0.0,6.724958757533459e-06,0.21004809921922885,8.884041221691563e-05,9.922632402854838e-07,11.5,2,4,31.25,95.0,95,0.9791713325867861,0
YDR468C,11,0.2,0.0007711359493307132,0.23411269606783985,0.0003722064465047451,4.17547209685013e-06,11.090909090909092,7,4,33.0,95.0,94,1.0,1
YGR009C,12,0.045454545454545456,0.0036304007087562167,0.26036963498884835,0.00039544448047928364,7.515898111304511e-05,33.75,6,2,3.0,3.0,4,0.3333333333333333,1
YAL031C,1,0.0,0.0,0.2084479052766359,6.2038191031592e-05,6.104195193169983e-07,25.0,1,0,0.0,0.0,0,0.0,0
YAL032C,12,0.07575757575757576,0.001699780183130981,0.26296640661440207,0.00030634757906410277,8.624690400223926e-06,30.916666666666668,7,2,325.0,559.0,558,1.0,1
YBR017C,8,0.17857142857142858,0.00022854425132864283,0.2545948168907226,0.0002205227095732104,4.459029154050721e-05,42.875,7,0,0.0,0.0,0,0.0,0
YDR416W,16,0.09166666666666666,0.0024518072048685287,0.2640196766008416,0.0003962526353565054,5.8408189712727184e-05,25.0625,7,3,219.33333333333334,559.0,558,1.0,1
YER013W,11,0.45454545454545453,0.00023313680858697616,0.24658596786423329,0.000213490906128281,1.052586282280663e-05,35.54545454545455,8,6,156.5,559.0,619,0.8502282102357388,1
YJL203W,52,0.4072398190045249,0.004591030630226998,0.279183483990802,0.00098053445493557,9.599537581492396e-05,34.05769230769231,29,11,92.54545454545455,559.0,621,0.8449742870500234,1
YKL095W,3,0.3333333333333333,2.827044682625416e-05,0.21923585119072103,0.00010801543532305372,8.460385428122997e-07,11.333333333333334,3,0,0.0,0.0,0,0.0,1
YKL173W,20,0.4631578947368421,0.0013383211101775437,0.26223726528201735,0.00027383630438329554,0.0001436054339482614,69.4,15,6,127.66666666666667,559.0,558,1.0,1
YLR345W,7,0.047619047619047616,0.0026948346623795337,0.2564104574190291,0.00020989577486743352,7.2711328010494816e-06,38.57142857142857,5,0,0.0,0.0,0,0.0,0
YLR423C,68,0.014925373134328358,0.02263457071579181,0.3018048027075038,0.0018933446451503363,5.87692548190315e-05,16.36764705882353,9,0,0.0,0.0,0,0.0,0
YNL189W,150,0.006890380313199105,0.06172428668413836,0.3165393066813641,0.004581561433181578,0.0002158065692198014,10.6,10,1,59.0,59.0,58,1.0,1
YOR036W,15,0.06666666666666667,0.0023515562697617146,0.25786949386691177,0.0004354179942205762,4.266180022594973e-06,21.466666666666665,7,4,33.0,95.0,94,1.0,1
YPL151C,19,0.34502923976608185,0.000608452372933096,0.25574723596664906,0.00037495351675156013,3.45012877347885e-05,33.21052631578947,12,2,325.0,559.0,558,1.0,1
YAL033W,9,0.7777777777777778,5.2606647916242086e-05,0.19886256027008584,0.0002645395501922376,9.78230035479877e-07,8.222222222222221,8,7,106.71428571428571,559.0,619,0.8502282102357388,1
YBL018C,9,0.7777777777777778,0.00011966094502272669,0.20807902386783375,0.00025915556773328335,1.8329506575646923e-05,11.444444444444445,8,7,106.71428571428571,559.0,619,0.8502282102357388,1
YBR167C,9,0.7777777777777778,0.00034171813962199113,0.21923585119072103,0.0002622102492190185,7.998041288436694e-07,14.777777777777779,8,7,106.71428571428571,559.0,619,0.8502282102357388,1
YBR257W,8,1.0,0.0,0.19500296867004335,0.000235073109563346,5.290808243983375e-07,9.0,8,7,106.71428571428571,559.0,619,0.8502282102357388,1
YGR030C,8,1.0,0.0,0.19500296867004335,0.000235073109563346,5.290808243983375e-07,9.0,8,7,106.71428571428571,559.0,619,0.8502282102357388,1
YHR062C,9,0.7777777777777778,4.7018879106477836e-05,0.1999593800169448,0.0002700049528872242,5.416029108503861e-07,8.444444444444445,8,7,106.71428571428571,559.0,619,0.8502282102357388,1
YIR015W,8,1.0,0.0,0.19500296867004335,0.000235073109563346,5.290808243983375e-07,9.0,8,4,177.25,559.0,619,0.8502282102357388,1
YJR115W,3,0.3333333333333333,9.609800994468027e-05,0.2203350838707859,0.00010378208228576622,3.638154132429633e-05,22.666666666666668,3,0,0.0,0.0,0,0.0,0
YNL221C,10,0.6222222222222222,0.0002395495756477288,0.19766987282605605,0.00031314118457985646,5.759568006198321e-07,7.6,8,9,94.55555555555556,559.0,619,0.8502282102357388,1
YNL282W,10,0.6222222222222222,0.0010986218747725445,0.23695622173358755,0.000314880557386787,2.0009929011322573e-05,18.4,8,7,106.71428571428571,559.0,619,0.8502282102357388,1
YAL034C,7,0.2857142857142857,0.00013533657008110733,0.23587704570747495,0.00019706983192145926,1.7329618123645161e-06,18.714285714285715,5,1,16.0,16.0,15,1.0,0
YBR198C,28,0.30158730158730157,0.002815764638956206,0.2671814918030257,0.0006370251699961243,3.735117760803826e-05,24.071428571428573,13,14,45.57142857142857,195.0,266,0.731961980422755,1
YDL140C,52,0.19457013574660634,0.007259928590762879,0.2791118387777422,0.0011036825076477684,7.09335592662395e-05,24.25,13,6,57.166666666666664,195.0,208,0.9184318097361576,1
YDR044W,5,0.2,0.00042449148313153113,0.2429777286248907,0.00018914369209230652,2.8265139226996787e-06,38.2,4,0,0.0,0.0,0,0.0,1
YLR055C,4,0.3333333333333333,1.8700111323922303e-06,0.20489409085050006,0.00012203994168831693,3.0034151117522007e-07,10.75,4,7,67.85714285714286,195.0,255,0.7764397097421646,0
YML114C,10,0.35555555555555557,0.00027981854702373646,0.24450717872358047,0.0002342303039040633,1.2438191914079892e-05,26.5,6,5,50.8,133.0,175,0.8057142857142857,1
YOL004W,17,0.09558823529411764,0.0013798577830608167,0.2487288451791589,0.00047886343669796674,6.892545297325201e-06,19.58823529411765,7,11,43.18181818181818,195.0,256,0.7707720588235294,0
YGL172W,25,0.15333333333333332,0.001722059356140666,0.2726228995506121,0.0006091537943464333,9.034693528828766e-05,26.64,9,3,29.0,59.0,59,0.9812974868497955,1
YGR120C,19,0.09941520467836257,0.0013760066123015258,0.2666574459717234,0.000505451072291186,7.401506202304623e-06,17.789473684210527,7,3,41.333333333333336,95.0,94,1.0,1
YKL103C,11,0.09090909090909091,0.0012304223844064317,0.27747408833654363,0.0002990447923303027,5.769222868409289e-05,55.09090909090909,8,0,0.0,0.0,0,0.0,0
YAL035W,34,0.44563279857397503,0.002670716422874565,0.2642923413540288,0.00041711452389641757,0.00029035132370352704,61.794117647058826,22,4,282.5,559.0,558,1.0,1
YBR009C,27,0.09686609686609686,0.001739801376967671,0.25199931829406097,0.0006700982874776666,6.008781585379368e-05,13.74074074074074,8,3,8.333333333333334,11.0,14,0.6043956043956044,1
YBR079C,45,0.29797979797979796,0.003729976473502262,0.2766272163177127,0.0005998359932737962,0.00032804105401037007,49.333333333333336,22,7,174.42857142857142,559.0,592,0.9345532080303653,1
YBR086C,5,0.9,3.011957471160507e-08,0.22713356118976025,9.358325579933324e-05,1.2049227523279831e-05,32.6,5,0,0.0,0.0,0,0.0,0
YBR143C,15,0.5238095238095238,0.0006150989071048437,0.2516203719507616,0.00023743342924237507,8.555605867517467e-05,41.8,13,2,134.0,266.0,265,1.0,1
YDL213C,71,0.5428571428571428,0.003332952039027696,0.28655751752263653,0.0006779518854879803,0.000615575770402308,67.67605633802818,39,0,0.0,0.0,0,0.0,0
YDR101C,74,0.6108848574601999,0.00127551485757208,0.2777752669536884,0.0007164688011935228,0.002122065375067601,63.972972972972975,44,3,356.0,559.0,558,1.0,0
YDR429C,23,0.383399209486166,0.0019765729784886475,0.2543120495135715,0.0003843572982173971,0.00010013046913268384,34.78260869565217,13,5,63.2,266.0,268,0.9781988931745765,1
YDR496C,93,0.4361851332398317,0.004483905738651128,0.2848128465485216,0.0009698536893013871,0.0007856281831245352,58.17204301075269,44,0,0.0,0.0,0,0.0,0
YGL049C,18,0.27450980392156865,0.0004669670089825042,0.25169315771065476,0.00029953020940323016,3.110153908720588e-05,28.166666666666668,10,6,201.0,559.0,589,0.9439786101197695,0
YGL099W,72,0.582942097026604,0.0017612828514711703,0.2762934225218257,0.0006358182995685711,0.0034468827164682264,64.05555555555556,44,0,0.0,0.0,0,0.0,1
YGR162W,41,0.3804878048780488,0.0012541442251123825,0.2712461020655071,0.0005052227680949633,0.0002726932490943329,61.073170731707314,23,8,151.5,559.0,589,0.9439786101197695,0
YJL109C,136,0.3535947712418301,0.004405314428842979,0.29249134268042676,0.0012212151954538615,0.002456476179536801,57.05882352941177,44,6,141.16666666666666,559.0,620,0.8475115951847413,1
YJR007W,23,0.4268774703557312,0.0005544650735288982,0.25367441580342087,0.00035455675373688954,8.30520125591272e-05,30.434782608695652,13,7,174.28571428571428,559.0,592,0.9345646407829149,1
YLR106C,73,0.5388127853881278,0.002735140611969705,0.27920140104150093,0.0007025030731757703,0.0006951966856352539,63.97260273972603,44,0,0.0,0.0,0,0.0,1
YLR192C,7,0.5238095238095238,0.00019624498028604704,0.24109261463168014,0.00012306895998605101,5.413238266023576e-05,36.714285714285715,7,2,8.0,9.0,9,0.9166666666666666,0
YLR241W,3,0.0,0.0023288058092430764,0.2093003093923154,0.00016173698088075157,3.808353604749738e-06,13.0,2,0,0.0,0.0,0,0.0,0
YLR409C,101,0.4017821782178218,0.002587345328376608,0.28782773609187345,0.0009631405247620736,0.0006900133685991244,59.18811881188119,39,3,203.66666666666666,559.0,558,1.0,1
YMR012W,34,0.23172905525846701,0.0029207746815254525,0.26206350406774703,0.0005217551625829406,0.00014439014106350578,41.705882352941174,15,1,7.0,7.0,6,1.0,0
YMR049C,86,0.5370725034199726,0.005064006175535442,0.29463065359804064,0.0008238207518368618,0.0008780493709551924,66.8953488372093,44,0,0.0,0.0,0,0.0,1
YMR116C,79,0.525154170723791,0.004849925460887901,0.27138146285501014,0.0006693799958918783,0.00019177832726106585,50.9746835443038,56,7,227.28571428571428,559.0,589,0.9439786101197695,0
YMR146C,17,0.5808823529411765,0.0001237129314131951,0.24521002316698612,0.00025741358326503817,7.846971526146316e-05,32.23529411764706,13,6,54.0,266.0,268,0.9781988931745765,1
YMR290C,87,0.5298048650093558,0.001161962585942354,0.28229941152609617,0.0007541612486759532,0.0008704531110359295,67.75862068965517,44,0,0.0,0.0,0,0.0,1
YMR309C,61,0.49453551912568305,0.0009683274574466325,0.2781304328748669,0.0006336749855273783,0.0005047796624332654,61.19672131147541,39,6,54.0,266.0,268,0.9781988931745765,1
YMR310C,33,0.4071969696969697,0.0012704848253469706,0.26888233813526996,0.00043675967057501256,0.00024145664302030584,62.42424242424242,23,0,0.0,0.0,0,0.0,0
YNL002C,74,0.6638282117734172,0.0005295270294119104,0.2785399981451225,0.0006560037232681007,0.0007621134645041693,67.37837837837837,44,2,452.5,559.0,558,1.0,1
YNL132W,107,0.4554752248280727,0.001037933809168339,0.28343971796394996,0.0009206228614563538,0.0009469903640579022,62.80373831775701,44,0,0.0,0.0,0,0.0,1
YOL041C,116,0.39910044977511244,0.0021503360873257635,0.2880755019883901,0.001027621267051936,0.0010226022683657182,59.508620689655174,44,0,0.0,0.0,0,0.0,0
YOL077C,128,0.4009596456692913,0.0020928510445454313,0.2902859965989636,0.0011071203423125924,0.0010834400103995618,59.7265625,44,0,0.0,0.0,0,0.0,1
YOR206W,111,0.438001638001638,0.00314035522899505,0.288629750615582,0.0009892398251431928,0.000981262373513688,62.62162162162162,44,6,99.83333333333333,559.0,558,1.0,1
YOR361C,72,0.4702660406885759,0.0016340137596279,0.28229941152609617,0.0007351165916647646,0.0006453960191482302,61.263888888888886,43,6,54.0,266.0,268,0.9781988931745765,1
YPL012W,136,0.3652505446623094,0.005240812777236379,0.29447111351216104,0.001231380609726124,0.0011522421929977761,57.86029411764706,44,2,452.5,559.0,558,1.0,1
YPL093W,97,0.4177405498281787,0.00797443566460541,0.29724762442119895,0.0010512814659353715,0.0008055406952290441,57.74226804123711,44,3,195.66666666666666,559.0,558,1.0,1
YPR041W,16,0.65,8.301068203714949e-05,0.24450717872358047,0.00022121284569217212,8.766004538645054e-05,39.0,13,8,180.0,559.0,591,0.9376925062376322,1
YAL036C,13,0.11538461538461539,0.001668228791284928,0.24831713647423903,0.0002938447415373138,2.4424241345717437e-05,20.692307692307693,7,0,0.0,0.0,0,0.0,0
YCL037C,12,0.42424242424242425,0.0008070108598633374,0.2380062493040466,0.00016878093408176579,0.00010314121300419182,67.91666666666667,9,3,192.66666666666666,559.0,561,0.9893430099312452,0
YCR038C,5,0.1,6.553655030989874e-05,0.22960292542899874,0.0001763126773914302,1.633855017115127e-06,9.6,4,0,0.0,0.0,0,0.0,0
YDL051W,35,0.6386554621848739,0.0005077753306116108,0.25799183010310545,0.00036692894500956966,0.0003617116027509168,68.74285714285715,29,1,559.0,559.0,558,1.0,0
YDL065C,14,0.04395604395604396,0.00440980293373125,0.26680462596766025,0.0004594582331806597,2.547217655002897e-05,29.357142857142858,7,0,0.0,0.0,0,0.0,0
YDR152W,3,0.0,0.0004064331723886262,0.2502022217062726,0.00012107962694353047,7.517260556757263e-05,104.0,3,0,0.0,0.0,0,0.0,0
YGR250C,3,0.0,4.837578119590458e-05,0.2160566264912926,0.0001059742315569755,4.897449917255981e-07,12.666666666666666,2,0,0.0,0.0,0,0.0,0
YJL138C,20,0.2,0.0020763916771049415,0.2580530417598118,0.00038408149069314794,2.7699026006191582e-05,27.6,10,6,200.83333333333334,559.0,589,0.9439786101197695,0
YLR150W,5,0.1,0.0005046178646843739,0.2361715558888588,0.00015925260986510758,5.805171419528215e-05,29.0,4,4,269.75,559.0,568,0.9653662717042999,0
YLR175W,85,0.4330532212885154,0.006737280931280839,0.2944910465733884,0.0008557457473390646,0.0006461394000663698,63.858823529411765,39,6,116.66666666666667,559.0,629,0.7997934239972456,1
YNR022C,2,0.0,5.353060176442487e-06,0.20543590834531178,7.608837145834072e-05,3.7994102953468465e-07,13.0,2,7,202.14285714285714,559.0,589,0.9439786101197695,0
YOR243C,11,0.34545454545454546,5.924884355467208e-05,0.24679579254757592,0.00016191464191567769,4.5587286948424205e-05,43.72727272727273,10,0,0.0,0.0,0,0.0,0
YAL038W,3,0.0,0.00020642684051374276,0.19161049244786027,0.000193341412026425,1.3006961788423735e-07,2.3333333333333335,2,1,2.0,2.0,1,0.0,1
YNL307C,4,0.0,0.0003870489524227025,0.2301129922262069,0.00015422934366809317,8.84833102689027e-06,27.75,3,0,0.0,0.0,0,0.0,0
YOR226C,2,0.0,0.00010583574776871963,0.20788017158967256,0.0001277446632260263,9.71826152687534e-07,3.0,2,0,0.0,0.0,0,0.0,0
YOR347C,1,0.0,0.0,0.1596695500799599,8.680659214225597e-05,1.7422401753260635e-09,3.0,1,1,2.0,2.0,1,0.0,0
YAL040C,8,0.03571428571428571,0.0005335798317676094,0.22667202787623966,0.0002670689200112066,1.0890513303028057e-06,10.375,5,3,12.333333333333334,25.0,24,1.0,0
YBR160W,23,0.039525691699604744,0.0038033941374832412,0.25510239422004616,0.000689172790195399,1.4298006118997913e-05,12.173913043478262,6,14,69.42857142857143,559.0,588,0.9025252349662182,1
YJL013C,6,0.0,0.00024789390602244154,0.2290468690654242,0.00020944629829860862,2.0905371764555177e-06,9.833333333333334,4,1,4.0,4.0,3,1.0,0
YJL157C,10,0.15555555555555556,0.0006380030784119032,0.24117280509056307,0.0003217740601942453,1.9237928062445292e-05,16.1,6,1,4.0,4.0,3,1.0,1
YJR132W,9,0.0,0.0003360126393723188,0.23087010353580278,0.00025946530699406115,6.081962445689378e-06,13.333333333333334,5,1,59.0,59.0,58,1.0,0
YLL021W,15,0.047619047619047616,0.003500280828499575,0.2578847795511955,0.0004470718264261512,1.8490781725139462e-05,21.4,5,2,4.0,5.0,4,1.0,0
YPL014W,1,0.0,0.0,0.18329539629360303,6.039696558109258e-05,1.4009456210846298e-08,8.0,1,0,0.0,0.0,0,0.0,0
YAL041W,18,0.05228758169934641,0.00249042742916017,0.2539261209962452,0.000575111977537781,3.6383994354166664e-06,12.666666666666666,6,1,4.0,4.0,3,1.0,1
YER114C,12,0.09090909090909091,0.0013279477937698171,0.2636836311915066,0.00035195044502994363,9.377111564805794e-05,36.166666666666664,6,0,0.0,0.0,0,0.0,0
YGL127C,69,0.005541346973572037,0.01847214604306545,0.2975322275358137,0.0022943819120774082,8.608321156045203e-05,11.53623188405797,9,2,49.5,74.0,78,0.9683649683649683,0
YGL233W,11,0.38181818181818183,0.00034268612783234706,0.22762079375444294,0.00031780809378931815,1.1867699144720554e-06,12.0,7,2,7.5,8.0,7,1.0,1
YGR152C,5,0.3,0.0006129625652626067,0.210954576493656,0.00020297362604738706,3.452776120063269e-07,13.0,4,0,0.0,0.0,0,0.0,0
YGR221C,2,0.0,4.506969024784028e-06,0.21018001985741666,8.300009185373814e-05,7.268968568066247e-07,16.0,2,0,0.0,0.0,0,0.0,0
YGR268C,13,0.02564102564102564,0.0014587267862133575,0.2585591484029875,0.0004001867178552558,2.5947251408099804e-05,23.692307692307693,7,0,0.0,0.0,0,0.0,0
YHL007C,13,0.10256410256410256,0.0012842141729105287,0.25463952186295974,0.00038178283378052314,2.135481997373067e-05,16.76923076923077,6,1,2.0,2.0,1,0.0,0
YIL079C,2,0.0,7.776834412935385e-06,0.20588312105573175,8.340672683809203e-05,6.579382812838133e-08,12.0,2,2,3.5,4.0,3,1.0,0
YJL008C,10,0.5111111111111111,0.0009559191145696205,0.241587973735488,0.0002460732011979895,2.1929413607172173e-05,17.7,7,3,9.666666666666666,11.0,12,0.9090909090909091,1
YJL187C,4,0.0,6.879601724208544e-05,0.2264125022653483,0.00013571027282722824,2.086184552276192e-06,16.25,4,0,0.0,0.0,0,0.0,0
YLR206W,2,0.0,5.857038596068937e-06,0.21363760710217383,8.530538612610542e-05,1.5470938441057286e-07,15.5,2,0,0.0,0.0,0,0.0,0
YLR229C,17,0.125,0.0006213181579448245,0.24032018068986727,0.00047675386094579443,4.211227024544651e-06,12.705882352941176,6,1,2.0,2.0,1,0.0,1
YMR298W,4,0.16666666666666666,5.403617887806702e-05,0.2253569661242511,0.00016509310185896023,1.1055263209934324e-06,13.0,3,0,0.0,0.0,0,0.0,1
YOR212W,11,0.07272727272727272,0.001827332664949542,0.23744767116191834,0.0003853155259069536,2.3449441501222955e-06,11.272727272727273,5,4,6.25,16.0,17,0.7941176470588235,0
YPL161C,21,0.05238095238095238,0.002460886755505718,0.23446597849790718,0.0006696591179211887,2.706177342594483e-06,8.761904761904763,6,0,0.0,0.0,0,0.0,0
YAL042W,1,0.0,0.0,0.21486152859683266,5.775433211835406e-05,3.561469303453163e-07,35.0,1,4,33.25,95.0,95,0.9789473684210527,0
YAL043C,15,0.3523809523809524,0.002691925025578611,0.24169534616825933,0.00032888510417604296,3.59146420067264e-05,22.666666666666668,9,7,28.714285714285715,131.0,141,0.8656534954407294,1
YDL014W,79,0.44141512495942875,0.002937945384224323,0.2845706587538375,0.0007709343438525524,0.0006922565948949793,64.65822784810126,39,10,123.2,559.0,619,0.8502282102357388,1
YDL195W,12,0.42424242424242425,0.0005653530317513293,0.22078235123210696,0.00029682443900150415,3.48302954019397e-06,12.333333333333334,7,5,35.0,95.0,104,0.8676250933532487,1
YDR301W,12,0.7424242424242424,1.803833464622512e-05,0.2296756536283744,0.00023483904349158263,5.754205419885427e-06,18.25,9,6,33.0,131.0,141,0.8656534954407294,1
YDR311W,38,0.07112375533428165,0.007347007503019422,0.27988395722006354,0.001048590330946368,6.573825159623266e-05,14.894736842105264,8,12,44.0,195.0,266,0.7317349978720386,1
YGL044C,28,0.12433862433862433,0.0037217398611557894,0.25959282958581464,0.0007360731832640477,2.7402613472679448e-05,11.535714285714286,9,5,36.8,131.0,141,0.8656534954407294,1
YGR156W,4,0.16666666666666666,0.0023183639047016655,0.19557276830877354,0.0001978580793526651,5.086115130476281e-07,7.25,2,2,17.5,20.0,19,1.0,1
YJR093C,14,0.5164835164835165,0.0004445253976027881,0.24529297649011436,0.000290823313473895,7.671569387046592e-06,19.357142857142858,9,6,32.833333333333336,131.0,141,0.8656534954407294,1
YKL018W,14,0.2087912087912088,0.0005843547987321509,0.23744767116191834,0.0003106219585564147,7.96221423128624e-06,14.5,7,4,31.5,83.0,101,0.6914851485148514,1
YKR002W,13,0.5512820512820513,0.00012240482802208815,0.2279905791336688,0.0002822007323965524,5.040517573696406e-06,15.538461538461538,9,2,17.5,20.0,19,1.0,1
YLR115W,17,0.4852941176470588,0.00026610757577867546,0.23627416667727516,0.0002894435340979088,4.676987511856926e-05,27.823529411764707,9,6,33.0,131.0,141,0.8656534954407294,1
YLR277C,28,0.3835978835978836,0.0009627290571230277,0.24604208975391176,0.00041927396804475174,0.00012531620428458064,45.25,14,7,28.714285714285715,131.0,141,0.8656534954407294,1
YMR182C,2,0.0,7.92448957714886e-05,0.19347666241344247,9.921780987137628e-05,4.6331803524422614e-07,8.5,2,0,0.0,0.0,0,0.0,0
YNL317W,20,0.2894736842105263,0.0011235987915877604,0.24864355209628322,0.00031737892861794046,8.473839050251253e-05,38.7,10,3,17.333333333333332,20.0,22,0.9264069264069265,1
YNR054C,46,0.6473429951690821,0.001412451340859723,0.27094203344514345,0.00045359123008686394,0.0017220517278653676,64.6086956521739,37,2,289.5,559.0,558,1.0,1
YOR250C,13,0.5512820512820513,0.0005727522025093487,0.24337190820254348,0.0002654294632010435,6.419541178609255e-06,18.307692307692307,9,5,36.8,131.0,141,0.8656534954407294,1
YAL044C,3,1.0,0.0,0.20185200348112411,0.00014606289825046001,7.43360916816557e-07,8.333333333333334,3,1,4.0,4.0,3,1.0,0
YDR019C,3,1.0,0.0,0.20185200348112411,0.00014606289825046001,7.43360916816557e-07,8.333333333333334,3,1,4.0,4.0,3,1.0,0
YFL018C,19,0.07602339181286549,0.0022490887946728334,0.25571717104735603,0.0006947428721537296,5.7962806291788644e-05,11.526315789473685,5,5,5.0,7.0,12,0.3484848484848485,0
YMR189W,3,1.0,0.0,0.20185200348112411,0.00014606289825046004,7.43360916816557e-07,8.333333333333334,3,1,4.0,4.0,3,1.0,0
YJR063W,36,0.2746031746031746,0.007008958531043409,0.2601827780054224,0.0008831063405665637,7.613847649330936e-05,21.166666666666668,16,3,77.33333333333333,195.0,194,1.0,0
YCL032W,35,0.011764705882352941,0.007062969241848649,0.2704703904898146,0.001006834667833049,7.66649418461858e-06,12.628571428571428,8,0,0.0,0.0,0,0.0,0
YEL061C,6,0.0,0.00043238676079791327,0.237759111981018,0.00021062844668299984,1.5206136963307761e-06,22.0,4,7,33.0,73.0,124,0.532520325203252,0
YGL212W,18,0.05228758169934641,0.00171294097135785,0.25358569777504475,0.0005303304128991794,6.250159032171082e-06,12.666666666666666,7,4,31.5,95.0,94,1.0,0
YGR218W,60,0.01751412429378531,0.012391709100897918,0.29306273028148655,0.0019411383036566552,8.377229046195029e-05,13.883333333333333,9,1,59.0,59.0,58,1.0,1
YHR172W,6,0.26666666666666666,0.0014279578898148133,0.264388710484878,0.0002235293460749376,9.39059532836259e-05,72.83333333333333,4,3,17.0,32.0,31,1.0,1
YIL026C,7,0.23809523809523808,0.0005308943369489311,0.2258014341116244,0.0002532956273593094,1.2591796419764781e-06,10.285714285714286,4,4,6.0,9.0,8,1.0,1
YIL061C,68,0.20851624231782265,0.015996664134867174,0.28011823005786285,0.0016386256073637367,3.617192475800781e-05,24.073529411764707,29,12,90.16666666666667,559.0,624,0.8370374943408652,1
YLR045C,3,0.0,6.826512054363902e-05,0.23721462546503097,0.00011789527699341976,1.902014392016664e-05,44.0,3,7,37.57142857142857,73.0,136,0.4761437908496732,1
YLR429W,5,0.0,0.0002494699807224264,0.23773312737861574,0.0001694596227222842,3.54138228086454e-06,16.4,4,4,34.75,73.0,77,0.8855092276144908,0
YMR047C,150,0.007516778523489933,0.07017367766127149,0.31660841503738213,0.005129598976244049,0.001576330123876932,11.32,12,4,25.5,59.0,59,0.9812974868497955,1
YNL126W,5,0.4,0.0002194297379211786,0.22569600700501494,0.00021548774822419017,1.6654832870736104e-06,6.4,3,6,28.333333333333332,73.0,94,0.687256920613132,1
YNL188W,3,0.0,4.734647408729739e-05,0.22261250734424948,0.00011833581164356744,5.225034003820625e-07,10.0,3,3,20.333333333333332,32.0,31,1.0,1
YAL049C,1,0.0,0.0,0.20612698905660323,5.694333235219625e-05,1.6290383328711163e-06,20.0,1,0,0.0,0.0,0,0.0,0
YNL094W,20,0.031578947368421054,0.00392969577153361,0.2626488910304678,0.0005859412157527777,0.00013028642721290662,21.05,7,0,0.0,0.0,0,0.0,0
YAL051W,1,0.0,0.0,0.1670833486069847,9.257571901643015e-05,1.4667312188510114e-08,2.0,1,3,90.66666666666667,195.0,194,1.0,0
YOR363C,2,0.0,0.0002019641222144901,0.20238724558190677,0.00014329867973433672,1.172917056753051e-06,3.5,1,3,90.66666666666667,195.0,194,1.0,0
YAL054C,3,0.0,0.00013551093867216128,0.24342637819095053,0.00011645561842475274,2.0755175969532267e-05,61.666666666666664,3,0,0.0,0.0,0,0.0,0
YHR041C,32,0.13709677419354838,0.002779465131282037,0.25585251887959704,0.0008885584679993051,0.0014421635422985609,16.84375,10,6,59.5,195.0,211,0.9097269239449334,0
YLR049C,3,0.0,6.304615301620537e-05,0.22120894040924735,0.00012343067305477546,1.258203651709279e-06,12.666666666666666,3,0,0.0,0.0,0,0.0,0
YAL055W,1,0.0,0.0,0.21342799406537813,5.684210302259332e-05,6.383729497034715e-07,42.0,1,0,0.0,0.0,0,0.0,0
YAL056W,2,1.0,0.0,0.16737904859297736,0.00011720145581570001,3.5575415817494073e-09,5.0,2,0,0.0,0.0,0,0.0,0
YER020W,5,0.2,0.00027110424508917463,0.19221155036797155,0.00025775208223506276,1.3178285914065337e-07,3.4,3,0,0.0,0.0,0,0.0,0
YGL121C,5,0.2,0.00024463307099797867,0.20215214121224234,0.0002429100037237738,1.3631029461566276e-07,7.0,3,0,0.0,0.0,0,0.0,0
YAL058W,1,0.0,0.0,0.00021079258010118043,0.00021303792074989342,2.5939109905631997e-48,1.0,1,0,0.0,0.0,0,0.0,0
YOR236W,1,0.0,0.0,0.00021079258010118043,0.00021303792074989342,2.5939109905631997e-48,1.0,1,0,0.0,0.0,0,0.0,1
YAL059W,1,0.0,0.0,0.2104036480644517,5.28490632902082e-05,4.590646766386031e-07,19.0,1,0,0.0,0.0,0,0.0,0
YER165W,19,0.0935672514619883,0.0015109898726221932,0.26963224239409156,0.0004666574206319428,3.6167304288801744e-05,29.0,9,7,192.71428571428572,559.0,651,0.7999338296112489,1
YAL060W,1,0.0,0.0,0.22119769325954178,6.372271585912358e-05,3.6037988854102294e-05,95.0,1,0,0.0,0.0,0,0.0,0
YAL062W,2,0.0,0.0001790203978987813,0.23882939344689655,0.00010916708439219429,2.7175807428819873e-06,76.5,2,0,0.0,0.0,0,0.0,0
YLR267W,3,0.0,0.00020656103795535635,0.20643018889815742,0.00018122379294854328,8.052512429125086e-08,7.333333333333333,2,0,0.0,0.0,0,0.0,0
YHR114W,108,0.0029421945309795776,0.047453923129015745,0.3052351246073576,0.0036099413093416497,0.00430449263700275,11.546296296296296,12,0,0.0,0.0,0,0.0,0
YKR011C,2,0.0,1.8136256172119536e-06,0.20477835872104816,9.869303782362724e-05,7.352385443641405e-07,5.5,2,0,0.0,0.0,0,0.0,0
YMR149W,12,0.48484848484848486,0.00025009924746869554,0.21376357267239918,0.0003404433428152427,1.8206766669059067e-06,7.916666666666667,7,2,19.0,29.0,28,1.0,1
YAL066W,1,0.0,0.0,0.24844476220825013,6.329793281441496e-05,7.483014955808876e-05,294.0,1,0,0.0,0.0,0,0.0,0
YER110C,30,0.09655172413793103,0.00306050052384232,0.2814046721234585,0.0006233010371856006,0.0015376473569350111,36.4,10,1,59.0,59.0,58,1.0,0
YDL229W,4,0.16666666666666666,1.5105786385654116e-05,0.22667202787623966,0.00012507130817472148,1.8362255792713377e-06,20.0,4,2,287.0,559.0,558,1.0,0
YDR385W,7,0.09523809523809523,0.0005180174174046457,0.23247388217530554,0.00024224182856034617,1.8926342392990245e-06,16.714285714285715,5,5,236.4,559.0,589,0.9439786101197695,0
YGL097W,8,0.14285714285714285,0.00028228075100754184,0.2404795882498849,0.00026490383128415017,3.6638649052972313e-06,18.375,5,0,0.0,0.0,0,0.0,1
YJL080C,6,0.0,0.0005328672068992456,0.24877151366815348,0.0001772512836333972,4.280961429004638e-06,33.833333333333336,5,2,287.0,559.0,558,1.0,0
YLR293C,18,0.10457516339869281,0.0025786126541985054,0.27406553049191557,0.0004583033682931983,0.0001247355585669147,33.888888888888886,8,0,0.0,0.0,0,0.0,1
YAR003W,8,0.32142857142857145,0.0022229223843526487,0.2417759381476419,0.0002479524515435578,5.487846936886298e-05,24.25,5,2,45.5,83.0,82,1.0,0
YBL026W,46,0.022222222222222223,0.010950918827700704,0.27279384443370125,0.0014461917351535217,0.0014132457809900522,13.478260869565217,9,6,127.5,559.0,558,1.0,1
YBR175W,11,0.2,0.001059691083240452,0.2575489125638567,0.00031188809030604136,2.2322348872718614e-05,22.818181818181817,5,2,45.5,83.0,82,1.0,0
YBR258C,6,0.6,3.075760554081625e-05,0.2195788740235536,0.00018889547440630058,1.7594248328651517e-06,8.5,5,2,45.5,83.0,82,1.0,0
YDR140W,3,0.0,0.00016083984913608788,0.19665127835414128,0.00014120882056757234,6.874020954829833e-07,4.333333333333333,2,0,0.0,0.0,0,0.0,0
YHR119W,10,0.3111111111111111,0.0010678666419775672,0.25360047980347816,0.0002836561057216043,5.757959638955194e-05,28.9,5,2,45.5,83.0,82,1.0,0
YLR015W,9,0.4166666666666667,0.0001430195365345513,0.23551950146322367,0.0002501679557747712,3.3248012775315883e-06,11.88888888888889,5,2,45.5,83.0,82,1.0,0
YAR007C,25,0.15333333333333332,0.0033617806658754433,0.25472897892316104,0.0005850170719480034,2.3099019427594174e-05,18.36,7,3,29.666666666666668,56.0,55,1.0,1
YBR114W,10,0.3111111111111111,0.0003344630201254263,0.233559683847569,0.00024970961722427595,2.3737250907987673e-06,17.6,7,8,39.625,195.0,251,0.6484462151394422,0
YBR136W,7,0.42857142857142855,0.00023408537888703463,0.22705058353053953,0.00019029852483517552,1.3437466982194691e-06,15.571428571428571,6,0,0.0,0.0,0,0.0,1
YCR092C,10,0.6666666666666666,6.995611954459305e-05,0.21537209064498355,0.00025597501603637907,4.835408167296431e-07,13.1,7,5,47.6,195.0,194,1.0,0
YDL007W,41,0.7926829268292683,0.0005855367090609978,0.2670338958402079,0.000564478746719511,3.498412261786818e-05,40.707317073170735,33,6,25.5,46.0,48,0.9547872340425532,1
YDL097C,43,0.7198228128460686,0.0013380745232502423,0.26682098933018505,0.0006126316666711581,3.5509556763543325e-05,38.55813953488372,33,6,25.666666666666668,46.0,48,0.9547872340425532,1
YDL225W,8,0.42857142857142855,0.00010352318814974648,0.2215017682922798,0.00021536383531650676,8.743655382412106e-07,14.75,6,4,23.25,73.0,72,1.0,0
YDR034C,63,0.002048131080389145,0.022606753430455172,0.2807871583211997,0.0023613946093866025,4.3676530831638594e-05,9.031746031746032,8,0,0.0,0.0,0,0.0,0
YDR097C,12,0.45454545454545453,0.0007413572084366273,0.23495983101256576,0.0003027422855018455,2.818231495906419e-06,16.416666666666668,7,4,58.75,195.0,194,1.0,0
YDR499W,7,0.23809523809523808,0.00028481079718376435,0.23411269606783985,0.00020474979009836466,1.8840325215803312e-05,17.857142857142858,5,0,0.0,0.0,0,0.0,1
YER021W,41,0.7914634146341464,0.0004558254732221617,0.26532391480323647,0.0005741121943832361,3.4956187681287295e-05,39.97560975609756,33,6,25.666666666666668,46.0,48,0.9547872340425532,1
YER095W,16,0.08333333333333333,0.0018601523400066328,0.25544690452872215,0.0004903726433826783,4.53542408900799e-06,18.6875,6,3,77.66666666666667,195.0,194,1.0,0
YHR164C,6,0.4,0.00019917276600409922,0.22197643915652163,0.00019759317223299518,1.914108068083667e-05,8.166666666666666,4,3,29.333333333333332,56.0,55,1.0,1
YJL026W,9,0.1111111111111111,0.001305853336548805,0.232536011065726,0.000297092537452674,1.984222339909013e-06,11.88888888888889,4,2,3.5,4.0,3,1.0,1
YJL173C,8,0.25,0.000258234626231106,0.23170623301175264,0.00022729184726875398,0.0013945532097399316,19.25,4,3,29.666666666666668,56.0,55,1.0,1
YLR033W,11,0.23636363636363636,0.00023667963793866964,0.2370724337108968,0.00023771831790496403,5.0821946233778935e-06,19.454545454545453,8,2,50.0,83.0,82,1.0,1
YML032C,17,0.21323529411764705,0.0006456918240816636,0.23569813799050102,0.0004422339208729073,9.023236403211598e-07,11.823529411764707,7,3,77.66666666666667,195.0,194,1.0,0
YMR167W,12,0.3787878787878788,0.00041146309415786774,0.22301190439966515,0.0003393738784321324,2.293684725127297e-06,10.5,7,6,39.833333333333336,195.0,196,0.9796441653584511,0
YMR190C,10,0.5333333333333333,0.00010488727007780155,0.21601371554263493,0.00026713756125504935,4.69772934821506e-07,12.2,7,1,3.0,3.0,2,1.0,0
YNL082W,10,0.6,4.320588227761468e-05,0.21882783718267027,0.0002669446850647337,6.838706726949159e-07,12.2,7,5,47.6,195.0,194,1.0,0
YNL312W,5,0.6,2.3294787482447284e-05,0.21305172531971928,0.0001566740596376823,1.821200973431074e-05,10.4,4,3,29.666666666666668,56.0,55,1.0,1
YOL006C,21,0.09523809523809523,0.0025162929581530645,0.2633643822887988,0.0005142858176532658,2.159918264289939e-05,24.0,9,3,29.333333333333332,56.0,55,1.0,0
YOL090W,14,0.27472527472527475,0.00044095049857614257,0.23234972393872397,0.0003752780239268521,2.1836810545672843e-06,11.142857142857142,7,6,40.0,195.0,194,1.0,0
YPL235W,64,0.062003968253968256,0.013690373481505574,0.29322074752501637,0.001212669324529955,0.00016625374929763302,30.140625,16,3,36.0,83.0,82,1.0,1
YAR008W,5,0.3,0.0015769798491364363,0.25534195510204644,0.0002098784200672567,7.584756253216136e-05,62.4,3,4,56.5,131.0,130,1.0,1
YBL051C,5,0.0,0.0017364894054249299,0.23998875943450287,0.0002120052667885617,2.3990717797088576e-06,19.6,3,0,0.0,0.0,0,0.0,0
YLR105C,6,0.2,0.0010785753967158303,0.24844476220825013,0.0002431922914924008,5.561972546604414e-05,31.166666666666668,3,4,56.5,131.0,130,1.0,1
YMR059W,3,1.0,0.0,0.21471307033010895,0.0001388508414102691,1.911477358027263e-06,5.0,3,4,56.5,131.0,130,1.0,1
YPL083C,4,0.5,0.0007296384687484524,0.24648817172966955,0.00017080270579821133,2.1388843068139896e-05,41.0,3,4,56.5,131.0,130,1.0,1
YHL002W,18,0.026143790849673203,0.00199460029920979,0.2538668513175391,0.0005711080731126706,4.6182974344439335e-06,9.944444444444445,6,1,2.0,2.0,1,0.0,0
YNL118C,36,0.03492063492063492,0.007867090484421703,0.26511372523026616,0.0011242791121171705,6.407806560621431e-05,21.805555555555557,10,4,145.0,559.0,559,0.9964285943280692,1
YAR014C,8,0.0,0.0009023674140217673,0.23384843211291487,0.0002632784597668907,3.2544694710232094e-06,11.375,4,1,2.0,2.0,1,0.0,0
YDR195W,16,0.38333333333333336,0.0004290071003544656,0.2503173895873802,0.0002527070731582722,8.526138410439161e-05,49.0,10,3,17.333333333333332,20.0,22,0.9264069264069265,0
YER054C,10,0.17777777777777778,0.00017712965707378705,0.2142794774677963,0.0003328752276902515,4.259295528753202e-07,7.6,5,2,6.5,7.0,8,0.7857142857142857,0
YER158C,5,0.0,0.0023291397690997752,0.20495200598429678,0.00023553618598980695,3.228153641575946e-07,8.2,3,0,0.0,0.0,0,0.0,0
YIL045W,5,0.1,0.0007554672530216261,0.24445222402813213,0.00017859440023881504,5.444268249352359e-05,40.4,4,0,0.0,0.0,0,0.0,0
YMR071C,3,0.0,0.0001834263772687633,0.22794279739225967,0.00011404108703624198,8.880840366766007e-07,42.666666666666664,3,0,0.0,0.0,0,0.0,1
YNL333W,9,0.25,0.00044985045091416745,0.2487004076504126,0.0002952826962962601,4.992626124086503e-06,29.666666666666668,4,0,0.0,0.0,0,0.0,0
YOL154W,2,0.0,0.00010154139297760104,0.23913132694050832,8.888857598935777e-05,1.9763632775169638e-05,79.0,2,0,0.0,0.0,0,0.0,0
YAR018C,10,0.022222222222222223,0.0017579154780591512,0.2689654547776611,0.00024258429331492476,3.7177173441041985e-05,48.6,7,0,0.0,0.0,0,0.0,0
YBL106C,13,0.01282051282051282,0.000972942766002815,0.2606972813416028,0.0003997654686217968,8.685936745418073e-06,14.23076923076923,6,0,0.0,0.0,0,0.0,0
YGR285C,3,0.0,0.0009661833326224104,0.24026709178928968,0.00011914492664179548,3.7036361638832774e-05,51.0,3,3,302.3333333333333,559.0,559,0.9964221824686941,0
YML064C,78,0.007326007326007326,0.016357371418079344,0.2902279006690239,0.0022845845272240887,9.776275706560894e-05,9.102564102564102,8,0,0.0,0.0,0,0.0,1
YOR167C,70,0.6480331262939959,0.007390033996770893,0.28966750323115176,0.0006855397165019207,0.00022297714637892245,55.52857142857143,56,7,227.28571428571428,559.0,589,0.9439786101197695,0
YAR019C,1,0.0,0.0,0.19362304646529296,5.28610383544039e-05,3.509595661583959e-08,17.0,1,0,0.0,0.0,0,0.0,1
YAR020C,2,0.0,0.00020198186801602362,0.1912567033467564,0.00017629663236415208,4.598906148397469e-07,3.5,1,0,0.0,0.0,0,0.0,0
YBR222C,1,0.0,0.0,0.15942380560037625,0.00010633983112732159,5.753044762657548e-09,2.0,1,0,0.0,0.0,0,0.0,0
YAR027W,2,0.0,2.3208288814431002e-06,0.2035710182503705,0.00010355708211743077,9.729079220717748e-07,5.0,2,0,0.0,0.0,0,0.0,0
YBR135W,8,0.10714285714285714,0.00033583232880102075,0.2230233368036432,0.00024061944299228787,2.868083664409828e-06,20.125,4,1,14.0,14.0,13,1.0,1
YAR031W,3,0.0,0.00022654606327099345,0.25550691437297635,0.00011922009830257497,7.5219450584182e-05,107.66666666666667,3,0,0.0,0.0,0,0.0,0
YBR217W,14,0.054945054945054944,0.0022565854082724417,0.2636836311915066,0.0005252002682254828,2.603639784374519e-05,20.642857142857142,4,1,3.0,3.0,2,1.0,0
YCR030C,15,0.0380952380952381,0.001998986976797567,0.2533641739577583,0.0004226151331975868,5.028227221011138e-06,18.266666666666666,7,0,0.0,0.0,0,0.0,0
YAR033W,2,0.0,0.0021168037107316038,0.16721821236225037,0.00017248777450022248,1.17102755063849e-09,2.0,1,1,2.0,2.0,1,0.0,0
YGL051W,1,0.0,0.0,0.14236448283741837,0.00010467553284457566,1.4931869026825884e-11,2.0,1,1,2.0,2.0,1,0.0,0
YKL174C,3,0.0,0.002397106680884621,0.20256629096375975,0.0001756313189194241,9.219683756510844e-08,4.666666666666667,2,0,0.0,0.0,0,0.0,0
YAR035W,4,0.0,0.0004720641919712501,0.24288277305876887,0.00018317242430674515,5.468168915525339e-05,61.25,2,0,0.0,0.0,0,0.0,0
YLR295C,140,0.011099691675231244,0.05391344272580344,0.3064391231266231,0.004992007713715063,0.002923221970669698,10.271428571428572,14,4,26.5,56.0,57,0.9523809523809523,0
YLR381W,1,0.0,0.0,0.19375239293794724,7.119701665295452e-05,6.838942846955085e-07,4.0,1,6,26.166666666666668,55.0,54,1.0,0
YLR447C,102,0.018831294894195303,0.03378214058275527,0.28756138746967197,0.003501422191037429,6.017666181273807e-05,8.127450980392156,14,5,12.6,15.0,16,0.9083333333333333,0
YAR042W,4,0.3333333333333333,0.0006817662682488168,0.23913132694050832,0.00016453471947159185,1.9745615506914274e-05,40.75,3,1,2.0,2.0,1,0.0,0
YDL019C,4,0.3333333333333333,6.517220267866765e-05,0.2075231936189977,0.00016380487228132717,2.9701386332474494e-07,4.75,3,0,0.0,0.0,0,0.0,0
YHL020C,5,0.1,0.00013116408024315136,0.21144671839750512,0.00020014645335479796,3.519073550563035e-07,6.8,3,0,0.0,0.0,0,0.0,0
YER120W,4,0.0,0.0006599854668849481,0.22731157484866857,0.00014025124680838198,6.008462435402244e-06,29.75,3,0,0.0,0.0,0,0.0,0
YLR191W,14,0.0989010989010989,0.0032633273989342458,0.26355583879739913,0.0005115410984585824,7.713033473652293e-05,31.214285714285715,5,1,3.0,3.0,2,1.0,0
YAR047C,1,0.0,0.0,0.2046050054568343,5.2804079509948326e-05,9.656961276305222e-07,36.0,1,0,0.0,0.0,0,0.0,0
YAR060C,2,0.0,0.00010099093400801181,0.23218851635953824,0.00011845312856248279,3.656185123403544e-05,71.0,2,0,0.0,0.0,0,0.0,0
YKR019C,2,0.0,0.0,0.1869019302757515,0.0001340369983479162,9.144356276300873e-07,2.0,2,0,0.0,0.0,0,0.0,0
YJR086W,5,0.2,0.002292196311755071,0.20651838180141782,0.00023436969695805708,8.85345765752209e-08,7.8,3,4,6.25,16.0,17,0.7941176470588235,0
YAR064W,2,0.0,9.251139642352951e-05,0.22977269626220914,8.657090768527469e-05,1.796581115702936e-05,53.5,2,0,0.0,0.0,0,0.0,0
YBR109C,45,0.00909090909090909,0.008383148642651342,0.2745671335455139,0.0014678032844285477,0.001415237753540116,13.311111111111112,8,4,17.0,32.0,31,1.0,1
YGL070C,62,0.05817028027498678,0.01481249489183251,0.27494888649615545,0.001974877569830697,2.1506208543815823e-05,12.435483870967742,13,6,57.166666666666664,195.0,208,0.9184318097361576,0
YAR066W,4,0.0,0.001870396113225286,0.25382241721287446,0.00017192938211767076,3.832657671200343e-05,68.75,3,0,0.0,0.0,0,0.0,0
YDR074W,10,0.1111111111111111,0.0009063329035927424,0.2411059760046923,0.00036956962714462766,2.5833790061962927e-06,16.8,5,2,4.0,4.0,4,0.8333333333333334,0
YLR145W,2,0.0,1.1535806400874025e-06,0.2006695678518758,0.00011677813338492807,7.117515147217382e-07,3.0,2,2,284.5,559.0,558,1.0,1
YPR086W,113,0.0022123893805309734,0.03843635189359068,0.3003048409628403,0.004049796009058984,0.0014846694147358584,9.026548672566372,11,3,112.33333333333333,195.0,263,0.7308797492235799,1
YAR069C,1,0.0,0.0,0.17961011605270694,7.355717987839874e-05,1.3221603995967947e-08,4.0,1,0,0.0,0.0,0,0.0,0
YPL215W,4,0.16666666666666666,0.00040396373603204724,0.22106281661731034,0.00019584973577978918,1.0022280090829226e-06,30.5,2,0,0.0,0.0,0,0.0,0
YAR071W,1,0.0,0.0,0.22063679029458708,6.349331199239502e-05,9.786882235304224e-07,80.0,1,0,0.0,0.0,0,0.0,0
YLR453C,80,0.0012658227848101266,0.026944008218277023,0.28667081121696547,0.0029806364581791904,7.677345392911743e-05,8.6,9,1,11.0,11.0,10,1.0,0
YAR073W,2,1.0,0.0,0.1900701748013748,9.461786991001294e-05,3.645295254191871e-08,6.0,2,0,0.0,0.0,0,0.0,0
YLR432W,8,0.07142857142857142,0.0006089601398364824,0.23577477948345263,0.0002800957772337492,2.3224337468085016e-06,10.625,5,0,0.0,0.0,0,0.0,0
YML056C,4,0.3333333333333333,4.529445652640993e-05,0.2095119783784574,0.0001548351623922254,5.692377647485204e-07,5.5,3,0,0.0,0.0,0,0.0,0
YBL001C,4,0.16666666666666666,0.0004877308160244218,0.24818964179523464,0.00020419039091766912,4.494645512985909e-06,45.0,2,0,0.0,0.0,0,0.0,0
YDR510W,26,0.024615384615384615,0.012714359512275978,0.2970041118943656,0.0009390465733928809,0.00014200353275386473,35.57692307692308,7,0,0.0,0.0,0,0.0,1
YER067W,3,0.0,0.00020976853157920715,0.20333315718025183,0.0001814736720044427,7.674993971660227e-08,3.6666666666666665,2,0,0.0,0.0,0,0.0,0
YPL068C,1,0.0,0.0,0.19711459521673996,7.557937078906491e-05,5.651164910184808e-08,4.0,1,0,0.0,0.0,0,0.0,0
YBL002W,12,0.36363636363636365,0.0002081820889629047,0.24570858641300508,0.00025850403476022096,3.747472092334889e-05,23.416666666666668,7,2,9.5,11.0,10,1.0,0
YBL003C,29,0.49507389162561577,0.0010195091078316787,0.24972827225926572,0.00038490223847024226,0.00017246533347223755,56.689655172413794,19,2,9.5,11.0,10,1.0,1
YBR010W,17,0.22794117647058823,0.0005564890093788091,0.23440281417180323,0.0004388300598543668,4.295825650411467e-05,13.294117647058824,7,3,8.333333333333334,11.0,14,0.6043956043956044,0
YCL066W,8,0.10714285714285714,0.002305566106751363,0.2605723664966859,0.0003005339312947973,0.00013100761465129795,53.125,5,0,0.0,0.0,0,0.0,0
YDR194C,15,0.7523809523809524,0.0005023395630304201,0.24654404573436856,0.0003374684620798868,4.080232346039188e-05,20.266666666666666,13,3,53.0,131.0,130,1.0,0
YDR224C,13,0.358974358974359,0.00022935787730379175,0.23236213379419257,0.00029485196061118,2.6347717151293835e-05,16.46153846153846,7,3,7.333333333333333,11.0,12,0.696969696969697,1
YDR225W,15,0.2857142857142857,0.001110405493721535,0.2629187303456015,0.00032310992957765517,0.0014197927337963798,33.8,8,2,9.5,11.0,10,1.0,0
YIL126W,18,0.35947712418300654,0.000344719296688181,0.25024539724064815,0.00036718632260931207,9.074730974482166e-06,20.833333333333332,9,3,36.666666666666664,83.0,83,0.9782544813399942,1
YNL030W,33,0.3371212121212121,0.0005891440052970421,0.25680398034523744,0.00047392859417253667,0.0001655106444602043,50.121212121212125,18,2,9.5,11.0,10,1.0,0
YNL031C,7,1.0,0.0,0.2207487432021853,0.0001543729782776891,2.4349567987530398e-05,20.857142857142858,7,2,9.5,11.0,10,1.0,0
YOL012C,6,0.13333333333333333,0.0003097227929182272,0.243822015974257,0.00018524085691135596,5.690847137649125e-05,24.666666666666668,5,3,32.0,83.0,83,0.9761974728181017,0
YDL166C,52,0.7036199095022625,0.0004913561780589829,0.2729992614852327,0.0004755322307699444,0.00037575083001370626,65.92307692307692,39,0,0.0,0.0,0,0.0,1
YDR324C,62,0.6885245901639344,0.0002586016040877419,0.27252043541898446,0.000566983575744724,0.00045698218679231,63.61290322580645,39,6,141.16666666666666,559.0,620,0.8475115951847413,1
YDR365C,64,0.6765873015873016,0.002356115867803807,0.27410006495896344,0.0006069758917292899,0.0004714168412268918,64.125,39,0,0.0,0.0,0,0.0,1
YER127W,69,0.5967604433077579,0.0022836570871333714,0.2825010539629005,0.0006613035494912057,0.0004991057683776151,60.10144927536232,39,3,212.66666666666666,559.0,558,1.0,1
YFR037C,31,0.15268817204301074,0.00218829050863746,0.2674771737490727,0.0007078865622204213,3.540905292800063e-05,20.06451612903226,9,3,36.666666666666664,83.0,83,0.9782544813399942,1
YGR090W,110,0.38932443703085906,0.0037617980170675967,0.287884875001897,0.001007005960684079,0.0008930416537349437,60.31818181818182,44,5,124.0,559.0,565,0.975886524822695,1
YGR128C,66,0.6624708624708625,0.0002633485503597175,0.27444588891172517,0.0005931431013687414,0.0004920843215564083,62.34848484848485,39,6,141.16666666666666,559.0,620,0.8475115951847413,1
YGR145W,86,0.4694938440492476,0.0012524418235187944,0.27932688481724993,0.000823480709186437,0.0006247388586782999,60.627906976744185,39,0,0.0,0.0,0,0.0,1
YHR196W,65,0.6716346153846153,0.0002506086303038422,0.2749662641277125,0.0005874649616542956,0.00046981974471210796,63.0,39,6,141.16666666666666,559.0,620,0.8475115951847413,1
YLR003C,51,0.7607843137254902,0.0017177498655636054,0.2724692322307677,0.00048306917361500186,0.00042374971723532876,65.76470588235294,39,0,0.0,0.0,0,0.0,0
YLR186W,65,0.6504807692307693,0.0005559107023738941,0.27587293792191936,0.0005760144899471068,0.0004918810678533022,64.0,39,2,302.5,559.0,558,1.0,1
YLR222C,75,0.5286486486486487,0.0014237665141738928,0.2789150039125957,0.0007375083801922784,0.000492751260766982,57.74666666666667,39,6,141.0,559.0,619,0.8502282102357388,1
YMR072W,3,0.0,0.00012891561223209557,0.23122594903155289,0.0001175811604269333,3.3712393824735362e-06,33.333333333333336,2,0,0.0,0.0,0,0.0,0
YMR075W,6,0.0,0.0023693108974160207,0.23328415631018648,0.00015528171851649647,6.158616280349497e-06,28.833333333333332,5,4,44.5,133.0,133,0.9859876965140123,0
YNL075W,70,0.6157349896480331,0.0005892605110497355,0.2744805193078024,0.0006562904624952113,0.0005040254017368886,60.8,39,2,302.5,559.0,558,1.0,1
YOR056C,50,0.7444897959183674,0.0001520974027696975,0.27008419611551204,0.0004387261772985139,0.0003493287401354481,65.62,39,2,289.0,559.0,558,1.0,1
YPL126W,73,0.565068493150685,0.0006675661070122931,0.2735829600697188,0.0007248114652150733,0.0005055227828507584,57.95890410958904,39,5,141.4,559.0,641,0.7740542121684867,1
YPR137W,66,0.6694638694638695,0.0002981704738332583,0.27599544699794887,0.000600422169891341,0.0004970794588564208,63.74242424242424,39,4,171.0,559.0,558,1.0,1
YBL004W,112,0.3741956241956242,0.003112300844075874,0.28684091982782806,0.0011073244290670105,0.0009153683143921466,58.535714285714285,44,2,302.5,559.0,558,1.0,1
YBL088C,2,0.0,0.00020198186801602362,0.22075994474190228,0.00010567682173286312,1.204176144125127e-05,56.5,1,0,0.0,0.0,0,0.0,0
YBR084W,29,0.5541871921182266,0.0012377435826729651,0.2543864010658793,0.0003568802063385179,0.00033532493827835845,67.93103448275862,22,0,0.0,0.0,0,0.0,0
YBR142W,56,0.8448051948051948,2.7500180654759667e-05,0.26602153791296734,0.0004747185286511358,0.0006208662428814797,73.07142857142857,44,4,72.25,131.0,130,1.0,1
YBR247C,32,0.7016129032258065,0.00026699158752672183,0.25346750355562037,0.00032427433904032684,0.00026674681829208676,70.96875,28,3,195.33333333333334,559.0,558,1.0,1
YBR267W,63,0.7644649257552484,0.000389134606809169,0.2701848361090962,0.0005384973981970816,0.002066567630265593,69.19047619047619,44,3,356.0,559.0,558,1.0,0
YCL054W,58,0.8191167574107683,0.0017354426453349728,0.266575749450286,0.0005098857041829243,0.0006316424701876593,71.48275862068965,44,0,0.0,0.0,0,0.0,1
YCL059C,69,0.5933503836317136,0.00040181307161276454,0.2710095453204178,0.0006017056599564579,0.0005660135970966769,67.55072463768116,39,2,302.5,559.0,558,1.0,1
YCR035C,17,0.5220588235294118,0.0010143396076567226,0.26280755291945557,0.0002843077662752445,0.00011236394369958658,38.23529411764706,10,6,32.166666666666664,131.0,136,0.9196078431372549,1
YCR057C,51,0.615686274509804,0.003783541280525345,0.27008419611551204,0.0005618336284145458,0.0004010222374380808,65.01960784313725,37,5,127.6,559.0,558,1.0,1
YDL031W,58,0.8312159709618875,0.00022740386981977203,0.26608661963478086,0.0005076613808283162,0.0006369438513913133,72.13793103448276,44,0,0.0,0.0,0,0.0,1
YDL060W,73,0.5776255707762558,0.0013423884156023463,0.27596043330343595,0.000681442620019621,0.0005637453680168792,63.42465753424658,39,0,0.0,0.0,0,0.0,1
YDL111C,14,0.7692307692307693,2.0673090063599353e-05,0.24710418215543947,0.00019761776344324577,7.34656608520987e-05,42.714285714285715,10,6,32.166666666666664,131.0,136,0.9196078431372549,1
YDR087C,63,0.7803379416282642,0.001627690950451122,0.27498364395605,0.0005491499077293888,0.0006843624375409113,71.92063492063492,44,3,195.33333333333334,559.0,558,1.0,1
YDR170C,9,0.1388888888888889,0.0003632590159744631,0.251853434701208,0.00016976309290788643,4.263749321722257e-05,51.55555555555556,7,2,60.0,95.0,94,1.0,1
YDR280W,18,0.5490196078431373,0.0009703466053923224,0.26529155625517825,0.0002946865919813251,7.351585431834994e-05,41.72222222222222,10,6,32.166666666666664,131.0,136,0.9196078431372549,1
YDR299W,43,0.8737541528239202,7.980690547654567e-05,0.2610884133126488,0.00037836651173174475,0.0003673047362747106,70.32558139534883,39,0,0.0,0.0,0,0.0,1
YEL026W,41,0.5963414634146341,0.0018547703549618368,0.268004449641389,0.0004259616220076945,0.0018228477330213514,65.8048780487805,31,7,115.28571428571429,559.0,558,1.0,1
YER006W,65,0.7115384615384616,0.00016338066579213624,0.2731706788288753,0.0005582105610124733,0.000713922660200869,70.92307692307692,44,0,0.0,0.0,0,0.0,1
YER126C,61,0.8065573770491803,0.00031484926409359814,0.2672635600828522,0.0005400058669451396,0.0006887852089531003,70.06557377049181,44,3,195.66666666666666,559.0,558,1.0,1
YFL002C,54,0.8546470999301188,0.0006492879211027531,0.26682098933018505,0.0004801632509312468,0.0006239329540335761,73.37037037037037,44,0,0.0,0.0,0,0.0,1
YGL111W,62,0.7657324167107351,0.00024122263056591941,0.27150001441766525,0.0005297233706454991,0.0006906977267278647,68.79032258064517,44,0,0.0,0.0,0,0.0,1
YGL120C,86,0.346374829001368,0.006877181502551418,0.2873334806834864,0.0010454977091610938,0.00044012173549645836,56.08139534883721,38,7,134.57142857142858,559.0,619,0.8502282102357388,1
YGL171W,57,0.7850877192982456,0.0022697655847535108,0.28429172260528446,0.0005023957912068534,0.0005640397251513456,75.03508771929825,39,0,0.0,0.0,0,0.0,1
YGL195W,15,0.5428571428571428,0.00011923534775873975,0.2411594363097931,0.00017833929868301798,0.00021098740914741903,75.53333333333333,13,4,267.5,559.0,558,1.0,0
YGR081C,54,0.7044025157232704,0.0012629148885400982,0.2799559994226942,0.000513751957497147,0.0004733811205003648,65.74074074074075,39,4,148.5,559.0,558,1.0,0
YGR095C,17,0.47058823529411764,0.000152109087823076,0.24246314613100747,0.000268406887298517,3.867476827853269e-05,27.941176470588236,10,6,32.166666666666664,131.0,136,0.9196078431372549,1
YGR158C,19,0.4444444444444444,0.0023121535650259062,0.26269646947821196,0.00033768984636703826,0.00014172485722442908,42.1578947368421,10,3,12.0,14.0,13,1.0,1
YGR195W,16,0.5916666666666667,0.00037780134336124323,0.24921328011850077,0.00024984494140604577,7.222896060981936e-05,39.4375,10,6,32.166666666666664,131.0,136,0.9196078431372549,1
YGR245C,50,0.9102040816326531,8.841327806529304e-05,0.26325282772774217,0.00043152131177467685,0.0006031800979500315,75.22,44,0,0.0,0.0,0,0.0,1
YHR085W,61,0.8016393442622951,0.0002680489858605303,0.2663472652766418,0.0005359863267415941,0.0006690960280387235,69.54098360655738,44,1,3.0,3.0,2,1.0,1
YHR088W,59,0.8708357685563998,1.489871231094708e-05,0.2658752203769888,0.0004901178800997831,0.000689966393935752,72.59322033898304,44,0,0.0,0.0,0,0.0,1
YHR089C,37,0.6666666666666666,0.0009949967994347182,0.27197525825385516,0.00039059711230354864,0.00035201686325228907,76.56756756756756,30,6,136.0,559.0,619,0.8502282102357388,1
YHR148W,50,0.7706122448979592,0.0005386676874661819,0.26339627238776214,0.0004615581528449259,0.0017811429667963924,66.36,39,3,208.33333333333334,559.0,558,1.0,1
YHR169W,54,0.7910552061495457,0.0003147949300847104,0.2685172343555529,0.0004883642915541384,0.0004493893858526233,67.66666666666667,39,0,0.0,0.0,0,0.0,1
YHR170W,61,0.8076502732240437,0.00021232701746448158,0.268004449641389,0.0005334779655958649,0.0006722815809795972,70.90163934426229,44,3,356.0,559.0,558,1.0,1
YHR197W,64,0.7509920634920635,0.0011796911910791424,0.2763987440297756,0.0005655165129783972,0.000680175716160388,69.375,44,1,3.0,3.0,2,1.0,1
YJL033W,56,0.7727272727272727,0.0002980679565828123,0.26986639979087323,0.0004945338467573275,0.00046056204057392006,67.03571428571429,39,0,0.0,0.0,0,0.0,1
YJR002W,54,0.803633822501747,0.0004144354593025461,0.2682854113855863,0.000475086536659665,0.0004525016329315059,68.11111111111111,39,2,302.5,559.0,558,1.0,1
YKL014C,81,0.5762345679012346,0.0018221380955061022,0.27932688481724993,0.0007244065360545146,0.0007625959563662241,63.901234567901234,44,1,5.0,5.0,4,1.0,1
YKL143W,44,0.5243128964059197,0.003950992895024494,0.2847942020835734,0.0005176770466942656,0.00037889144463808857,69.75,34,4,147.75,559.0,562,0.9858412468837422,0
YKL172W,61,0.7688524590163934,0.0004422649139288034,0.26906526260304703,0.0005491962426995314,0.0006799229416310787,70.24590163934427,44,0,0.0,0.0,0,0.0,1
YKR086W,19,0.005847953216374269,0.001991818763013534,0.2485583174900684,0.000683831646021069,1.9430124694221052e-05,15.052631578947368,6,6,156.5,559.0,619,0.8502282102357388,1
YLL008W,73,0.6320395738203958,0.0005381752900087979,0.27636362793982133,0.0006453009286182749,0.0007288602883808277,67.57534246575342,44,3,78.33333333333333,131.0,130,1.0,1
YLL011W,52,0.8220211161387632,0.0007257056515779516,0.2681365935919056,0.00046044308735661445,0.0004114927393582105,69.34615384615384,39,3,208.33333333333334,559.0,558,1.0,1
YLL034C,58,0.8324258923169994,4.239399631071153e-05,0.26651042826688726,0.000492163526581434,0.0006360697420813964,71.77586206896552,44,0,0.0,0.0,0,0.0,1
YLR002C,67,0.7195838986883764,0.001550110078241264,0.2686332961425544,0.0006156535481707241,0.0007144054865629966,67.29850746268657,44,4,147.25,559.0,558,1.0,1
YLR009W,58,0.8269812462189957,0.0030770890993330005,0.28665192271388734,0.0005217249824743374,0.0021697638603212295,79.22413793103448,44,2,452.5,559.0,558,1.0,1
YLR074C,50,0.763265306122449,0.0007864078945421433,0.26956541489737085,0.0004666912102753069,0.0005640567666220742,69.42,40,0,0.0,0.0,0,0.0,0
YLR129W,50,0.7951020408163265,0.00011590669837764959,0.2624112570739289,0.0004376035140499715,0.0003986126035553946,66.74,39,3,203.66666666666666,559.0,558,1.0,1
YLR276C,72,0.6604068857589984,0.0010113538164330668,0.27830835664205905,0.0006726108199252034,0.0007494966307227867,67.5,44,0,0.0,0.0,0,0.0,1
YMR128W,30,0.6367816091954023,0.00012821185498894022,0.2552520670634046,0.00030001425944541977,0.00020120290337450792,66.03333333333333,25,3,205.33333333333334,559.0,568,0.965397322204834,1
YMR308C,36,0.10634920634920635,0.007016692435129709,0.2952104384222479,0.0008108917453037971,0.0015843819214244226,40.47222222222222,11,1,15.0,15.0,14,1.0,1
YNL061W,66,0.6853146853146853,0.0004876189123147533,0.2729992614852327,0.0005698499930184301,0.000688132740927818,69.9090909090909,44,0,0.0,0.0,0,0.0,1
YNL182C,67,0.6965174129353234,0.004303981830073346,0.2845892739601405,0.0006302699324034609,0.000686058640925747,69.31343283582089,44,1,3.0,3.0,2,1.0,1
YNL207W,29,0.5862068965517241,0.0006230078685368336,0.25391130098217973,0.0003194738945427009,0.00020661779766985275,58.48275862068966,25,0,0.0,0.0,0,0.0,1
YNL232W,13,0.7307692307692307,2.2929875274898645e-05,0.24086569765411733,0.00019443943826376127,5.923336864144412e-05,36.69230769230769,10,3,12.0,14.0,13,1.0,1
YNR053C,76,0.5522807017543859,0.0051821728520132886,0.2832182950998417,0.0008035003100417032,0.0006958568898718077,64.28947368421052,44,0,0.0,0.0,0,0.0,1
YOL010W,50,0.7583673469387755,0.00024544435271981206,0.264051725602614,0.00045052538006898677,0.00039644572529122654,65.68,39,0,0.0,0.0,0,0.0,1
YOL021C,57,0.47368421052631576,0.002778815082568348,0.2809684985164472,0.000637678737258825,0.00037229990853023345,56.3859649122807,37,6,32.166666666666664,131.0,136,0.9196078431372549,1
YOL142W,20,0.45263157894736844,0.000567965692491454,0.2507068651546515,0.0003124085648019106,7.121482490753288e-05,32.65,10,3,12.0,14.0,13,1.0,1
YOR145C,66,0.6531468531468532,0.0013758603263018896,0.28058795427466415,0.000602858194680555,0.0005152748405605173,62.621212121212125,39,0,0.0,0.0,0,0.0,1
YOR310C,46,0.7652173913043478,6.584123851542174e-05,0.2655182319822196,0.0003921765853848631,0.0003809223832697625,73.47826086956522,39,7,111.71428571428571,559.0,619,0.8502282102357388,1
YOR341W,80,0.48860759493670886,0.002632769880612957,0.2754188548384824,0.0008480044128092893,0.0006589573486171338,58.4625,44,3,77.33333333333333,195.0,194,1.0,1
YPL043W,72,0.6357589984350548,0.00054705414964306,0.2743074546676335,0.0006417115571197372,0.0007014829592423592,67.88888888888889,44,0,0.0,0.0,0,0.0,1
YPL190C,2,0.0,8.775991985665265e-05,0.2241725269762801,8.674914534714633e-05,1.2288665889340512e-05,57.5,2,0,0.0,0.0,0,0.0,1
YPL217C,82,0.5025594700391448,0.0007382009124513693,0.27596043330343595,0.0007050825947704406,0.0007001207811369976,65.64634146341463,41,0,0.0,0.0,0,0.0,1
YPL266W,54,0.8029350104821803,6.91470986373372e-05,0.26688646285679823,0.0004778926504349043,0.00044465306783605544,66.4074074074074,39,0,0.0,0.0,0,0.0,1
YPR016C,60,0.7254237288135593,0.0024014243826525686,0.27747408833654363,0.0005691439618782352,0.0007064703281224707,70.71666666666667,44,0,0.0,0.0,0,0.0,1
YPR110C,39,0.3184885290148448,0.003543334106277578,0.2761180649294661,0.00067857258234261,8.427380615878083e-05,32.15384615384615,16,6,46.666666666666664,195.0,199,0.9538094512968884,1
YPR112C,56,0.7909090909090909,0.00038935820193843794,0.27131376557709186,0.0004935636227519632,0.0004854508750218592,66.14285714285714,39,1,559.0,559.0,558,1.0,1
YBL005W,3,0.3333333333333333,2.2491128763342967e-05,0.2306008815344359,0.00010447267661762967,3.7132726589856366e-05,25.333333333333332,3,0,0.0,0.0,0,0.0,0
YCR009C,14,0.0989010989010989,0.0005849080735151796,0.24938470799820392,0.0003967731458014246,0.0014164929311587025,17.5,6,1,2.0,2.0,1,0.0,0
YDR176W,17,0.058823529411764705,0.0025115131608277855,0.27080711055267154,0.0005130498268939082,6.101053621452867e-05,27.352941176470587,8,10,50.3,195.0,255,0.7764397097421646,0
YDR388W,45,0.043434343434343436,0.00895272364753356,0.2825010539629005,0.0012036212876975934,0.0014932437392442838,15.266666666666667,7,4,33.25,73.0,73,0.9726027397260274,0
YBL006C,1,0.0,0.0,0.1847745266947831,7.464703483069047e-05,2.714310510593516e-08,7.0,1,2,50.0,83.0,82,1.0,0
YDR489W,7,0.0,0.0005712676477082988,0.22893839030830226,0.00035338091674635313,2.146060646381962e-06,13.285714285714286,3,3,27.0,56.0,56,0.9766233766233766,1
YBL007C,30,0.08505747126436781,0.004373110459950245,0.26403570012919025,0.0008340247641476987,6.961737482656343e-05,13.0,7,4,33.5,73.0,73,0.9729832572298326,0
YBR098W,3,0.3333333333333333,2.48248317749311e-06,0.21393175801675196,0.00010477198129476244,2.092196818158598e-06,24.0,3,1,2.0,2.0,1,0.0,0
YBR205W,10,0.022222222222222223,0.0006155831201595636,0.24978562502317667,0.0002674131884239869,6.015124801368508e-05,27.1,7,0,0.0,0.0,0,0.0,0
YCL034W,2,1.0,0.0,0.2163467219169858,7.965154490386304e-05,2.1674347886510873e-06,32.0,2,0,0.0,0.0,0,0.0,0
YCR088W,16,0.13333333333333333,0.0026586235355514115,0.25179512854662967,0.0004581233053150164,4.270389327670549e-05,15.875,6,3,43.666666666666664,73.0,72,1.0,1
YDR172W,8,0.10714285714285714,0.00032534222859024374,0.2370724337108968,0.00019308501488713364,5.598424376819159e-06,17.625,5,2,134.0,266.0,265,1.0,1
YGL104C,5,0.1,0.00022546856409038466,0.24406823175476397,0.0001591989158872785,5.617246038533627e-05,40.6,5,0,0.0,0.0,0,0.0,0
YGL206C,12,0.18181818181818182,0.0006707443569965374,0.24017424263159254,0.00035263358326441223,4.008793839472281e-06,13.25,7,5,29.8,95.0,104,0.8676250933532487,0
YIL095W,2,1.0,0.0,0.20730564333501705,8.597747251923767e-05,1.1301445653664806e-06,19.0,2,0,0.0,0.0,0,0.0,0
YIR006C,8,0.14285714285714285,0.0006315514754039838,0.23922337133117058,0.00028594035794086964,2.0633241603148414e-05,18.25,4,4,33.5,73.0,73,0.9729832572298326,1
YIR012W,3,0.0,0.002148714985184849,0.21486152859683266,0.00011387548078636248,0.001389231331819218,37.333333333333336,2,3,356.0,559.0,558,1.0,1
YJL004C,4,0.16666666666666666,0.00032294805975673557,0.23012516429667643,0.0001308749983932297,2.7836276420593444e-06,32.5,4,0,0.0,0.0,0,0.0,0
YJL151C,7,0.14285714285714285,0.000494869022222776,0.2443835653875221,0.0002126382596215534,5.77583612292702e-05,35.42857142857143,7,0,0.0,0.0,0,0.0,0
YKR030W,8,0.03571428571428571,0.0005619328872593651,0.2461534588111728,0.00026143658732108243,5.6586917940042123e-05,26.875,6,0,0.0,0.0,0,0.0,0
YLR078C,26,0.18153846153846154,0.0033682783805850445,0.27508796908180005,0.0006506609062271664,0.0014723560694459333,24.73076923076923,9,3,40.666666666666664,95.0,94,1.0,1
YLR337C,14,0.31868131868131866,0.0008154228632034194,0.25523709187613186,0.00038068915922039015,9.628901060619862e-05,28.928571428571427,7,3,43.666666666666664,73.0,72,1.0,0
YMR253C,4,0.16666666666666666,0.0008757292159853694,0.2613864594465674,0.0001396814904631959,0.00013013000396795224,113.0,4,0,0.0,0.0,0,0.0,0
YNL084C,18,0.1111111111111111,0.0021526247246883494,0.2608535934181957,0.0005185829738707068,2.5465201475683302e-05,19.61111111111111,7,1,3.0,3.0,2,1.0,0
YNL138W,13,0.08974358974358974,0.0008107146315552657,0.24386301743434236,0.0003937775260852309,4.07035547014591e-05,15.153846153846153,6,4,33.25,73.0,73,0.9726027397260274,1
YNL152W,2,0.0,1.0302837330483554e-05,0.2183226893676252,8.036088144242683e-05,9.73992904370409e-07,26.5,2,0,0.0,0.0,0,0.0,1
YNL243W,20,0.18421052631578946,0.0017501713625949812,0.2685503846313993,0.0005312757910610289,5.266655055917918e-05,21.35,7,3,43.666666666666664,73.0,72,1.0,1
YOR181W,34,0.09090909090909091,0.004819460285073322,0.26398763537795317,0.0009620476828521648,0.00010367413652282677,14.235294117647058,7,3,43.666666666666664,73.0,72,1.0,1
YOR284W,17,0.11764705882352941,0.003570636392777174,0.2754886164531831,0.00044808261179605016,7.100125078896702e-05,38.11764705882353,8,0,0.0,0.0,0,0.0,0
YPL246C,8,0.10714285714285714,0.000306125409225045,0.2468097935569676,0.00023336975642982392,5.784575717457798e-05,31.75,7,0,0.0,0.0,0,0.0,0
YPR159W,5,0.1,0.0003144846367067394,0.22793085508611452,0.00017922800226277485,2.627634211431465e-06,17.8,4,2,3.5,5.0,4,1.0,0
YBL008W,5,0.6,1.254618925965982e-05,0.20695063414654494,0.00014465146925680172,2.420024894887173e-07,9.0,4,3,32.333333333333336,83.0,82,1.0,0
YBR289W,11,0.4727272727272727,0.00023560985674589554,0.24409561976259148,0.0002593135834578943,3.0272688101618684e-06,20.545454545454547,8,6,64.5,195.0,269,0.6211507518171225,0
YJL115W,6,0.2,5.897067127053148e-05,0.21254170848740378,0.00019339079878849102,1.0758324161786657e-06,8.333333333333334,4,3,31.666666666666668,83.0,83,0.9759036144578314,0
YJL176C,13,0.34615384615384615,0.0008263148587714617,0.2522623350938576,0.00030863724765831785,1.1667452723947114e-05,26.384615384615383,8,6,64.5,195.0,269,0.6211507518171225,0
YOR038C,4,1.0,0.0,0.205397112082936,0.00011698686525661624,2.2862745131005257e-07,10.0,4,3,32.333333333333336,83.0,82,1.0,0
YOR290C,11,0.4909090909090909,0.00012030263862224063,0.23702076987353135,0.0002613870452091675,2.6135566140024647e-06,16.454545454545453,8,6,64.5,195.0,269,0.6211507518171225,0
YBL009W,1,0.0,0.0,0.22701504023318034,6.013213072878542e-05,1.0848286657907655e-06,69.0,1,0,0.0,0.0,0,0.0,0
YBL010C,1,0.0,0.0,0.17695815460763342,6.807457189692183e-05,2.2665176299694213e-09,4.0,1,0,0.0,0.0,0,0.0,0
YKR022C,4,0.0,0.0002517912656389677,0.21705913441244665,0.0001695523361368432,1.772156682827329e-07,12.75,3,3,217.66666666666666,559.0,558,1.0,1
YBL014C,5,0.4,9.134904553472686e-05,0.232635486392635,0.00014133788146086025,1.0166097248909794e-06,22.6,3,5,68.8,195.0,255,0.7764397097421646,1
YER148W,38,0.17354196301564723,0.006057426085980072,0.2835875256520871,0.0008717529528195127,6.29093366841922e-05,25.210526315789473,13,10,46.4,195.0,264,0.7423378269385874,1
YHL004W,34,0.31194295900178254,0.005649220867953848,0.2692651006392689,0.0006701978976074676,8.556467357948564e-06,22.91176470588235,14,9,161.77777777777777,559.0,593,0.9319709675949136,0
YJL025W,4,0.6666666666666666,1.5931304040690497e-06,0.22305764104946002,0.00013323595719828206,8.431981923319762e-07,13.25,3,5,68.8,195.0,255,0.7764397097421646,1
YML043C,4,0.5,1.75351454288378e-05,0.22278350220343443,0.00014176044113168527,8.35205342196274e-07,12.5,3,5,68.8,195.0,255,0.7764397097421646,1
YOR158W,33,0.4696969696969697,0.002090433075914616,0.2592679517895511,0.0005693463064880666,7.166637885403792e-06,22.78787878787879,14,9,161.77777777777777,559.0,593,0.9319709675949136,0
YBL015W,3,0.0,4.57021304573704e-06,0.18907067496865135,0.00012279044705926565,3.37588090042312e-08,9.333333333333334,3,0,0.0,0.0,0,0.0,0
YLR304C,11,0.03636363636363636,0.003271001722794823,0.2202904567840735,0.00039799167856282793,1.0001175637539214e-06,7.2727272727272725,4,0,0.0,0.0,0,0.0,0
YMR105C,10,0.15555555555555556,0.0002998620206055757,0.21842133904150354,0.000345648477029933,6.575513517065191e-07,8.0,4,0,0.0,0.0,0,0.0,0
YMR303C,7,0.09523809523809523,0.00011670918825854212,0.222396290309205,0.0002522747989405715,1.0235941104449257e-06,6.714285714285714,4,0,0.0,0.0,0,0.0,0
YBL016W,14,0.08791208791208792,0.0011608632396455337,0.22143412383715927,0.00047034231504364634,1.983963081334236e-07,6.928571428571429,5,3,8.333333333333334,16.0,15,1.0,0
YDL159W,6,0.26666666666666666,0.00010127973123405854,0.2138161021786341,0.0002069979581424864,2.955439653479547e-07,10.166666666666666,5,3,8.333333333333334,16.0,15,1.0,0
YDR103W,11,0.10909090909090909,0.0007781598661175516,0.2265185999702524,0.0003760567416603666,4.4882070078602896e-07,10.727272727272727,5,3,8.333333333333334,16.0,15,1.0,0
YDR469W,6,0.06666666666666667,0.00022302018147226364,0.2233553871562105,0.0002011666034698699,1.0817178184420072e-06,8.833333333333334,5,2,45.5,83.0,82,1.0,0
YDR480W,8,0.17857142857142858,0.0006495742585265961,0.2280383809114513,0.00026537770855133107,1.79947961823749e-06,9.25,5,1,3.0,3.0,2,1.0,0
YER075C,4,0.0,4.6960499827481403e-05,0.21335472664551358,0.00016298131902426046,9.843053696267643e-07,10.0,3,0,0.0,0.0,0,0.0,0
YGL057C,2,0.0,6.4494903950322896e-06,0.18740915960319926,9.493992712235737e-05,7.394315305707009e-08,8.0,2,0,0.0,0.0,0,0.0,0
YGL178W,4,0.3333333333333333,0.00011508406433850773,0.21394227838842722,0.00014474176643975865,2.5410913573413926e-07,16.25,4,0,0.0,0.0,0,0.0,0
YGR040W,9,0.2222222222222222,0.0004493008209731567,0.22506550600251773,0.00030017940795437533,2.1456927403513629e-07,9.444444444444445,5,2,10.5,16.0,15,1.0,0
YHR005C,15,0.01904761904761905,0.004845387387997271,0.24679579254757592,0.0005338726553101006,3.331230836088249e-06,10.2,5,2,9.5,16.0,15,1.0,1
YHR168W,3,0.0,4.2401691829663594e-05,0.1936661427630283,0.00013440341388346093,1.5666232893238906e-08,6.666666666666667,3,0,0.0,0.0,0,0.0,0
YLR362W,13,0.08974358974358974,0.0014384792082553564,0.24095908230565868,0.0003991929492420825,1.4388639473416964e-06,14.692307692307692,5,3,8.333333333333334,16.0,15,1.0,0
YNL053W,3,0.0,2.2233642989368365e-05,0.20518399429461245,0.00012144275123174996,1.6561328101128492e-07,11.0,2,0,0.0,0.0,0,0.0,0
YPL049C,10,0.15555555555555556,0.0012619031110044751,0.2566827677756014,0.000296130469164348,5.376986003775059e-06,34.6,6,1,3.0,3.0,2,1.0,0
YBL017C,2,0.0,1.5921103898400756e-05,0.2205920409202245,7.396479807793451e-05,1.673305800040011e-06,12.0,2,0,0.0,0.0,0,0.0,0
YDR432W,11,0.2727272727272727,0.0003809960511235229,0.2641960424502744,0.00021514236418672996,5.580691814362106e-05,52.09090909090909,10,4,198.5,559.0,619,0.8502282102357388,1
YMR197C,13,0.2948717948717949,0.0016994604774454112,0.26050995395381243,0.0003871842930152494,7.701869333164768e-05,34.76923076923077,7,3,40.666666666666664,95.0,94,1.0,1
YBL019W,1,0.0,0.0,0.20258515627607301,5.507006378111835e-05,5.366095239719557e-07,16.0,1,0,0.0,0.0,0,0.0,0
YEL009C,16,0.15833333333333333,0.0030693612740128463,0.25692530744869,0.00043488125854558964,4.2845051275750106e-05,25.75,10,0,0.0,0.0,0,0.0,0
YBL020W,1,0.0,0.0,0.22862558363701024,6.227758591752623e-05,1.8563983634330408e-05,113.0,1,0,0.0,0.0,0,0.0,1
YBL021C,2,0.0,3.403761750405227e-05,0.18122620307542564,0.00010553969077452819,1.1570771436595425e-08,5.0,2,3,110.66666666666667,195.0,255,0.7764397097421646,0
YHL006C,7,0.047619047619047616,0.002035694362594107,0.21774355510653992,0.0002834283629478925,6.354575495251666e-07,6.0,4,0,0.0,0.0,0,0.0,0
YKL109W,3,0.0,0.0005870389883604447,0.19885347065676331,0.00013755640924060237,2.693860762925705e-07,4.333333333333333,2,3,110.66666666666667,195.0,255,0.7764397097421646,0
YBL022C,4,0.16666666666666666,3.896710718664781e-05,0.22788309837246176,0.00011086564066634076,1.7668585069758557e-06,30.5,4,2,6.0,8.0,7,1.0,0
YHR200W,42,0.7409988385598142,0.0022345724322075915,0.2731535274080911,0.0006338896815978775,4.517419435079552e-05,39.666666666666664,33,6,25.5,46.0,48,0.9547872340425532,0
YLL039C,23,0.023715415019762844,0.0037497319374482888,0.2444934377334308,0.0007773367627094983,3.585277387527527e-05,9.521739130434783,6,0,0.0,0.0,0,0.0,0
YOR136W,14,0.054945054945054944,0.003113014856464121,0.26532391480323647,0.00041524779987464085,2.3651231972178728e-05,27.642857142857142,5,1,2.0,2.0,1,0.0,0
YBL023C,25,0.6066666666666667,0.0015254078593443389,0.24537598595762367,0.0005099374512608989,4.35172162174675e-06,20.76,18,6,22.333333333333332,56.0,57,0.9505012531328321,1
YBR060C,23,0.7233201581027668,0.00045962259246832654,0.2413735148151724,0.00040422196573048654,3.759616916230866e-06,21.82608695652174,18,7,20.285714285714285,56.0,57,0.9505012531328321,1
YBR202W,20,0.8894736842105263,5.757610217022248e-05,0.2335095395324281,0.00033699588652739477,4.116894170930289e-06,22.45,18,6,22.333333333333332,56.0,57,0.9505012531328321,1
YBR265W,3,0.0,0.0002657549475920732,0.20115203583450472,0.00015294990786117108,7.981094978303163e-08,9.666666666666666,2,0,0.0,0.0,0,0.0,1
YBR278W,24,0.5543478260869565,0.006015997473185496,0.26422813428658776,0.0004739412147479145,8.871919109814515e-05,34.625,18,6,19.666666666666668,56.0,56,0.9662337662337662,0
YDL017W,20,0.14736842105263157,0.0018573533788223144,0.23713704518852435,0.0006416090824552222,2.542011115274959e-06,11.65,9,3,22.0,56.0,55,1.0,1
YDL102W,18,1.0,0.0,0.2272284670964519,0.00030275301020041506,3.3312999990151105e-06,23.22222222222222,18,4,27.25,56.0,55,1.0,1
YDR052C,12,0.42424242424242425,0.0009940488422555665,0.2404397165374526,0.0002750094458638461,1.409367619638001e-06,23.25,9,3,22.0,56.0,55,1.0,1
YDR318W,38,0.001422475106685633,0.01001006348994433,0.268898957353895,0.0015813935859652507,1.4607659231268664e-05,10.789473684210526,6,7,23.0,55.0,54,1.0,0
YEL032W,20,0.8894736842105263,5.757610217022248e-05,0.2335095395324281,0.00033699588652739477,4.116894170930289e-06,22.45,18,6,22.333333333333332,56.0,57,0.9505012531328321,1
YGL201C,25,0.5666666666666667,0.0010221548739722103,0.25001529975453524,0.0004328888151592878,2.222182930865213e-05,25.28,18,6,22.333333333333332,56.0,57,0.9505012531328321,1
YHR118C,22,0.7922077922077922,0.0001234706179717939,0.23733109110406786,0.00038175723609368197,3.5695706543377537e-06,22.227272727272727,18,7,20.285714285714285,56.0,57,0.9505012531328321,1
YIL150C,7,0.47619047619047616,0.0009918093721387276,0.23614591711603256,0.00016396977118580283,5.494447166638911e-05,31.142857142857142,6,0,0.0,0.0,0,0.0,1
YJL194W,26,0.3569230769230769,0.0019005056074390845,0.24311350830000936,0.00043923665378165785,8.515544605639218e-06,28.73076923076923,18,4,27.0,56.0,57,0.9505012531328321,1
YJR006W,19,0.8947368421052632,0.001007362746637104,0.2393154866070008,0.00033131643290791,4.088593053234732e-06,27.31578947368421,18,4,27.25,56.0,55,1.0,1
YJR043C,20,0.8105263157894737,0.00020822285313923616,0.229481814064177,0.00034740881777303864,3.4044714515429617e-06,22.2,18,4,27.25,56.0,55,1.0,0
YLL004W,23,0.7233201581027668,0.00022977126369814216,0.23835832955449637,0.0004148966553856599,3.5772347523189643e-06,21.304347826086957,18,7,20.285714285714285,56.0,57,0.9505012531328321,1
YLR103C,20,0.868421052631579,0.00021402371722971158,0.23136121203088,0.0003562027646873231,3.4386149903938525e-06,22.15,18,5,25.6,56.0,57,0.9505012531328321,1
YLR274W,20,0.868421052631579,0.00028050482996354813,0.23471897658638619,0.00034409284771283146,3.47164174735798e-06,23.65,18,6,22.333333333333332,56.0,57,0.9505012531328321,1
YML065W,25,0.6133333333333333,0.0009274173122774331,0.24570858641300508,0.0004617228930215179,2.1551659322945196e-05,21.52,18,7,20.285714285714285,56.0,57,0.9505012531328321,1
YNL261W,23,0.7233201581027668,0.0001951046526890626,0.23785010283902835,0.0004140994039101571,3.5778120130354273e-06,21.304347826086957,18,7,20.285714285714285,56.0,57,0.9505012531328321,1
YNL262W,39,0.2941970310391363,0.005175358958817184,0.25797653172608326,0.0006279852146041128,7.196751138861345e-05,29.0,18,6,19.666666666666668,56.0,56,0.9662337662337662,1
YOR196C,2,0.0,0.00020198186801602362,0.19535322097120195,0.0001199222712836573,5.6260197353671085e-08,13.0,1,0,0.0,0.0,0,0.0,0
YPR019W,20,0.8894736842105263,5.769148514050348e-05,0.2335095395324281,0.0003369958865273947,4.116894170930288e-06,22.45,18,6,22.333333333333332,56.0,57,0.9505012531328321,1
YPR162C,22,0.7922077922077922,0.0001232236767358503,0.23733109110406786,0.00038175723609368197,3.5695706543377537e-06,22.227272727272727,18,7,20.285714285714285,56.0,57,0.9505012531328321,1
YPR175W,28,0.47354497354497355,0.0006445525963034413,0.23460505991310762,0.0005158397992813171,4.0987123905761184e-06,18.607142857142858,18,6,19.666666666666668,56.0,56,0.9662337662337662,1
YBL024W,1,0.0,0.0,0.15179219954044407,9.844510451248545e-05,2.7686174983861044e-09,2.0,1,0,0.0,0.0,0,0.0,0
YGR237C,2,0.0,0.0002019641222144901,0.18037713964213556,0.00015720389472057187,2.2146819354766294e-07,2.5,1,0,0.0,0.0,0,0.0,0
YBL025W,7,0.047619047619047616,0.00012384670441111293,0.23297184486605269,0.0002455886351953203,2.5297142162008595e-06,10.0,4,6,58.333333333333336,195.0,257,0.7645914396887159,0
YDL113C,4,0.0,3.888291761066165e-05,0.22176145534859149,0.0001410321595058293,8.534299734273133e-07,11.75,4,1,3.0,3.0,2,1.0,0
YKL135C,9,0.1388888888888889,0.002536653607573842,0.24794917536923902,0.00031027042291164,2.273002207207737e-05,25.77777777777778,4,6,28.833333333333332,95.0,104,0.8676250933532487,0
YLR141W,4,0.16666666666666666,0.00024174767453808842,0.2345291768748608,0.00017894719281231553,3.660988358726482e-05,38.5,3,6,58.333333333333336,195.0,257,0.7645914396887159,1
YMR270C,6,0.13333333333333333,0.0001642436534666473,0.23711119637173902,0.00019457650473927353,1.740987616286068e-06,19.333333333333332,4,6,58.333333333333336,195.0,257,0.7645914396887159,1
YBL066C,5,0.1,0.0007001209801960507,0.23425135855204976,0.00017229507503226557,1.8397200773462587e-05,18.4,3,0,0.0,0.0,0,0.0,0
YCR066W,5,0.0,0.0002517046991361461,0.22630650390286455,0.00019052856041452956,3.542895391585678e-05,21.2,4,1,2.0,2.0,1,0.0,0
YDL175C,5,0.0,0.0003617863797213489,0.24290989564649176,0.00017712599480445462,2.8932396115221943e-05,39.8,4,2,3.5,4.0,3,1.0,0
YDR166C,8,0.6785714285714286,0.00019340769752983883,0.22318351362174463,0.00023136958070072238,1.8240093544093334e-05,13.875,7,2,7.5,8.0,7,1.0,1
YDR440W,2,0.0,2.9113388906129405e-05,0.21771086578735263,8.059563629006303e-05,1.8205750790878628e-05,31.5,2,0,0.0,0.0,0,0.0,0
YDR473C,42,0.6318234610917538,0.0025043696748471627,0.2750184102047328,0.0007004481174241244,6.658220163460335e-05,41.54761904761905,29,7,135.85714285714286,559.0,619,0.8502282102357388,1
YEL015W,21,0.1,0.004661416605919358,0.2787898898448361,0.0005469720613319154,3.387917277302289e-05,32.857142857142854,9,2,287.5,559.0,558,1.0,0
YER025W,15,0.4666666666666667,0.0003489079231749513,0.24864355209628322,0.0002838964605861509,2.8541023353300373e-05,24.0,9,7,174.28571428571428,559.0,592,0.9345646407829149,1
YER112W,70,0.2571428571428571,0.007585641522302717,0.2904604240238128,0.0014618408340018889,8.301038928491434e-05,30.314285714285713,29,10,105.4,559.0,619,0.8502282102357388,1
YER146W,29,0.04433497536945813,0.0032435167758067974,0.2665594161527276,0.0007970269254827799,3.0428189489424207e-05,16.310344827586206,9,6,127.5,559.0,558,1.0,1
YGL173C,8,0.2857142857142857,0.0004902018725578185,0.24958500550907395,0.0002228567386221412,3.898858593284436e-05,37.375,7,2,287.5,559.0,558,1.0,0
YGL185C,4,0.0,0.00021074722280256913,0.22796668575920498,0.00013115801690226624,2.0487310788958183e-05,25.25,3,0,0.0,0.0,0,0.0,0
YGR077C,2,0.0,2.8392298057255914e-05,0.21507396831266895,9.323438429657222e-05,1.7709720702696936e-05,26.5,2,0,0.0,0.0,0,0.0,0
YIL048W,3,0.3333333333333333,2.596830355909487e-05,0.2261888442876504,0.00011052579484984696,1.8293298012201253e-05,37.333333333333336,3,0,0.0,0.0,0,0.0,1
YIL066C,6,0.26666666666666666,0.0005504917736443922,0.242098844241996,0.00021338039542090703,3.719912109269299e-05,30.333333333333332,4,1,4.0,4.0,3,1.0,0
YIL132C,8,0.03571428571428571,0.0029881318938418193,0.2675265177117616,0.0002507776292951362,7.735265817255217e-05,49.125,5,0,0.0,0.0,0,0.0,0
YLR039C,1,0.0,0.0,0.2123238765753376,5.8634330856029166e-05,1.766403175308212e-05,46.0,1,2,4.5,7.0,6,1.0,0
YLR120C,1,0.0,0.0,0.2123238765753376,5.8634330856029166e-05,1.766403175308212e-05,46.0,1,0,0.0,0.0,0,0.0,0
YLR126C,1,0.0,0.0,0.2123238765753376,5.8634330856029166e-05,1.766403175308212e-05,46.0,1,0,0.0,0.0,0,0.0,0
YLR128W,4,0.0,0.002387191713849942,0.22220318867300004,0.00019000194151770435,1.7714510481202838e-05,16.75,3,0,0.0,0.0,0,0.0,0
YMR066W,1,0.0,0.0,0.2123238765753376,5.8634330856029166e-05,1.766403175308212e-05,46.0,1,0,0.0,0.0,0,0.0,0
YMR207C,1,0.0,0.0,0.2123238765753376,5.8634330856029166e-05,1.766403175308212e-05,46.0,1,0,0.0,0.0,0,0.0,0
YMR237W,1,0.0,0.0,0.2123238765753376,5.8634330856029166e-05,1.766403175308212e-05,46.0,1,4,229.0,559.0,563,0.9823644305101673,0
YNL147W,10,0.24444444444444444,0.0006945084815988479,0.23969786396852164,0.0002974257893365458,2.100400600896775e-05,19.9,5,6,127.5,559.0,558,1.0,1
YNL264C,1,0.0,0.0,0.2123238765753376,5.8634330856029166e-05,1.766403175308212e-05,46.0,1,0,0.0,0.0,0,0.0,0
YNL287W,17,0.3235294117647059,0.0007161540406345672,0.2591135337122494,0.00039714559411149216,6.586773690308538e-05,19.294117647058822,9,6,30.166666666666668,95.0,107,0.8236642567448422,1
YOL102C,2,0.0,0.002116803710731605,0.21234460323255896,0.00013445685255965975,1.7666792221593072e-05,23.5,1,3,74.0,131.0,130,1.0,1
YOL149W,16,0.25833333333333336,0.0032103106975370373,0.2747925865985768,0.0003884769643433934,6.620710251312014e-05,43.6875,9,4,145.0,559.0,559,0.9964285943280692,1
YOL163W,1,0.0,0.0,0.2123238765753376,5.8634330856029166e-05,1.766403175308212e-05,46.0,1,0,0.0,0.0,0,0.0,0
YOR017W,4,0.16666666666666666,0.00019753561260690003,0.23940767284991568,0.00012646665004754194,2.0169280904915495e-05,40.0,4,0,0.0,0.0,0,0.0,0
YOR043W,6,0.0,0.0025399778550515297,0.22686114778269115,0.00023874539914264909,1.8044921180639505e-05,16.666666666666668,3,1,2.0,2.0,1,0.0,0
YOR191W,5,0.0,0.00041890403664315634,0.25286348334953024,0.00015485175376221666,5.608660783213534e-05,34.2,5,0,0.0,0.0,0,0.0,0
YPL115C,8,0.07142857142857142,0.0005048784291812624,0.23144737091177675,0.0002383218576139871,3.6252160645846314e-05,18.375,5,0,0.0,0.0,0,0.0,1
YPL119C,1,0.0,0.0,0.2123238765753376,5.8634330856029166e-05,1.766403175308212e-05,46.0,1,0,0.0,0.0,0,0.0,0
YPL213W,3,0.3333333333333333,0.00011805597162587159,0.23186677136005265,0.00011564679270317498,5.3954289394662014e-05,49.0,3,6,126.5,559.0,561,0.9900942195059842,1
YPR032W,5,0.0,0.00047341841838496944,0.24837384283104977,0.00015706078897165184,3.775777769326066e-05,41.6,5,1,3.0,3.0,2,1.0,0
YPR184W,6,0.06666666666666667,0.0003299862318526524,0.23243662077409136,0.00021448817026519892,1.909550863128507e-05,18.166666666666668,4,0,0.0,0.0,0,0.0,0
YBL027W,81,0.9753086419753086,0.00011540677098755345,0.2506202103248268,0.00035544502518582686,0.1110808844338745,80.1358024691358,80,6,258.8333333333333,559.0,589,0.9439786101197695,0
YBL087C,82,0.952122854561879,0.0007975710522846217,0.2610884133126488,0.00037165946898399876,0.11113535344202827,80.48780487804878,80,6,258.8333333333333,559.0,589,0.9439786101197695,0
YBL092W,82,0.9515206263173743,0.0003420032874017844,0.2518097025541858,0.0003781041229897486,0.11109811958601998,79.21951219512195,80,6,258.8333333333333,559.0,589,0.9439786101197695,1
YBR031W,80,1.0,0.0,0.25057690536969635,0.000324044049414558,0.11106374291740184,81.125,80,6,258.8333333333333,559.0,589,0.9439786101197695,0
YBR191W,80,1.0,0.0,0.25057690536969635,0.000324044049414558,0.11106374291740184,81.125,80,6,258.8333333333333,559.0,589,0.9439786101197695,0
YDL075W,82,0.9527250828063836,0.0016364204396808056,0.27131376557709186,0.0003766240733848394,0.1111719371518197,82.7439024390244,80,6,258.8333333333333,559.0,589,0.9439786101197695,0
YDL081C,87,0.8452285485164395,0.0076442108477705285,0.28056985883068924,0.0005178540773520966,0.11120659457987116,79.29885057471265,80,6,258.8333333333333,559.0,589,0.9439786101197695,0
YDL082W,80,1.0,0.0,0.25057690536969635,0.000324044049414558,0.11106374291740184,81.125,80,6,258.8333333333333,559.0,589,0.9439786101197695,0
YDL130W,92,0.754897276636407,0.004767659877591392,0.2592061624778758,0.0006979782194322523,0.11127480345742781,71.20652173913044,80,6,258.8333333333333,559.0,589,0.9439786101197695,0
YDL136W,80,1.0,0.0,0.25057690536969635,0.000324044049414558,0.11106374291740184,81.125,80,6,258.8333333333333,559.0,589,0.9439786101197695,0
YDL184C,80,1.0,0.0,0.25057690536969635,0.000324044049414558,0.11106374291740184,81.125,80,6,258.8333333333333,559.0,589,0.9439786101197695,0
YDL191W,80,1.0,0.0,0.25057690536969635,0.000324044049414558,0.11106374291740184,81.125,80,6,258.8333333333333,559.0,589,0.9439786101197695,0
YDR382W,93,0.7447405329593267,0.005843883666392931,0.2676417244557778,0.00048665579116062373,0.11137971196431874,76.63440860215054,80,6,258.8333333333333,559.0,589,0.9439786101197695,0
YDR418W,81,0.9756172839506173,0.0005734853423046562,0.2592988574936624,0.0003432611413498715,0.11109946686677463,80.87654320987654,80,6,258.8333333333333,559.0,589,0.9439786101197695,0
YDR471W,80,1.0,0.0,0.25057690536969635,0.000324044049414558,0.11106374291740184,81.125,80,6,258.8333333333333,559.0,589,0.9439786101197695,0
YDR500C,81,0.9762345679012345,0.0014566848770836962,0.2712461020655071,0.0003550978243714474,0.11113764895391348,83.74074074074075,80,6,258.8333333333333,559.0,589,0.9439786101197695,0
YEL054C,82,0.9518217404396266,0.0008168522713399879,0.26105707956967705,0.0003718210673251802,0.11111666099972628,79.98780487804878,80,6,258.8333333333333,559.0,589,0.9439786101197695,0
YER117W,81,0.975925925925926,0.0007794054134727411,0.2610257533466532,0.0003521221028957112,0.11111688013894187,81.44444444444444,80,6,258.8333333333333,559.0,589,0.9439786101197695,0
YGL030W,82,0.952122854561879,0.000917575795649372,0.2615278768276927,0.00037338403233682396,0.11113414928420581,80.5,80,6,258.8333333333333,559.0,589,0.9439786101197695,1
YGL031C,80,1.0,0.0,0.25057690536969635,0.000324044049414558,0.11106374291740184,81.125,80,6,258.8333333333333,559.0,589,0.9439786101197695,0
YGL076C,80,1.0,0.0,0.25057690536969635,0.000324044049414558,0.11106374291740184,81.125,80,6,258.8333333333333,559.0,589,0.9439786101197695,0
YGL103W,80,1.0,0.0,0.25057690536969635,0.000324044049414558,0.11106374291740184,81.125,80,6,258.8333333333333,559.0,589,0.9439786101197695,1
YGL135W,83,0.9297678518953865,0.0028575646471401656,0.2760655010488399,0.0004101366694789588,0.11119043760326722,82.92771084337349,80,6,258.8333333333333,559.0,589,0.9439786101197695,0
YGL147C,81,0.9753086419753086,0.0002734649259556183,0.25281939975759343,0.0003451924501700706,0.11108191621636235,80.4320987654321,80,6,258.8333333333333,559.0,589,0.9439786101197695,0
YGR034W,81,0.9753086419753086,0.0006497670081336406,0.25654654033663565,0.0003514615373161606,0.11108121608792026,80.66666666666667,80,6,258.8333333333333,559.0,589,0.9439786101197695,0
YGR085C,82,0.9524239686841313,0.001155201287181361,0.26296640661440207,0.00037568558546451655,0.11115251690547073,80.57317073170732,80,6,258.8333333333333,559.0,589,0.9439786101197695,0
YGR148C,81,0.9756172839506173,0.0010366764910476778,0.26124519492155573,0.000353938087188601,0.11109984190274554,81.8395061728395,80,6,258.8333333333333,559.0,589,0.9439786101197695,0
YHL033C,81,0.9762345679012345,0.0014566848770836962,0.2712461020655071,0.0003550978243714474,0.11113764895391348,83.74074074074075,80,6,258.8333333333333,559.0,589,0.9439786101197695,0
YHR010W,80,1.0,0.0,0.25057690536969635,0.000324044049414558,0.11106374291740184,81.125,80,6,258.8333333333333,559.0,589,0.9439786101197695,0
YIL018W,80,1.0,0.0,0.25057690536969635,0.000324044049414558,0.11106374291740184,81.125,80,6,258.8333333333333,559.0,589,0.9439786101197695,0
YIL052C,81,0.9753086419753086,0.0008878019430576346,0.25543190647185693,0.000351390155739782,0.11108179759170524,80.64197530864197,80,6,258.8333333333333,559.0,589,0.9439786101197695,0
YIL133C,80,1.0,0.0,0.25057690536969635,0.000324044049414558,0.11106374291740184,81.125,80,6,258.8333333333333,559.0,589,0.9439786101197695,0
YIL148W,80,1.0,0.0,0.25057690536969635,0.000324044049414558,0.11106374291740184,81.125,80,6,258.8333333333333,559.0,589,0.9439786101197695,0
YJL177W,80,1.0,0.0,0.25057690536969635,0.000324044049414558,0.11106374291740184,81.125,80,6,258.8333333333333,559.0,589,0.9439786101197695,0
YJL189W,81,0.9753086419753086,0.0005723088848081917,0.25492301834224,0.00034587535819661,0.11108123981808327,80.48148148148148,80,6,258.8333333333333,559.0,589,0.9439786101197695,0
YKL006W,80,1.0,0.0,0.25057690536969635,0.000324044049414558,0.11106374291740186,81.125,80,6,258.8333333333333,559.0,589,0.9439786101197695,0
YKL180W,81,0.9753086419753086,0.000514664540089611,0.2536596251547238,0.0003295773326382071,0.11108182900577915,80.82716049382717,80,6,258.8333333333333,559.0,589,0.9439786101197695,1
YKR094C,80,1.0,0.0,0.25057690536969635,0.000324044049414558,0.11106374291740186,81.125,80,6,258.8333333333333,559.0,589,0.9439786101197695,0
YLL045C,80,1.0,0.0,0.25057690536969635,0.000324044049414558,0.11106374291740186,81.125,80,6,258.8333333333333,559.0,589,0.9439786101197695,0
YLR029C,80,1.0,0.0,0.25057690536969635,0.000324044049414558,0.11106374291740186,81.125,80,6,258.8333333333333,559.0,589,0.9439786101197695,1
YLR061W,80,1.0,0.0,0.25057690536969635,0.000324044049414558,0.11106374291740186,81.125,80,6,258.8333333333333,559.0,589,0.9439786101197695,0
YLR075W,81,0.9753086419753086,0.0009547788985830577,0.2507646683398852,0.0003560770619470705,0.1110808894378924,80.14814814814815,80,6,258.8333333333333,559.0,589,0.9439786101197695,1
YLR325C,83,0.9285924184543051,0.00046398876940627093,0.2518097025541858,0.0004135725937516143,0.11111612869708161,78.3012048192771,80,6,258.8333333333333,559.0,589,0.9439786101197695,0
YLR340W,80,1.0,0.0,0.25057690536969635,0.000324044049414558,0.11106374291740186,81.125,80,6,258.8333333333333,559.0,589,0.9439786101197695,1
YLR344W,81,0.9753086419753086,0.000424934742895376,0.2536300490309956,0.00034742821265307873,0.1110815433431531,80.50617283950618,80,6,258.8333333333333,559.0,589,0.9439786101197695,0
YLR406C,81,0.9756172839506173,7.00453347892696e-05,0.25063464863628687,0.0003455646025678442,0.11109803111530805,80.14814814814815,80,6,258.8333333333333,559.0,589,0.9439786101197695,0
YLR448W,81,0.9753086419753086,9.544057569180778e-05,0.2506057736767666,0.00034677743384749346,0.11108110069620301,80.14814814814815,80,6,258.8333333333333,559.0,589,0.9439786101197695,0
YML073C,80,1.0,0.0,0.25057690536969635,0.000324044049414558,0.11106374291740186,81.125,80,6,258.8333333333333,559.0,589,0.9439786101197695,0
YMR121C,80,1.0,0.0,0.25057690536969635,0.000324044049414558,0.11106374291740186,81.125,80,6,258.8333333333333,559.0,589,0.9439786101197695,0
YMR142C,81,0.9753086419753086,0.0006120558219355776,0.2552071467723745,0.00034177550819247394,0.11108120421083696,80.44444444444444,80,6,258.8333333333333,559.0,589,0.9439786101197695,0
YMR194W,80,1.0,0.0,0.25057690536969635,0.000324044049414558,0.11106374291740186,81.125,80,6,258.8333333333333,559.0,589,0.9439786101197695,0
YMR242C,81,0.9753086419753086,0.00020198186801602362,0.25059133869181893,0.00035405062283647935,0.111080875983054,80.12345679012346,80,6,258.8333333333333,559.0,589,0.9439786101197695,0
YNL067W,80,1.0,0.0,0.25057690536969635,0.000324044049414558,0.11106374291740186,81.125,80,6,258.8333333333333,559.0,589,0.9439786101197695,0
YNL069C,80,1.0,0.0,0.25057690536969635,0.000324044049414558,0.11106374291740186,81.125,80,6,258.8333333333333,559.0,589,0.9439786101197695,0
YNL162W,80,1.0,0.0,0.25057690536969635,0.000324044049414558,0.11106374291740186,81.125,80,6,258.8333333333333,559.0,589,0.9439786101197695,1
YNL301C,83,0.9294739935351161,0.0025613008779743515,0.2689820842728247,0.00040776987991292783,0.1111541000164857,80.57831325301204,80,6,258.8333333333333,559.0,589,0.9439786101197695,0
YOL039W,81,0.9753086419753086,9.066891048326695e-05,0.2512280551497758,0.0003509865420243445,0.11108089206000471,80.14814814814815,80,6,258.8333333333333,559.0,589,0.9439786101197695,0
YOL120C,80,1.0,0.0,0.25057690536969635,0.000324044049414558,0.11106374291740186,81.125,80,6,258.8333333333333,559.0,589,0.9439786101197695,1
YOL127W,82,0.9518217404396266,0.0007519490394833333,0.2601050000615011,0.0003605619211343727,0.11110237166210993,79.92682926829268,80,6,258.8333333333333,559.0,589,0.9439786101197695,1
YOR063W,82,0.9518217404396266,0.0004167894576498347,0.25385203822083485,0.00037896883245753485,0.11111541592498325,79.3780487804878,80,6,258.8333333333333,559.0,589,0.9439786101197695,1
YOR234C,80,1.0,0.0,0.25057690536969635,0.000324044049414558,0.11106374291740186,81.125,80,6,258.8333333333333,559.0,589,0.9439786101197695,0
YOR312C,80,1.0,0.0,0.25057690536969635,0.000324044049414558,0.11106374291740186,81.125,80,6,258.8333333333333,559.0,589,0.9439786101197695,0
YPL079W,80,1.0,0.0,0.25057690536969635,0.000324044049414558,0.11106374291740186,81.125,80,6,258.8333333333333,559.0,589,0.9439786101197695,0
YPL131W,82,0.9515206263173743,0.00030379175147946674,0.2507357634158647,0.0003786046065756373,0.11109802026386009,79.15853658536585,80,6,258.8333333333333,559.0,589,0.9439786101197695,1
YPL143W,80,1.0,0.0,0.25057690536969635,0.000324044049414558,0.11106374291740186,81.125,80,6,258.8333333333333,559.0,589,0.9439786101197695,1
YPL198W,80,1.0,0.0,0.25057690536969635,0.000324044049414558,0.11106374291740186,81.125,80,6,258.8333333333333,559.0,589,0.9439786101197695,0
YPL220W,80,1.0,0.0,0.25057690536969635,0.000324044049414558,0.11106374291740186,81.125,80,6,258.8333333333333,559.0,589,0.9439786101197695,0
YPR102C,83,0.9294739935351161,0.0012852269484228181,0.26334844013490727,0.00040054115012624257,0.11116979614999449,79.63855421686748,80,6,258.8333333333333,559.0,589,0.9439786101197695,0
YBL030C,5,0.1,0.00017817888260774291,0.22237355505155734,0.00016301754357814192,2.1752918044499728e-06,16.8,4,0,0.0,0.0,0,0.0,1
YER178W,10,0.15555555555555556,0.0011408986310320376,0.26033847352215117,0.0003283730954813742,7.945269859705306e-05,39.8,5,4,5.5,7.0,7,0.9047619047619048,0
YGR082W,12,0.42424242424242425,0.0016959050244906373,0.2540595790135872,0.0003558210962950461,7.604508844213851e-05,31.833333333333332,8,4,10.5,18.0,18,0.9281045751633987,1
YBL031W,1,0.0,0.0,0.2244037876426816,5.9410110270012165e-05,1.0536908303185695e-06,60.0,1,0,0.0,0.0,0,0.0,0
YBL032W,9,0.1111111111111111,0.0003285981668196153,0.23159522124187742,0.00022130044610865548,9.667213089901068e-06,18.22222222222222,6,0,0.0,0.0,0,0.0,0
YFR012W,1,0.0,0.0,0.1865013174016662,5.280228764838799e-05,1.28024995381795e-07,9.0,1,0,0.0,0.0,0,0.0,0
YML105C,7,0.38095238095238093,0.0006773214904997261,0.23222569825070288,0.00025497276320555513,1.8947849875857884e-05,20.714285714285715,4,4,150.25,559.0,579,0.9308496333614213,1
YBL033C,2,0.0,2.2568203938886954e-06,0.20865785280713034,0.00011210879844333898,1.1931384648401091e-06,3.5,2,0,0.0,0.0,0,0.0,0
YPR172W,5,0.0,0.00019784784902916104,0.24500288511734347,0.00019056800469742792,2.0547055513115045e-05,40.8,3,0,0.0,0.0,0,0.0,0
YBL034C,3,0.0,0.00022195483280515688,0.21463891810294872,0.0001613063026553732,1.310009143864386e-06,14.333333333333334,2,5,33.0,73.0,94,0.687256920613132,1
YDR330W,1,0.0,0.0,0.1753462670198165,7.777717170152242e-05,1.7100766725712835e-08,3.0,1,0,0.0,0.0,0,0.0,0
YFL037W,6,0.06666666666666667,0.0005706415834139514,0.23058865908881473,0.0002578859851293808,3.707255456125219e-05,19.0,3,5,22.8,73.0,72,1.0,1
YBL035C,8,0.8571428571428571,0.00010738367160197022,0.2285535188352334,0.0001829814983772271,2.379002807387678e-06,19.375,8,5,20.4,56.0,59,0.8766803039158387,1
YBR087W,17,0.39705882352941174,0.0002934321827469048,0.21777625424381378,0.00038650008770737144,1.4322490089506098e-06,12.235294117647058,8,7,16.285714285714285,56.0,60,0.8497175141242937,1
YIR008C,10,0.6666666666666666,0.0005958400844398094,0.240413142740311,0.0002281825531018318,4.2868283729436135e-06,27.2,8,5,20.4,56.0,59,0.8766803039158387,1
YKL045W,10,0.6666666666666666,0.0005881669300912776,0.2434536223295281,0.0002244351015144613,4.361098261004921e-06,25.2,8,5,20.4,56.0,59,0.8766803039158387,1
YNL102W,14,0.3516483516483517,0.0008059858834840012,0.23271014875788543,0.0003497373898013908,3.6214293794305148e-06,16.285714285714285,8,5,20.4,56.0,59,0.8766803039158387,1
YNL290W,12,0.696969696969697,4.2071892722974494e-05,0.21526552355411518,0.0002640330075595103,1.3395753938830088e-06,15.75,8,7,16.285714285714285,56.0,60,0.8497175141242937,1
YOL094C,14,0.5604395604395604,8.483947555243113e-05,0.21737364999643588,0.00030533015790441804,1.4161304384171199e-06,14.5,8,7,16.285714285714285,56.0,60,0.8497175141242937,1
YOR217W,14,0.5824175824175825,0.00013252655903690894,0.2152868285346728,0.00030755183008419234,1.35489051266245e-06,14.071428571428571,8,4,24.25,56.0,56,0.9668831168831169,1
YBL036C,0,0.0,0.0,0.0,3.195568811248403e-05,4.8315357241094107e-57,0.0,0,0,0.0,0.0,0,0.0,0
YBL037W,4,0.3333333333333333,7.447306655958014e-05,0.21457539980412665,0.00015349592651281395,9.02944110314062e-07,13.75,4,5,33.6,95.0,104,0.8676250933532487,0
YBR288C,4,0.3333333333333333,3.3315228827046465e-05,0.2094716274750189,0.0001638196559792566,1.2181577421827123e-06,5.25,4,3,40.0,95.0,94,1.0,0
YGR261C,7,0.2857142857142857,9.452681076886361e-05,0.21416344545774676,0.0002507609497193818,1.4719715024498387e-06,6.714285714285714,4,3,40.0,95.0,94,1.0,0
YJR005W,8,0.10714285714285714,0.0003053673451082584,0.22805033448805723,0.00027835695180829305,1.836347594249085e-06,8.0,4,5,33.6,95.0,104,0.8676250933532487,0
YBL038W,38,0.8307254623044097,0.00026937619186183755,0.22931247264540733,0.00035420242315336794,4.940208162540609e-06,33.94736842105263,29,7,202.14285714285714,559.0,589,0.9439786101197695,0
YBR122C,38,0.7994310099573257,0.005951930527233508,0.2641158469541445,0.00037865569609885476,7.956351918459611e-05,43.526315789473685,29,7,202.14285714285714,559.0,589,0.9439786101197695,0
YBR268W,31,0.9354838709677419,1.1320972980947588e-05,0.22450801068369636,0.0002790077196861091,4.661048946391138e-06,35.70967741935484,29,7,202.14285714285714,559.0,589,0.9439786101197695,0
YBR282W,38,0.8307254623044097,0.0003905613684638628,0.2310662965279726,0.00035664069202618714,6.322234324838158e-06,33.973684210526315,29,7,202.14285714285714,559.0,589,0.9439786101197695,0
YCR003W,32,0.8770161290322581,6.041867164218415e-05,0.2257662808006574,0.00030726138520142964,4.680038842533131e-06,34.65625,29,7,202.14285714285714,559.0,589,0.9439786101197695,0
YCR046C,29,0.729064039408867,0.0030200775910243275,0.222396290309205,0.0003318944311280169,2.2739019196190776e-06,33.172413793103445,24,8,177.375,559.0,589,0.9439786101197695,0
YDL202W,33,0.8238636363636364,0.004188400968378672,0.25240869291185125,0.000328676403028099,2.4686737686534647e-05,37.21212121212121,29,7,202.14285714285714,559.0,589,0.9439786101197695,0
YDR115W,33,0.7102272727272727,0.002928964492954395,0.24290989564649176,0.0003593972628529481,3.778256928343622e-06,34.63636363636363,25,7,202.14285714285714,559.0,589,0.9439786101197695,0
YDR116C,33,0.7821969696969697,0.0008343700929842614,0.23248630529731565,0.00031539227173541586,3.715210834689902e-06,33.36363636363637,25,7,202.14285714285714,559.0,589,0.9439786101197695,0
YDR237W,36,0.8873015873015873,4.817928029651542e-05,0.22818190658914655,0.0003210796093222367,4.8877856105376424e-06,35.0,29,7,202.14285714285714,559.0,589,0.9439786101197695,0
YDR296W,26,0.9046153846153846,0.00038667812618363597,0.23098042107930278,0.0002532210297140949,3.888261847201827e-06,35.84615384615385,24,0,0.0,0.0,0,0.0,0
YDR322W,37,0.8483483483483484,0.00012432478477079561,0.2308823558365795,0.00033317660547771817,4.949047418453441e-06,34.945945945945944,29,7,202.14285714285714,559.0,589,0.9439786101197695,0
YDR462W,39,0.8218623481781376,0.00012723187659761598,0.23090686433993246,0.00034944327519325464,5.01773835298978e-06,34.35897435897436,29,7,202.14285714285714,559.0,589,0.9439786101197695,0
YGR033C,3,0.0,0.00042677992051591866,0.222954759956371,9.055536940401969e-05,9.600464257163363e-07,27.333333333333332,3,2,8.5,11.0,10,1.0,0
YGR076C,37,0.8768768768768769,4.881653096368933e-05,0.22819387521786874,0.0003289424651942164,4.9283115516170914e-06,34.810810810810814,29,7,202.14285714285714,559.0,589,0.9439786101197695,0
YGR220C,37,0.8483483483483484,0.00010188966788680432,0.23113995489473316,0.0003305980908935114,4.982944396950037e-06,34.189189189189186,29,7,202.14285714285714,559.0,589,0.9439786101197695,0
YHR147C,38,0.8307254623044097,0.00018148495308239275,0.2290468690654242,0.0003547429877171855,5.155072125132223e-06,33.973684210526315,29,7,202.14285714285714,559.0,589,0.9439786101197695,0
YJL063C,41,0.7426829268292683,0.0006786578964530606,0.23530294937685478,0.00040173553106342415,5.07593211739289e-06,33.073170731707314,29,7,202.14285714285714,559.0,589,0.9439786101197695,0
YJL096W,34,0.7754010695187166,0.0009978891987989786,0.22512373769876676,0.00039412270111716157,4.687060955905688e-06,32.705882352941174,29,7,202.14285714285714,559.0,589,0.9439786101197695,0
YKL138C,32,0.8790322580645161,0.003239249047585151,0.2570771276386378,0.0003097586792818784,7.856708545801647e-05,43.75,29,7,202.14285714285714,559.0,589,0.9439786101197695,0
YKL167C,38,0.8591749644381224,6.073615107058421e-05,0.22821781624238935,0.00033779863519579954,4.9607740162541435e-06,34.473684210526315,29,7,202.14285714285714,559.0,589,0.9439786101197695,0
YKL170W,33,0.8863636363636364,0.00010066899325063547,0.22763270359086793,0.00030034130359721153,4.762793634795439e-06,35.666666666666664,29,7,202.14285714285714,559.0,589,0.9439786101197695,0
YKR006C,41,0.7634146341463415,0.00022641551305142875,0.23144737091177675,0.00038440930181658464,5.5513552505303925e-06,32.609756097560975,29,7,202.14285714285714,559.0,589,0.9439786101197695,0
YKR085C,37,0.8768768768768769,4.881653096368933e-05,0.22819387521786874,0.0003289424651942164,4.9283115516170914e-06,34.810810810810814,29,7,202.14285714285714,559.0,589,0.9439786101197695,0
YML009C,28,0.9629629629629629,1.1227756893995787e-05,0.2229319103781024,0.0002560264172506159,3.2467069891210004e-06,35.964285714285715,25,7,202.14285714285714,559.0,589,0.9439786101197695,0
YML025C,29,0.8472906403940886,7.274141546461222e-05,0.22498403221951013,0.0002688020217460588,3.2781075589007146e-06,35.37931034482759,25,7,202.14285714285714,559.0,589,0.9439786101197695,1
YMR024W,41,0.7682926829268293,0.0003449120569119305,0.23098042107930278,0.00039106690205794936,5.051057453328693e-06,33.24390243902439,29,7,202.14285714285714,559.0,589,0.9439786101197695,0
YMR193W,40,0.7794871794871795,0.002807923796447757,0.24703402595131838,0.0003791051245111526,2.3378223607511944e-05,35.675,29,7,202.14285714285714,559.0,589,0.9439786101197695,0
YMR225C,37,0.8663663663663663,5.128983754320944e-05,0.2275374597818341,0.0003295386885090216,4.902494695121416e-06,34.62162162162162,29,7,202.14285714285714,559.0,589,0.9439786101197695,0
YMR286W,31,0.9354838709677419,1.1320972980947588e-05,0.22450801068369636,0.0002790077196861091,4.661048946391138e-06,35.70967741935484,29,7,202.14285714285714,559.0,589,0.9439786101197695,0
YNL005C,38,0.8065433854907539,0.00019789865037073224,0.23221330296390008,0.00035921649734177,5.9000075035408865e-06,34.078947368421055,29,7,202.14285714285714,559.0,589,0.9439786101197695,0
YNL185C,40,0.8025641025641026,0.000169848035445444,0.23123823913195854,0.0003576389474699542,5.071693787909921e-06,33.35,29,7,202.14285714285714,559.0,589,0.9439786101197695,0
YNL252C,40,0.7487179487179487,0.0017181497110909526,0.23739584366630295,0.00041472197376034916,5.225898639073722e-06,32.6,29,7,202.14285714285714,559.0,589,0.9439786101197695,0
YNL284C,36,0.8904761904761904,2.387780970061209e-05,0.22813404462656883,0.00031916301842433364,4.900189618751149e-06,35.0,29,7,202.14285714285714,559.0,589,0.9439786101197695,0
YOR150W,38,0.8307254623044097,0.0021211282130431334,0.24250369180761805,0.00036019746200248454,4.0521340794705173e-05,36.36842105263158,29,7,202.14285714285714,559.0,589,0.9439786101197695,0
YPL173W,31,0.9354838709677419,1.1343660301550689e-05,0.22450801068369636,0.00027900771968610905,4.661048946391138e-06,35.70967741935484,29,7,202.14285714285714,559.0,589,0.9439786101197695,0
YPR100W,24,0.9166666666666666,0.0002533937889945899,0.2262006047433405,0.0002379935899049572,3.101242302895499e-06,35.833333333333336,23,7,202.14285714285714,559.0,589,0.9439786101197695,0
YBL039C,6,0.0,0.0001752100978134253,0.23451653447408052,0.00017928794572520768,2.2524272946448978e-06,18.333333333333332,4,0,0.0,0.0,0,0.0,0
YJL074C,18,0.0915032679738562,0.0008988310348871681,0.23944720298468095,0.0005127981935241958,2.848173999426628e-06,9.666666666666666,6,4,6.0,9.0,8,1.0,1
YJR103W,3,0.0,3.268634538511381e-05,0.22169365221303852,0.00011477314479780445,1.163170542246034e-06,21.333333333333332,2,0,0.0,0.0,0,0.0,0
YKL104C,20,0.06842105263157895,0.0023272445500486043,0.2594844465602212,0.0005083024669885434,8.370265122055716e-06,17.65,7,0,0.0,0.0,0,0.0,1
YPL070W,31,0.05591397849462366,0.002430121665783323,0.2726741605157422,0.0008451599281117285,1.5037621344784411e-05,14.096774193548388,8,0,0.0,0.0,0,0.0,0
YBL041W,40,0.8141025641025641,0.0014283030769532139,0.2653724674288562,0.0005753921174252978,6.131805961724031e-05,39.9,33,7,21.142857142857142,46.0,48,0.9485815602836879,1
YBR173C,37,0.8888888888888888,0.0006052096923653734,0.26168518682879205,0.0005324336373124667,2.556555259543446e-05,41.24324324324324,33,2,25.5,36.0,35,1.0,0
YCR073C,3,0.3333333333333333,3.220935252519993e-05,0.21140561888472073,9.534936359299509e-05,1.095847347866965e-06,28.0,2,0,0.0,0.0,0,0.0,0
YDL020C,36,0.9428571428571428,0.00014761265565764204,0.25959282958581464,0.0004965544253231936,2.5252259237215192e-05,41.583333333333336,33,4,26.75,46.0,48,0.9547872340425532,0
YDL147W,45,0.6424242424242425,0.0045465938118762735,0.285167555783211,0.0007133532217075707,0.0001012387868770993,43.08888888888889,33,6,25.666666666666668,46.0,48,0.9547872340425532,1
YDR069C,40,0.7653846153846153,0.0021493623588335667,0.28044325604516646,0.0005992291254001755,9.887142186152203e-05,43.375,33,3,28.333333333333332,46.0,47,0.9777983348751156,0
YDR394W,46,0.629951690821256,0.0019946777943640366,0.27667999434168583,0.0007176854369938034,7.082336074182787e-05,38.608695652173914,33,6,25.5,46.0,48,0.9547872340425532,1
YDR427W,46,0.6067632850241546,0.0011821825828622595,0.2656154973459105,0.0006786237384329311,3.735238790442042e-05,36.17391304347826,33,6,25.666666666666668,46.0,48,0.9547872340425532,1
YER012W,42,0.7537746806039489,0.0009296357739161199,0.26946523574039444,0.0006060622316069683,6.324992136025424e-05,39.857142857142854,33,7,21.142857142857142,46.0,48,0.9485815602836879,1
YER094C,37,0.9294294294294294,0.00011749559347842495,0.26052555428640445,0.000513672668926674,2.6164975018249185e-05,41.108108108108105,33,7,21.142857142857142,46.0,48,0.9485815602836879,1
YER105C,9,0.05555555555555555,0.0006570814603656747,0.2571075132101334,0.00022759451239251323,5.4878968418178165e-06,29.22222222222222,7,3,32.0,59.0,59,0.9812974868497955,0
YFR004W,43,0.7054263565891473,0.002681447274537551,0.26350794857835663,0.0006638232357896312,4.3221019109342863e-05,37.116279069767444,33,6,25.666666666666668,46.0,48,0.9547872340425532,1
YFR010W,29,0.9679802955665024,1.9220366070366637e-06,0.258098969567434,0.00039757664775137117,2.082411589899912e-05,42.58620689655172,28,3,30.0,46.0,46,0.9758454106280193,0
YFR050C,46,0.6357487922705314,0.0013161162368307204,0.2690153494328882,0.0007281563492682414,6.350218448896644e-05,36.15217391304348,33,7,21.142857142857142,46.0,48,0.9485815602836879,1
YFR052W,50,0.5395918367346939,0.002004743030554648,0.2763460732407208,0.0007786476966170494,7.30483892673147e-05,36.0,33,6,25.666666666666668,46.0,48,0.9547872340425532,1
YGL011C,42,0.7456445993031359,0.0006241383812903992,0.2686830676277586,0.0005935426363749202,6.599512707342555e-05,39.904761904761905,33,7,21.142857142857142,46.0,48,0.9485815602836879,1
YGL048C,48,0.5842198581560284,0.003127006799026094,0.2811682434581961,0.0007179520278095527,6.83730708873242e-05,39.416666666666664,33,6,25.5,46.0,48,0.9547872340425532,1
YGR135W,39,0.865047233468286,0.0010172103309157626,0.26171667154115785,0.0005432688767375531,2.654500209039561e-05,40.05128205128205,33,7,21.142857142857142,46.0,48,0.9485815602836879,0
YGR232W,37,0.8813813813813813,0.0013931046918866214,0.27052084510811264,0.0005143891607601515,4.388844644449112e-05,43.91891891891892,33,4,30.5,46.0,47,0.9777983348751156,0
YGR253C,39,0.8164642375168691,0.0005568879645800492,0.26598900898928024,0.0005732054285432065,7.848358554309928e-05,41.07692307692308,33,7,21.142857142857142,46.0,48,0.9485815602836879,1
YGR270W,35,0.9949579831932773,2.6828052039115743e-07,0.2589901316245189,0.00047222466370792313,2.522806277313101e-05,42.57142857142857,33,2,19.5,36.0,35,1.0,0
YHR027C,40,0.6987179487179487,0.0014669348299169895,0.2613550541288398,0.0006107716227678668,2.5294985923199254e-05,37.15,33,6,25.5,46.0,48,0.9547872340425532,1
YIL007C,8,0.10714285714285714,0.0006160902123828493,0.22278350220343443,0.00023129406663784162,1.9461522667029827e-06,19.375,4,0,0.0,0.0,0,0.0,0
YIL075C,39,0.8367071524966262,0.00014343284168532325,0.2613550541288398,0.0005467081528797571,2.5511029541518615e-05,39.46153846153846,33,6,25.5,46.0,48,0.9547872340425532,1
YJL001W,44,0.6818181818181818,0.0031476679249534826,0.2745324812916431,0.000692134339552533,9.928671925160294e-05,40.68181818181818,33,7,21.142857142857142,46.0,48,0.9485815602836879,1
YKL145W,46,0.6289855072463768,0.0017973026094853127,0.2669519685235729,0.0007052907155635671,2.776039578716362e-05,35.67391304347826,33,6,25.5,46.0,48,0.9547872340425532,1
YML092C,55,0.435016835016835,0.005238497787135691,0.28801828739017993,0.0009548944256220749,0.0001450692088170622,36.50909090909091,33,7,21.142857142857142,46.0,48,0.9485815602836879,1
YMR314W,45,0.6535353535353535,0.0011335421117059485,0.2701848361090962,0.0006900866252172413,6.530768018646252e-05,37.55555555555556,33,7,21.142857142857142,46.0,48,0.9485815602836879,1
YOL038W,43,0.7021040974529347,0.002145842443186739,0.27163562881048126,0.0006099191420263232,0.00012121734240286859,42.95348837209303,33,7,21.142857142857142,46.0,48,0.9485815602836879,1
YOR117W,45,0.6626262626262627,0.0009871495984251808,0.26616801658174777,0.0006753765874173324,2.630951104929744e-05,36.17777777777778,33,6,25.5,46.0,48,0.9547872340425532,1
YOR157C,42,0.7154471544715447,0.0013564536184733126,0.2753665568092074,0.0006380914810844387,8.086352053073611e-05,41.714285714285715,33,7,21.142857142857142,46.0,48,0.9485815602836879,1
YOR259C,45,0.6555555555555556,0.0019613934080827417,0.2669192116711865,0.0006942617150205108,2.7524364995998506e-05,36.666666666666664,33,6,25.5,46.0,48,0.9547872340425532,1
YOR261C,38,0.8705547652916074,0.00019545455378811055,0.25982538407959077,0.0005235593307017342,2.5377170874699276e-05,39.973684210526315,33,6,25.666666666666668,46.0,48,0.9547872340425532,1
YOR362C,45,0.6464646464646465,0.0030317755021694336,0.28093221174148697,0.0007337423878180723,0.00011721471555722161,41.28888888888889,33,7,21.142857142857142,46.0,48,0.9485815602836879,1
YPR103W,45,0.6202020202020202,0.0023475471270208415,0.27895077141758573,0.0006986146980938391,6.643934857613605e-05,39.86666666666667,33,7,21.142857142857142,46.0,48,0.9485815602836879,1
YPR108W,38,0.9075391180654339,0.00011286805827292405,0.2590826721670241,0.0005219302220408315,2.5623401781820208e-05,40.473684210526315,33,6,25.666666666666668,46.0,48,0.9547872340425532,1
YBL042C,1,0.0,0.0,0.20777096475613294,4.380169465890659e-05,4.469090516394149e-07,41.0,1,0,0.0,0.0,0,0.0,0
YBL043W,2,0.0,6.956183110257797e-05,0.19759804837301484,0.00010841579685508601,4.629751398734883e-08,11.5,2,0,0.0,0.0,0,0.0,0
YDR099W,19,0.005847953216374269,0.005833793606258287,0.24814717265735045,0.0007014632793923848,3.620225053651309e-06,11.947368421052632,5,0,0.0,0.0,0,0.0,0
YBL044W,2,0.0,6.376977054730859e-06,0.19773276206838777,0.00011117338026498918,1.0373629647581274e-06,4.5,2,0,0.0,0.0,0,0.0,0
YJL050W,4,0.16666666666666666,0.0001234583574189237,0.23488371833650082,0.0001309863061503888,2.848634201325068e-05,31.75,3,3,3.3333333333333335,4.0,3,1.0,1
YJL159W,5,0.0,0.0005549663932876421,0.2316815545334257,0.00030284106340807695,5.385148142696372e-05,22.8,2,0,0.0,0.0,0,0.0,0
YBL045C,15,0.3333333333333333,0.0015827008585653885,0.24902783234279724,0.00040244464945417556,2.250504980631119e-05,20.066666666666666,8,3,23.333333333333332,56.0,57,0.9323308270676691,0
YBR039W,22,0.43722943722943725,0.0012414718417479357,0.2525259014992261,0.000548615904491249,4.643995539000048e-05,19.227272727272727,14,4,24.25,56.0,57,0.9523809523809523,0
YDR529C,10,0.6222222222222222,0.000834404413825907,0.24371274612227148,0.00026984120892258,5.485744818830686e-05,20.6,8,2,33.0,56.0,55,1.0,0
YEL024W,9,0.7777777777777778,0.00016718770420547164,0.22237355505155734,0.0002489446792640828,1.6806842248704932e-06,11.444444444444445,8,2,33.0,56.0,55,1.0,0
YFR033C,9,0.7777777777777778,0.00020247498093669663,0.2238841205757857,0.00024186107764814852,2.1069008735068368e-06,11.555555555555555,8,2,33.0,56.0,55,1.0,0
YGR183C,8,1.0,0.0,0.21420562437364193,0.00021879556588290361,1.5614144268774059e-06,10.125,8,2,33.0,56.0,55,1.0,0
YIL125W,10,0.17777777777777778,0.0010646909675325784,0.2347696417370173,0.00031292489046460734,2.63651983932738e-06,13.4,5,1,3.0,3.0,2,1.0,0
YJL166W,10,0.6222222222222222,0.0007737734551128403,0.2423145945766218,0.00028069616612989373,3.773456843830057e-05,23.9,8,2,33.0,56.0,55,1.0,0
YKL085W,12,0.15151515151515152,0.0019866227316531642,0.233923875203176,0.00036801028516885147,2.118514868237012e-06,11.916666666666666,5,2,35.0,56.0,55,1.0,0
YLR090W,4,0.16666666666666666,0.0003705315806440337,0.24544520344308424,0.00014852667265855227,2.042539947942411e-05,53.25,3,0,0.0,0.0,0,0.0,0
YOR065W,9,0.7777777777777778,3.531267751309994e-05,0.21464950814232622,0.00025398143142327305,1.5627098406688502e-06,9.11111111111111,8,2,33.0,56.0,55,1.0,0
YPL078C,18,0.6274509803921569,0.0006232439873257973,0.24882842776416542,0.0004384524680180674,4.5474987312123894e-05,21.77777777777778,14,5,21.8,56.0,57,0.9523809523809523,0
YPR160W,11,0.16363636363636364,0.0004996672735588891,0.22434592775519122,0.0003591596269306383,1.5522755313442702e-06,11.272727272727273,5,0,0.0,0.0,0,0.0,0
YPR191W,11,0.509090909090909,0.0005279436891348265,0.2366726270823995,0.00030463417314224004,2.83635137138204e-06,15.545454545454545,8,3,23.333333333333332,56.0,57,0.9323308270676691,0
YBL047C,3,0.0,3.3523877966067913e-05,0.23170623301175264,0.00010120116517030149,2.5137641127765223e-06,22.0,3,0,0.0,0.0,0,0.0,0
YBL049W,3,0.3333333333333333,0.00024394559211304018,0.25169315771065476,0.00012055084556134948,7.594035253588449e-05,110.33333333333333,3,0,0.0,0.0,0,0.0,0
YGR172C,18,0.13071895424836602,0.002429799368104643,0.26757587988367476,0.0005652361497378557,8.197785978232176e-05,27.166666666666668,7,0,0.0,0.0,0,0.0,1
YBR080C,3,0.3333333333333333,4.276952303512661e-05,0.22396479953815535,0.00010851558471894552,1.788167547485058e-05,21.666666666666668,3,2,48.5,95.0,94,1.0,1
YBR272C,5,0.0,0.00041669692310721906,0.23847592123163228,0.00015605234533349867,1.9290607986579122e-05,27.6,4,0,0.0,0.0,0,0.0,0
YCR082W,6,0.06666666666666667,0.0007314020230141985,0.25574723596664906,0.00019990008735197034,2.0725287105721646e-05,43.166666666666664,5,0,0.0,0.0,0,0.0,0
YDL133W,3,0.0,5.075848327267893e-05,0.22327514657575917,0.00012163448440617814,1.1100622074009987e-06,16.666666666666668,3,0,0.0,0.0,0,0.0,0
YDL173W,1,0.0,0.0,0.2058246785744745,5.969946614006882e-05,1.2610404067748288e-07,36.0,1,0,0.0,0.0,0,0.0,0
YDR160W,1,0.0,0.0,0.2058246785744745,5.969946614006882e-05,1.2610404067748288e-07,36.0,1,0,0.0,0.0,0,0.0,1
YDR189W,12,0.30303030303030304,0.00019313108716760365,0.24042642890459615,0.0003443096235302348,2.2292648034479247e-05,14.833333333333334,7,0,0.0,0.0,0,0.0,1
YER101C,1,0.0,0.0,0.2058246785744745,5.969946614006882e-05,1.2610404067748288e-07,36.0,1,0,0.0,0.0,0,0.0,0
YIL084C,10,0.3333333333333333,0.00046137977862016307,0.24860092748735244,0.00025998242071760736,4.778730028916012e-06,20.3,7,4,46.25,133.0,133,0.9859876965140123,0
YKL090W,3,0.0,3.082367931745595e-05,0.21810378658588597,0.00012329198283729173,3.312709968624445e-07,15.0,3,0,0.0,0.0,0,0.0,0
YKL196C,13,0.2948717948717949,0.00034339089393446844,0.24766686957922507,0.00036330669800405926,2.3094368456216817e-05,15.0,7,3,38.666666666666664,95.0,94,1.0,1
YLL009C,2,0.0,0.0001988939460989133,0.25131513090108415,9.104171084199972e-05,7.495625359876625e-05,165.0,2,0,0.0,0.0,0,0.0,0
YLR026C,19,0.17543859649122806,0.000750209414642206,0.2466279042533258,0.0005265436847504652,2.3323410283541513e-05,13.736842105263158,7,4,33.0,95.0,94,1.0,1
YLR093C,7,0.47619047619047616,0.0002402816040384555,0.22205574882751467,0.0002457281393200786,1.4986769505477177e-06,14.0,5,4,31.0,95.0,94,1.0,0
YLR117C,14,0.054945054945054944,0.003820068504575421,0.2544310328690957,0.0003729417496828776,1.4647139872105843e-05,19.142857142857142,7,3,219.33333333333334,559.0,558,1.0,1
YLR130C,1,0.0,0.0,0.2058246785744745,5.969946614006882e-05,1.2610404067748288e-07,36.0,1,0,0.0,0.0,0,0.0,0
YLR268W,20,0.24736842105263157,0.0010875962750878827,0.252306224614549,0.0005193284957009988,2.6037382759907304e-05,14.25,9,3,40.666666666666664,95.0,94,1.0,0
YLR273C,3,0.0,0.0002565653812234011,0.2282657133652693,0.00011860856446739606,9.09068715881804e-07,49.666666666666664,3,1,7.0,7.0,6,1.0,0
YNL204C,3,0.0,0.00032773163393616365,0.24251721004675109,0.00011942478324285244,1.986147764998764e-05,64.0,3,0,0.0,0.0,0,0.0,0
YOL018C,11,0.18181818181818182,0.001726221990669987,0.259732312300219,0.0003408399781110659,7.485467081638021e-05,28.818181818181817,7,4,33.0,95.0,94,1.0,0
YOL032W,1,0.0,0.0,0.2058246785744745,5.969946614006882e-05,1.2610404067748288e-07,36.0,1,0,0.0,0.0,0,0.0,0
YOL036W,4,0.0,0.0003607739661399824,0.23025914211012322,0.00015352439772493173,1.3797762441604485e-06,37.0,3,0,0.0,0.0,0,0.0,0
YOL135C,7,0.14285714285714285,0.0008334474072441211,0.2508224981855675,0.0001934647183299218,3.885871352549822e-05,32.857142857142854,6,5,70.0,195.0,211,0.9097269239449334,1
YOR106W,10,0.26666666666666666,0.0008801146399464713,0.2233095283353181,0.0003367864609704056,1.5295396451027903e-06,11.9,5,4,31.5,95.0,94,1.0,1
YOR245C,4,0.0,0.0005121659845692722,0.21635748115320608,0.00022342745448939274,1.0799643194243289e-06,11.75,2,0,0.0,0.0,0,0.0,0
YOR307C,2,0.0,0.00013354329061387467,0.2060684080631237,0.00011818815709176543,1.3478725255633803e-07,21.0,2,0,0.0,0.0,0,0.0,0
YPL192C,4,0.0,0.00038039724161120634,0.2307231772925683,0.00015866029283148145,1.6659743061099874e-06,32.25,3,0,0.0,0.0,0,0.0,0
YKR096W,1,0.0,0.0,0.19190631808684022,6.808299887348805e-05,3.0431260148759744e-08,5.0,1,2,452.5,559.0,558,1.0,0
YBL052C,5,0.0,0.00013356223665237222,0.23498521286748772,0.0001608772778138882,2.436333285472443e-06,18.4,4,2,69.0,133.0,132,1.0,0
YBR274W,12,0.0,0.0015478226952341991,0.2482321254723649,0.0003855122896504186,3.6589692847480985e-05,16.5,5,0,0.0,0.0,0,0.0,0
YGL207W,11,0.14545454545454545,0.0004921284495855937,0.2493704133342123,0.00025340660244189045,1.9327953336765155e-05,27.272727272727273,8,3,9.333333333333334,19.0,23,0.6640316205533597,1
YNL258C,8,0.0,0.00022325613113495152,0.22177275990358708,0.0002786736633708394,8.548764853016067e-07,5.625,4,1,6.0,6.0,5,1.0,1
YOR064C,3,0.0,0.0001866979634845953,0.2522477086466439,0.00011862066552505385,3.831582433289413e-05,89.33333333333333,3,2,69.0,133.0,132,1.0,0
YPL129W,58,0.1603145795523291,0.0074716967982597065,0.2813136909814851,0.0012653455037724233,9.847871955524578e-05,19.96551724137931,13,18,41.22222222222222,195.0,336,0.5164356787491116,0
YEL069C,3,0.0,7.70450790433199e-05,0.22461233058127256,0.00011614591790250168,2.038774922701184e-06,15.0,3,0,0.0,0.0,0,0.0,0
YPR165W,18,0.026143790849673203,0.0022056747101069714,0.2537040022759895,0.0005391104411085471,2.341085174443752e-05,13.0,6,2,3.0,4.0,3,1.0,1
YBL054W,1,0.0,0.0,0.20764204997273136,5.8494775971861805e-05,8.462686832938072e-07,36.0,1,0,0.0,0.0,0,0.0,0
YBL056W,2,0.0,0.0006059456040480708,0.20705898010702337,0.00014233592740215274,5.734523239702331e-07,6.0,1,0,0.0,0.0,0,0.0,0
YDR071C,3,0.0,0.00040396373603204724,0.17028127249711017,0.0002943200744629573,7.195114484492268e-09,1.3333333333333333,1,0,0.0,0.0,0,0.0,0
YOR020C,9,0.1388888888888889,0.0015523122958748634,0.26406775302146696,0.00032891111887372427,4.574773393174551e-05,54.666666666666664,6,0,0.0,0.0,0,0.0,1
YBL058W,3,0.0,0.00030274699034059757,0.22324077540171736,0.00011332772263871477,1.0982724516124714e-06,25.333333333333332,3,0,0.0,0.0,0,0.0,0
YLR044C,11,0.23636363636363636,0.002280266549043132,0.22420718568484166,0.0003574801136981127,9.0988116788044e-07,8.454545454545455,5,0,0.0,0.0,0,0.0,0
YBL059W,2,0.0,3.7026137390356085e-05,0.24895657974412977,9.312731484776914e-05,7.51501100991865e-05,150.5,2,0,0.0,0.0,0,0.0,0
YBL061C,4,0.0,0.00026153052735010445,0.21990073953844863,0.0001681158835662659,4.674302082265592e-07,8.25,3,0,0.0,0.0,0,0.0,0
YBR023C,1,0.0,0.0,0.17884223592159285,6.765284562030565e-05,5.911656496074167e-09,4.0,1,0,0.0,0.0,0,0.0,0
YNL233W,3,0.0,4.857051809459327e-05,0.21771086578735263,0.00011193920160156484,1.2284955819626347e-06,17.333333333333332,3,1,2.0,2.0,1,0.0,0
YBL063W,1,0.0,0.0,0.21673472978770825,5.24173717936406e-05,4.7059852990841483e-07,68.0,1,5,26.6,73.0,73,0.974124809741248,0
YER022W,112,0.01463963963963964,0.04589311250980109,0.3116862180132302,0.003694158471975284,0.0015762526555629648,14.142857142857142,13,6,59.5,195.0,211,0.9097269239449334,1
YGR117C,3,0.0,3.179437274095669e-05,0.21603516888611918,0.00010446184076120889,8.370415723245789e-07,15.333333333333334,3,0,0.0,0.0,0,0.0,0
YNL210W,3,0.0,0.0005994604902275939,0.23860671480440232,0.00010694579082615397,1.9970793495183907e-05,45.333333333333336,3,4,181.75,559.0,558,1.0,0
YBL067C,1,0.0,0.0,0.21617471955421952,4.795872633429133e-05,1.2255786625682124e-06,52.0,1,0,0.0,0.0,0,0.0,0
YBL068W,1,0.0,0.0,0.16686545838557335,8.166525127446983e-05,1.0888999488862464e-09,6.0,1,0,0.0,0.0,0,0.0,0
YOL061W,6,0.06666666666666667,0.002529130615544964,0.2020676372981267,0.00035511309218873023,8.601011364079222e-08,2.6666666666666665,3,0,0.0,0.0,0,0.0,0
YBL072C,61,0.8431693989071039,0.002573758855082718,0.26385954821862373,0.00047389908917510844,0.00011126194349141384,55.77049180327869,56,7,227.28571428571428,559.0,589,0.9439786101197695,0
YBR048W,58,0.9328493647912885,0.0003444890212589962,0.25057690536969635,0.0003964058438986465,9.21200455693882e-05,56.13793103448276,56,7,227.28571428571428,559.0,589,0.9439786101197695,0
YBR181C,56,1.0,0.0,0.2476950712268656,0.0003470315935126163,9.159087760191521e-05,57.80357142857143,56,8,204.625,559.0,589,0.9439786101197695,0
YBR189W,56,1.0,0.0,0.2476950712268656,0.0003470315935126163,9.159087760191521e-05,57.80357142857143,56,8,204.625,559.0,589,0.9439786101197695,0
YCR031C,56,1.0,0.0,0.2476950712268656,0.0003470315935126163,9.159087760191521e-05,57.80357142857143,56,8,204.625,559.0,589,0.9439786101197695,0
YDL061C,57,0.9649122807017544,0.0006916549955823211,0.25281939975759343,0.0003817112567923708,9.177450764064818e-05,57.43859649122807,56,7,227.28571428571428,559.0,589,0.9439786101197695,0
YDL083C,56,1.0,0.0,0.2476950712268656,0.0003470315935126163,9.159087760191521e-05,57.80357142857143,56,7,227.28571428571428,559.0,589,0.9439786101197695,0
YDR025W,58,0.9328493647912885,0.0003444890212589962,0.25057690536969635,0.0003964058438986465,9.21200455693882e-05,56.13793103448276,56,7,227.28571428571428,559.0,589,0.9439786101197695,0
YDR064W,56,1.0,0.0,0.2476950712268656,0.0003470315935126163,9.159087760191521e-05,57.80357142857143,56,7,227.28571428571428,559.0,589,0.9439786101197695,1
YDR447C,56,1.0,0.0,0.2476950712268656,0.0003470315935126163,9.159087760191521e-05,57.80357142857143,56,7,227.28571428571428,559.0,589,0.9439786101197695,0
YDR450W,57,0.9649122807017544,6.307794228024223e-05,0.2480905697438793,0.0003780066775732474,9.183665873465234e-05,56.8421052631579,56,7,227.28571428571428,559.0,589,0.9439786101197695,0
YDR459C,2,1.0,0.0,0.2068817457334475,4.444156115524602e-05,2.600816157099252e-06,60.0,2,0,0.0,0.0,0,0.0,0
YER074W,56,1.0,0.0,0.2476950712268656,0.0003470315935126163,9.159087760191521e-05,57.80357142857143,56,7,227.28571428571428,559.0,589,0.9439786101197695,0
YER131W,59,0.9018118059614261,0.0010303551975917834,0.2504182484906849,0.0004183254648897193,9.206433050491905e-05,55.42372881355932,56,7,227.28571428571428,559.0,589,0.9439786101197695,0
YFL017C,9,0.027777777777777776,0.0011455910998927974,0.2529075823176763,0.00023186265023896445,8.390958706167567e-06,45.44444444444444,6,0,0.0,0.0,0,0.0,1
YGL123W,56,1.0,0.0,0.2476950712268656,0.0003470315935126163,9.159087760191521e-05,57.80357142857143,56,8,204.625,559.0,589,0.9439786101197695,1
YGL189C,60,0.8711864406779661,0.004791437295383351,0.2662331700035902,0.0004529458491488918,0.0001985501812335065,57.25,56,7,227.28571428571428,559.0,589,0.9439786101197695,1
YGR027C,56,1.0,0.0,0.2476950712268656,0.0003470315935126163,9.159087760191521e-05,57.80357142857143,56,7,227.28571428571428,559.0,589,0.9439786101197695,0
YGR118W,58,0.9316394434361767,0.0007178435669210874,0.25159126943260857,0.000380841720766717,0.0014628731773160333,57.327586206896555,56,7,227.28571428571428,559.0,589,0.9439786101197695,0
YGR214W,58,0.9316394434361767,0.0009964103868710101,0.2510251128630009,0.0004009593857542583,9.165692991955105e-05,56.1551724137931,56,7,227.28571428571428,559.0,589,0.9439786101197695,0
YHL015W,58,0.9316394434361767,0.00037487843857770484,0.24782205816170136,0.00041069181635981056,9.162108257423613e-05,55.827586206896555,56,7,227.28571428571428,559.0,589,0.9439786101197695,1
YHR021C,56,1.0,0.0,0.2476950712268656,0.0003470315935126163,9.159087760191521e-05,57.80357142857143,56,7,227.28571428571428,559.0,589,0.9439786101197695,0
YHR203C,58,0.9328493647912885,0.0004634522205057893,0.24995784148397976,0.00039315450448490177,9.20406222138883e-05,56.41379310344828,56,7,227.28571428571428,559.0,589,0.9439786101197695,0
YIL069C,56,1.0,0.0,0.2476950712268656,0.0003470315935126163,9.159087760191521e-05,57.80357142857143,56,7,227.28571428571428,559.0,589,0.9439786101197695,0
YJL136C,56,1.0,0.0,0.2476950712268656,0.0003470315935126163,9.159087760191521e-05,57.80357142857143,56,7,227.28571428571428,559.0,589,0.9439786101197695,0
YJL190C,58,0.9316394434361767,0.0009072629963176114,0.25358569777504475,0.00040523637252544344,9.188559650266246e-05,56.87931034482759,56,7,227.28571428571428,559.0,589,0.9439786101197695,0
YJL191W,57,0.9649122807017544,0.00016252416105044462,0.25036060488166356,0.0003670476506896648,9.16541681082795e-05,56.94736842105263,56,8,204.625,559.0,589,0.9439786101197695,0
YJR123W,57,0.9667919799498746,0.0009859871738700746,0.26904862282181,0.00037799700511755686,0.00016549691411354083,61.92982456140351,56,7,227.28571428571428,559.0,589,0.9439786101197695,1
YJR145C,58,0.9328493647912885,0.0004634522205057893,0.24995784148397976,0.00039315450448490177,9.20406222138883e-05,56.41379310344828,56,7,227.28571428571428,559.0,589,0.9439786101197695,0
YKL156W,56,1.0,0.0,0.2476950712268656,0.0003470315935126163,9.159087760191521e-05,57.80357142857143,56,7,227.28571428571428,559.0,589,0.9439786101197695,0
YKR057W,56,1.0,0.0,0.2476950712268656,0.0003470315935126163,9.159087760191521e-05,57.80357142857143,56,7,227.28571428571428,559.0,589,0.9439786101197695,0
YLR048W,56,1.0,0.0,0.2476950712268656,0.0003470315935126163,9.159087760191521e-05,57.80357142857143,56,7,227.28571428571428,559.0,589,0.9439786101197695,0
YLR140W,1,0.0,0.0,0.20687190827525762,3.852876333255818e-05,1.422401668123762e-06,61.0,1,0,0.0,0.0,0,0.0,1
YLR167W,57,0.9649122807017544,0.00013868609659015488,0.2502022217062726,0.0003683911838860578,9.163733114823175e-05,56.91228070175438,56,7,227.28571428571428,559.0,589,0.9439786101197695,1
YLR333C,57,0.9667919799498746,0.0009840151995223344,0.26904862282181,0.00037799700511755686,0.00016549691411354083,61.92982456140351,56,7,227.28571428571428,559.0,589,0.9439786101197695,0
YLR367W,56,1.0,0.0,0.2476950712268656,0.00034703159351261626,9.159087760191521e-05,57.80357142857143,56,7,227.28571428571428,559.0,589,0.9439786101197695,0
YLR388W,57,0.9649122807017544,0.00020198186801602362,0.24770917445929894,0.00037855109669474203,9.160592646848631e-05,56.78947368421053,56,7,227.28571428571428,559.0,589,0.9439786101197695,0
YLR441C,58,0.9316394434361767,0.00040997743919279813,0.2509382379320913,0.0003961376939998861,9.172799555947642e-05,56.172413793103445,56,7,227.28571428571428,559.0,589,0.9439786101197695,0
YML024W,56,1.0,0.0,0.2476950712268656,0.00034703159351261626,9.159087760191521e-05,57.80357142857143,56,7,227.28571428571428,559.0,589,0.9439786101197695,0
YML026C,56,1.0,0.0,0.2476950712268656,0.00034703159351261626,9.159087760191521e-05,57.80357142857143,56,7,227.28571428571428,559.0,589,0.9439786101197695,0
YML063W,56,1.0,0.0,0.2476950712268656,0.00034703159351261626,9.159087760191521e-05,57.80357142857143,56,7,227.28571428571428,559.0,589,0.9439786101197695,0
YMR143W,56,1.0,0.0,0.2476950712268656,0.00034703159351261626,9.159087760191521e-05,57.80357142857143,56,7,227.28571428571428,559.0,589,0.9439786101197695,0
YMR230W,56,1.0,0.0,0.2476950712268656,0.00034703159351261626,9.159087760191521e-05,57.80357142857143,56,7,227.28571428571428,559.0,589,0.9439786101197695,0
YNL096C,58,0.9316394434361767,0.0015155097512937004,0.25851305668956376,0.0004002669788372103,0.00010994369399787145,57.758620689655174,56,8,204.625,559.0,589,0.9439786101197695,0
YNL178W,58,0.9316394434361767,0.0009520714068678032,0.2558675663723265,0.00039271372100037284,9.651298978764221e-05,56.58620689655172,56,9,179.77777777777777,559.0,589,0.9439786101197695,1
YNL302C,56,1.0,0.0,0.2476950712268656,0.00034703159351261626,9.159087760191521e-05,57.80357142857143,56,7,227.28571428571428,559.0,589,0.9439786101197695,0
YOL040C,56,1.0,0.0,0.2476950712268656,0.00034703159351261626,9.159087760191521e-05,57.80357142857143,56,7,227.28571428571428,559.0,589,0.9439786101197695,1
YOL121C,56,1.0,0.0,0.2476950712268656,0.00034703159351261626,9.159087760191521e-05,57.80357142857143,56,7,227.28571428571428,559.0,589,0.9439786101197695,0
YOR096W,58,0.9316394434361767,0.000502937785164619,0.2504182484906849,0.0003865669903055122,0.0001091328069643675,56.3448275862069,56,8,204.625,559.0,589,0.9439786101197695,0
YOR182C,56,1.0,0.0,0.2476950712268656,0.00034703159351261626,9.159087760191521e-05,57.80357142857143,56,7,227.28571428571428,559.0,589,0.9439786101197695,0
YOR293W,56,1.0,0.0,0.2476950712268656,0.00034703159351261626,9.159087760191521e-05,57.80357142857143,56,7,227.28571428571428,559.0,589,0.9439786101197695,1
YOR369C,56,1.0,0.0,0.2476950712268656,0.00034703159351261626,9.159087760191521e-05,57.80357142857143,56,7,227.28571428571428,559.0,589,0.9439786101197695,0
YPL081W,56,1.0,0.0,0.2476950712268656,0.00034703159351261626,9.159087760191521e-05,57.80357142857143,56,8,204.625,559.0,589,0.9439786101197695,0
YPL090C,57,0.9655388471177945,0.0001014456018671481,0.2502022217062726,0.00037010884748672437,9.197086318536076e-05,57.280701754385966,56,8,204.625,559.0,589,0.9439786101197695,0
YPR132W,56,1.0,0.0,0.2476950712268656,0.00034703159351261626,9.159087760191521e-05,57.80357142857143,56,7,227.28571428571428,559.0,589,0.9439786101197695,0
YBL074C,35,0.9092436974789916,5.707739024610491e-05,0.2643565796335096,0.0005458820856428279,3.0403882846386898e-05,44.51428571428571,29,9,114.11111111111111,559.0,619,0.8502282102357388,1
YBR055C,42,0.6898954703832753,0.0005420250420857708,0.2682523264908539,0.0006902890198002525,4.8529910784855394e-05,40.095238095238095,29,7,133.57142857142858,559.0,619,0.8502282102357388,1
YBR119W,39,0.6180836707152496,0.0012529588772515262,0.26334844013490727,0.000678917215741619,2.6239571483855024e-05,36.333333333333336,29,6,127.5,559.0,558,1.0,0
YDL030W,56,0.39935064935064934,0.005683521219098436,0.27568064324368974,0.001060473675367686,6.952788697804934e-05,34.142857142857146,29,11,92.45454545454545,559.0,621,0.8449742870500234,1
YDL043C,52,0.4132730015082956,0.007114887469884412,0.27177137874991675,0.0011150962834864445,4.050250256901227e-05,32.36538461538461,29,11,92.45454545454545,559.0,621,0.8449742870500234,1
YDR088C,35,0.788235294117647,0.0023106291485785473,0.26342817021063686,0.0005587916114120786,2.9549295371065163e-05,41.77142857142857,29,6,156.5,559.0,619,0.8502282102357388,1
YDR235W,41,0.698780487804878,0.0013153689148733786,0.2702016167336605,0.0006762451785612706,3.236591739323464e-05,39.65853658536585,29,7,111.71428571428571,559.0,563,0.9827752950323319,1
YDR240C,43,0.6644518272425249,0.0006627331740373284,0.2689322019551627,0.0006860260919316996,3.3313785704174856e-05,39.44186046511628,29,7,110.85714285714286,559.0,558,1.0,1
YDR243C,33,0.9734848484848485,1.0120866677066039e-05,0.26159077812691167,0.0005096140316760897,2.921819020422423e-05,45.484848484848484,29,9,114.11111111111111,559.0,619,0.8502282102357388,1
YER029C,59,0.41437755698421974,0.010702093350428007,0.29747119528401145,0.0009080908909829848,0.00030957873609950375,60.101694915254235,29,12,73.0,559.0,565,0.9764513901964477,1
YGR006W,31,0.8709677419354839,0.00011749508052497621,0.2594380243919535,0.0004990686262503717,2.542517393788304e-05,43.54838709677419,29,9,115.66666666666667,559.0,619,0.8502282102357388,0
YGR013W,36,0.8317460317460318,0.00029624541909628756,0.2643405171362661,0.000577216568824678,3.0238755102465097e-05,42.916666666666664,29,6,127.5,559.0,558,1.0,1
YGR074W,49,0.4804421768707483,0.0017051938687345327,0.2685172343555529,0.0009380335781822635,3.4131086265111606e-05,33.285714285714285,29,17,69.17647058823529,559.0,625,0.8344615384615385,1
YGR075C,37,0.8213213213213213,0.00012714639379030475,0.26395560193111683,0.0005873606933156456,4.767267943554017e-05,42.513513513513516,29,8,128.25,559.0,619,0.8502282102357388,1
YGR091W,40,0.7512820512820513,0.0003800876410920451,0.2681365935919056,0.0006487178792838493,4.924106836066475e-05,41.625,29,8,128.25,559.0,619,0.8502282102357388,1
YHR165C,47,0.5374653098982424,0.004114234154078589,0.2773502633576863,0.0008258015692589684,6.950945076809237e-05,40.829787234042556,29,10,105.5,559.0,619,0.8502282102357388,1
YKL012W,39,0.7395411605937922,0.0016978577792610633,0.26760879811949734,0.0006308055700252942,3.143342189855819e-05,41.794871794871796,29,11,97.36363636363636,559.0,624,0.8370374943408652,1
YLL036C,40,0.7333333333333333,0.0005926384675823992,0.2627599342289465,0.0006424462450098437,3.0806893770334594e-05,40.025,29,8,121.5,559.0,674,0.7241855194641998,1
YLR147C,56,0.37402597402597404,0.004849938977451938,0.2766448067549706,0.0011104315428962022,6.935666659173962e-05,34.035714285714285,29,17,69.17647058823529,559.0,625,0.8344615384615385,1
YLR275W,39,0.7516869095816464,0.0001888110381014055,0.2656154973459105,0.0006222124495605948,4.860674347859909e-05,41.1025641025641,29,12,73.0,559.0,565,0.9764513901964477,1
YLR298C,35,0.9176470588235294,2.2513344412967136e-05,0.2618111711517523,0.0005401350140208197,2.9634091496993455e-05,44.114285714285714,29,12,90.16666666666667,559.0,624,0.8370374943408652,1
YML046W,45,0.602020202020202,0.0015908270966467097,0.27133068672999056,0.0007306043060026863,3.493506387085575e-05,38.62222222222222,29,12,90.16666666666667,559.0,624,0.8370374943408652,1
YMR125W,26,0.5415384615384615,0.0007441822977217694,0.25398541835651045,0.00045098892981566314,1.5959900359231094e-05,36.96153846153846,19,8,117.125,559.0,619,0.8502282102357388,0
YMR240C,45,0.598989898989899,0.0015414933610151957,0.26888233813526996,0.0007471499133316861,3.18210399766055e-05,37.55555555555556,29,7,109.28571428571429,559.0,561,0.9900942195059842,1
YMR268C,37,0.8168168168168168,0.000499172632932302,0.26553443792899584,0.0005848533223320388,4.776719846853786e-05,42.21621621621622,29,8,125.75,559.0,619,0.8502282102357388,1
YOR159C,50,0.49795918367346936,0.002302639815002843,0.2744978377833723,0.0008858007010295767,4.492604266855015e-05,37.12,29,14,80.64285714285714,559.0,619,0.8502282102357388,1
YPR057W,30,0.8620689655172413,0.0001137259844020791,0.2600583556117322,0.0004830833513936866,2.8480969835871898e-05,42.56666666666667,28,7,142.57142857142858,559.0,619,0.8502282102357388,0
YPR101W,41,0.7024390243902439,0.0008478090464280035,0.2651945279505436,0.0006568104420816062,3.348352714980437e-05,39.926829268292686,29,7,130.57142857142858,559.0,619,0.8502282102357388,1
YPR178W,43,0.6057585825027686,0.00357529870548896,0.28618051776270675,0.0007044814125658277,0.0001489048574796527,49.674418604651166,29,7,133.57142857142858,559.0,619,0.8502282102357388,1
YPR182W,41,0.6695121951219513,0.006830479791139064,0.28820909115791105,0.0007098302753898011,7.092096486924467e-05,48.09756097560975,29,12,73.0,559.0,565,0.9764513901964477,1
YBL075C,2,0.0,0.001009909340080118,0.19694505346440325,0.00013415555970537943,9.902015813203657e-08,10.0,1,1,4.0,4.0,3,1.0,0
YER103W,4,0.0,0.0008079274720640945,0.16340580795630513,0.00037956252976359953,1.3051902317567318e-09,1.5,1,0,0.0,0.0,0,0.0,0
YBL076C,2,0.0,0.0,0.15241438589646397,0.00012838241280858676,1.7973003678591174e-09,2.5,2,0,0.0,0.0,0,0.0,1
YBR121C,3,0.3333333333333333,0.00019235524687973135,0.18124130274240408,0.00015369912768016284,1.2963935132745636e-07,4.666666666666667,2,0,0.0,0.0,0,0.0,1
YPL160W,2,0.0,9.626621136292322e-06,0.16084428538260379,0.000123573762601732,4.852111921945772e-09,4.0,2,0,0.0,0.0,0,0.0,1
YBL077W,0,0.0,0.0,0.0,3.195568811248403e-05,4.8315357241094107e-57,0.0,0,0,0.0,0.0,0,0.0,1
YBL078C,7,0.09523809523809523,0.0002629544832908409,0.21871782369054688,0.000250647838856317,1.7620026531891755e-06,7.714285714285714,4,6,36.666666666666664,95.0,163,0.5252594107399834,0
YHR171W,7,0.09523809523809523,0.0024949457254338993,0.21731935816118025,0.0003314185803455248,1.5169233991790497e-06,4.714285714285714,3,0,0.0,0.0,0,0.0,0
YIL004C,17,0.3382352941176471,0.0008744865875757348,0.25780836924614325,0.000426659928959766,6.1027821178329807e-05,20.941176470588236,9,3,40.666666666666664,95.0,94,1.0,1
YNL223W,3,0.3333333333333333,3.381740578695312e-05,0.20109624808304835,0.00012815107413954407,5.483287943871225e-07,7.0,3,6,36.666666666666664,95.0,163,0.5252594107399834,0
YNR007C,5,0.3,0.0011726750255996907,0.2529222853920509,0.00019186028708637084,7.388959691372722e-05,57.2,4,0,0.0,0.0,0,0.0,0
YOL083W,5,0.0,0.00026960941448265753,0.22222588910602584,0.00017249738319869025,8.806782118913302e-07,13.6,3,0,0.0,0.0,0,0.0,0
YBL079W,3,0.3333333333333333,7.819348703086868e-06,0.23129970923646487,0.00010178029240074914,2.7793135731408656e-06,29.333333333333332,3,4,24.75,59.0,59,0.9812974868497955,0
YJL061W,13,0.1794871794871795,0.0008361213845997604,0.25757940977079147,0.00036213401638677476,2.3215691665648774e-05,27.384615384615383,7,5,18.8,59.0,59,0.9812974868497955,1
YKL068W,33,0.08522727272727272,0.005589435939409619,0.2861616938123178,0.0008208235967028786,0.00014652983261999482,30.545454545454547,9,3,32.0,59.0,59,0.9812974868497955,0
YBL080C,1,0.0,0.0,0.16754019451722063,7.390995951407265e-05,1.2441630990992636e-08,3.0,1,3,97.66666666666667,266.0,265,1.0,0
YCR106W,3,0.0,0.00020413056810665066,0.20305793377029954,0.00014859799838378202,9.947935191611195e-07,12.666666666666666,2,0,0.0,0.0,0,0.0,0
YBL081W,3,0.3333333333333333,3.385121479510953e-05,0.2246587261052759,6.94452325211545e-05,5.840629902304017e-06,49.666666666666664,3,0,0.0,0.0,0,0.0,0
YDL167C,6,0.0,0.00022632305029077947,0.22472835534008306,0.00014130082113556207,1.496444244847445e-05,25.0,4,0,0.0,0.0,0,0.0,0
YBL082C,1,0.0,0.0,0.00021079258010118043,0.00021303792074989342,2.5939109905631997e-48,1.0,1,0,0.0,0.0,0,0.0,0
YKL210W,1,0.0,0.0,0.00021079258010118043,0.00021303792074989342,2.5939109905631997e-48,1.0,1,0,0.0,0.0,0,0.0,1
YBL084C,10,1.0,0.0,0.21573520931412615,0.00023892386394053927,1.8847039405195866e-06,11.7,10,5,22.2,58.0,67,0.7503392130257802,1
YDL008W,10,1.0,0.0,0.21573520931412615,0.00023892386394053927,1.8847039405195866e-06,11.7,10,4,25.0,58.0,57,1.0,1
YDR118W,10,1.0,0.0,0.21573520931412615,0.00023892386394053927,1.8847039405195866e-06,11.7,10,4,25.0,58.0,57,1.0,1
YFR036W,12,0.6818181818181818,0.0008777925497618206,0.25295169667007783,0.0002978936822165735,7.602221781455014e-05,34.333333333333336,10,4,25.0,58.0,57,1.0,0
YGL240W,10,1.0,0.0,0.21573520931412615,0.00023892386394053924,1.8847039405195866e-06,11.7,10,4,25.0,58.0,57,1.0,0
YHR166C,17,0.3382352941176471,0.0008557271831267629,0.24304559949880827,0.00041770313288337646,3.963999216857268e-06,11.235294117647058,10,4,25.0,58.0,57,1.0,1
YKL022C,13,0.5769230769230769,0.00045728191710781024,0.22837355543457574,0.0003334769255960155,1.9532514344776692e-05,11.923076923076923,10,4,25.0,58.0,57,1.0,1
YLR102C,13,0.5769230769230769,0.0003026903371349887,0.2345038934362154,0.0003161718191866594,4.8479303469592694e-06,13.692307692307692,10,4,25.0,58.0,57,1.0,0
YLR127C,12,0.6818181818181818,0.0006565073604814286,0.23138582230766236,0.0002970838544222949,3.694808637827722e-05,13.0,10,4,25.0,58.0,57,1.0,1
YNL172W,10,1.0,0.0,0.21573520931412615,0.00023892386394053927,1.8847039405195866e-06,11.7,10,4,25.0,58.0,57,1.0,1
YOR249C,10,1.0,0.0,0.21573520931412615,0.00023892386394053927,1.8847039405195866e-06,11.7,10,4,25.0,58.0,57,1.0,1
YBL085W,10,0.08888888888888889,0.0011242181893121271,0.2398828976085503,0.00030457191765291124,1.970538126320926e-05,12.4,6,0,0.0,0.0,0,0.0,0
YBR200W,12,0.10606060606060606,0.0007628037802595586,0.23185441435880771,0.0003720047193822101,2.0062112645742776e-05,13.416666666666666,6,3,43.666666666666664,73.0,72,1.0,1
YDR085C,3,0.0,2.069753556741791e-05,0.21096480608227464,0.00011003681208085828,7.642447636854724e-07,13.0,3,0,0.0,0.0,0,0.0,0
YER124C,6,0.13333333333333333,0.00018825872715424,0.24641836482745214,0.00017739306992237285,2.1560755158445877e-05,24.333333333333332,5,0,0.0,0.0,0,0.0,0
YJR056C,4,0.16666666666666666,0.00016996279206359116,0.2477938275917678,0.00013752587285720814,4.497673246162856e-06,62.0,4,0,0.0,0.0,0,0.0,0
YMR032W,23,0.02766798418972332,0.004756528917935063,0.2641960424502744,0.0006697311326942621,8.172130787193395e-06,13.695652173913043,6,0,0.0,0.0,0,0.0,1
YNL078W,11,0.01818181818181818,0.0014310144572716563,0.2719412570964288,0.0003191822007177126,7.800199762779208e-05,36.54545454545455,6,0,0.0,0.0,0,0.0,0
YBL086C,2,0.0,0.00020198186801602362,0.20342823487462208,0.00015265558248575206,9.560717984311131e-07,2.5,1,0,0.0,0.0,0,0.0,0
YJR040W,1,0.0,0.0,0.16779220267774866,9.636175108338583e-05,1.1956786781738478e-08,2.0,1,0,0.0,0.0,0,0.0,0
YDR361C,4,0.16666666666666666,4.583286291601257e-05,0.2640837823861034,9.22937784935043e-05,0.0014958218054658015,129.25,4,0,0.0,0.0,0,0.0,1
YMR176W,1,0.0,0.0,0.1794101295322969,7.67967102205663e-05,1.600558632482627e-07,2.0,1,0,0.0,0.0,0,0.0,0
YBL089W,4,0.0,0.0008498006736520826,0.25358569777504475,0.0001391656090697631,0.0014641161552022388,99.0,3,0,0.0,0.0,0,0.0,0
YPL022W,17,0.007352941176470588,0.001893010587434874,0.23782409834519586,0.0006514905598838983,1.9336372072943208e-05,6.117647058823529,4,4,61.75,195.0,194,1.0,0
YBL090W,23,0.7628458498023716,7.178805334452439e-05,0.23684012363376708,0.00036319115544485004,5.757099798741725e-06,22.91304347826087,14,9,161.77777777777777,559.0,593,0.9319709675949136,0
YBR146W,28,0.6534391534391535,0.00018748942864744,0.24032018068986727,0.00044412440685396806,5.896247376261212e-06,21.5,14,9,161.77777777777777,559.0,593,0.9319709675949136,0
YBR251W,34,0.42780748663101603,0.0017766749227680334,0.23751248736303257,0.0004878217481712279,4.951716641715495e-06,25.441176470588236,14,9,161.77777777777777,559.0,593,0.9319709675949136,0
YDR041W,17,0.7647058823529411,0.00018133952847634564,0.22595389171230226,0.0002885859822776899,2.812543449260167e-06,22.58823529411765,14,9,161.77777777777777,559.0,593,0.9319709675949136,1
YDR175C,24,0.6123188405797102,0.001765642666076886,0.26342817021063686,0.0004094912778041134,7.963200491972129e-05,32.458333333333336,14,9,161.77777777777777,559.0,593,0.9319709675949136,0
YDR337W,28,0.6481481481481481,0.00021574033693859258,0.2411059760046923,0.00045462009741851285,5.907204652837928e-06,21.5,14,9,161.77777777777777,559.0,593,0.9319709675949136,0
YDR347W,24,0.7210144927536232,0.0001587440690962392,0.2357236796179382,0.00038232112620133115,4.13657874121467e-06,22.541666666666668,14,9,161.77777777777777,559.0,593,0.9319709675949136,0
YGL129C,16,0.65,0.001430794776394131,0.26225307318275165,0.00029060541348584716,7.695645862250723e-05,33.6875,13,9,161.77777777777777,559.0,593,0.9319709675949136,0
YGR084C,28,0.6164021164021164,0.0012703488651138748,0.24977128436265172,0.0004775008863893675,4.143737861881635e-05,24.25,14,9,161.77777777777777,559.0,593,0.9319709675949136,0
YGR215W,16,0.7916666666666666,0.0005345619726138611,0.24828879300471793,0.00027551480941322967,5.754640908235145e-05,28.3125,13,9,161.77777777777777,559.0,593,0.9319709675949136,0
YIL093C,20,0.6736842105263158,9.7987606497516e-05,0.22770418879036258,0.0003328353777425601,4.618142965397925e-06,20.75,14,9,161.77777777777777,559.0,593,0.9319709675949136,0
YJR101W,17,0.8823529411764706,2.714475819309489e-05,0.2303079000015176,0.00027472947341997025,4.530735566723174e-06,23.352941176470587,14,9,161.77777777777777,559.0,593,0.9319709675949136,0
YJR113C,16,0.6416666666666667,0.0006522005481146547,0.23743471216660306,0.00029906460547421214,3.5685345601927968e-06,24.625,14,9,161.77777777777777,559.0,593,0.9319709675949136,0
YKL003C,20,0.8315789473684211,6.54544754939478e-05,0.23532840542157557,0.0003226422272754126,2.9947334266404126e-06,23.75,14,9,161.77777777777777,559.0,593,0.9319709675949136,0
YMR158W,20,0.8368421052631579,5.318585183573104e-05,0.23622285014001562,0.00031987690361453484,5.664204430969424e-06,23.8,14,9,161.77777777777777,559.0,593,0.9319709675949136,0
YMR188C,24,0.7427536231884058,6.281379823518113e-05,0.2371241200756891,0.0003783724212419449,5.805839238323811e-06,22.541666666666668,14,9,161.77777777777777,559.0,593,0.9319709675949136,0
YNL137C,21,0.8523809523809524,9.897534986634983e-06,0.2330467233248697,0.0003268257051012231,4.797507266845241e-06,24.142857142857142,14,10,146.0,559.0,593,0.9319709675949136,1
YNL306W,27,0.698005698005698,0.00014334674669456195,0.24030690626539258,0.00042336059153097786,5.882322040743985e-06,22.22222222222222,14,9,161.77777777777777,559.0,593,0.9319709675949136,1
YNR037C,24,0.6231884057971014,0.002183510029266319,0.26414791930957304,0.0004167410649888873,7.902547146354248e-05,33.625,14,9,161.77777777777777,559.0,593,0.9319709675949136,0
YPL013C,27,0.584045584045584,0.0037922539507603925,0.2605723664966859,0.00046735681096017726,4.3351095900281266e-05,27.074074074074073,14,9,161.77777777777777,559.0,593,0.9319709675949136,0
YPL118W,9,0.5277777777777778,0.00033617120522381815,0.21164215951686455,0.00020946467953034538,2.034192543922481e-06,15.777777777777779,7,9,161.77777777777777,559.0,593,0.9319709675949136,0
YDR026C,4,0.0,0.00012433069674741036,0.22982124833748904,0.00010309007410559109,0.0013899233227087397,39.25,4,2,452.5,559.0,558,1.0,0
YDR398W,4,0.0,0.00041407564870052485,0.21811472129894055,0.00015420523574417516,0.0013948689934270907,36.0,2,5,168.0,559.0,619,0.8502282102357388,1
YBR169C,5,0.0,0.0002899927421499375,0.22049142116611767,0.00018645466985138252,6.718193261643955e-07,11.0,4,0,0.0,0.0,0,0.0,0
YER179W,32,0.10080645161290322,0.008126534319857083,0.2775980239298537,0.0008337637000426161,0.0028393380159457277,25.5625,10,3,83.66666666666667,195.0,194,1.0,0
YKL129C,20,0.16842105263157894,0.00293382913124005,0.25648604121145313,0.0005445022868274863,9.680689731177497e-05,19.85,7,3,37.666666666666664,73.0,72,1.0,0
YOR140W,5,0.3,0.00022236522813267264,0.23275995029846813,0.00014820355381920614,2.05749821665812e-05,23.6,5,0,0.0,0.0,0,0.0,0
YBL095W,2,0.0,6.143348547160292e-05,0.22264668531364726,0.00010437329028784866,9.91293307991156e-07,43.5,2,0,0.0,0.0,0,0.0,0
YBR162C,7,0.0,0.0006126634446100343,0.22206708340710876,0.0003401950600371627,1.00717655707201e-06,3.857142857142857,3,1,11.0,11.0,10,1.0,0
YBL097W,1,0.0,0.0,0.20284964009085968,6.566394758146192e-05,1.2379738118805623e-07,32.0,1,1,5.0,5.0,4,1.0,1
YLR373C,32,0.004032258064516129,0.007480645310015039,0.25735085661216606,0.001278193635941206,9.88655961825701e-06,5.46875,6,0,0.0,0.0,0,0.0,0
YBL098W,1,0.0,0.0,0.19413280816727654,6.23724283161527e-05,4.900680522458254e-07,16.0,1,0,0.0,0.0,0,0.0,0
YDL226C,16,0.03333333333333333,0.004525177197832946,0.2434808725670846,0.0005724842794444233,3.917769601191716e-05,12.0625,7,0,0.0,0.0,0,0.0,0
YBL099W,16,0.775,9.843507749866774e-05,0.24591691996092183,0.00039006956132815474,4.626867851802099e-05,22.1875,14,4,24.0,56.0,57,0.9523809523809523,0
YDL004W,14,1.0,0.0,0.24390403268647576,0.00032785365213955516,4.5131437929418944e-05,25.142857142857142,14,4,24.25,56.0,57,0.9523809523809523,1
YDR298C,15,0.8857142857142857,3.0037065780707315e-05,0.24512712593129748,0.0003521163278985845,4.5588556457935893e-05,23.8,14,5,21.8,56.0,57,0.9523809523809523,0
YDR377W,14,1.0,0.0,0.24390403268647576,0.00032785365213955516,4.5131437929418944e-05,25.142857142857142,14,4,26.5,56.0,57,0.9523809523809523,0
YJL180C,3,0.3333333333333333,0.00027318667428623576,0.24725866615678702,0.00011117452290980407,9.093046542001736e-05,88.0,3,0,0.0,0.0,0,0.0,0
YJR121W,18,0.6013071895424836,0.001033036878021129,0.256516287206879,0.0004464499464529213,4.736202491655834e-05,25.444444444444443,14,4,24.0,56.0,57,0.9523809523809523,0
YKL016C,15,0.8857142857142857,3.0037065780707315e-05,0.24512712593129748,0.0003521163278985845,4.5588556457935893e-05,23.8,14,5,21.8,56.0,57,0.9523809523809523,0
YNL315C,2,1.0,0.0,0.2033616711554559,7.376675085238364e-05,1.1712696360476317e-06,17.0,2,0,0.0,0.0,0,0.0,0
YPL271W,15,0.8666666666666667,0.0012770084194859946,0.2645173120343326,0.0003587454509411826,0.0001190374744410443,43.0,14,4,24.25,56.0,57,0.9523809523809523,0
YPR020W,17,0.6764705882352942,0.0021643912083469568,0.2579306474790222,0.0004222690667761935,6.356543872089829e-05,28.58823529411765,14,4,26.5,56.0,57,0.9523809523809523,0
YJL070C,7,0.0,0.002752424989262923,0.2148403077051194,0.0003793131238740753,1.6426171165289037e-06,6.714285714285714,2,0,0.0,0.0,0,0.0,0
YBL101C,1,0.0,0.0,0.21617471955421952,4.795872633429133e-05,1.2255786625682124e-06,52.0,1,0,0.0,0.0,0,0.0,0
YJL162C,2,0.0,1.885191923211981e-05,0.18122620307542564,0.00010908684912884321,9.936355130910121e-09,4.5,2,0,0.0,0.0,0,0.0,0
YNL229C,6,0.13333333333333333,0.00026902530018340265,0.2120651343421237,0.00023397578910752562,3.031589459109201e-07,6.0,3,0,0.0,0.0,0,0.0,0
YBL102W,5,0.0,0.00031661825432154533,0.22973629566608583,0.0002178317334570258,1.0802699167707318e-06,20.2,3,0,0.0,0.0,0,0.0,1
YGR068C,3,0.0,2.347177788246095e-05,0.2300643168180152,0.00011411211949919795,3.5740471259212052e-06,15.666666666666666,3,0,0.0,0.0,0,0.0,0
YBL103C,5,0.1,0.00014559418036427574,0.20570789309322748,0.00021166630412221046,7.793152962056631e-08,7.2,3,3,90.66666666666667,195.0,194,1.0,0
YDL126C,5,0.2,6.986992645252344e-05,0.20754299356114245,0.0001923050895445133,1.3668274836361123e-06,9.0,3,3,22.0,58.0,58,0.9661222020568663,1
YFR021W,11,0.0,0.0034209603114476934,0.24538982633135925,0.00044214348904284505,2.765141016486896e-06,10.545454545454545,4,0,0.0,0.0,0,0.0,0
YNL098C,6,0.26666666666666666,0.00011015658047948735,0.2137845813773301,0.0002167547321385642,1.097385357201313e-06,7.833333333333333,3,0,0.0,0.0,0,0.0,0
YOL067C,2,1.0,0.0,0.18475883259135634,0.00010525735946641349,1.2615860760855193e-08,8.5,2,3,90.66666666666667,195.0,194,1.0,0
YOL108C,12,0.015151515151515152,0.0016032445034431608,0.2238610801187953,0.0005261482294554172,9.246421645466243e-07,3.6666666666666665,3,1,2.0,2.0,1,0.0,0
YBL104C,1,0.0,0.0,0.17120602223559356,9.171602318124508e-05,7.73547971364398e-09,2.0,1,0,0.0,0.0,0,0.0,0
YNL054W,2,0.0,0.00020198186801602362,0.2084678820752632,0.0001398880052822352,6.105178772989337e-07,13.0,1,0,0.0,0.0,0,0.0,0
YBL105C,14,0.08791208791208792,0.000930338167659412,0.24472724481232308,0.00039234277205478616,5.447603538495331e-05,14.785714285714286,7,0,0.0,0.0,0,0.0,1
YBR045C,5,0.2,9.582841936515644e-05,0.22141158486582868,0.00016259398531355502,1.837312788253647e-06,17.6,5,2,4.5,7.0,6,1.0,0
YEL002C,10,0.7111111111111111,4.736094587439137e-05,0.20932044991477425,0.00026623940247065645,1.1556412033201698e-06,9.1,7,2,19.0,29.0,28,1.0,1
YER118C,23,0.023715415019762844,0.003411518127188597,0.2671158734591188,0.0006952364723544308,1.3991748786652447e-05,14.956521739130435,7,0,0.0,0.0,0,0.0,0
YGL022W,9,0.7222222222222222,3.867863803531371e-05,0.2035710182503705,0.0002420261163112198,9.254441408219861e-07,9.333333333333334,7,2,19.0,29.0,28,1.0,1
YJL002C,10,0.6666666666666666,0.00041965713912121323,0.22702688676244157,0.0002740394923372723,1.5368051306737847e-06,14.8,7,2,19.0,29.0,28,1.0,1
YJL020C,17,0.08823529411764706,0.0010416392957924283,0.24521002316698612,0.0005003286243470218,1.0186438419821863e-05,12.470588235294118,7,0,0.0,0.0,0,0.0,0
YOR231W,7,0.047619047619047616,0.0007100870644985002,0.23383586299535972,0.00024835025031697596,1.8018047919251277e-06,23.142857142857142,5,0,0.0,0.0,0,0.0,0
YPR154W,20,0.005263157894736842,0.0027783470220453543,0.25704674924837034,0.0005865277963472733,0.002797587002966308,21.15,7,0,0.0,0.0,0,0.0,0
YCL017C,2,0.0,4.184810296030872e-05,0.21029177450834627,8.727358181489859e-05,1.3772229565008016e-07,9.0,2,1,2.0,2.0,1,0.0,1
YHR098C,5,0.1,0.00011647452007396169,0.2348330039419555,0.00016590216573733417,3.3213781259532143e-06,12.6,4,3,15.333333333333334,34.0,33,1.0,1
YHR161C,7,0.047619047619047616,0.00028541980889611553,0.21666996518893708,0.00024903651181685464,4.684630535596863e-07,6.857142857142857,3,0,0.0,0.0,0,0.0,0
YIL033C,9,0.05555555555555555,0.001947348157479802,0.26366765036537376,0.00031738614798121573,5.874247376494281e-05,44.111111111111114,5,2,3.5,4.0,3,1.0,0
YOR197W,9,0.027777777777777776,0.0012911747998442286,0.26971582337437494,0.00028644518335342047,0.0001320117980300483,54.666666666666664,5,0,0.0,0.0,0,0.0,0
YPL174C,15,0.047619047619047616,0.0018264514060588276,0.26680462596766025,0.00046615242651569234,5.788963819761335e-05,22.533333333333335,6,5,25.2,73.0,73,0.9733637747336378,0
YBL107C,1,0.0,0.0,0.17702295861933054,9.308151336771689e-05,7.152245629759481e-09,2.0,1,0,0.0,0.0,0,0.0,0
YML116W,2,0.0,0.00020198186801602362,0.21715664525450074,0.00014248991138148844,5.575167866570842e-07,32.0,1,0,0.0,0.0,0,0.0,0
YLR348C,1,0.0,0.0,0.00021079258010118043,0.00021303792074989342,2.5939109905631997e-48,1.0,1,0,0.0,0.0,0,0.0,0
YBR001C,1,0.0,0.0,0.1706017893819328,7.160590775428536e-05,1.0336372271339886e-09,5.0,1,0,0.0,0.0,0,0.0,0
YDR001C,5,0.0,0.0003054780314851821,0.20757270055960053,0.00023294928513361502,8.015464582560615e-08,7.2,3,0,0.0,0.0,0,0.0,0
YBR003W,2,0.0,0.00038259451641291584,0.24541751176333657,8.609375246840419e-05,2.041285218647149e-05,85.0,2,0,0.0,0.0,0,0.0,0
YJR022W,58,0.041742286751361164,0.01743760065123452,0.28220785100082174,0.001784098754314855,5.391329566266768e-05,17.24137931034483,14,5,149.0,559.0,558,1.0,1
YBR004C,1,0.0,0.0,0.20160879702621382,5.9543892962315875e-05,7.47170901987874e-08,7.0,1,1,8.0,8.0,7,1.0,1
YLR082C,7,0.14285714285714285,0.0007403650809955318,0.25535694259721003,0.00022646837628303017,5.851002569609527e-06,43.142857142857146,5,0,0.0,0.0,0,0.0,0
YBR006W,2,0.0,5.378238294514766e-05,0.21890491250018457,6.806766977090426e-05,0.0013922183557560138,51.5,2,0,0.0,0.0,0,0.0,0
YKL023W,10,0.0,0.0011251633006611396,0.2557021412383136,0.00037351566849951957,2.2668644737551488e-05,22.0,4,0,0.0,0.0,0,0.0,0
YBR008C,1,0.0,0.0,0.23795417770763375,6.094378851223021e-05,1.9721117380842046e-05,150.0,1,0,0.0,0.0,0,0.0,0
YCR084C,7,0.047619047619047616,0.00036318730375067436,0.23239937131563396,0.00019571159424193,0.0013931634725365646,22.0,5,4,68.75,195.0,195,0.989796457837695,0
YDL208W,25,0.6966666666666667,0.0009095810983537179,0.27505318524553757,0.0002883925811110117,0.00028922666469198885,86.52,22,2,289.5,559.0,558,1.0,1
YDR227W,11,0.14545454545454545,0.00048021853732789553,0.23310915881844654,0.00035287745960119497,2.0778935137090173e-05,10.909090909090908,5,4,27.25,83.0,90,0.8404494382022472,0
YDR303C,12,0.25757575757575757,0.00044111607138612983,0.24205843381898778,0.00026597353222158264,6.6476280782050016e-06,22.75,8,2,50.0,83.0,82,1.0,1
YEL056W,6,0.13333333333333333,6.333494970916155e-05,0.2304420907372566,0.00016880271140968245,2.2745556221756455e-05,17.0,4,4,39.25,133.0,132,1.0,0
YER164W,1,0.0,0.0,0.19951005370213096,5.305118530251993e-05,7.667040223601112e-07,27.0,1,4,47.25,133.0,149,0.8233266823870851,0
YFL024C,3,0.0,1.226680879393406e-05,0.2090790191766949,0.0001124517595642012,8.396906817530425e-07,14.0,3,4,39.5,133.0,134,0.971944787341488,1
YGR252W,8,0.07142857142857142,0.000666005863682863,0.22063679029458708,0.0002909863556243843,1.4772667450143468e-06,11.125,5,11,45.90909090909091,195.0,255,0.7764397097421646,0
YHR193C,5,0.0,0.0014870465633120462,0.2628869557694524,0.0002048662163188241,0.00011218524901352909,93.2,3,4,68.75,195.0,195,0.9899550621200106,0
YJL081C,8,0.2857142857142857,0.0006268110757311215,0.22241903021618956,0.00022550827509681205,1.9628143375869224e-05,13.75,7,6,43.833333333333336,133.0,211,0.570029338749718,1
YLR176C,1,0.0,0.0,0.19951005370213096,5.305118530251993e-05,7.667040223601112e-07,27.0,1,0,0.0,0.0,0,0.0,0
YLR442C,9,0.3333333333333333,0.00014791326768856544,0.2297484279165963,0.000252906060862862,3.766089434468845e-05,14.555555555555555,5,4,27.25,83.0,90,0.8404494382022472,0
YMR061W,27,0.32193732193732194,0.0006898014897266968,0.2563953460059328,0.00042398181475355903,7.773938960191714e-05,37.407407407407405,12,5,36.8,131.0,141,0.8656534954407294,1
YOL054W,1,0.0,0.0,0.19951005370213096,5.305118530251993e-05,7.667040223601112e-07,27.0,1,0,0.0,0.0,0,0.0,0
YDR477W,16,0.10833333333333334,0.0019433529726412024,0.2544310328690957,0.0005099940420374774,4.993885232855929e-06,11.75,6,6,6.0,16.0,15,1.0,0
YJL168C,3,0.0,0.00010011426908218866,0.20997713359856499,0.0001444158230339091,1.506511544106727e-06,11.333333333333334,2,0,0.0,0.0,0,0.0,0
YKL011C,23,0.007905138339920948,0.0039014317352040794,0.24568083527381226,0.0008235575978878123,9.226627665804937e-06,9.869565217391305,7,0,0.0,0.0,0,0.0,0
YPL209C,5,0.3,8.627375863143181e-05,0.2187728166060881,0.00016621698769729294,7.847895920255699e-07,12.0,3,3,33.333333333333336,55.0,55,0.9643097643097643,1
YBR011C,4,0.0,0.0015728496516062113,0.1854598103431097,0.0001987917449123185,2.363693794105613e-08,5.75,3,0,0.0,0.0,0,0.0,1
YGR087C,6,0.06666666666666667,0.000826086693372467,0.20213335645721636,0.0002949369346133766,4.968165933984957e-07,5.166666666666667,3,0,0.0,0.0,0,0.0,0
YLR354C,2,0.0,1.0401485098465084e-05,0.15832149026633674,0.00013392166764007436,1.0292860447339433e-09,3.5,2,0,0.0,0.0,0,0.0,0
YBR012C,1,0.0,0.0,0.00021079258010118043,0.00021303792074989342,2.5939109905631997e-48,1.0,1,0,0.0,0.0,0,0.0,0
YPL221W,1,0.0,0.0,0.00021079258010118043,0.00021303792074989342,2.5939109905631997e-48,1.0,1,0,0.0,0.0,0,0.0,0
YLR116W,18,0.0457516339869281,0.0027641218453807017,0.2334468894091365,0.0005409388981504498,2.1195428156175833e-06,11.944444444444445,6,4,170.5,559.0,558,1.0,1
YBR013C,1,0.0,0.0,0.1331940186458276,0.00010957776016533134,2.2615286961370346e-12,4.0,1,0,0.0,0.0,0,0.0,0
YGR292W,4,0.0,0.0006059456040480708,0.15470702432447878,0.0003864813496707507,1.7447892335328073e-10,1.5,1,0,0.0,0.0,0,0.0,0
YBR014C,4,0.0,0.0007305600639015276,0.2606191955327783,0.0001601619070392337,9.397657415944205e-05,106.25,4,0,0.0,0.0,0,0.0,0
YBR101C,14,0.0,0.0021419950259593356,0.24579187745924674,0.0005220349870434971,4.492660317630306e-05,8.857142857142858,4,3,356.0,559.0,558,1.0,0
YGR119C,39,0.07827260458839407,0.004063884308120795,0.2802264883110253,0.0009849021487668445,9.3585221921185e-05,21.128205128205128,9,3,29.0,59.0,59,0.9812974868497955,1
YNR069C,6,0.0,0.0006167263423685719,0.2428556565272227,0.00021118380164807156,3.6368473919764597e-06,31.0,4,0,0.0,0.0,0,0.0,0
YBR018C,1,0.0,0.0,0.22119769325954178,6.372271585912358e-05,3.6037988854102294e-05,95.0,1,0,0.0,0.0,0,0.0,0
YBR019C,2,0.0,0.00040396373603204724,0.18509684441068192,0.00017738496166087064,2.3233993955238056e-07,3.0,1,0,0.0,0.0,0,0.0,0
YHL019C,2,0.0,0.00020198186801602362,0.15513180113495464,0.0002152761252005751,2.9066367253082327e-09,1.5,1,5,33.8,95.0,104,0.8676250933532487,0
YBR020W,2,0.0,3.9133825020409946e-05,0.22270367192365845,9.970066640057305e-05,3.605371128047177e-05,49.0,2,0,0.0,0.0,0,0.0,0
YML051W,3,0.3333333333333333,1.7029795453193293e-05,0.21097503666304582,0.00012737113546904905,1.256611307443217e-06,7.333333333333333,2,5,55.4,195.0,194,1.0,0
YBR021W,1,0.0,0.0,0.20302003038073022,6.816362799621969e-05,6.556819359751469e-08,24.0,1,0,0.0,0.0,0,0.0,0
YOR128C,24,0.0,0.0032783349735708146,0.257625169125876,0.0010217224447041072,5.206149611206748e-06,10.916666666666666,5,0,0.0,0.0,0,0.0,0
YBR024W,2,0.0,0.00020198186801602362,0.18840744147194438,0.0001321142555280206,5.5839607125377155e-08,7.0,1,0,0.0,0.0,0,0.0,1
YBR037C,1,0.0,0.0,0.15743915720438129,8.802014653602615e-05,7.325896159029066e-10,2.0,1,0,0.0,0.0,0,0.0,0
YPR119W,13,0.01282051282051282,0.0018221986791012211,0.23451653447408052,0.0003805326981975987,4.300698611030409e-06,17.076923076923077,6,3,12.333333333333334,25.0,24,1.0,0
YGL245W,7,0.047619047619047616,0.0006159237683527386,0.22243040191362892,0.0002469271506318209,7.510325860217177e-07,11.142857142857142,3,1,3.0,3.0,2,1.0,1
YMR186W,14,0.14285714285714285,0.000624764344154306,0.232511155525021,0.0004351693404535362,3.487119435812715e-06,8.642857142857142,5,1,4.0,4.0,3,1.0,0
YBR027C,4,0.16666666666666666,0.00017592032916897933,0.24069246091444912,0.000150237613794392,2.006887491211084e-05,45.0,4,0,0.0,0.0,0,0.0,0
YLR353W,4,0.16666666666666666,0.00010169347234008868,0.24390403268647576,0.00014199515800664676,2.060921908480461e-05,43.25,4,0,0.0,0.0,0,0.0,0
YOR046C,5,0.2,6.248549915776869e-05,0.2075033974543865,0.00018020257929973133,3.9742271678322656e-07,5.4,4,3,211.0,559.0,613,0.8374063056435189,1
YBR028C,1,0.0,0.0,0.2211639586715809,6.105855883461762e-05,7.669917941614675e-07,102.0,1,0,0.0,0.0,0,0.0,0
YBR033W,1,0.0,0.0,0.00021079258010118043,0.00021303792074989342,2.5939109905631997e-48,1.0,1,0,0.0,0.0,0,0.0,0
YBR034C,9,0.0,0.0016098341329335293,0.2434808725670846,0.0003240673005696034,2.098978916547838e-05,23.77777777777778,5,0,0.0,0.0,0,0.0,0
YDR249C,1,0.0,0.0,0.19413280816727654,6.264556113869343e-05,2.634666239605931e-07,9.0,1,0,0.0,0.0,0,0.0,0
YER017C,3,0.3333333333333333,0.0001798847778347599,0.1954936744418382,0.00016423691829041068,2.722162951417376e-07,5.0,2,4,4.25,8.0,8,0.7857142857142857,0
YGR165W,3,0.0,0.00021995532793330893,0.21076040262710335,0.0001624864010572122,1.2037850063858524e-06,5.333333333333333,2,9,161.77777777777777,559.0,593,0.9319709675949136,0
YGR181W,3,0.3333333333333333,0.000216441916965264,0.1969628862291139,0.00014255195356996096,2.6832191996522526e-07,6.666666666666667,2,2,3.5,5.0,4,1.0,0
YMR048W,9,0.0,0.0015579831840937968,0.25151854258129547,0.0003030013937311842,4.104074007139232e-05,14.777777777777779,5,1,3.0,3.0,2,1.0,0
YBR035C,1,0.0,0.0,0.23791513896033403,5.789570613470542e-05,2.7165527833566224e-06,150.0,1,0,0.0,0.0,0,0.0,0
YBR038W,4,0.0,2.669827552445568e-05,0.19030297148106678,0.00020011860053453472,2.7945199749623295e-07,4.0,2,0,0.0,0.0,0,0.0,1
YHR123W,3,0.3333333333333333,0.00026506332243118115,0.2044415522099938,0.00015233082610856513,9.69894080009839e-07,12.333333333333334,2,0,0.0,0.0,0,0.0,0
YPL020C,9,0.0,0.0020461276400495416,0.233785600033783,0.00032204893902247,2.082204318084852e-05,10.666666666666666,4,1,59.0,59.0,58,1.0,1
YPR106W,2,0.0,7.46999857553409e-05,0.1881060286677909,0.00011484718311430831,4.7261488636799996e-07,5.0,2,0,0.0,0.0,0,0.0,0
YDR343C,3,0.0,0.0001645392647215288,0.23018604396977077,0.00011963879828503769,3.663902049270889e-05,41.0,3,0,0.0,0.0,0,0.0,0
YKL150W,6,0.26666666666666666,0.00040518634440022305,0.2340371311543745,0.00017120025905865922,3.7019290602537896e-05,26.0,6,0,0.0,0.0,0,0.0,0
YLL041C,6,0.3333333333333333,6.36137265383794e-05,0.21838844591278891,0.00020750915849098602,8.792377097745618e-07,8.0,4,2,30.0,56.0,55,1.0,0
YOR142W,4,0.0,0.00020558176375822483,0.209099117131052,0.00014771372160466955,6.099502079996863e-07,10.75,3,1,2.0,2.0,1,0.0,0
YBR040W,1,0.0,0.0,0.19916298439061839,6.774112576119706e-05,2.695811509943401e-07,5.0,1,0,0.0,0.0,0,0.0,0
YCL040W,5,0.0,0.0007619838037910251,0.2514458577637653,0.0002102617205183686,2.1542296130388116e-05,39.4,3,3,43.666666666666664,73.0,72,1.0,0
YBR041W,1,0.0,0.0,0.20415374148421717,6.016310993026266e-05,4.2505776896915056e-07,35.0,1,1,3.0,3.0,2,1.0,0
YDL153C,35,0.010084033613445379,0.007258092700994424,0.2594534966023776,0.001167766942221991,3.238298322477884e-05,13.714285714285714,7,2,302.5,559.0,558,1.0,1
YBR042C,2,0.0,5.755415388764474e-05,0.22147921554898273,0.0001007000594780331,3.605346704396346e-05,50.0,2,0,0.0,0.0,0,0.0,0
YHR115C,5,0.0,0.00010663913151591705,0.20699986825087635,0.0002183929350771499,1.2325580668023359e-06,3.2,2,0,0.0,0.0,0,0.0,0
YBR043C,2,0.0,3.9316202451185787e-07,0.20974429809221232,8.45688052063699e-05,4.586799422363435e-07,25.5,2,0,0.0,0.0,0,0.0,0
YJL155C,2,0.0,7.715636212274896e-06,0.22289764479089394,8.560256283812556e-05,1.0662419234417304e-06,36.0,2,0,0.0,0.0,0,0.0,0
YBR044C,4,0.5,8.44697303290981e-05,0.22418407868848128,0.00015047858042180486,9.56962094361525e-07,18.5,4,0,0.0,0.0,0,0.0,0
YKL141W,6,0.3333333333333333,0.000426685053068701,0.2435899345480777,0.00021214204490976435,2.003813596736593e-05,32.0,4,2,30.0,56.0,55,1.0,1
YKL148C,4,0.8333333333333334,1.779549572198513e-06,0.20227432727490552,0.0001544493450390744,2.897656473123951e-07,5.0,4,3,24.666666666666668,56.0,55,1.0,0
YOR178C,12,0.15151515151515152,0.0009689037661633907,0.23227529263367153,0.0004064078803298414,1.951931069166704e-06,9.833333333333334,5,3,5.0,7.0,8,0.7857142857142857,0
YBR047W,2,0.0,4.350151000265824e-05,0.23702076987353135,9.04429111719437e-05,1.9727694895822287e-05,58.5,2,0,0.0,0.0,0,0.0,0
YJL128C,5,0.1,0.0001355361399881329,0.22487936684734144,0.0001790675452429686,4.929460479465445e-07,9.8,3,0,0.0,0.0,0,0.0,0
YOR285W,8,0.03571428571428571,0.0005506148758894359,0.23342183877179246,0.00023462836391579265,3.831749313951961e-05,22.375,4,0,0.0,0.0,0,0.0,0
YBR049C,10,0.28888888888888886,0.0002267982757861143,0.23846284976039617,0.00020578740637439504,5.6928008122238665e-06,18.0,8,0,0.0,0.0,0,0.0,1
YDR130C,7,0.09523809523809523,0.000819177437416547,0.2368530178042611,0.00022295355926249972,7.969066674306892e-06,15.571428571428571,5,0,0.0,0.0,0,0.0,1
YMR239C,5,0.5,1.034620143069341e-05,0.23180499952198785,9.572107986366196e-05,1.1666899225740466e-05,27.2,5,3,78.33333333333333,131.0,130,1.0,1
YNR003C,28,0.5026455026455027,0.0009879799657169569,0.25826751148879,0.0004961774547824377,2.4984298412953046e-05,26.857142857142858,16,4,60.75,195.0,199,0.9538094512968884,1
YOR116C,28,0.5317460317460317,0.0019804781146969914,0.27596043330343595,0.000471056799698499,0.00011747315245289431,43.892857142857146,16,4,60.75,195.0,199,0.9538094512968884,1
YBR050C,4,0.0,0.0004925942627679486,0.24103918394529714,0.00013263507377132822,1.9152392355967823e-05,30.75,4,2,4.5,7.0,6,1.0,0
YBR052C,1,0.0,0.0,0.18139243791813991,6.961359846498857e-05,7.675758182935874e-09,6.0,1,0,0.0,0.0,0,0.0,0
YDR032C,6,0.13333333333333333,0.0007766316941153327,0.2237689656943045,0.0002644845760835408,6.11263344625802e-07,15.5,4,0,0.0,0.0,0,0.0,0
YBR054W,3,0.0,7.953701312399956e-05,0.24922755677295302,0.00014532146347208015,7.49056006104819e-05,99.33333333333333,2,0,0.0,0.0,0,0.0,0
YDR190C,2,0.0,7.1411809031131875e-06,0.2317679522150481,8.941294176175994e-05,3.0813465604586103e-06,33.5,2,3,36.0,83.0,82,1.0,1
YOR040W,2,0.0,2.293680763312112e-06,0.2205025966056091,0.00010341253145873874,2.8672396588262535e-06,16.0,2,0,0.0,0.0,0,0.0,0
YDL064W,7,0.09523809523809523,0.0004053168022951009,0.24375371083755423,0.00021113294325532988,2.7542827648885526e-06,19.142857142857142,5,0,0.0,0.0,0,0.0,1
YER172C,13,0.41025641025641024,0.00035004330182848427,0.24378102829926412,0.0002575189321455079,3.4535565698488785e-05,41.53846153846154,11,10,105.5,559.0,619,0.8502282102357388,1
YJR084W,8,1.0,0.0,0.22834958172520825,0.00014491010697811885,4.302761120119201e-06,42.5,8,3,8.0,16.0,19,0.672514619883041,0
YLR446W,8,0.0,0.000405447417941462,0.24725866615678702,0.0002720665062754129,2.298372319017258e-06,17.375,5,0,0.0,0.0,0,0.0,0
YOR319W,37,0.5525525525525525,0.000840129140004787,0.27163562881048126,0.000660516312225708,2.7919300109948487e-05,38.16216216216216,26,7,109.28571428571429,559.0,561,0.9900942195059842,1
YPR082C,8,0.39285714285714285,0.00020339538266133262,0.233559683847569,0.00019716006619549528,3.4583265653603466e-06,34.875,6,6,127.66666666666667,559.0,558,1.0,1
YBR056W,1,0.0,0.0,0.00021079258010118043,0.00021303792074989342,2.5939109905631997e-48,1.0,1,0,0.0,0.0,0,0.0,0
YFR007W,1,0.0,0.0,0.00021079258010118043,0.00021303792074989342,2.5939109905631997e-48,1.0,1,0,0.0,0.0,0,0.0,0
YBR057C,5,0.1,0.0003224352193168243,0.22858954555636127,0.00019465740658971737,6.314802619093461e-07,19.0,3,0,0.0,0.0,0,0.0,0
YCL055W,5,0.1,0.0001082508851999433,0.20832812483975807,0.00020671690096792824,6.209464807478481e-08,4.0,3,0,0.0,0.0,0,0.0,0
YDR206W,5,0.0,0.00011242225837971109,0.2363640242871166,0.00016800170651084563,1.5090670135799158e-06,14.2,4,2,287.5,559.0,558,1.0,0
YIL144W,20,0.042105263157894736,0.003050333491253305,0.25612364482683786,0.0005754961504250897,4.290825973625532e-06,13.85,6,7,28.142857142857142,55.0,75,0.6731531531531532,1
YBR058C,7,0.0,0.00030594201650460586,0.21535076878668782,0.0002823786742728531,6.019912313215472e-07,4.857142857142857,3,0,0.0,0.0,0,0.0,0
YOL059W,2,0.0,1.9431970601168554e-05,0.20248144052074224,8.818948299299681e-05,1.1473551364009479e-07,8.0,2,0,0.0,0.0,0,0.0,0
YOL064C,3,0.0,2.6771234546892103e-05,0.21198246996192896,0.0001326901617662654,1.050072326393975e-06,9.666666666666666,3,0,0.0,0.0,0,0.0,0
YOL113W,3,0.0,2.692348792641356e-05,0.20334266095015974,0.00011811561541151612,3.1825743150107313e-07,9.333333333333334,3,0,0.0,0.0,0,0.0,0
YOL156W,2,0.0,6.010495607741415e-06,0.20084558566218863,9.532272439427e-05,1.1371305676226669e-07,13.0,2,0,0.0,0.0,0,0.0,0
YOR123C,9,0.1111111111111111,0.0004242932319803622,0.24735707476851646,0.0002511843815311861,2.0523866647846437e-05,18.11111111111111,5,3,33.333333333333336,74.0,85,0.7873949579831933,0
YBR059C,7,0.0,0.0029710204433684184,0.22820584510221717,0.000267267058354834,1.1340710100873943e-06,9.714285714285714,4,0,0.0,0.0,0,0.0,0
YER144C,5,0.0,0.00035829002634073844,0.2300035015082563,0.00015493284073945094,1.2356880468759228e-06,19.2,4,0,0.0,0.0,0,0.0,0
YGR199W,1,0.0,0.0,0.18429705291149148,6.43541093887637e-05,1.4205272947870111e-08,7.0,1,0,0.0,0.0,0,0.0,0
YJL039C,6,0.06666666666666667,0.0008930139498820448,0.24376736880308553,0.00019030539065320525,2.333577732952271e-06,32.666666666666664,5,1,59.0,59.0,58,1.0,1
YML014W,2,0.0,4.233677090985217e-05,0.20018940875338984,9.219539599924126e-05,4.41388234363701e-08,8.0,2,0,0.0,0.0,0,0.0,0
YMR144W,3,0.0,0.00044186470084505667,0.23369769182577715,0.00013590530711989472,3.658534703888941e-05,50.0,3,0,0.0,0.0,0,0.0,0
YNL330C,17,0.25,0.0005212608123359553,0.23865907241366327,0.00036904041273191657,6.255092849250165e-06,19.529411764705884,9,10,47.2,195.0,256,0.7707720588235294,0
YBR061C,20,0.0,0.0023910959143333675,0.24627886957422404,0.0007666237742575255,5.947724283435407e-06,6.4,6,0,0.0,0.0,0,0.0,0
YDR383C,9,0.027777777777777776,0.0009535749134086031,0.26400365501721385,0.0003098217803906573,5.0270831652700844e-06,37.55555555555556,5,1,55.0,55.0,54,1.0,0
YDR461W,2,0.0,1.1399524340793595e-05,0.20096619692482762,8.895092056735687e-05,1.217871682339177e-07,15.0,2,0,0.0,0.0,0,0.0,0
YER028C,2,0.0,5.9480648629585704e-05,0.21987851162582975,9.293163424754211e-05,3.195668415935736e-07,28.5,2,0,0.0,0.0,0,0.0,0
YGR201C,2,0.0,2.3165902204481373e-05,0.1965713099145431,0.00010597225420996487,7.850728155254674e-08,12.0,2,0,0.0,0.0,0,0.0,0
YGR235C,1,0.0,0.0,0.19590742698377395,6.437144140307862e-05,7.510778521907687e-08,20.0,1,0,0.0,0.0,0,0.0,0
YGR277C,1,0.0,0.0,0.19590742698377395,6.437144140307862e-05,7.510778521907687e-08,20.0,1,0,0.0,0.0,0,0.0,1
YHL011C,5,0.2,0.0029118307311981613,0.2404397165374526,0.00022376390498530374,2.7945425449721565e-06,36.6,3,0,0.0,0.0,0,0.0,0
YHR008C,3,0.0,6.354178673280327e-05,0.21335472664551358,0.0001254740853987234,1.488035085244095e-07,16.0,3,0,0.0,0.0,0,0.0,0
YHR022C,3,0.0,0.00021318708118322173,0.19804780948826273,0.00018295200125820595,7.586206574785805e-08,7.666666666666667,2,0,0.0,0.0,0,0.0,0
YHR058C,8,0.14285714285714285,0.0013336212828607477,0.26323689907597675,0.0002651530451550004,7.646732683476606e-05,52.375,6,6,59.5,195.0,211,0.9097269239449334,1
YHR059W,19,0.7017543859649122,0.0003335918934195527,0.23559602680757435,0.0003236397680017271,4.8785895209415934e-06,22.68421052631579,14,0,0.0,0.0,0,0.0,0
YJL097W,2,0.0,3.3150917484304804e-05,0.20802927514123598,0.00010101053656208381,3.6073343298662465e-07,20.5,2,0,0.0,0.0,0,0.0,1
YJL140W,20,0.5052631578947369,0.0042886669702976166,0.2743420501342331,0.0004573870133710753,0.0001172195786675333,45.35,13,8,114.75,559.0,763,0.602910874672776,0
YOR317W,5,0.0,0.001026649101231666,0.25245263337948515,0.00022919695603599544,7.501653319092582e-05,66.8,3,1,3.0,3.0,2,1.0,0
YBR065C,4,0.0,0.00015757309745211725,0.24089237159627175,0.00010990223844658533,4.278275348661129e-05,39.5,4,2,325.0,559.0,558,1.0,0
YJR050W,9,0.16666666666666666,0.001710332487730443,0.2605567605575054,0.00024882115627637913,7.862590711598991e-05,52.0,6,3,219.33333333333334,559.0,558,1.0,0
YLR249W,33,0.4015151515151515,0.002692783644645976,0.2676252602748935,0.00043511604862779926,0.0002569563733970764,55.06060606060606,21,4,295.0,559.0,589,0.9439786101197695,1
YOR308C,21,0.5142857142857142,0.000778246983725544,0.2594999243083011,0.00028448269893826677,0.00018150169393520212,72.23809523809524,16,4,184.25,559.0,558,1.0,0
YBR066C,2,0.0,0.00023236213394881857,0.25159126943260857,9.040343445113332e-05,7.489279821149414e-05,155.0,2,0,0.0,0.0,0,0.0,0
YBR067C,3,0.0,0.00024849423422874917,0.2500440387969808,0.00018468464288042474,7.486610157878291e-05,99.0,2,0,0.0,0.0,0,0.0,0
YNL237W,2,0.0,1.1799422419831578e-05,0.22744229564139837,0.00011607444840160521,1.9148126172219885e-06,41.5,2,0,0.0,0.0,0,0.0,0
YPR138C,1,0.0,0.0,0.19828249537526402,8.453682452169421e-05,9.361243936915661e-07,3.0,1,0,0.0,0.0,0,0.0,0
YBR068C,2,1.0,0.0,0.18707874569033187,0.0001068730581039775,2.4049045525217308e-08,4.5,2,0,0.0,0.0,0,0.0,0
YOR133W,2,1.0,0.0,0.18707874569033187,0.0001068730581039775,2.4049045525217308e-08,4.5,2,5,236.4,559.0,589,0.9439786101197695,0
YBR069C,1,0.0,0.0,0.00021079258010118043,0.00021303792074989342,2.5939109905631997e-48,1.0,1,0,0.0,0.0,0,0.0,0
YOL109W,1,0.0,0.0,0.00021079258010118043,0.00021303792074989342,2.5939109905631997e-48,1.0,1,0,0.0,0.0,0,0.0,0
YBR070C,1,0.0,0.0,0.00021079258010118043,0.00021303792074989342,2.5939109905631997e-48,1.0,1,1,2.0,2.0,1,0.0,1
YJL018W,1,0.0,0.0,0.00021079258010118043,0.00021303792074989342,2.5939109905631997e-48,1.0,1,0,0.0,0.0,0,0.0,1
YBR072W,4,0.0,0.00023240368858868561,0.24570858641300508,0.00014105769606803168,4.343532925530922e-06,68.5,4,0,0.0,0.0,0,0.0,0
YPL169C,11,0.0,0.0008203851333653603,0.23711119637173902,0.0004209301020663882,3.7197089855743006e-06,8.272727272727273,4,2,30.5,59.0,58,1.0,1
YBR073W,3,0.0,0.00020123102310133748,0.23284715430468145,0.00012062298014643477,3.6475242641238027e-05,39.333333333333336,3,0,0.0,0.0,0,0.0,0
YGL213C,6,0.0,0.0004824078235548854,0.21526552355411518,0.00024868910015458565,1.0534150468295732e-06,5.5,3,1,3.0,3.0,2,1.0,1
YBR074W,3,0.0,0.0004472221010618338,0.2552520670634046,0.00014596433997617102,0.00011088831177687205,130.33333333333334,2,0,0.0,0.0,0,0.0,0
YMR083W,2,0.0,1.4405296677965293e-05,0.2034567755239521,0.00012081551131611998,1.6133773638700712e-06,2.5,2,0,0.0,0.0,0,0.0,0
YBR076W,1,0.0,0.0,0.24844476220825013,6.329793281441496e-05,7.483014955808876e-05,294.0,1,0,0.0,0.0,0,0.0,0
YBR077C,4,0.0,6.654975085357694e-05,0.1962697929725105,0.00019619890442795424,2.7175497548764336e-07,4.75,2,2,4.0,5.0,4,1.0,0
YKR007W,4,0.16666666666666666,0.00020629094964474018,0.20168356733710388,0.000204707299536379,1.1640267024629834e-06,3.75,2,2,4.0,5.0,4,1.0,0
YMR004W,3,0.0,0.0002316825447364701,0.19849962271427055,0.0001727063055677771,6.537596225405163e-08,8.0,2,0,0.0,0.0,0,0.0,0
YOR045W,10,0.6222222222222222,0.0007281558531852517,0.23825390093256668,0.0003046421981523321,2.0420952920955988e-05,19.6,8,4,10.5,18.0,18,0.9281045751633987,0
YDL145C,15,0.41904761904761906,0.001249041435388449,0.26432445659084197,0.0003414082245283603,3.1031532256505466e-05,23.866666666666667,9,5,34.0,95.0,104,0.8676250933532487,1
YER155C,13,0.19230769230769232,0.0003161444651142108,0.2504470802503407,0.0002504662307334536,3.7109877018090515e-05,31.23076923076923,7,1,4.0,4.0,3,1.0,0
YIL071C,4,0.16666666666666666,5.627188825006624e-05,0.23708535318957316,0.00010625520713503686,1.3569597406178226e-05,39.5,3,1,6.0,6.0,5,1.0,0
YJL005W,14,0.16483516483516483,0.0007556088438137818,0.24485120615874986,0.0003207377199937759,5.657003279048285e-05,28.428571428571427,7,1,2.0,2.0,1,0.0,1
YKR054C,8,0.10714285714285714,0.00041220817575362255,0.2465300748585407,0.00020115034146700326,1.5402641808494855e-05,28.25,6,7,24.571428571428573,73.0,95,0.6732362821948489,0
YKR059W,15,0.4857142857142857,0.00036245824329192905,0.2508080382237212,0.00018383383315944877,0.0001082213951691535,67.66666666666667,13,7,172.57142857142858,559.0,589,0.9439786101197695,0
YML085C,8,0.07142857142857142,0.0003054740079347835,0.22744229564139837,0.0002728653472165244,4.810357755565629e-06,11.0,3,5,22.8,73.0,72,1.0,1
YNL062C,7,0.7142857142857143,0.0001760970826961544,0.24626492873478248,0.00013201574424590647,4.095717385055957e-05,50.57142857142857,7,4,75.5,266.0,266,0.9924812030075187,1
YNL244C,23,0.32806324110671936,0.0024475605520703834,0.25510239422004616,0.000378739072955772,5.518190107612897e-05,37.69565217391305,13,6,53.166666666666664,266.0,267,0.9854129706288193,1
YOL145C,19,0.10526315789473684,0.005514208505849994,0.28485014280289844,0.00041776774905470985,9.658766448761774e-05,46.26315789473684,10,3,33.333333333333336,74.0,85,0.7873949579831933,0
YPL211W,51,0.7725490196078432,0.0005002949076314165,0.26948192709543284,0.0004921998473130127,0.000537351438351952,69.90196078431373,42,3,356.0,559.0,558,1.0,1
YPL237W,27,0.3561253561253561,0.000611988639850663,0.2579306474790222,0.000405001585255729,5.9585252669538334e-05,31.14814814814815,13,7,174.28571428571428,559.0,592,0.9345646407829149,1
YBR081C,2,0.0,2.9310979876315158e-06,0.20091979083862133,7.361586375994328e-05,2.715710328493248e-07,11.0,2,9,55.22222222222222,195.0,255,0.7764397097421646,0
YDR392W,15,0.23809523809523808,0.0005170490948694129,0.24372639949740435,0.00040138109990049806,4.924329188961696e-06,16.2,8,9,55.22222222222222,195.0,255,0.7764397097421646,0
YGL241W,7,0.19047619047619047,0.00014203182136344838,0.24099912646956945,0.00015597497478612375,1.5867786428548994e-05,32.57142857142857,5,1,59.0,59.0,58,1.0,0
YBR082C,1,0.0,0.0,0.17737661479303085,8.9466389266501e-05,1.5966501884070693e-08,2.0,1,1,46.0,46.0,45,1.0,0
YKL010C,2,0.0,0.0021168037107316046,0.21768907836020354,0.00013593426859310982,1.27514136034876e-06,6.5,1,0,0.0,0.0,0,0.0,0
YBR083W,1,0.0,0.0,0.18231220848295135,6.383500763801106e-05,2.5271047116095524e-08,7.0,1,0,0.0,0.0,0,0.0,0
YHR084W,7,0.19047619047619047,0.0003204352386754805,0.22517034475589603,0.00026201570712470633,2.0193988519897087e-06,7.428571428571429,5,1,3.0,3.0,2,1.0,1
YEL046C,5,0.2,0.00044454573014880987,0.2416819193949596,0.0001683989926210103,7.620156040051096e-06,40.6,4,0,0.0,0.0,0,0.0,0
YER065C,3,0.0,2.5855146867246252e-05,0.24083902961850465,9.194066700021037e-05,7.261095228473598e-06,62.333333333333336,3,0,0.0,0.0,0,0.0,0
YGR155W,11,0.5454545454545454,0.00021269457829329336,0.23956587175267996,0.00016341919461979393,0.00013560689008274034,62.90909090909091,9,0,0.0,0.0,0,0.0,1
YGR240C,19,0.05263157894736842,0.0035386419143877985,0.2521015374067722,0.0005546744512022045,1.6179602317321556e-05,14.578947368421053,6,1,2.0,2.0,1,0.0,0
YKL009W,35,0.8151260504201681,0.00033787690980615633,0.26099443464087035,0.00033659578135634293,0.001820816884842135,75.08571428571429,32,0,0.0,0.0,0,0.0,0
YBR085W,2,1.0,0.0,0.18041454055854142,0.00012107892558025179,1.5321145117298845e-08,4.0,2,0,0.0,0.0,0,0.0,0
YMR056C,4,0.16666666666666666,0.00023577483718457504,0.21269757656344324,0.0002054146988313257,2.5680504825957284e-07,11.25,2,0,0.0,0.0,0,0.0,0
YMR319C,4,0.16666666666666666,7.899865336573695e-05,0.20218972119852524,0.00021253152118422394,9.576970603946361e-07,3.25,2,0,0.0,0.0,0,0.0,0
YBR088C,14,0.15384615384615385,0.0020928522076158673,0.2200342014479399,0.0003938146873734786,2.1079377593839524e-06,9.642857142857142,7,3,29.0,56.0,55,1.0,1
YJR068W,8,0.8928571428571429,2.3444691874539757e-05,0.2086378395851078,0.00018400564134671087,1.1507522218027916e-06,18.875,7,7,16.285714285714285,56.0,60,0.8497175141242937,1
YLR390W,2,0.0,3.335324217008611e-05,0.20042920072923007,7.023245244774451e-05,1.1710487776476207e-07,17.5,2,0,0.0,0.0,0,0.0,0
YMR078C,4,0.8333333333333334,3.743508806647146e-06,0.20387629368895768,0.00010480118020748133,9.935272480444826e-07,19.0,4,1,7.0,7.0,6,1.0,0
YNL088W,13,0.32051282051282054,0.0018999158102003403,0.23989612522904152,0.00036007686117439576,3.323486924750655e-06,15.153846153846153,7,4,23.25,56.0,59,0.8714202220923437,1
YOR144C,6,0.8,1.9265252423426992e-05,0.19954665769326976,0.00015004220732870748,1.6555642106552437e-07,15.0,5,1,5.0,5.0,4,1.0,0
YDL164C,2,0.0,3.452195933673921e-05,0.1978766592844841,8.230050993963535e-05,6.15386783281609e-08,13.5,2,2,43.0,56.0,55,1.0,1
YHR031C,2,0.0,4.520624145375857e-06,0.18431266865906912,9.189916386730828e-05,3.239414747793294e-08,8.5,2,0,0.0,0.0,0,0.0,0
YKL113C,5,0.0,0.002012213462058868,0.2641960424502744,0.0001758100151312063,7.684159347448205e-05,99.2,4,2,43.0,56.0,55,1.0,0
YLR035C,6,0.06666666666666667,0.0017385007815047314,0.2535413620274298,0.00023411469865500606,7.518616266948271e-05,55.0,3,1,2.0,2.0,1,0.0,0
YML021C,1,0.0,0.0,0.17893050222212173,5.5847486589564786e-05,2.6509256959194742e-08,14.0,1,0,0.0,0.0,0,0.0,0
YBR089W,1,0.0,0.0,0.21362711667216636,5.890598607902629e-05,2.7419252093118644e-07,62.0,1,0,0.0,0.0,0,0.0,1
YBR091C,7,0.38095238095238093,0.0006232673526932137,0.24532064007153873,0.00023313284971895545,7.420248842759391e-05,24.571428571428573,4,5,8.2,18.0,20,0.7526315789473684,1
YDL217C,7,0.38095238095238093,0.0004188410571402245,0.23588983522358986,0.000230408051175883,5.489976185807808e-05,22.857142857142858,4,4,9.0,18.0,18,0.9019607843137255,1
YJL054W,6,0.5333333333333333,0.0002035859592035038,0.20695063414654494,0.0002223441097274533,1.7376777107264696e-06,7.5,4,4,9.0,18.0,18,0.9019607843137255,1
YKL002W,42,0.004645760743321719,0.012057948089896164,0.2910044301691417,0.0015758886023307037,0.0015179469569033622,19.238095238095237,8,1,4.0,4.0,3,1.0,0
YLR288C,87,0.0029403902699812884,0.038171232564063635,0.29816436371932475,0.0030844781131998955,0.004351426256857714,12.471264367816092,12,2,2.5,3.0,2,1.0,0
YOR297C,4,0.5,2.4479836939118247e-05,0.21055639488087638,0.0001404955029224107,1.7089495291345127e-06,7.0,4,1,4.0,4.0,3,1.0,1
YBR093C,2,0.0,0.00020198186801602362,0.18338811410987935,0.0001484948523434722,3.13411803705696e-08,3.5,1,0,0.0,0.0,0,0.0,0
YKR106W,1,0.0,0.0,0.15391884772788492,9.50521920000022e-05,4.090419364757554e-10,2.0,1,0,0.0,0.0,0,0.0,0
YML077W,6,0.4,0.0005715823924443955,0.22679019084755606,0.0002485778882260624,2.420297955030068e-06,14.5,4,3,37.333333333333336,95.0,94,1.0,1
YBR094W,3,1.0,0.0,0.23121366023749299,7.018342167673452e-05,6.471397083991161e-06,53.0,3,2,287.5,559.0,558,1.0,0
YBR095C,1,0.0,0.0,0.1952129691747585,5.728640423287061e-05,6.84735170837122e-08,10.0,1,3,58.0,133.0,132,1.0,0
YPL139C,10,0.37777777777777777,0.0006621000441548066,0.2451823845259619,0.0002974916892625427,5.241590972353027e-06,16.7,7,5,38.0,133.0,133,0.9859876965140123,0
YBR096W,1,0.0,0.0,0.19775972685252363,6.243145998778511e-05,8.510168549388471e-08,19.0,1,0,0.0,0.0,0,0.0,0
YBR097W,1,0.0,0.0,0.00021079258010118043,0.00021303792074989342,2.5939109905631997e-48,1.0,1,3,34.333333333333336,95.0,98,0.9206816747317483,0
YLR240W,1,0.0,0.0,0.00021079258010118043,0.00021303792074989342,2.5939109905631997e-48,1.0,1,2,4.0,4.0,4,0.8333333333333334,1
YHR016C,22,0.05627705627705628,0.0033313321522166327,0.2604943554894119,0.0006430345332936891,4.7469752220710236e-05,12.590909090909092,7,0,0.0,0.0,0,0.0,0
YDR171W,2,0.0,1.3188605506194565e-05,0.20404841381870775,9.399561162929849e-05,6.098045434631447e-07,11.0,2,1,11.0,11.0,10,1.0,0
YHL021C,4,0.0,0.0005791234138562195,0.21086255481914828,0.00019813177695272223,9.259602304820146e-07,12.75,2,0,0.0,0.0,0,0.0,0
YJL117W,5,0.1,0.0005700736122898263,0.25208692959952883,0.00017610830611478843,5.594503558914077e-05,44.4,4,0,0.0,0.0,0,0.0,0
YKL171W,2,0.0,2.8689148789473624e-05,0.21272877761618836,7.660521687495207e-05,8.870981555651824e-07,27.0,2,0,0.0,0.0,0,0.0,0
YLL062C,2,0.0,3.2948783227586547e-06,0.2027267582026406,0.00010223909201917319,1.0199341073677486e-06,8.5,2,0,0.0,0.0,0,0.0,0
YLR194C,1,0.0,0.0,0.1955991471553218,6.3671340702558e-05,5.671930138748566e-07,14.0,1,0,0.0,0.0,0,0.0,0
YMR092C,6,0.13333333333333333,0.0003023430672152087,0.22326368834181812,0.00021383653598808962,1.948316938953865e-05,14.0,4,3,43.666666666666664,73.0,72,1.0,0
YMR173W,3,0.0,0.002117729838955124,0.20812879639423373,0.00017573314207432338,1.5052192616614058e-06,6.0,2,0,0.0,0.0,0,0.0,0
YOL011W,3,0.0,0.00019316128554717669,0.22491424448268976,0.0001310443189989264,1.3369683903116975e-06,39.666666666666664,3,0,0.0,0.0,0,0.0,0
YBR102C,9,0.3055555555555556,0.001117517293610705,0.2435899345480777,0.00025710642159571174,2.6274236748189247e-06,25.666666666666668,7,1,8.0,8.0,7,1.0,1
YIL068C,8,0.6785714285714286,3.62689771972077e-05,0.2086378395851078,0.0002416126891715806,8.056582677565841e-07,8.375,7,2,7.5,8.0,7,1.0,1
YLR166C,10,0.4444444444444444,0.0002070317697426105,0.21575660737099128,0.00029838149173787943,8.921523367752396e-07,8.7,7,2,7.5,8.0,7,1.0,1
YNR046W,2,0.0,0.00020016588457546854,0.1960663495889255,9.626899840593843e-05,4.250532549501971e-08,6.0,2,1,2.0,2.0,1,0.0,1
YPR055W,9,0.5833333333333334,0.00024371252398772323,0.22712170352538075,0.00026267001574358407,1.9234344518929165e-05,12.444444444444445,7,2,7.5,8.0,7,1.0,1
YBR103W,9,0.0,0.0003908579393520878,0.24671181983830484,0.0002465114116719312,3.062263132384414e-06,17.11111111111111,5,3,56.333333333333336,133.0,132,1.0,0
YCR033W,9,0.1111111111111111,0.0006477046148478246,0.248871130428961,0.00023714420012400738,7.372745097922082e-06,24.77777777777778,6,4,43.5,133.0,132,1.0,0
YCR077C,18,0.013071895424836602,0.0016889100747765615,0.26060358398398636,0.0005943844944929076,3.449257716740227e-05,15.777777777777779,6,5,229.2,559.0,558,1.0,0
YGR239C,10,0.044444444444444446,0.00046718530586171736,0.2449614994948574,0.0003423574846811943,3.0992110411585595e-06,8.5,5,0,0.0,0.0,0,0.0,0
YIL112W,3,0.0,4.152968165284663e-05,0.20463387728262783,0.00011815321214396387,3.156699586872382e-07,8.666666666666666,3,3,56.333333333333336,133.0,132,1.0,0
YJR141W,5,0.0,0.0013744260450071998,0.26154359931638016,0.00017013382371666787,5.7114344719883154e-05,81.4,5,0,0.0,0.0,0,0.0,1
YBR105C,1,0.0,0.0,0.23795417770763375,6.094378851223021e-05,1.9721117380842046e-05,150.0,1,1,8.0,8.0,7,1.0,0
YBR106W,2,0.0,4.604062027021621e-05,0.23436493190910238,9.060737149669018e-05,1.924482114024744e-05,52.0,2,1,9.0,9.0,8,1.0,1
YBR107C,2,0.0,0.00048018922643984035,0.23295936980073187,9.067301382566584e-05,3.631218137503348e-05,78.5,2,6,26.0,55.0,54,1.0,0
YBR108W,4,0.16666666666666666,6.219191263462621e-05,0.23082110733386396,0.00012434238766152405,5.414947949302597e-05,23.5,4,0,0.0,0.0,0,0.0,0
YGR136W,8,0.07142857142857142,0.0005685300389815637,0.24895657974412977,0.0002604643576143269,8.01179508439457e-06,28.625,4,0,0.0,0.0,0,0.0,0
YBR213W,2,0.0,5.242043204436414e-06,0.2186079207591914,9.825266425743688e-05,1.795298579152172e-05,24.0,2,0,0.0,0.0,0,0.0,0
YBR229C,1,0.0,0.0,0.21339658758172697,5.9620609718732414e-05,1.769161863609817e-05,45.0,1,1,2.0,2.0,1,0.0,0
YDR231C,1,0.0,0.0,0.21339658758172697,5.9620609718732414e-05,1.769161863609817e-05,45.0,1,0,0.0,0.0,0,0.0,1
YDR292C,3,0.0,0.00024912035628882887,0.21922480378073408,0.000140668906153272,1.8381594396860412e-05,16.666666666666668,2,4,149.25,559.0,579,0.9308496333614213,1
YER023W,6,0.2,0.0003373458882870484,0.25179512854662967,0.00018545769873054473,5.803865380129724e-05,62.833333333333336,5,0,0.0,0.0,0,0.0,1
YFL003C,3,0.0,0.0002511871392264228,0.23218851635953824,0.00010877894392104378,1.8177947138997676e-05,40.666666666666664,3,0,0.0,0.0,0,0.0,0
YFR054C,2,0.0,7.035574015403515e-05,0.2235619851504968,9.473492023268231e-05,1.7877598037437282e-05,41.5,2,0,0.0,0.0,0,0.0,0
YGL043W,3,0.0,0.00019116991922318765,0.23227529263367153,0.00010219719639378353,1.866925356343332e-05,35.333333333333336,3,0,0.0,0.0,0,0.0,0
YGL063W,3,0.0,4.784968913627806e-05,0.2229090654828441,0.00012113900230238024,1.866108115290403e-05,22.666666666666668,3,0,0.0,0.0,0,0.0,0
YGL229C,11,0.01818181818181818,0.002937581191071072,0.2712799296020869,0.00041809257359568685,0.00011338012053742217,47.72727272727273,4,0,0.0,0.0,0,0.0,0
YGR144W,7,0.09523809523809523,0.001332880795156316,0.2727425384633357,0.00022449253774318819,0.00013270078320947468,91.42857142857143,5,0,0.0,0.0,0,0.0,0
YHR028C,1,0.0,0.0,0.21339658758172697,5.9620609718732414e-05,1.769161863609817e-05,45.0,1,0,0.0,0.0,0,0.0,0
YHR179W,6,0.0,0.0010054383659647487,0.2266838386321732,0.00022314449689014322,3.5595655527909705e-05,17.833333333333332,4,3,43.666666666666664,73.0,72,1.0,0
YIL021W,21,0.6047619047619047,0.0009358584628563571,0.2575031802917235,0.0004241654615809901,2.718401631819214e-05,28.80952380952381,13,6,57.166666666666664,195.0,208,0.9184318097361576,1
YJR073C,2,0.0,1.6973671000631771e-06,0.22471674747048903,8.884291919758747e-05,1.931635218938856e-05,25.0,2,0,0.0,0.0,0,0.0,0
YKL175W,2,0.0,8.426964502265286e-05,0.2381495637742866,8.795391456982274e-05,7.149302887800353e-05,76.5,2,0,0.0,0.0,0,0.0,0
YKR025W,19,0.672514619883041,0.0003508550887045822,0.25317249947792525,0.00032710521887433755,3.703214452276469e-05,30.789473684210527,15,2,17.5,18.0,17,1.0,1
YLL050C,9,0.1388888888888889,0.0009853142900302914,0.2477938275917678,0.00027612547645699723,3.9099065092103934e-05,28.77777777777778,6,3,43.666666666666664,73.0,72,1.0,1
YLL051C,3,0.0,0.00010215948101632881,0.22930038639269845,0.0001002750494365587,1.8745717384039028e-05,26.0,3,0,0.0,0.0,0,0.0,0
YLR443W,2,0.0,5.527314760801353e-06,0.22729969859083948,8.644959849438908e-05,1.8900687216434114e-05,26.5,2,0,0.0,0.0,0,0.0,0
YMR111C,1,0.0,0.0,0.21339658758172697,5.9620609718732414e-05,1.769161863609817e-05,45.0,1,0,0.0,0.0,0,0.0,0
YMR200W,3,0.0,5.9242335045645666e-05,0.21701582436417757,0.00011161698746549957,1.7729664062700715e-05,19.666666666666668,3,0,0.0,0.0,0,0.0,1
YMR250W,2,0.0,8.611374980978394e-05,0.2276088851642078,8.81808025631959e-05,1.793607769247267e-05,41.0,2,0,0.0,0.0,0,0.0,0
YNL066W,4,0.0,0.0002736207683561862,0.24543135682210693,0.0001579433360132274,5.52014040425393e-05,47.75,3,0,0.0,0.0,0,0.0,0
YNL079C,3,0.0,3.791329348636274e-05,0.22205574882751467,0.0001151607752222821,3.563986054756711e-05,27.0,2,3,43.666666666666664,73.0,72,1.0,0
YNL202W,3,0.0,4.2321134560458266e-05,0.21868484120984558,0.00011651417146814084,1.7722181294404772e-05,20.333333333333332,3,0,0.0,0.0,0,0.0,0
YNR035C,8,0.5357142857142857,0.00018746506751101476,0.24955637188255994,0.00023366574726326722,7.327971303695313e-05,26.0,6,4,29.0,95.0,96,0.962280701754386,1
YOR029W,1,0.0,0.0,0.21339658758172697,5.9620609718732414e-05,1.769161863609817e-05,45.0,1,0,0.0,0.0,0,0.0,0
YOR035C,6,0.26666666666666666,0.0002632210198439461,0.2494991243349583,0.00020556600525646092,2.2233522466440166e-05,43.5,4,0,0.0,0.0,0,0.0,0
YOR358W,6,0.0,0.0018145592395213742,0.24397242210793335,0.0002112848259463899,1.9606264413797523e-05,18.5,4,3,110.66666666666667,195.0,255,0.7764397097421646,0
YPL242C,11,0.01818181818181818,0.0018923072573040968,0.25286348334953024,0.00037601043433634936,3.8675123584317325e-05,21.727272727272727,6,0,0.0,0.0,0,0.0,1
YBR112C,8,0.07142857142857142,0.002457474351007579,0.2300399868352722,0.00027294330691322963,2.3032558039924464e-06,17.375,5,4,68.75,195.0,195,0.989796457837695,1
YCR096C,8,0.07142857142857142,0.002910187992200954,0.24997220357553823,0.0002783194377105326,7.513138235790008e-05,21.5,5,0,0.0,0.0,0,0.0,1
YDR043C,2,0.0,2.2712756996667745e-05,0.20669499387251367,8.805081870326871e-05,9.204638528366062e-08,12.0,2,0,0.0,0.0,0,0.0,0
YGL035C,6,0.06666666666666667,0.0005365477055533589,0.23152127247238932,0.0001987855061922323,9.38657208286589e-07,16.666666666666668,5,0,0.0,0.0,0,0.0,0
YGL162W,1,0.0,0.0,0.18549143988354513,6.094531706655034e-05,2.9397731878281568e-08,8.0,1,0,0.0,0.0,0,0.0,0
YNL167C,3,0.0,3.571161243066873e-05,0.20029078914546602,0.00011604961667818973,1.7443901141419052e-05,7.333333333333333,3,1,3.0,3.0,2,1.0,0
YPL181W,6,0.2,0.00045905615614283933,0.2372663738562755,0.00018497667316231487,1.959615350950007e-05,17.666666666666668,5,4,46.25,133.0,133,0.9859876965140123,0
YHL024W,4,0.16666666666666666,0.0002785957630550425,0.20673428202949382,0.00013433461591753378,1.3049618351417447e-07,16.0,3,0,0.0,0.0,0,0.0,0
YKL112W,5,0.6,1.7002324268361837e-05,0.22796668575920498,0.00011113960330507409,6.943124929445433e-06,25.6,5,1,4.0,4.0,3,1.0,1
YBR115C,2,0.0,8.026816130564956e-06,0.1954936744418382,9.500180453990057e-05,2.7414340368386162e-08,11.0,2,1,2.0,2.0,1,0.0,0
YGL154C,4,0.0,8.454299258904837e-05,0.2216258905261675,0.00016881915948989995,3.906014873244268e-07,10.0,3,1,2.0,2.0,1,0.0,0
YOL086C,18,0.10457516339869281,0.002457931630572038,0.2379932292685267,0.0005729132039404204,1.7601431613123458e-06,8.11111111111111,5,1,3.0,3.0,2,1.0,0
YBR117C,3,0.0,0.0005808367603724909,0.2339993669873423,0.0001431638024315281,1.237798845462365e-06,57.0,2,0,0.0,0.0,0,0.0,0
YPR074C,1,0.0,0.0,0.1880572417666062,7.270055802826042e-05,1.6003457041409708e-08,3.0,1,0,0.0,0.0,0,0.0,0
YNL271C,15,0.10476190476190476,0.0009380506709355034,0.25092376462271704,0.00041504489811812386,4.142501949864838e-05,17.0,6,1,5.0,5.0,4,1.0,0
YDR110W,12,0.030303030303030304,0.001905790421463035,0.2646943435768233,0.0003120837912410314,3.224870444978287e-05,39.666666666666664,8,0,0.0,0.0,0,0.0,0
YLR223C,3,0.0,3.754753549879477e-05,0.22305764104946002,0.00010124953636399313,4.708099818601421e-07,25.666666666666668,3,5,48.8,131.0,134,0.9495006172146785,1
YLR449W,27,0.5783475783475783,0.0019409166987155192,0.2627123327915862,0.00035563076861918323,0.00032206740437273163,68.55555555555556,22,0,0.0,0.0,0,0.0,0
YML016C,7,0.047619047619047616,0.0005865031366252098,0.22858954555636127,0.0002738812736741089,1.1045367260532856e-06,18.0,4,0,0.0,0.0,0,0.0,0
YNL227C,3,0.0,3.999887785675054e-05,0.22621236642203973,0.00010781095249042362,1.0490117432157547e-06,34.0,3,3,356.0,559.0,558,1.0,0
YNL277W,3,0.0,0.00010528587101779393,0.21666996518893708,0.00010155698939890223,4.2910831892963247e-07,19.666666666666668,3,0,0.0,0.0,0,0.0,0
YBR120C,14,0.8571428571428571,0.00014307295313985573,0.23186677136005265,0.0003218756645430917,4.8750871206262225e-06,15.285714285714286,13,6,75.33333333333333,266.0,389,0.7843929716693611,0
YDL044C,21,0.37142857142857144,0.0013312206087134513,0.2516203719507616,0.00048316348066171333,8.229757226482242e-06,15.380952380952381,13,3,53.0,131.0,130,1.0,0
YGR222W,16,0.65,0.001427350466091819,0.2537483949273064,0.0003999692912701903,2.4219308717635246e-05,21.8125,13,6,75.33333333333333,266.0,389,0.7843929716693611,0
YIR021W,14,0.8571428571428571,0.0005338705781143594,0.2482321254723649,0.00031571177052865183,5.78716250633672e-05,21.857142857142858,13,4,40.25,131.0,131,0.9847328244274809,0
YJL133W,13,1.0,0.0,0.22955446554604622,0.00028775079194598885,4.734403523326717e-06,15.307692307692308,13,3,53.0,131.0,130,1.0,0
YJR082C,16,0.0,0.0018208418413828884,0.23928916071880907,0.0006581911958483061,1.0908563669668195e-05,8.3125,4,3,50.333333333333336,133.0,132,1.0,0
YKR052C,14,0.8571428571428571,0.0004923687340151012,0.24550060555435177,0.00031729328500679265,5.846301829531896e-05,20.357142857142858,13,3,53.0,131.0,130,1.0,0
YLR382C,13,1.0,0.0,0.22955446554604622,0.00028775079194598885,4.734403523326717e-06,15.307692307692308,13,5,36.0,131.0,143,0.9109622771594602,0
YMR023C,15,0.7428571428571429,0.00026033440343517256,0.22961504359680518,0.0003624939328888356,5.647197328325126e-06,13.533333333333333,13,6,73.5,266.0,390,0.7803704436095181,0
YMR287C,15,0.7428571428571429,0.0023469264281584736,0.2644690717950558,0.00034126585720500386,9.70775376095597e-05,35.733333333333334,13,3,49.333333333333336,131.0,130,1.0,0
YOR334W,15,0.7428571428571429,0.0006713201230323222,0.2508369598148448,0.00035027731733865266,2.5140053429807707e-05,20.733333333333334,13,3,53.0,131.0,130,1.0,0
YPL029W,13,1.0,0.0,0.22955446554604622,0.00028775079194598885,4.734403523326718e-06,15.307692307692308,13,6,73.5,266.0,389,0.7843929716693611,0
YPR134W,14,0.8681318681318682,0.00039981619861869326,0.2443012259113133,0.00031893632044827406,4.032743276641478e-05,20.928571428571427,13,3,53.0,131.0,130,1.0,0
YDR037W,6,0.26666666666666666,0.000860885847734203,0.22224859417770973,0.0002122969833603451,9.419889345689624e-06,17.333333333333332,3,0,0.0,0.0,0,0.0,1
YOR335C,6,0.3333333333333333,0.00024749143722863813,0.19328755247150647,0.00026038474400196687,3.7661870137301334e-07,4.166666666666667,3,0,0.0,0.0,0,0.0,1
YGR246C,5,0.3,8.997556191926416e-05,0.22487936684734144,0.0001497022341076055,1.1841761251593389e-06,17.8,4,3,110.33333333333333,195.0,255,0.7764397097421646,1
YBR124W,1,0.0,0.0,0.2273828584659315,6.197174085650316e-05,5.440038946594504e-05,87.0,1,0,0.0,0.0,0,0.0,1
YBR125C,1,0.0,0.0,0.1445786524551749,0.0001115309859922386,9.033938726142902e-11,3.0,1,0,0.0,0.0,0,0.0,0
YDR028C,10,0.24444444444444444,0.002767186526284533,0.2376032895154925,0.0003447178272383503,2.3000943286074962e-06,14.3,5,3,5.0,7.0,8,0.7857142857142857,0
YDR216W,12,0.18181818181818182,0.0017869640856870168,0.2592679517895511,0.0003329304505685103,2.217703866278784e-05,29.166666666666668,7,0,0.0,0.0,0,0.0,0
YFL033C,2,0.0,7.173878986941339e-05,0.22868567236273485,7.943323636686617e-05,1.2450135553962192e-06,28.5,2,0,0.0,0.0,0,0.0,0
YJL167W,3,0.0,3.482453439928828e-05,0.20288747987821984,0.00012781947382417932,6.815454894218084e-08,9.666666666666666,3,0,0.0,0.0,0,0.0,1
YML100W,3,1.0,0.0,0.2068325677963615,0.00012465570644163148,9.149229352332552e-08,12.0,3,1,4.0,4.0,3,1.0,0
YMR261C,4,0.6666666666666666,7.594916656782342e-06,0.20684240151327285,0.0001646666723027459,9.223627592038055e-08,9.25,3,2,4.0,4.0,4,0.8333333333333334,0
YNL160W,3,0.3333333333333333,2.5791126693628744e-05,0.2108318987656248,0.00012999183211312982,9.56707820369695e-07,15.666666666666666,2,0,0.0,0.0,0,0.0,0
YPR035W,2,1.0,0.0,0.19853585684427819,9.324132425712924e-05,5.892227423839874e-08,13.0,2,0,0.0,0.0,0,0.0,1
YPR183W,4,0.0,0.0003001706499618819,0.23002782377352443,0.000137020028783915,1.8510345036091912e-06,21.0,4,0,0.0,0.0,0,0.0,1
YBR127C,17,0.7205882352941176,0.0008948210308566861,0.24394506173761732,0.0004100283055022228,4.348276490529505e-06,21.176470588235293,14,5,12.8,15.0,15,0.9904761904761905,0
YDL185W,26,0.31384615384615383,0.001983562515028593,0.26322097235168607,0.0006367058458385578,2.569428131469843e-05,19.423076923076923,14,5,12.8,15.0,15,0.9904761904761905,0
YDR202C,6,0.7333333333333333,9.042517463840822e-06,0.21864088003963553,0.00017032405516859944,5.386159162987617e-07,18.833333333333332,5,1,3.0,3.0,2,1.0,0
YDR328C,31,0.053763440860215055,0.003923128530520806,0.24676779529374182,0.0009936271546252323,2.6868378196287173e-06,10.67741935483871,7,12,16.0,58.0,113,0.47945638432364096,1
YEL027W,14,1.0,0.0,0.24002848171192648,0.00032941559478080144,4.297623301832574e-06,23.071428571428573,14,5,12.6,15.0,16,0.9083333333333333,0
YEL051W,18,0.6470588235294118,0.0006075712447970285,0.2515330845876889,0.0004275952277294626,4.592310527838026e-06,22.77777777777778,14,5,12.8,15.0,15,0.9904761904761905,0
YGR020C,18,0.6143790849673203,0.0013045431583085017,0.25408925540408056,0.00046139514995001554,5.9600681682436314e-05,26.166666666666668,14,5,12.8,15.0,15,0.9904761904761905,0
YKL080W,15,0.8666666666666667,0.0005084286907409008,0.25444591361730423,0.0003592091440579385,4.039660864551614e-05,30.8,14,5,12.8,15.0,15,0.9904761904761905,0
YMR054W,16,0.7583333333333333,0.001117379171248687,0.2511120479670227,0.0003791626092901584,5.379127638014181e-06,24.875,14,4,12.5,15.0,16,0.9083333333333333,0
YOR270C,17,0.6985294117647058,0.000252090682703852,0.2476950712268656,0.0004159856161734434,5.358426016346887e-06,21.58823529411765,14,4,12.5,15.0,16,0.9083333333333333,0
YOR332W,18,0.6405228758169934,0.0003058813791298682,0.2465161055659943,0.000449676854469413,5.033364268804242e-06,20.27777777777778,14,5,12.8,15.0,15,0.9904761904761905,0
YPL234C,15,0.8761904761904762,0.0004020728369017124,0.24938470799820392,0.00036071469046712807,3.989065254492064e-05,27.8,14,5,12.6,15.0,16,0.9083333333333333,0
YPR036W,14,1.0,0.0,0.24002848171192648,0.0003294155947808014,4.297623301832574e-06,23.071428571428573,14,5,12.8,15.0,15,0.9904761904761905,0
YBR128C,3,0.0,0.00029663972640763165,0.22828966946679266,0.00012824388868326651,3.609988629666844e-05,37.666666666666664,3,1,4.0,4.0,3,1.0,0
YPL120W,3,0.0,5.2412230252040056e-05,0.2351376192319029,0.00012037339504421935,1.6017705829794154e-06,32.666666666666664,3,2,4.0,4.0,4,0.8333333333333334,0
YBR129C,1,0.0,0.0,0.2273828584659315,6.197174085650316e-05,5.440038946594504e-05,87.0,1,0,0.0,0.0,0,0.0,0
YHR107C,18,0.16339869281045752,0.0016694818800858226,0.24152091439675058,0.0004864029688536869,2.679348614558133e-06,13.38888888888889,6,4,23.25,73.0,72,1.0,1
YJL071W,2,0.0,0.0023179422306557032,0.1974366340380607,0.00014177694012333075,2.608329247877041e-07,4.5,1,1,2.0,2.0,1,0.0,0
YBR131W,1,0.0,0.0,0.19152613827993256,6.0064779317274734e-05,5.425487887975006e-08,11.0,1,1,2.0,2.0,1,0.0,0
YML001W,11,0.21818181818181817,0.0006379457847428522,0.23939449903861046,0.0003632771888377774,4.333214298733799e-06,14.0,7,0,0.0,0.0,0,0.0,0
YBR133C,6,0.0,0.0007824950823687848,0.22235082444182092,0.0002206672674075793,2.0038330367496447e-06,10.166666666666666,4,0,0.0,0.0,0,0.0,0
YDL154W,9,0.027777777777777776,0.001286551199768102,0.2279189140312588,0.00030333624195515646,1.248529305845427e-06,8.0,4,0,0.0,0.0,0,0.0,0
YER087W,2,0.0,0.00020198186801602362,0.18047441429638544,0.0001420792499709774,2.5152901281920013e-08,3.5,1,0,0.0,0.0,0,0.0,0
YGL187C,10,0.4666666666666667,0.001648693483517216,0.21848715503358115,0.00031512949636319787,1.0228225151808058e-06,7.4,7,3,26.333333333333332,56.0,56,0.9707792207792207,0
YKL101W,7,0.09523809523809523,0.00030250991963050484,0.23055199952457167,0.00018760306358855857,5.871003679921591e-06,21.285714285714285,4,0,0.0,0.0,0,0.0,1
YBR252W,4,0.0,0.00011285096949193102,0.24197765343059502,0.00014902514313098252,2.945384757837223e-06,47.75,3,0,0.0,0.0,0,0.0,1
YDR078C,5,0.1,0.00026751465831611825,0.2046050054568343,0.00020534819373798561,9.414895503368143e-08,5.6,4,0,0.0,0.0,0,0.0,0
YGR108W,3,0.3333333333333333,2.8028174770022486e-05,0.22543871028234364,0.0001068856167490227,1.8635239384822146e-06,17.333333333333332,3,3,12.333333333333334,25.0,24,1.0,0
YLR210W,4,0.16666666666666666,2.954824243393463e-05,0.21510587050821595,0.000140997081137656,4.91961152776766e-07,10.0,3,3,12.333333333333334,25.0,24,1.0,0
YLR234W,4,0.0,4.508362063824288e-05,0.2204355609560533,0.00013570842937025691,5.215486009816197e-07,14.0,4,1,3.0,3.0,2,1.0,0
YBR137W,6,0.06666666666666667,0.000498611750106566,0.2575184225777594,0.00020584616447016585,2.372972949239754e-05,66.33333333333333,5,0,0.0,0.0,0,0.0,0
YKR083C,6,0.13333333333333333,6.607727334895295e-05,0.24154773366435334,0.00019421906196230034,2.5757205061716947e-06,17.833333333333332,5,6,27.666666666666668,55.0,54,1.0,1
YOR007C,5,0.0,0.0004139213941098963,0.2169833531685121,0.00023229442155770904,8.255073042544499e-07,4.0,3,0,0.0,0.0,0,0.0,0
YBR138C,2,0.0,2.8162528742661507e-05,0.2249491329384006,8.477838594278948e-05,1.844101373830626e-05,29.0,2,0,0.0,0.0,0,0.0,0
YIL046W,15,0.0380952380952381,0.002292752708414119,0.2556119994728947,0.000445454636556794,1.2224686818999513e-05,15.4,6,5,16.8,58.0,57,1.0,1
YBR139W,2,0.0,0.00040396373603204724,0.192007954410304,0.00014164214149929867,2.9047859128546525e-08,6.5,1,0,0.0,0.0,0,0.0,0
YEL060C,11,0.03636363636363636,0.0014547665116264492,0.24009471473668145,0.00039104815829938956,2.293513713393798e-06,18.454545454545453,6,0,0.0,0.0,0,0.0,0
YOR381W,2,0.0,0.00020198186801602362,0.15995721122982087,0.00019054995038554794,3.6915456760337125e-10,1.5,1,0,0.0,0.0,0,0.0,0
YBR140C,4,0.5,0.00020198186801602362,0.20675393170937495,0.00016356300710385812,8.491356996048058e-07,9.25,3,0,0.0,0.0,0,0.0,1
YOL081W,1,0.0,0.0,0.17004832047485413,6.67912415721384e-05,1.1146102041044573e-08,4.0,1,0,0.0,0.0,0,0.0,0
YBR141C,3,0.0,0.00020857291208283533,0.20059554735469695,0.00017200157617182953,2.688208250137915e-07,4.333333333333333,2,0,0.0,0.0,0,0.0,0
YDR372C,4,0.0,0.00047328900837805487,0.24208537260189572,0.00018496954546715218,1.9972293478171362e-05,40.5,2,0,0.0,0.0,0,0.0,0
YER059W,8,0.0,0.0005325417557980251,0.22965140577642884,0.000300147009738469,1.492870657967615e-06,8.0,4,1,14.0,14.0,13,1.0,0
YGL091C,1,0.0,0.0,0.1658603214269412,8.085490104331973e-05,3.3679164604991576e-09,3.0,1,0,0.0,0.0,0,0.0,1
YDR060W,32,0.7580645161290323,9.059445595754252e-05,0.26122950828801894,0.00030193732806034224,0.0002800458134671786,69.53125,30,5,119.4,559.0,558,1.0,1
YFR001W,56,0.8168831168831169,0.0002396544810473532,0.2701680575686933,0.0004926854473489249,0.0006250825517457681,70.16071428571429,44,0,0.0,0.0,0,0.0,0
YGR103W,79,0.5443037974683544,0.0015179737844142074,0.2779527364572366,0.0007524699819621305,0.0007305563084030432,62.25316455696203,44,4,148.75,559.0,558,1.0,1
YLR197W,92,0.45699952221691353,0.0013514535299270311,0.28197007136098695,0.0008327368075504286,0.0007300023696125923,62.98913043478261,42,7,111.71428571428571,559.0,619,0.8502282102357388,1
YLR221C,8,0.5357142857142857,3.416837210175464e-05,0.2369820367702728,0.00013393495995983896,5.354547612757819e-05,47.75,6,4,148.0,559.0,561,0.9893621084797556,0
YPR010C,31,0.432258064516129,0.0005751552149562886,0.25671306018933543,0.00043813460901619215,0.00010928215014082664,41.67741935483871,16,3,77.33333333333333,195.0,194,1.0,1
YMR080C,14,0.054945054945054944,0.0023416925427772145,0.25456502229541644,0.0003114008423619486,3.4054406127060634e-05,29.142857142857142,7,3,192.33333333333334,559.0,558,1.0,0
YBR144C,2,0.0,0.00021508308905536508,0.2465300748585407,9.269323071094861e-05,2.0278541837382292e-05,106.5,2,0,0.0,0.0,0,0.0,0
YBR145W,2,0.0,0.00021508308905536508,0.2465300748585407,9.269323071094861e-05,2.0278541837382292e-05,106.5,2,0,0.0,0.0,0,0.0,0
YFR049W,21,0.3761904761904762,0.0018259260431998272,0.24958500550907395,0.0004405583649424478,3.1031524362541133e-06,19.80952380952381,13,9,161.77777777777777,559.0,593,0.9319709675949136,0
YHR075C,14,0.8571428571428571,0.0001583360906544423,0.22498403221951013,0.0002541182672592701,1.4243033341431398e-06,24.142857142857142,13,4,101.25,266.0,266,0.999177188253653,0
YIL070C,3,1.0,0.0,0.20779081200882019,7.398618648915588e-05,1.1272900146554345e-06,24.0,3,0,0.0,0.0,0,0.0,0
YKL142W,19,0.45614035087719296,0.004546151196397558,0.2335973062193228,0.0003944938422552804,1.542958268809699e-06,19.473684210526315,13,6,221.83333333333334,559.0,589,0.9439786101197695,0
YPR166C,13,1.0,0.0,0.22280632136785145,0.00022221694983055483,1.201896302547959e-06,25.384615384615383,13,9,161.77777777777777,559.0,593,0.9319709675949136,0
YBR149W,2,0.0,0.0,0.00042158516020236085,0.0003224813268138062,7.350650256042896e-46,1.0,1,0,0.0,0.0,0,0.0,0
YDL211C,1,0.0,0.0,0.00028105677346824053,0.00015831621771793706,5.197694642178564e-46,2.0,1,0,0.0,0.0,0,0.0,0
YNL128W,1,0.0,0.0,0.00028105677346824053,0.00015831621771793706,5.197694642178564e-46,2.0,1,0,0.0,0.0,0,0.0,0
YBR152W,6,0.2,0.0007441489092067886,0.26060358398398636,0.00016524760736233034,7.638341705335319e-05,76.5,5,7,133.57142857142858,559.0,619,0.8502282102357388,1
YGL128C,4,0.6666666666666666,3.553671500242918e-07,0.2272047331851195,0.00010313918261594147,2.156098997992874e-06,35.25,4,6,156.5,559.0,619,0.8502282102357388,1
YLR424W,21,0.10952380952380952,0.002183600841342465,0.2524672836019422,0.00053649118488533,6.326050414003422e-06,22.952380952380953,9,3,217.66666666666666,559.0,558,1.0,1
YBR154C,40,0.4166666666666667,0.0033958465937938905,0.2620792910258234,0.0007193675440106928,2.8663754754730838e-05,25.7,16,11,38.90909090909091,195.0,213,0.8788200903534414,1
YDL150W,19,0.8538011695906432,0.000571242378542023,0.2450718922391093,0.0003181609515451116,1.950493745731225e-05,30.105263157894736,16,2,17.5,18.0,17,1.0,1
YDR045C,10,0.7111111111111111,4.691953579864794e-05,0.23847592123163228,0.0001765499234841634,7.819898758478675e-06,30.4,10,2,17.5,18.0,17,1.0,1
YDR156W,14,0.8571428571428571,0.0004807188793931122,0.2649684043503665,0.0002515869147411281,9.092006225488048e-05,53.0,13,3,77.33333333333333,195.0,194,1.0,0
YDR404C,18,0.7647058823529411,0.001018245632830856,0.24867197662353058,0.0003775770663831675,8.301908252397407e-06,28.944444444444443,13,8,114.75,559.0,763,0.602910874672776,1
YER071C,10,0.0,0.002619283663522863,0.23141043782067383,0.00039016746605006857,3.0095730658729686e-06,7.9,4,0,0.0,0.0,0,0.0,0
YFL023W,5,0.0,0.0006577176472593308,0.22838554417705223,0.00017199560959633165,2.204977135500446e-06,19.0,3,1,7.0,7.0,6,1.0,1
YGR005C,17,0.6323529411764706,0.0027230376673949707,0.25894388613943625,0.0003831210213265667,2.740353227730207e-05,34.1764705882353,12,5,83.8,195.0,265,0.7373070325900515,1
YGR063C,12,0.803030303030303,8.397450704844131e-05,0.24609776168280734,0.0002575662318754512,5.162886118962667e-06,28.833333333333332,11,3,25.333333333333332,55.0,72,0.6216744913928013,0
YGR186W,14,0.8241758241758241,0.0001922206883897748,0.24772327929784008,0.0003016135324378964,7.094247877288228e-06,30.714285714285715,12,4,101.25,195.0,264,0.7423378269385874,1
YIL128W,9,0.08333333333333333,0.00035928485287322557,0.22597736500252794,0.000289157223734114,1.9512822149415503e-06,11.444444444444445,6,0,0.0,0.0,0,0.0,0
YJL011C,14,0.9010989010989011,8.346286257872608e-06,0.23597940068500042,0.00022647622034203076,1.640837735913493e-05,29.642857142857142,13,2,17.5,18.0,17,1.0,1
YJL148W,13,1.0,0.0,0.24315427179905363,0.0002210950416460775,1.701402574325513e-05,34.53846153846154,13,3,77.33333333333333,195.0,194,1.0,0
YKL144C,24,0.6702898550724637,0.0013301570561933206,0.2670338958402079,0.0004313400987460591,9.543821927107806e-05,38.666666666666664,16,4,60.75,195.0,199,0.9538094512968884,1
YLR384C,10,0.37777777777777777,0.001812358993119145,0.23495983101256576,0.0002889491390888266,3.6710798029337705e-06,21.9,6,1,6.0,6.0,5,1.0,0
YLR418C,16,0.7083333333333334,0.00085000038471918,0.256214147881547,0.0003465789317587622,2.6135173069253132e-05,36.875,13,6,57.166666666666664,195.0,219,0.8371664362615726,0
YML010W,18,0.5163398692810458,0.0006394774571548421,0.25863600446041657,0.00037772865767203584,2.5616751103134658e-05,28.944444444444443,12,3,11.666666666666666,19.0,31,0.6946236559139785,1
YNL113W,28,0.5423280423280423,0.0006741762511583165,0.25472897892316104,0.000478617239021066,3.583728399641702e-05,27.5,16,6,46.666666666666664,195.0,199,0.9538094512968884,1
YNL151C,19,0.9415204678362573,3.8099683274168486e-06,0.24485120615874986,0.00030689470050228085,1.9938321877745938e-05,31.105263157894736,16,4,60.75,195.0,199,0.9538094512968884,1
YNL248C,21,0.8809523809523809,2.0227988691851643e-06,0.2446171622731891,0.000334157240633234,2.2254107262487704e-05,29.904761904761905,16,3,77.33333333333333,195.0,194,1.0,0
YOL005C,17,0.8602941176470589,8.48102889184131e-06,0.24837384283104977,0.0003338960154820785,8.280871546136912e-06,30.294117647058822,13,6,57.166666666666664,195.0,208,0.9184318097361576,1
YOR151C,31,0.43655913978494626,0.0010686616699989192,0.2625062590375109,0.0006063088186124371,1.566595666552886e-05,27.516129032258064,13,6,57.166666666666664,195.0,208,0.9184318097361576,1
YOR207C,33,0.4071969696969697,0.0013240234201468228,0.26532391480323647,0.0005054877975133535,7.59392686703573e-05,37.121212121212125,16,5,50.8,195.0,209,0.8665807876334192,1
YOR210W,33,0.48295454545454547,0.001144740311832898,0.2610414155183408,0.0006024651388788343,2.7511088553917527e-05,26.757575757575758,16,11,38.90909090909091,195.0,213,0.8788200903534414,1
YOR224C,36,0.4746031746031746,0.0027148960311419385,0.2701680575686933,0.0006241028427275336,8.235898594952504e-05,30.22222222222222,16,11,38.90909090909091,195.0,213,0.8788200903534414,1
YOR340C,24,0.7282608695652174,0.00016478112720855412,0.24955637188255994,0.00039974276025908775,2.5546078181521094e-05,27.875,16,3,77.33333333333333,195.0,194,1.0,1
YPR187W,38,0.4438122332859175,0.003535991471866489,0.26966566856930935,0.0006731158308540636,2.9541183288796074e-05,28.86842105263158,16,11,38.90909090909091,195.0,213,0.8788200903534414,1
YPR190C,22,0.7965367965367965,3.725425502092385e-05,0.24908486379415248,0.0003359410766901707,4.066222844203971e-05,35.63636363636363,16,4,60.75,195.0,199,0.9538094512968884,1
YBR155W,8,0.14285714285714285,0.0010262112082699893,0.26322097235168607,0.00028290743198189675,0.00011269866027137474,55.0,5,0,0.0,0.0,0,0.0,1
YDR463W,1,0.0,0.0,0.20647917565394722,6.217124771218572e-05,1.4090963676408419e-06,8.0,1,3,74.0,131.0,130,1.0,0
YGR187C,4,0.16666666666666666,0.0012202546356196756,0.26255378581947303,0.0001316190999146741,0.00011286877376419122,120.0,4,0,0.0,0.0,0,0.0,0
YJR032W,5,0.3,5.4079102531802684e-05,0.22589522981612065,0.00016543116641547153,1.828471525817899e-06,11.0,4,0,0.0,0.0,0,0.0,0
YLL026W,9,0.027777777777777776,0.0005317199868157438,0.25478865189040517,0.0002744879521056442,2.298070060497229e-05,27.0,5,0,0.0,0.0,0,0.0,0
YGR113W,19,0.05847953216374269,0.0021458543409516783,0.2581908742450248,0.0005359443192760142,5.974259069613986e-06,19.57894736842105,7,8,25.0,55.0,75,0.6731531531531532,1
YBR157C,1,0.0,0.0,0.21362711667216636,5.890598607902629e-05,2.7419252093118644e-07,62.0,1,0,0.0,0.0,0,0.0,0
YBR158W,1,0.0,0.0,0.00021079258010118043,0.00021303792074989342,2.5939109905631997e-48,1.0,1,0,0.0,0.0,0,0.0,1
YDR111C,1,0.0,0.0,0.00021079258010118043,0.00021303792074989342,2.5939109905631997e-48,1.0,1,0,0.0,0.0,0,0.0,0
YDL106C,4,0.0,7.288364047955347e-05,0.21935744622743245,0.00014363300592417898,7.212378286164668e-07,11.5,4,0,0.0,0.0,0,0.0,0
YDR113C,6,0.0,0.0007536290897509259,0.22961504359680518,0.00022396298359663092,1.9578371949657096e-06,13.0,4,3,4.666666666666667,9.0,8,1.0,1
YFL029C,4,0.0,0.0005528144245670171,0.20423999957883046,0.00022580936864749103,2.0023368913146253e-07,7.75,2,0,0.0,0.0,0,0.0,1
YIL050W,7,0.0,0.0005988893495642002,0.24735707476851646,0.0002119356259422055,4.110595411234173e-05,32.142857142857146,4,1,14.0,14.0,13,1.0,0
YJR090C,10,0.08888888888888889,0.0024734947579864402,0.25118453989772904,0.0003608716580369672,5.5176847110620374e-05,22.9,6,5,17.2,58.0,57,1.0,0
YKL108W,2,0.0,1.1491998624594986e-05,0.20478799807139275,9.312304602571386e-05,2.060023460626278e-07,13.5,2,2,11.5,21.0,20,1.0,1
YKR077W,2,1.0,0.0,0.21854203200023448,8.719041860826696e-05,1.1675768558154768e-06,19.0,2,0,0.0,0.0,0,0.0,0
YMR199W,12,0.13636363636363635,0.0016808114666412494,0.2639716176827054,0.0003711849318271534,7.630859545358972e-05,34.5,6,3,12.333333333333334,25.0,24,1.0,0
YNL298W,13,0.1794871794871795,0.0007397383195926675,0.2525552206564883,0.0003428613808737444,2.3316910063168865e-05,17.153846153846153,6,0,0.0,0.0,0,0.0,0
YNL309W,6,0.26666666666666666,0.00012584800562961477,0.23171857422256553,0.00020104639226506632,2.0263158618465394e-06,13.166666666666666,4,6,73.16666666666667,195.0,255,0.7764397097421646,0
YPL256C,12,0.16666666666666666,0.0004198636981889564,0.23897370123749892,0.0003697594324943508,2.7234964908230865e-06,10.25,6,4,12.75,25.0,30,0.7655172413793103,0
YPR120C,15,0.02857142857142857,0.0025958614645857536,0.269281767209004,0.000522226522481403,7.837422134762879e-05,28.466666666666665,6,3,12.333333333333334,25.0,24,1.0,1
YBR161W,1,0.0,0.0,0.24844476220825013,6.329793281441496e-05,7.483014955808876e-05,294.0,1,1,2.0,2.0,1,0.0,0
YBR192W,3,0.0,0.00017119941897524444,0.23517575171785868,0.00013392976604183877,5.4281323921372646e-05,39.666666666666664,3,0,0.0,0.0,0,0.0,1
YCR012W,8,0.14285714285714285,0.0004052310402975039,0.2350613913458325,0.0002656745928393273,1.301224525432112e-06,13.875,5,1,11.0,11.0,10,1.0,1
YGR249W,10,0.0,0.0010927231244550132,0.2601983391763557,0.00031312575292445903,5.326092107230004e-06,28.6,5,0,0.0,0.0,0,0.0,0
YNL217W,1,0.0,0.0,0.18027249952466198,7.283566640793767e-05,1.2605084460733521e-08,7.0,1,0,0.0,0.0,0,0.0,0
YOL028C,1,0.0,0.0,0.18027249952466198,7.283566640793767e-05,1.2605084460733521e-08,7.0,1,0,0.0,0.0,0,0.0,0
YPR155C,2,0.0,0.00010318486153134821,0.2292762177090207,0.00010315756421297987,1.8576588718791144e-05,60.0,2,0,0.0,0.0,0,0.0,0
YIL027C,1,0.0,0.0,0.16801901019691298,8.263620756420817e-05,6.2212696567255e-09,3.0,1,0,0.0,0.0,0,0.0,0
YML108W,3,0.0,0.00016364815807514774,0.23084560283501368,0.0001585836299155987,1.925339178103465e-05,39.333333333333336,2,0,0.0,0.0,0,0.0,0
YBR166C,3,0.3333333333333333,7.082486301238252e-05,0.225485447860924,0.00011219201817509351,8.443953175541385e-07,39.333333333333336,3,0,0.0,0.0,0,0.0,0
YDR127W,7,0.2857142857142857,0.0005377294385825829,0.24288277305876887,0.00021178761500582457,2.414808752447782e-06,18.285714285714285,6,0,0.0,0.0,0,0.0,0
YJR109C,9,0.25,0.0005684708766392507,0.23969786396852164,0.0002683829268239595,3.6762170939017455e-06,11.444444444444445,6,1,2.0,2.0,1,0.0,0
YBR168W,1,0.0,0.0,0.22119769325954178,6.372271585912358e-05,3.6037988854102294e-05,95.0,1,0,0.0,0.0,0,0.0,1
YIL077C,2,0.0,3.636060998518139e-05,0.17943232826151395,0.00011718688791169697,8.592993455495052e-09,3.5,2,0,0.0,0.0,0,0.0,0
YDR259C,24,0.03260869565217391,0.008705304166891973,0.2872386261077953,0.0007172091649868938,4.946856026386508e-05,31.041666666666668,8,0,0.0,0.0,0,0.0,0
YGR048W,10,0.06666666666666667,0.0004280938748288563,0.22610655532605725,0.00034012202977402027,3.5749155154003075e-05,8.6,4,1,3.0,3.0,2,1.0,1
YBR171W,7,0.19047619047619047,0.00042700234761489276,0.23846284976039617,0.0002671616451995163,2.05465073564731e-05,18.857142857142858,3,4,12.25,29.0,28,1.0,0
YCL057W,1,0.0,0.0,0.19092935271783848,6.447172182370244e-05,2.568908011650703e-07,7.0,1,0,0.0,0.0,0,0.0,0
YDR245W,6,0.26666666666666666,0.00011415371685156036,0.20396231744156904,0.0002382507310576909,3.2658310693821826e-07,5.333333333333333,3,3,7.333333333333333,9.0,11,0.7818181818181819,0
YLR292C,4,0.5,0.00015950624602863194,0.2526285483438051,0.00015976180045732522,7.543624219925323e-05,78.0,3,4,12.25,29.0,28,1.0,0
YOR254C,5,0.4,6.247818247054969e-05,0.21339658758172697,0.00020050335865030798,2.4621865560061993e-06,5.6,3,4,12.25,29.0,28,1.0,1
YPL094C,6,0.2,0.0002634803609815482,0.24594472446315044,0.00021000547217519587,2.5107584292122164e-05,30.333333333333332,3,4,12.25,29.0,28,1.0,1
YBR172C,2,1.0,0.0,0.19169492095301466,7.973749098215717e-05,4.602638912744259e-08,13.5,2,3,37.666666666666664,73.0,72,1.0,0
YKL074C,9,0.1388888888888889,0.0009975322816361879,0.22919166742327823,0.00023607365106840272,1.3756167715243172e-06,18.666666666666668,6,8,121.375,559.0,619,0.8502282102357388,0
YHR177W,3,0.0,0.00014113025090655272,0.23635118330138902,0.0001127666550852432,1.9326661376291465e-05,52.0,3,0,0.0,0.0,0,0.0,0
YIL160C,4,0.3333333333333333,2.103566555765452e-05,0.213114344617844,0.00015193014652635663,8.129409678275684e-07,8.0,3,0,0.0,0.0,0,0.0,0
YOR047C,34,0.0071301247771836,0.011551533668028104,0.28586084703519726,0.0010239080988852674,4.985385331617e-05,20.558823529411764,9,0,0.0,0.0,0,0.0,0
YBR176W,7,0.14285714285714285,0.0012352671725808784,0.26358777528195504,0.00020198202038013347,4.2040529262642356e-05,68.57142857142857,7,0,0.0,0.0,0,0.0,0
YLR291C,28,0.08465608465608465,0.0045713944287218925,0.27410006495896344,0.0007098829713580539,3.0325299788919755e-05,15.607142857142858,8,5,63.2,266.0,270,0.9641470466749277,1
YHR122W,5,0.0,0.0006116336194277383,0.18315649522286312,0.0004140966824280659,2.4524242251470757e-08,1.6,2,0,0.0,0.0,0,0.0,1
YBR179C,1,0.0,0.0,0.2019175824296235,5.5544004462438904e-05,1.8022881572985898e-05,32.0,1,1,3.0,3.0,2,1.0,0
YBR180W,1,0.0,0.0,0.2171349686079391,6.370513031120244e-05,5.574244565402477e-07,63.0,1,0,0.0,0.0,0,0.0,0
YBR184W,2,0.0,5.3408541152417684e-05,0.24919900509959145,9.487043891166525e-05,7.484788751188535e-05,149.0,2,0,0.0,0.0,0,0.0,0
YNL225C,4,0.3333333333333333,1.069920745321388e-05,0.22794279739225967,0.000148772557758373,1.4125534142206282e-06,12.25,3,4,17.0,32.0,31,1.0,1
YBR185C,1,0.0,0.0,0.2046050054568343,5.2804079509948326e-05,9.656961276305222e-07,36.0,1,0,0.0,0.0,0,0.0,0
YBR186W,2,0.0,0.0001356782229610049,0.230539782260011,9.38403901977633e-05,1.2086260469788217e-06,50.5,2,0,0.0,0.0,0,0.0,0
YBR187W,3,0.0,9.534682641847402e-05,0.21512714389698204,0.00011274215709276418,1.4661131584299905e-06,17.0,3,0,0.0,0.0,0,0.0,0
YNR032W,5,0.1,0.0001004032650509734,0.20917954760210922,0.0001825088524788867,1.4260536539001637e-07,9.0,4,0,0.0,0.0,0,0.0,0
YPR171W,10,0.13333333333333333,0.0012363470299966942,0.24489255451892303,0.0003372999300428348,3.988012400348365e-05,20.9,6,0,0.0,0.0,0,0.0,0
YBR188C,5,0.2,0.0002498264228752347,0.2371499717104752,0.00014672408201817335,1.686582684889119e-06,30.2,5,6,145.33333333333334,559.0,619,0.8502282102357388,0
YBR190W,1,0.0,0.0,0.20103120147075773,5.4609848121842584e-05,1.9257071745449413e-07,14.0,1,0,0.0,0.0,0,0.0,1
YER078C,4,0.0,0.000259473231053607,0.23379816374831622,0.00015427701690336418,3.7356827832485836e-05,35.25,3,0,0.0,0.0,0,0.0,0
YBR193C,10,0.13333333333333333,0.003387733551927019,0.28253774717681956,0.0002793147625274784,0.0001334244009069423,76.5,9,6,59.5,195.0,211,0.9097269239449334,1
YEL037C,22,0.1471861471861472,0.0012318777758355411,0.254222885001383,0.00045615912198588773,9.742619825444253e-06,25.681818181818183,10,7,42.57142857142857,195.0,240,0.6874128312412832,0
YOR264W,27,0.0,0.0072273414328007796,0.26279167810502374,0.0009967881392248304,1.158316899883911e-05,8.37037037037037,6,0,0.0,0.0,0,0.0,0
YBR194W,1,0.0,0.0,0.16956449433015036,8.669734903931422e-05,1.2043635415221455e-08,3.0,1,0,0.0,0.0,0,0.0,0
YPR152C,3,0.0,0.00022522013874467578,0.20603913005108537,0.00019292144080918248,9.619805989303998e-07,5.666666666666667,2,2,325.0,559.0,558,1.0,0
YBR195C,4,0.16666666666666666,0.00025840207994110687,0.20933052162963325,0.00018766804395187208,1.0218079310045737e-06,6.5,2,5,23.0,83.0,86,0.9124487004103967,0
YHR004C,1,0.0,0.0,0.17178741287378746,7.178830421901174e-05,1.2807046100706217e-08,4.0,1,1,2.0,2.0,1,0.0,0
YML102W,3,0.3333333333333333,2.3306569239188616e-05,0.1927565897664452,0.00015295438515340552,6.973862169352797e-07,4.0,2,4,25.75,83.0,86,0.9124487004103967,0
YPR018W,6,0.26666666666666666,0.00036922273017549065,0.2346556758915139,0.00022856259541181512,5.473119792795344e-05,19.833333333333332,4,4,25.75,83.0,86,0.9124487004103967,0
YBR196C,3,0.3333333333333333,0.00014351368566131742,0.2169617111025667,0.00011918144536734321,1.45200603821926e-06,13.333333333333334,3,0,0.0,0.0,0,0.0,1
YBR197C,3,0.0,0.0003569267653489439,0.2446721911607147,0.00010841326904051284,7.43592521209429e-05,51.0,3,0,0.0,0.0,0,0.0,0
YDR145W,18,0.5882352941176471,0.0004243534769262523,0.245486752681902,0.00040143148974246327,7.7374946011147e-06,23.77777777777778,13,14,45.57142857142857,195.0,266,0.731961980422755,1
YDR167W,35,0.17142857142857143,0.010250426163439115,0.28524234402233595,0.0008747803310722743,9.41707973571683e-05,27.62857142857143,13,14,45.57142857142857,195.0,266,0.731961980422755,1
YFR051C,13,0.46153846153846156,0.00033430584155993954,0.24991476510964314,0.0003274462440620276,2.385356646067116e-05,15.615384615384615,9,6,30.166666666666668,95.0,107,0.8236642567448422,1
YGL112C,34,0.28698752228163993,0.0026300129655937,0.26919845498599515,0.0007647383892227478,5.547028002903104e-05,24.029411764705884,13,15,42.86666666666667,195.0,266,0.731961980422755,1
YGR274C,23,0.3952569169960474,0.0006513825114623704,0.2528340925802678,0.000489079062666785,9.574031914563865e-06,23.565217391304348,13,8,59.25,195.0,266,0.731961980422755,1
YHR099W,11,0.23636363636363636,0.0004175186095278143,0.24386301743434236,0.0003042580862596352,4.121480469870046e-06,16.636363636363637,7,13,40.53846153846154,195.0,257,0.7653818093385214,1
YHR137W,2,0.0,5.160177479839448e-06,0.21986739935455946,8.793758624084884e-05,1.179618500583679e-06,15.5,2,0,0.0,0.0,0,0.0,0
YML015C,19,0.49122807017543857,0.003045762089948483,0.2693484541251033,0.0004406977951916794,8.212295927906468e-05,38.26315789473684,13,8,59.25,195.0,266,0.731961980422755,1
YML061C,2,0.0,0.00020198186801602362,0.2089284075795355,0.00012305645750561393,4.7563019711873163e-07,14.5,1,0,0.0,0.0,0,0.0,0
YML098W,15,0.7523809523809524,0.0002045162454270659,0.2520431163332754,0.0003297428813429094,8.092277244898844e-06,27.533333333333335,13,8,59.25,195.0,266,0.731961980422755,1
YMR227C,13,1.0,0.0,0.2433038549873423,0.0002777430603397919,7.473115781912439e-06,30.153846153846153,13,8,59.25,195.0,266,0.731961980422755,1
YMR236W,24,0.35507246376811596,0.0016061215708358973,0.26602153791296734,0.0005261850184924909,2.2486312539787007e-05,28.125,13,14,45.57142857142857,195.0,266,0.731961980422755,1
YPL011C,17,0.6544117647058824,0.0003459150738733283,0.2569556571394878,0.0003838703425925779,2.7230153122161372e-05,31.294117647058822,13,8,59.25,195.0,266,0.731961980422755,1
YPR072W,11,0.38181818181818183,0.0004786096400021897,0.23812349376183184,0.0002401625561649027,1.1391635846448363e-05,25.0,10,7,63.142857142857146,195.0,255,0.7764397097421646,0
YEL043W,10,0.13333333333333333,0.00031119294272176725,0.2496136457070783,0.00028972410988616076,4.08781612769306e-06,20.3,6,2,452.5,559.0,558,1.0,0
YGR134W,2,0.0,4.2580922842775134e-05,0.1927565897664452,0.00010962123695837375,2.683737181490094e-07,7.5,2,3,51.333333333333336,133.0,132,1.0,0
YBR201W,3,0.0,0.000355973078895091,0.23830610380306025,0.00011939781069834649,5.475968367237011e-05,56.0,3,2,31.5,58.0,57,1.0,0
YBR203W,1,0.0,0.0,0.18138487517317775,7.429819736003065e-05,2.7803997181782112e-08,3.0,1,0,0.0,0.0,0,0.0,0
YBR204C,1,0.0,0.0,0.16608193285087489,8.305278328286017e-05,1.5752454383085022e-09,2.0,1,0,0.0,0.0,0,0.0,0
YPL096W,2,0.0,0.00020198186801602362,0.20091979083862133,0.00012027690085825873,1.2362466418156593e-07,11.5,1,1,2.0,2.0,1,0.0,0
YDL101C,8,0.0,0.0005107292853385756,0.22329806657232806,0.0003019485231534694,9.574419367204242e-07,7.625,4,0,0.0,0.0,0,0.0,0
YFL038C,17,0.125,0.002476483986588455,0.2642923413540288,0.0004608316556580308,4.387664519742194e-05,23.176470588235293,7,0,0.0,0.0,0,0.0,1
YHR105W,5,0.0,8.944477122032738e-05,0.21375306986825862,0.00016497592893658478,2.2561805916909554e-06,11.8,4,0,0.0,0.0,0,0.0,0
YPR107C,11,0.6727272727272727,5.334076695170766e-05,0.23052756629020071,0.00022517430160786083,4.872658293246664e-06,16.90909090909091,9,3,17.333333333333332,20.0,22,0.9264069264069265,1
YBR207W,3,0.0,0.00040396373603204724,0.17290712734107022,0.000237870397886133,4.3225091854572995e-09,2.3333333333333335,1,1,2.0,2.0,1,0.0,0
YFL041W,1,0.0,0.0,0.14646723331073183,9.777760568410905e-05,5.411801648836905e-11,3.0,1,1,2.0,2.0,1,0.0,0
YOR068C,1,0.0,0.0,0.14646723331073183,9.777760568410905e-05,5.411801648836905e-11,3.0,1,0,0.0,0.0,0,0.0,0
YBR208C,1,0.0,0.0,0.20183327446201196,6.310329622568925e-05,7.247678128257885e-07,19.0,1,0,0.0,0.0,0,0.0,0
YBR209W,1,0.0,0.0,0.22862558363701024,6.227758591752623e-05,1.8563983634330408e-05,113.0,1,0,0.0,0.0,0,0.0,0
YBR211C,5,0.0,0.0002655536221889973,0.23713704518852435,0.0001778172708916169,1.9912495287225223e-05,20.8,4,5,29.6,55.0,75,0.6731531531531532,1
YGR179C,2,0.0,7.783880066785961e-06,0.19888074198988195,9.152304238633965e-05,2.546791012744377e-07,8.0,2,7,23.0,55.0,54,1.0,1
YLR052W,6,0.06666666666666667,0.0002570288500230471,0.2146918787519082,0.00023698910076834016,6.01181160970236e-07,6.333333333333333,4,2,47.5,83.0,82,1.0,0
YBR212W,1,0.0,0.0,0.18202235182748283,5.1927700876373824e-05,1.994388683334388e-07,6.0,1,2,287.5,559.0,558,1.0,0
YMR206W,3,0.0,0.0002007377839507509,0.2446721911607147,0.0001361402392696534,2.088569846098386e-05,52.666666666666664,2,0,0.0,0.0,0,0.0,0
YBR214W,1,0.0,0.0,0.21231351476397772,6.0515880956947507e-05,2.444590563744967e-07,37.0,1,0,0.0,0.0,0,0.0,0
YBR215W,1,0.0,0.0,0.22063679029458708,6.349331199239502e-05,9.786882235304224e-07,80.0,1,3,32.333333333333336,83.0,82,1.0,0
YBR216C,3,0.6666666666666666,2.8258917945748927e-06,0.2445484109628256,0.00011047603924047725,2.3235285807081212e-05,64.0,3,0,0.0,0.0,0,0.0,0
YML007W,9,0.19444444444444445,0.001145498458411274,0.26349198903934756,0.00029841182641776246,0.00013294186678846812,53.888888888888886,6,2,10.5,12.0,18,0.7647058823529411,0
YDR022C,4,0.16666666666666666,0.000685112669919247,0.25213075810076313,0.00014451570215936582,5.5748811141096005e-05,57.75,4,0,0.0,0.0,0,0.0,0
YDR465C,4,0.16666666666666666,0.00021307109225624697,0.2403467339389353,0.00019873009819389146,2.008772437519959e-05,41.75,2,0,0.0,0.0,0,0.0,0
YGL078C,1,0.0,0.0,0.20676375795012916,6.38702263200198e-05,3.26050026816244e-07,14.0,1,0,0.0,0.0,0,0.0,0
YLL042C,2,0.0,0.00013271680120618653,0.25265789134262545,9.52124710219507e-05,7.5156199584905e-05,154.0,2,0,0.0,0.0,0,0.0,0
YLR031W,2,0.0,2.27756274237263e-06,0.2113748047336832,9.224831616716579e-05,3.5457585542984756e-07,10.5,2,0,0.0,0.0,0,0.0,0
YML055W,6,0.06666666666666667,0.00024379619251395108,0.2512570736949851,0.00022378070902133264,3.944423944176418e-05,27.166666666666668,4,3,12.0,29.0,29,0.9359605911330049,0
YMR159C,13,0.02564102564102564,0.0028480121954721233,0.2681035453890841,0.0004628527068183713,9.535982964649303e-05,28.53846153846154,6,1,3.0,3.0,2,1.0,0
YBR218C,4,0.3333333333333333,1.5488138135255694e-05,0.21583153400945912,0.0001435536490199722,3.5639257343251826e-07,10.0,4,0,0.0,0.0,0,0.0,0
YGL062W,4,0.3333333333333333,3.8390093502897745e-06,0.2128120251933996,0.0001450615396108506,3.4693958915524187e-07,8.75,4,0,0.0,0.0,0,0.0,0
YLR438W,10,0.06666666666666667,0.0005708072701698823,0.23171857422256553,0.0003449003872361988,2.317427489942552e-06,6.8,4,0,0.0,0.0,0,0.0,0
YBR220C,1,0.0,0.0,0.2046050054568343,5.2804079509948326e-05,9.656961276305222e-07,36.0,1,0,0.0,0.0,0,0.0,0
YBR221C,8,0.25,0.0006449536846951054,0.24352175936348547,0.0002842877607488088,3.801966271921131e-05,20.625,5,4,5.5,7.0,7,0.9047619047619048,0
YGR193C,8,0.2857142857142857,0.00020468421042183375,0.22856552648043857,0.00027196041878831763,2.3487286369571614e-06,10.625,5,4,5.5,7.0,7,0.9047619047619048,0
YLR218C,1,0.0,0.0,0.19415879997450206,6.229236399747724e-05,4.7537877711814757e-07,8.0,1,0,0.0,0.0,0,0.0,0
YNL071W,5,0.7,2.190264246282643e-05,0.217308503048385,0.00019114008104772625,2.235213700987546e-06,9.4,4,4,5.5,7.0,7,0.9047619047619048,0
YBR223C,1,0.0,0.0,0.2267074638368248,6.276550565465394e-05,1.7764133078220926e-06,26.0,1,0,0.0,0.0,0,0.0,0
YBR225W,1,0.0,0.0,0.15540333027428713,9.011629938784115e-05,9.963804145826232e-10,2.0,1,0,0.0,0.0,0,0.0,0
YGL197W,2,0.0,0.00020198186801602362,0.18549934895444795,0.00013715805434341704,7.594216653464096e-08,3.0,1,0,0.0,0.0,0,0.0,0
YDL049C,4,0.0,0.0006058923666434704,0.18053432778772793,0.0002768314016760245,2.848770586467691e-08,8.0,1,0,0.0,0.0,0,0.0,0
YBR228W,2,0.0,6.910017295341324e-05,0.2091896057618247,8.004391640184086e-05,1.0406981438484896e-06,21.0,2,1,2.0,2.0,1,0.0,0
YLR135W,6,0.06666666666666667,0.0027788700314932326,0.2280025276992122,0.00019172799053432228,5.909197317637911e-06,27.666666666666668,3,1,2.0,2.0,1,0.0,0
YBR230C,2,0.0,0.00020198186801602362,0.1994643175933551,0.00015442491592566705,9.40203814236911e-07,3.0,1,0,0.0,0.0,0,0.0,0
YDR506C,1,0.0,0.0,0.1650861849136215,9.721164141690455e-05,1.1758236571202878e-08,2.0,1,0,0.0,0.0,0,0.0,0
YOR014W,5,0.0,0.001799026628228439,0.25189718204091643,0.00022694465028817452,7.518054255256647e-05,62.8,3,2,4.5,6.0,5,1.0,0
YBR231C,3,0.0,0.00045755243335977353,0.2526138794001085,0.00015459463215509973,7.511609068688924e-05,119.0,2,2,48.0,83.0,82,1.0,0
YNR030W,1,0.0,0.0,0.19989506667104703,7.621897146439018e-05,9.393308708185621e-07,3.0,1,0,0.0,0.0,0,0.0,0
YBR233W,1,0.0,0.0,0.17097725411784898,8.164678773654179e-05,1.891235970070688e-08,3.0,1,1,559.0,559.0,558,1.0,0
YBR234C,10,0.4888888888888889,0.000608334249350073,0.25574723596664906,0.00028336125453526275,2.5548229682118146e-05,29.5,6,5,29.2,73.0,77,0.8855092276144908,1
YDL029W,12,0.42424242424242425,8.982074479203241e-05,0.23527749883882254,0.0003221594877543258,8.145644730584866e-06,15.0,6,7,35.285714285714285,95.0,163,0.5252594107399834,1
YIL062C,6,1.0,0.0,0.22342421071429067,0.00017741261840919,2.6693209784862643e-06,9.5,6,4,29.0,95.0,96,0.962280701754386,1
YJR065C,11,0.41818181818181815,0.0007025932705335419,0.24971393818325496,0.000303594017914309,2.4562962760024796e-05,23.636363636363637,6,4,29.0,95.0,96,0.962280701754386,1
YKL013C,9,0.5833333333333334,3.8230452401955644e-05,0.2288902105029025,0.00026109494297169066,5.3393286255288575e-06,11.88888888888889,6,4,29.0,95.0,96,0.962280701754386,1
YLR370C,7,0.7142857142857143,0.00021821451884385308,0.25698601400133897,0.00020850700732757168,7.657535749011161e-05,50.0,6,4,29.0,95.0,96,0.962280701754386,0
YBR235W,1,0.0,0.0,0.2244037876426816,5.9410110270012165e-05,1.0536908303185695e-06,60.0,1,0,0.0,0.0,0,0.0,0
YBR237W,1,0.0,0.0,0.20431673465592765,5.468809154629057e-05,7.109893304571903e-08,13.0,1,6,156.5,559.0,619,0.8502282102357388,1
YDR073W,13,0.32051282051282054,0.0007831714642083328,0.2597168068192149,0.0003474610757491406,5.63953919987326e-06,26.53846153846154,8,6,64.5,195.0,269,0.6211507518171225,0
YBR238C,1,0.0,0.0,0.00021079258010118043,0.00021303792074989342,2.5939109905631997e-48,1.0,1,0,0.0,0.0,0,0.0,0
YKR043C,1,0.0,0.0,0.00021079258010118043,0.00021303792074989342,2.5939109905631997e-48,1.0,1,0,0.0,0.0,0,0.0,0
YBR239C,3,0.0,3.259317854707455e-05,0.21122086862303577,0.00014639956446476106,1.6565073971333801e-06,3.6666666666666665,3,0,0.0,0.0,0,0.0,0
YPL133C,3,0.0,4.8233183136649126e-05,0.23206466266755577,0.00012807308500376879,2.0817749024528495e-05,14.0,3,0,0.0,0.0,0,0.0,0
YBR240C,1,0.0,0.0,0.22119769325954178,6.372271585912358e-05,3.6037988854102294e-05,95.0,1,0,0.0,0.0,0,0.0,0
YBR241C,1,0.0,0.0,0.22119769325954178,6.372271585912358e-05,3.6037988854102294e-05,95.0,1,0,0.0,0.0,0,0.0,0
YBR242W,1,0.0,0.0,0.22319496362757377,6.365707353014793e-05,1.8970628619316255e-05,42.0,1,0,0.0,0.0,0,0.0,0
YBR243C,1,0.0,0.0,0.22119769325954178,6.372271585912358e-05,3.6037988854102294e-05,95.0,1,0,0.0,0.0,0,0.0,1
YBR244W,1,0.0,0.0,0.20103120147075773,5.4609848121842584e-05,1.9257071745449413e-07,14.0,1,0,0.0,0.0,0,0.0,0
YBR246W,1,0.0,0.0,0.15305246195351513,9.321733041428321e-05,4.2923004853678506e-10,2.0,1,0,0.0,0.0,0,0.0,0
YDR520C,2,0.0,0.00020198186801602362,0.1821595373708775,0.00014363244833355188,3.398100258884505e-08,4.0,1,0,0.0,0.0,0,0.0,0
YML130C,6,0.26666666666666666,0.00034037733371946184,0.21855301070173153,0.0001642449127728448,1.2832011327949694e-05,24.333333333333332,5,0,0.0,0.0,0,0.0,1
YMR093W,60,0.6474576271186441,0.0006722879872524009,0.2730335277412243,0.00057783544844233,0.00046093990961702705,60.31666666666667,39,3,204.0,559.0,559,0.9964542417655696,1
YBR248C,1,0.0,0.0,0.17381207475144497,8.950537393727451e-05,2.2082797332404257e-07,2.0,1,0,0.0,0.0,0,0.0,0
YBR249C,4,0.0,0.002362400803560373,0.22158073907653397,0.00024712969168255467,3.60646226640509e-05,25.5,2,0,0.0,0.0,0,0.0,0
YEL047C,1,0.0,0.0,0.17995186263354845,8.505155127836735e-05,4.508559873951027e-07,4.0,1,2,452.5,559.0,558,1.0,0
YGL026C,5,0.1,0.00017699597784425343,0.21305172531971928,0.00023265183488503107,1.2276936813344725e-06,6.2,3,0,0.0,0.0,0,0.0,0
YOR050C,1,0.0,0.0,0.17995186263354845,8.505155127836735e-05,4.508559873951027e-07,4.0,1,0,0.0,0.0,0,0.0,0
YBR250W,2,0.0,4.356463071527436e-05,0.18375992528104193,0.00012952481939765807,1.3477405547931785e-08,4.0,2,0,0.0,0.0,0,0.0,0
YML038C,6,0.0,0.0017754175319923816,0.22709799191045923,0.00028588650059097715,1.0463823628261733e-06,19.333333333333332,3,0,0.0,0.0,0,0.0,0
YNL012W,2,0.0,3.85580954827556e-06,0.17032127123003046,0.00013557235366827618,6.89931073094255e-09,2.0,2,0,0.0,0.0,0,0.0,0
YDL138W,13,0.0,0.003548079104524526,0.23813652805455515,0.0005527970113509518,2.3787830954107664e-05,12.384615384615385,4,0,0.0,0.0,0,0.0,0
YLR439W,20,0.7631578947368421,6.094805295180531e-05,0.22011212906798217,0.00019842125009573357,2.278354018669415e-06,33.6,19,7,202.14285714285714,559.0,589,0.9439786101197695,0
YLL037W,2,0.0,2.8904580702902755e-06,0.21151868101072868,9.872787584937808e-05,2.231387287889289e-07,21.0,2,0,0.0,0.0,0,0.0,1
YBR253W,18,0.5947712418300654,0.0008127615258850044,0.26121382353819683,0.0004192158666519907,0.000138713313892188,33.44444444444444,10,6,59.5,195.0,211,0.9097269239449334,1
YCR081W,14,0.6923076923076923,0.00025777176214474777,0.2546097168039251,0.00032026921564613797,4.8416442965693835e-05,32.714285714285715,10,4,46.75,133.0,172,0.7451380388956889,0
YDR308C,19,0.4152046783625731,0.0009938597271986914,0.2653886555864496,0.00045305935333449064,8.625069221161127e-05,31.36842105263158,10,5,70.0,195.0,211,0.9097269239449334,1
YGR104C,16,0.6666666666666666,0.0001015966768950572,0.25519217685527146,0.00036435936048016446,8.375905381564235e-05,30.9375,10,6,59.5,195.0,211,0.9097269239449334,0
YLR071C,19,0.49707602339181284,0.0010056275204142699,0.26352391005080067,0.000441360393775408,8.487938961206109e-05,28.526315789473685,10,5,70.0,195.0,211,0.9097269239449334,1
YMR112C,6,0.6666666666666666,8.294187719408932e-05,0.24581965369130226,0.0001680091269917893,5.9276510853918276e-05,41.333333333333336,6,6,59.5,195.0,211,0.9097269239449334,1
YNL236W,24,0.14130434782608695,0.0035565944215927244,0.2523647677376105,0.0006400922817857275,4.4148672056872126e-05,15.333333333333334,10,5,70.0,195.0,211,0.9097269239449334,0
YOL051W,17,0.4632352941176471,0.00032395441287337063,0.24409561976259148,0.00040454516176869,6.358623889417416e-05,21.58823529411765,10,5,70.0,195.0,211,0.9097269239449334,0
YPL248C,17,0.14705882352941177,0.0020646032799311828,0.26352391005080067,0.00041548863990620993,6.332090212358286e-05,32.35294117647059,10,4,68.75,195.0,194,1.0,0
YBR254C,7,0.23809523809523808,0.00048051566206107316,0.20781066305367413,0.00029736319182904747,1.8110060122661377e-05,8.0,4,3,37.333333333333336,95.0,94,1.0,1
YDR472W,4,0.6666666666666666,0.0001340414714969027,0.22533362153771522,0.00015440443117169925,2.4062433008244547e-06,20.5,4,3,37.333333333333336,95.0,94,1.0,1
YJR116W,2,0.0,1.6743415699864968e-05,0.20092907034124644,9.725871988533529e-05,3.3253398107401894e-07,13.0,2,0,0.0,0.0,0,0.0,0
YKR068C,5,0.6,1.7674333932304755e-05,0.19362304646529296,0.00020413358614182077,3.0338569802058706e-07,5.2,4,3,37.333333333333336,95.0,94,1.0,1
YMR218C,2,0.0,0.00020198186801602362,0.1707759070079948,0.00014979785806279187,2.2639843271067855e-07,4.0,1,2,52.5,95.0,94,1.0,1
YOR115C,5,0.4,0.00018377714359652222,0.21889389841653673,0.0001969939486843888,1.0981190533875598e-06,8.0,4,3,37.333333333333336,95.0,94,1.0,0
YBR255W,1,0.0,0.0,0.18598308101182745,5.5536421577017014e-05,2.0327891975235652e-08,16.0,1,0,0.0,0.0,0,0.0,0
YPL138C,7,0.23809523809523808,0.00038569655383289544,0.2281579730977904,0.00024625732194199677,1.4500116657620228e-06,15.285714285714286,5,2,45.5,83.0,82,1.0,0
YBR260C,6,0.06666666666666667,0.0006174064086203562,0.232859617354208,0.0001944800106301286,2.0667954007503497e-06,14.333333333333334,4,0,0.0,0.0,0,0.0,0
YGR196C,3,0.0,6.379542439318575e-05,0.21924689971418979,0.00010133772176355328,1.713052871225954e-06,18.0,3,0,0.0,0.0,0,0.0,0
YIL118W,8,0.10714285714285714,0.0005893960399702047,0.23104175417040188,0.0002776792765280648,7.366227109360627e-06,15.0,4,0,0.0,0.0,0,0.0,1
YJL058C,12,0.0,0.004093163502869352,0.27758031206716444,0.00037511705164064066,4.3671078454150405e-05,48.916666666666664,6,1,8.0,8.0,7,1.0,0
YKR055W,6,0.0,9.456197068784318e-05,0.21060735978257578,0.00020303279190150768,1.7010029915503235e-07,8.833333333333334,4,0,0.0,0.0,0,0.0,0
YBR261C,1,0.0,0.0,0.19213515130630515,7.437586493685275e-05,2.5140077828848736e-07,4.0,1,0,0.0,0.0,0,0.0,0
YBR262C,1,0.0,0.0,0.22319496362757377,6.365707353014793e-05,1.8970628619316255e-05,42.0,1,0,0.0,0.0,0,0.0,0
YBR263W,2,0.0,8.419743279177988e-07,0.21048508544335323,0.00010864851542124999,1.1936310788851422e-06,7.0,2,0,0.0,0.0,0,0.0,0
YML018C,2,0.0,0.00010764933310470163,0.24860092748735244,0.00010932493693002258,7.484507972157001e-05,148.0,2,0,0.0,0.0,0,0.0,0
YBR264C,4,0.3333333333333333,7.185566146970042e-05,0.2227606877126814,0.00014085496114195486,2.0757664510210823e-06,19.5,4,0,0.0,0.0,0,0.0,0
YGL161C,20,0.15789473684210525,0.0008077417222503722,0.24312709461432144,0.0006046923045159293,2.15527409151413e-05,10.0,7,0,0.0,0.0,0,0.0,0
YGL198W,21,0.18571428571428572,0.006067284058742171,0.268318504442375,0.0006524739868433448,9.700600146146834e-05,25.952380952380953,7,0,0.0,0.0,0,0.0,0
YNL263C,18,0.1437908496732026,0.0014172375532701634,0.25112654300558,0.0005506969913806355,4.062284428224828e-05,17.055555555555557,7,0,0.0,0.0,0,0.0,1
YCR107W,3,0.0,0.00017188784844610476,0.23001566199792048,0.000139441223109758,1.8605885122032359e-06,21.333333333333332,2,0,0.0,0.0,0,0.0,0
YLR255C,1,0.0,0.0,0.16624058964572672,7.532723828787631e-05,1.0319218530389675e-09,3.0,1,0,0.0,0.0,0,0.0,0
YPR031W,1,0.0,0.0,0.00021079258010118043,0.00021303792074989342,2.5939109905631997e-48,1.0,1,2,69.0,133.0,132,1.0,0
YCR072C,13,0.6923076923076923,0.0005744003610091685,0.2529222853920509,0.0001750896924223519,0.00021710859441796717,78.3076923076923,12,2,452.5,559.0,558,1.0,1
YER002W,29,0.9532019704433498,2.297700983938455e-06,0.253733595650803,0.0002554803766406437,0.00039188341496396774,77.24137931034483,29,1,559.0,559.0,558,1.0,0
YJL122W,3,1.0,0.0,0.21899306508751976,5.4558083103265536e-05,6.258162728291035e-05,67.33333333333333,3,2,452.5,559.0,558,1.0,0
YDR405W,23,0.7351778656126482,5.69833449727399e-05,0.22106281661731034,0.00024044046670731892,2.6259134472771724e-06,32.26086956521739,21,7,202.14285714285714,559.0,589,0.9439786101197695,0
YBR269C,1,0.0,0.0,0.2156496595136645,3.98361214393187e-05,9.836665210435333e-06,72.0,1,0,0.0,0.0,0,0.0,0
YBR270C,22,0.030303030303030304,0.004242459274003138,0.27310208606582975,0.0006007508193456324,7.563953099167548e-06,17.772727272727273,8,0,0.0,0.0,0,0.0,0
YER093C,5,0.0,9.377238131825227e-05,0.23627416667727516,0.00015370346763242276,2.133220894730655e-06,15.0,4,1,8.0,8.0,7,1.0,1
YFL047W,2,0.0,0.00012746635491981778,0.2528340925802678,8.647101007733422e-05,7.492600486106096e-05,158.0,2,0,0.0,0.0,0,0.0,0
YHR077C,7,0.047619047619047616,0.0003745256952740803,0.2319780436722122,0.0002369214549465424,9.206799122921421e-07,9.142857142857142,4,3,192.33333333333334,559.0,558,1.0,0
YIL105C,8,0.10714285714285714,0.002676263617175259,0.23863289073713279,0.000265398282168472,3.8605423485821166e-05,15.375,5,1,8.0,8.0,7,1.0,0
YKR026C,24,0.10144927536231885,0.004604115621433549,0.2577014708582317,0.0006801561149192117,8.512262696892533e-06,15.833333333333334,9,5,63.2,266.0,270,0.9641470466749277,0
YNL004W,2,0.0,3.521926183976106e-05,0.21609955449178758,9.000367625730331e-05,2.3839452958168878e-07,19.0,2,2,280.5,559.0,558,1.0,0
YNL018C,3,0.0,5.2389697378232855e-05,0.22327514657575917,0.00010986895541803681,1.0598846376303235e-06,12.333333333333334,3,0,0.0,0.0,0,0.0,0
YNL047C,9,0.1111111111111111,0.0007230566106332702,0.2530105397515945,0.00027404720172568393,1.0514041640377617e-05,30.22222222222222,5,1,8.0,8.0,7,1.0,0
YPL124W,21,0.07142857142857142,0.004622696944626703,0.27934482027922614,0.0005847801845301158,0.0001310943531941527,33.38095238095238,8,4,17.0,32.0,31,1.0,1
YPL255W,13,0.05128205128205128,0.002473716610716408,0.2565011633175325,0.00038289143076374374,7.205351312642307e-06,22.76923076923077,7,4,16.0,32.0,33,0.8825757575757576,1
YBR271W,2,0.0,2.0270073402553933e-05,0.2534822718072987,8.43927656653843e-05,7.54227777747586e-05,156.0,2,0,0.0,0.0,0,0.0,0
YEL034W,5,0.1,0.0003280083407180712,0.2266011891780128,0.00018793726839062168,5.801893435250687e-07,12.8,4,5,240.0,559.0,589,0.9439786101197695,1
YBR273C,1,0.0,0.0,0.23795417770763375,6.094378851223021e-05,1.9721117380842046e-05,150.0,1,0,0.0,0.0,0,0.0,0
YDR217C,3,0.0,0.0005543956541420118,0.2032856516531315,0.00012703073636557324,4.701998919042505e-07,7.666666666666667,2,0,0.0,0.0,0,0.0,0
YER171W,14,0.43956043956043955,0.00021647071549688921,0.2382278080729749,0.0003484161962337259,3.6765424340223416e-06,13.785714285714286,8,12,44.0,195.0,266,0.7317349978720386,1
YJL036W,4,0.0,0.00019397836996589633,0.23744767116191834,0.00014614116027116838,1.2488121597641806e-06,22.75,4,1,3.0,3.0,2,1.0,0
YLR258W,11,0.10909090909090909,0.0006582532593198555,0.22514703881533238,0.0003850372377755109,1.2739051834260373e-06,8.090909090909092,5,0,0.0,0.0,0,0.0,0
YMR255W,7,0.14285714285714285,0.00027212560108774025,0.24022729050406783,0.00020941064429672208,3.6548287731946514e-06,17.142857142857142,5,1,59.0,59.0,58,1.0,0
YNL234W,4,0.0,0.0001406721377892252,0.23319662473352637,0.00013691619131600167,3.2230435383929543e-06,21.25,4,0,0.0,0.0,0,0.0,0
YNR013C,2,0.0,5.479684175411908e-05,0.22700319494018617,9.08465866254051e-05,1.4363199902413894e-06,46.0,2,0,0.0,0.0,0,0.0,0
YBR275C,2,1.0,0.0,0.22213511519166035,9.381758291913551e-05,1.0212997531187103e-06,44.0,2,1,11.0,11.0,10,1.0,0
YNL216W,8,0.07142857142857142,0.0008422553293239901,0.241789375369792,0.00028390427424503095,3.344007904239827e-06,22.0,5,1,11.0,11.0,10,1.0,1
YBR276C,0,0.0,0.0,0.0,3.195568811248403e-05,4.8315357241094107e-57,0.0,0,0,0.0,0.0,0,0.0,0
YDR448W,13,0.01282051282051282,0.000904810634849348,0.2526432189912118,0.00033495057180783744,4.3148303980640096e-06,16.846153846153847,8,11,46.18181818181818,195.0,255,0.7764397097421646,0
YIL006W,1,0.0,0.0,0.20709840677053687,4.873327128099557e-05,1.1197637325140541e-06,24.0,1,0,0.0,0.0,0,0.0,0
YLR181C,1,0.0,0.0,0.20709840677053687,4.873327128099557e-05,1.1197637325140541e-06,24.0,1,0,0.0,0.0,0,0.0,0
YBR279W,8,0.2857142857142857,0.0001450398485112328,0.23824085378832854,0.00019966854036097603,4.178998398661483e-06,27.375,6,3,33.333333333333336,74.0,85,0.7873949579831933,0
YDR138W,2,1.0,0.0,0.21784168199031936,7.123432638048124e-05,9.508412495643201e-07,30.0,2,7,54.42857142857143,195.0,222,0.8152949329419917,0
YBR280C,1,0.0,0.0,0.1962166800933009,5.929369005749315e-05,3.4034134954265606e-08,31.0,1,2,35.5,58.0,57,1.0,0
YBR281C,3,0.0,5.013344716893974e-05,0.21542541376720314,0.00010802791546981293,1.8630874143987236e-05,18.333333333333332,3,1,3.0,3.0,2,1.0,0
YNL191W,3,0.0,1.7921801264545192e-05,0.2082982012366498,9.909086978384011e-05,0.0013905799933175624,30.666666666666668,3,1,3.0,3.0,2,1.0,0
YBR283C,2,0.0,2.0259002326026245e-06,0.19163581318952813,0.00011615940054216433,2.5331693217211025e-07,3.5,2,2,4.0,5.0,4,1.0,0
YIL162W,5,0.0,0.0002729083086384895,0.22194246663752004,0.00021837155598361638,1.9169418849474925e-05,12.8,3,0,0.0,0.0,0,0.0,0
YLR311C,2,0.0,0.00011487242874417705,0.227264077262115,0.00010933758732962522,1.0879969388233278e-06,35.5,2,0,0.0,0.0,0,0.0,1
YBR284W,3,0.0,0.0002117500109859607,0.20636164647702626,0.00019023292777817636,1.1473508617949467e-06,4.666666666666667,2,0,0.0,0.0,0,0.0,0
YDL238C,1,0.0,0.0,0.16978286883502453,8.554629136862965e-05,1.434819348570345e-08,3.0,1,0,0.0,0.0,0,0.0,0
YMR138W,3,0.0,0.0003490292715917986,0.23267281158565983,0.00018834161395787143,3.657048204003152e-05,48.0,2,3,39.666666666666664,73.0,72,1.0,0
YBR285W,2,0.0,4.141684310005673e-06,0.1687096688652681,0.0001423938117871293,1.8189570576303083e-09,2.5,2,0,0.0,0.0,0,0.0,0
YIL049W,2,0.0,0.0018463230663286006,0.20293479946957121,0.00012613739127246908,1.2382018400142755e-07,17.0,2,0,0.0,0.0,0,0.0,0
YPR156C,3,0.0,0.000276857329209758,0.17946193511379704,0.00019795554334628036,2.1374887359307933e-08,2.3333333333333335,2,0,0.0,0.0,0,0.0,0
YBR286W,2,0.0,3.571496798523519e-05,0.21694007335337928,9.938093682541855e-05,8.268322943483167e-07,20.0,2,0,0.0,0.0,0,0.0,0
YPL200W,2,0.0,4.643199621051942e-06,0.20097548071458712,0.00010349933544345454,2.8877722124649945e-07,4.0,2,0,0.0,0.0,0,0.0,0
YPL195W,6,0.26666666666666666,0.00016962253198096156,0.20450882484974697,0.00024224649515729776,1.0017672548916844e-06,5.5,4,3,40.0,95.0,94,1.0,0
YHL025W,9,0.5833333333333334,0.00016070813129408538,0.24536214714503793,0.00021648749602704243,3.470102766269478e-06,22.333333333333332,8,6,64.5,195.0,269,0.6211507518171225,0
YPL016W,13,0.3076923076923077,0.0011106590042158952,0.25015906106771707,0.0003054234946179807,3.78574818480141e-06,26.307692307692307,8,6,64.5,195.0,269,0.6211507518171225,1
YPR034W,17,0.45588235294117646,0.00013346278652143537,0.2441504142223844,0.00037491600250888144,3.3273931086243074e-06,16.58823529411765,9,8,51.75,195.0,270,0.6167699297810822,1
YBR291C,1,0.0,0.0,0.19775972685252363,6.243145998778511e-05,8.510168549388471e-08,19.0,1,0,0.0,0.0,0,0.0,0
YBR293W,1,0.0,0.0,0.24844476220825013,6.329793281441496e-05,7.483014955808876e-05,294.0,1,0,0.0,0.0,0,0.0,0
YBR295W,1,0.0,0.0,0.18502599545054516,7.614877110127714e-05,6.806072052127774e-07,3.0,1,0,0.0,0.0,0,0.0,0
YKR091W,3,0.0,0.00024376284196897578,0.22932456017229813,0.00015496248580300646,5.443454453177368e-05,31.333333333333332,2,0,0.0,0.0,0,0.0,0
YBR296C,3,0.0,0.00040396373603204724,0.179240121581603,0.0002784921542578965,2.4175869630607597e-08,1.6666666666666667,1,0,0.0,0.0,0,0.0,0
YHR188C,3,0.0,0.0007174139842923383,0.22045790164328913,0.0001878609105782009,1.931834181128458e-06,11.333333333333334,2,1,5.0,5.0,4,1.0,1
YLR137W,1,0.0,0.0,0.1509861952880082,0.00010783320451796899,3.0254628700667766e-10,3.0,1,0,0.0,0.0,0,0.0,0
YML089C,1,0.0,0.0,0.1509861952880082,0.00010783320451796899,3.0254628700667766e-10,3.0,1,0,0.0,0.0,0,0.0,0
YBR299W,1,0.0,0.0,0.1331940186458276,0.00010957776016533134,2.2615286961370346e-12,4.0,1,0,0.0,0.0,0,0.0,0
YBR301W,1,0.0,0.0,0.23795417770763375,6.094378851223021e-05,1.9721117380842046e-05,150.0,1,0,0.0,0.0,0,0.0,0
YPL105C,6,0.13333333333333333,0.00017673534312497653,0.21463891810294872,0.00016311755945251898,2.8106068693237657e-06,13.833333333333334,5,2,452.5,559.0,558,1.0,0
YPR063C,1,0.0,0.0,0.17861461719541272,7.142934295137799e-05,1.0797362196949874e-08,3.0,1,0,0.0,0.0,0,0.0,0
YCL004W,1,0.0,0.0,0.17538161053892878,6.53696150226309e-05,7.5784067571728e-09,6.0,1,0,0.0,0.0,0,0.0,1
YCL005W,1,0.0,0.0,0.24844476220825013,6.329793281441496e-05,7.483014955808876e-05,294.0,1,0,0.0,0.0,0,0.0,0
YCL008C,5,0.3,0.0001955205465250481,0.2165297745883271,0.00019778101902546624,1.442272194001051e-06,10.0,3,1,4.0,4.0,3,1.0,0
YJL172W,3,0.3333333333333333,1.3889415184134631e-05,0.2060488884639892,0.00012839246841081584,9.296302121214686e-07,10.333333333333334,3,0,0.0,0.0,0,0.0,0
YLR119W,4,0.16666666666666666,0.00020001551517572971,0.23684012363376708,0.0001574238068067722,7.347042023465282e-05,25.5,3,1,4.0,4.0,3,1.0,0
YPL065W,2,1.0,0.0,0.1958456933028121,9.448100881234025e-05,4.663259847335119e-07,14.0,2,1,4.0,4.0,3,1.0,0
YCL009C,4,0.0,0.00032912675660947283,0.2370724337108968,0.0001413921467620848,5.48251807489741e-05,37.0,3,1,2.0,2.0,1,0.0,0
YMR108W,5,0.1,0.00026532341158492216,0.20387629368895768,0.00021850096359857368,7.499065096396543e-07,5.6,3,1,2.0,2.0,1,0.0,1
YCL010C,5,0.0,0.00010412146534799741,0.22693214913299609,0.00017810841592436088,1.7474902814873125e-06,13.2,3,7,67.85714285714286,195.0,255,0.7764397097421646,0
YMR223W,3,0.0,3.713572129025777e-05,0.2055912400656239,0.00011811885373033608,2.5368905044039274e-07,10.666666666666666,3,3,56.666666666666664,133.0,132,1.0,0
YPL254W,2,0.0,1.4115530868176136e-07,0.19636724130122626,8.505878562833711e-05,8.425602961422178e-08,10.0,2,10,50.3,195.0,255,0.7764397097421646,0
YCL011C,3,0.0,0.0007323935220358887,0.24102582997388738,0.00012618229351982893,2.986647674320502e-06,53.333333333333336,3,0,0.0,0.0,0,0.0,0
YIL104C,5,0.0,0.0003800440208430481,0.2097645241576021,0.00021238341154636726,2.5463907574307244e-06,4.4,3,1,2.0,2.0,1,0.0,1
YJR092W,2,0.0,0.0,0.20538741530680144,9.827262162326959e-05,2.345146138379067e-06,5.5,2,0,0.0,0.0,0,0.0,0
YCL014W,7,0.047619047619047616,0.0009033557955372681,0.26141787231274294,0.00024082918696732622,9.405105509976985e-05,63.142857142857146,4,0,0.0,0.0,0,0.0,0
YLR189C,2,0.0,9.902815579597707e-06,0.20811883998414982,7.03582324416228e-05,1.2094169610199311e-06,15.0,2,0,0.0,0.0,0,0.0,0
YLR371W,13,0.038461538461538464,0.0011682060779742963,0.24162822721625482,0.00036500305228214435,6.787162274748906e-06,11.461538461538462,6,0,0.0,0.0,0,0.0,1
YCL016C,5,0.0,0.000675333599041033,0.2196564794016292,0.00024906108474553537,1.7068448803137076e-06,6.0,2,1,7.0,7.0,6,1.0,0
YHL023C,1,0.0,0.0,0.1786806403412464,7.389453637569892e-05,2.1351409777035456e-08,5.0,1,0,0.0,0.0,0,0.0,0
YHR191C,2,0.0,1.4420908713639005e-05,0.20691126372247065,9.306713233724829e-05,3.6529266889140117e-07,11.0,2,1,7.0,7.0,6,1.0,0
YLR123C,1,0.0,0.0,0.1786806403412464,7.389453637569892e-05,2.1351409777035456e-08,5.0,1,0,0.0,0.0,0,0.0,0
YHR189W,2,0.0,0.0003895028417285208,0.21015971359010038,0.00012373922257975561,1.8601715855963298e-07,21.0,2,0,0.0,0.0,0,0.0,0
YOL030W,3,0.0,0.00020649721969167445,0.1535928060380818,0.00024166695636332298,2.5805000088812506e-10,2.6666666666666665,2,0,0.0,0.0,0,0.0,0
YML008C,7,0.0,0.0013229280486803784,0.24093239358856222,0.0002882819984946007,5.6018324733316014e-05,19.142857142857142,3,0,0.0,0.0,0,0.0,0
YCL024W,6,0.7333333333333333,3.0813361621976075e-05,0.22241903021618956,0.00016641921088709005,1.503121834955036e-06,14.833333333333334,6,0,0.0,0.0,0,0.0,0
YCR002C,7,0.8571428571428571,5.952006418800469e-06,0.20965332904576492,0.00019881517990134154,3.6636070744249676e-07,11.857142857142858,6,4,23.25,73.0,72,1.0,0
YDR507C,12,0.3181818181818182,0.0006454658723812664,0.23786310721862589,0.0003144953206296423,2.5529136003533863e-06,13.75,6,0,0.0,0.0,0,0.0,0
YJR076C,20,0.14736842105263157,0.0013909810243865881,0.2432766443565771,0.0005552447100951398,1.982489268989818e-05,10.4,6,4,23.25,73.0,72,1.0,1
YKR048C,20,0.06315789473684211,0.0028191498883948494,0.2696991030332074,0.0004243651933753278,9.122815264878199e-05,28.45,9,1,11.0,11.0,10,1.0,0
YLR314C,12,0.2878787878787879,0.000432151816070139,0.22983338956250557,0.0003295365871982423,1.3640712850838701e-06,10.583333333333334,6,4,23.25,73.0,72,1.0,1
YCL025C,1,0.0,0.0,0.19708780606272844,6.859478327148923e-05,2.856256477675478e-07,21.0,1,0,0.0,0.0,0,0.0,0
YIR038C,21,0.014285714285714285,0.0031540280098025296,0.24814717265735045,0.0009055076157667667,2.282217390692099e-05,9.571428571428571,4,0,0.0,0.0,0,0.0,0
YCR048W,2,0.0,8.433480919249421e-08,0.19994100055281344,0.00010208345158557112,5.335224888594704e-07,5.0,2,0,0.0,0.0,0,0.0,0
YLR177W,4,0.0,5.737318833555683e-05,0.21179671053155483,0.00017855308309454494,5.891951468956503e-07,8.25,3,0,0.0,0.0,0,0.0,0
YER032W,12,0.015151515151515152,0.0012671511699589512,0.2711446700547627,0.0003429357908416522,6.499602930307144e-05,26.333333333333332,7,0,0.0,0.0,0,0.0,0
YER149C,9,0.027777777777777776,0.0015682041528375516,0.24720246781230004,0.0003249058541463798,2.7406013265011996e-06,16.333333333333332,5,2,4.0,5.0,4,1.0,0
YGR070W,1,0.0,0.0,0.2084479052766359,6.2038191031592e-05,6.104195193169983e-07,25.0,1,0,0.0,0.0,0,0.0,0
YIL159W,10,0.044444444444444446,0.0014183043132544894,0.2428963335954814,0.0003104295689309589,5.501764924779141e-06,16.2,6,0,0.0,0.0,0,0.0,0
YIR014W,3,0.0,0.0001596884809255421,0.224821261486676,0.0001286943405353675,1.475465126978192e-06,22.666666666666668,3,0,0.0,0.0,0,0.0,0
YKL092C,4,0.0,4.2345301399157526e-05,0.22045790164328913,0.0001643949741271788,1.1341597143114969e-06,11.25,3,0,0.0,0.0,0,0.0,0
YKL105C,1,0.0,0.0,0.2084479052766359,6.2038191031592e-05,6.104195193169983e-07,25.0,1,0,0.0,0.0,0,0.0,0
YKR023W,1,0.0,0.0,0.2084479052766359,6.2038191031592e-05,6.104195193169983e-07,25.0,1,0,0.0,0.0,0,0.0,0
YKR101W,5,0.2,0.0002077516997775168,0.24288277305876887,0.0001551741489887832,1.994210408568818e-05,32.0,5,2,47.5,83.0,82,1.0,0
YML058W,5,0.1,0.00025506738031209745,0.24066583122358068,0.0001886404869965828,3.767669101660008e-05,36.0,4,0,0.0,0.0,0,0.0,0
YNL058C,2,0.0,9.177328754886241e-06,0.218706828424928,0.00011438151225624446,1.5464806560429393e-06,14.0,2,0,0.0,0.0,0,0.0,0
YPR008W,2,0.0,9.55564752678297e-06,0.21888288544116863,8.528376345501347e-05,1.0222628275611567e-06,23.0,2,0,0.0,0.0,0,0.0,0
YCL028W,4,0.16666666666666666,0.000585644130234951,0.24165507032320543,0.00013702638973179038,2.8694429841341193e-06,44.5,4,0,0.0,0.0,0,0.0,1
YDR188W,12,0.3181818181818182,0.0025378675653090752,0.22699135088326558,0.00033748911759598423,1.6277934342896819e-06,8.083333333333334,7,3,9.666666666666666,11.0,12,0.9090909090909091,1
YOR027W,8,0.17857142857142858,0.000142983375717368,0.2295786929302727,0.00025919700466207185,2.53954164289863e-06,9.25,5,0,0.0,0.0,0,0.0,0
YCL029C,5,0.2,0.00020684086758538186,0.2257428513402173,0.00017782854137542032,1.9881026572310586e-06,7.8,3,7,37.57142857142857,73.0,136,0.4761437908496732,0
YER016W,4,0.16666666666666666,9.825740386976962e-05,0.21966757036246742,0.00012706024305849243,1.045972872559526e-06,19.5,3,4,43.5,73.0,123,0.5407170465147274,1
YPL155C,3,0.3333333333333333,4.531417762823126e-05,0.23787611302032194,0.00011410402223419058,2.7492601867577136e-06,31.666666666666668,3,5,26.6,73.0,73,0.974124809741248,0
YCL030C,1,0.0,0.0,0.1908539693366382,5.691745654153728e-05,3.57772782702318e-07,15.0,1,0,0.0,0.0,0,0.0,0
YCL031C,42,0.883855981416957,0.00020172351072687998,0.26664110266172275,0.0003748304139097025,0.0003224827734796414,70.21428571428571,39,3,5.0,6.0,7,0.7142857142857143,1
YDL148C,40,0.8153846153846154,0.0006001347233971417,0.2697659968393792,0.00037316392456201135,0.0003302594021056973,69.375,36,8,84.875,559.0,581,0.9243812689180366,1
YDR449C,63,0.5826932923707118,0.00127255852103321,0.27522719244819815,0.0005853165395432228,0.00048510789345213853,63.888888888888886,39,6,141.0,559.0,619,0.8502282102357388,1
YOL082W,18,0.0392156862745098,0.003112214410011879,0.27596043330343595,0.0005172827236830096,6.647977631462234e-05,28.833333333333332,8,0,0.0,0.0,0,0.0,0
YDL016C,1,0.0,0.0,0.2109136680578207,5.642127615360778e-05,9.677944908384261e-08,35.0,1,0,0.0,0.0,0,0.0,1
YDR309C,17,0.15441176470588236,0.0022450261041465445,0.2512280551497758,0.0004680232047771683,2.1558808291653105e-05,15.588235294117647,6,0,0.0,0.0,0,0.0,0
YDR386W,7,0.047619047619047616,0.0006467716735882323,0.2504614986199578,0.00022999479796416398,2.1354098817735904e-05,31.142857142857142,5,1,2.0,2.0,1,0.0,0
YER040W,8,0.07142857142857142,0.001309113170812893,0.2582368511324668,0.00026292525321348735,2.1359925248211462e-05,35.5,5,0,0.0,0.0,0,0.0,0
YER047C,7,0.047619047619047616,0.0005986505311632664,0.24094573720805648,0.00021829440221028201,1.88499753965015e-05,21.571428571428573,5,0,0.0,0.0,0,0.0,0
YHR061C,13,0.24358974358974358,0.00037656318277771636,0.243467246685806,0.0003554305529730345,2.063592413752716e-05,17.23076923076923,6,0,0.0,0.0,0,0.0,0
YKL061W,9,0.08333333333333333,0.0011066076945894215,0.25748793980993534,0.00028013417915156595,2.3393922134150276e-05,35.111111111111114,6,0,0.0,0.0,0,0.0,0
YKR020W,4,0.0,7.760588310991609e-05,0.21738451161888112,0.00015061623593817629,1.7836358836301702e-07,15.0,3,1,4.0,4.0,3,1.0,0
YLL049W,4,0.16666666666666666,3.755567412136188e-05,0.24086569765411733,0.00013645947425990537,1.2346006106366072e-06,30.25,4,0,0.0,0.0,0,0.0,0
YMR117C,14,0.07692307692307693,0.001624306066088257,0.24955637188255994,0.0003999264785900618,2.0075067825699023e-05,16.571428571428573,6,8,26.5,55.0,75,0.6731531531531532,1
YNL086W,11,0.03636363636363636,0.0007991584161001666,0.249427601824829,0.00031113262691494096,2.097999477742422e-05,17.0,6,0,0.0,0.0,0,0.0,0
YOL043C,3,0.0,0.00015749572290187474,0.22342421071429067,0.0001116697019425766,2.7336969240628614e-07,24.666666666666668,3,0,0.0,0.0,0,0.0,0
YOL123W,14,0.16483516483516483,0.0012370195741617722,0.2683350540324843,0.000347890198489871,4.640117181107804e-05,33.07142857142857,8,4,41.75,131.0,139,0.887811489938484,1
YPR051W,1,0.0,0.0,0.2109136680578207,5.642127615360778e-05,9.677944908384261e-08,35.0,1,1,3.0,3.0,2,1.0,0
YPR193C,5,0.1,0.001159355001555677,0.24907060348249085,0.0001715654140356618,4.2494964591799595e-06,59.8,4,0,0.0,0.0,0,0.0,0
YCL033C,1,0.0,0.0,0.20499063426606362,6.035219508649907e-05,8.472038306591008e-08,21.0,1,0,0.0,0.0,0,0.0,0
YCL035C,2,0.0,6.259968017568483e-06,0.2078404467336455,0.00010411504815506983,1.1954954281908315e-07,11.0,2,0,0.0,0.0,0,0.0,0
YDR453C,3,0.0,0.00012788386250047642,0.2402007636389503,0.00014739239661220514,2.7310311375632375e-06,51.333333333333336,2,0,0.0,0.0,0,0.0,0
YCL036W,1,0.0,0.0,0.21815847111767464,5.4688502684612444e-05,1.866761001099076e-05,45.0,1,0,0.0,0.0,0,0.0,0
YLR256W,3,0.0,1.082468396680745e-05,0.21310390551205818,9.282835978993096e-05,1.6822322384736924e-06,13.666666666666666,3,0,0.0,0.0,0,0.0,0
YCL038C,3,0.0,0.0003389265050485934,0.22588350109183114,0.00012995423417671006,3.608491639187243e-05,37.333333333333336,3,0,0.0,0.0,0,0.0,0
YMR009W,4,0.0,0.0021682170128766846,0.22082717786044706,0.00018787257404702463,9.281366535309869e-07,18.75,3,0,0.0,0.0,0,0.0,0
YCL039W,1,0.0,0.0,0.23795417770763375,6.094378851223021e-05,1.9721117380842046e-05,150.0,1,1,8.0,8.0,7,1.0,0
YDR516C,3,0.0,0.00027739747457122073,0.25199931829406097,0.00014832469265768584,7.511162973114943e-05,100.33333333333333,2,0,0.0,0.0,0,0.0,0
YML099C,9,0.1111111111111111,0.0017618460392083814,0.23975070158870648,0.0002943146504541502,2.328984542408541e-06,15.0,5,3,91.33333333333333,195.0,194,1.0,0
YCL043C,3,0.0,0.0007796055182791919,0.17042802644371324,0.0002131024793932523,5.500671583340126e-08,1.6666666666666667,2,0,0.0,0.0,0,0.0,1
YML074C,2,0.0,0.0009699433227841027,0.2063127154658637,0.00010285194075845694,4.189995798524361e-06,15.0,2,0,0.0,0.0,0,0.0,0
YCL044C,1,0.0,0.0,0.21022064416664257,5.788863155878952e-05,1.073005593808759e-06,30.0,1,1,2.0,2.0,1,0.0,0
YDL116W,30,0.0735632183908046,0.005859970434480334,0.269331779299738,0.0009136486522144173,8.568245164562709e-05,17.633333333333333,9,3,29.666666666666668,59.0,59,0.9812974868497955,0
YCL045C,1,0.0,0.0,0.24844476220825013,6.329793281441496e-05,7.483014955808876e-05,294.0,1,0,0.0,0.0,0,0.0,0
YGL115W,11,0.16363636363636364,0.0028294773256976533,0.23136121203088,0.0004571851016615863,2.606316195655432e-06,6.181818181818182,5,6,6.0,16.0,15,1.0,0
YPL208W,3,0.0,5.62198172811209e-05,0.20763214007677505,0.00013796861374602566,3.0946343661367997e-07,7.333333333333333,2,0,0.0,0.0,0,0.0,0
YCL049C,1,0.0,0.0,0.22319496362757377,6.365707353014793e-05,1.8970628619316255e-05,42.0,1,0,0.0,0.0,0,0.0,0
YCL050C,1,0.0,0.0,0.24844476220825013,6.329793281441496e-05,7.483014955808876e-05,294.0,1,0,0.0,0.0,0,0.0,0
YCL051W,3,0.0,0.0006255641662795996,0.2421392681598858,0.00011970676809914486,1.968322617385716e-05,54.0,3,0,0.0,0.0,0,0.0,0
YCL052C,1,0.0,0.0,0.19197406367613926,6.207734828723656e-05,2.9043148704899116e-08,11.0,1,0,0.0,0.0,0,0.0,1
YDR412W,9,0.5833333333333334,0.0002464353043290889,0.2434536223295281,0.00013192788072959968,7.403698326369542e-05,70.33333333333333,8,0,0.0,0.0,0,0.0,1
YNL154C,10,0.022222222222222223,0.0031714219013522812,0.22754936089903594,0.0003901425290357672,9.412601925485511e-06,10.0,4,2,6.0,8.0,7,1.0,0
YNL308C,27,0.5612535612535613,0.0011874639749793175,0.2534822718072987,0.0002975910633544773,0.00020793790025146335,65.77777777777777,22,0,0.0,0.0,0,0.0,1
YGL036W,4,0.0,0.00012380392110232036,0.20605864780129152,0.00015353813894047522,1.9683334079165773e-07,8.0,3,0,0.0,0.0,0,0.0,0
YMR147W,6,0.0,0.0004624004321566914,0.2403334565809672,0.00021719805817939104,2.229719395792206e-06,20.833333333333332,3,0,0.0,0.0,0,0.0,0
YNL196C,3,0.0,0.00032332947147211224,0.23740879841902687,0.00012364551480311761,1.821474642285197e-06,55.666666666666664,3,0,0.0,0.0,0,0.0,0
YCL056C,4,0.0,0.00041316153360966524,0.2081985179473903,0.00023290030874618037,3.340724158897107e-07,6.25,2,0,0.0,0.0,0,0.0,0
YDL157C,1,0.0,0.0,0.1710243034447939,8.137401917278475e-05,4.193840798200678e-09,4.0,1,0,0.0,0.0,0,0.0,0
YNL100W,1,0.0,0.0,0.1710243034447939,8.137401917278475e-05,4.193840798200678e-09,4.0,1,0,0.0,0.0,0,0.0,0
YOR037W,4,0.0,0.0002744260318136261,0.23576200244018142,0.00014638964201348572,1.9853574666870426e-05,48.25,3,0,0.0,0.0,0,0.0,0
YCL058C,1,0.0,0.0,0.17961011605270694,7.355717987839874e-05,1.3221603995967947e-08,4.0,1,0,0.0,0.0,0,0.0,0
YDR457W,2,0.0,3.2727809064860485e-06,0.22451959699791854,6.500000017513449e-05,8.260931878055596e-06,43.0,2,0,0.0,0.0,0,0.0,0
YER082C,51,0.7058823529411765,0.0008904592149071828,0.27156780468343744,0.0005194108002322934,0.0004060354111999585,63.94117647058823,38,5,168.0,559.0,619,0.8502282102357388,1
YJR041C,11,0.9090909090909091,1.283262146213287e-07,0.23554500438704212,0.00011922919115703721,0.00010512277901107563,80.45454545454545,11,1,5.0,5.0,4,1.0,1
YCL061C,1,0.0,0.0,0.21406860360324104,4.8027016461631963e-05,9.027493106368398e-07,56.0,1,1,3.0,3.0,2,1.0,0
YER150W,2,0.0,9.576480164715459e-08,0.2067048145117436,9.35480029098563e-05,2.76623945845728e-06,7.5,2,0,0.0,0.0,0,0.0,0
YJL043W,2,0.0,9.576480164715459e-08,0.2067048145117436,9.35480029098563e-05,2.76623945845728e-06,7.5,2,0,0.0,0.0,0,0.0,0
YPL005W,3,0.0,2.3776978492791683e-05,0.22887816871994254,9.860169044507728e-05,0.0013924810351787457,34.0,3,0,0.0,0.0,0,0.0,0
YCL063W,8,0.0,0.0018128482822354465,0.26355583879739913,0.00028559871603149486,0.00011063487614518216,52.5,4,0,0.0,0.0,0,0.0,0
YGR284C,1,0.0,0.0,0.2048458532361177,6.40471114883071e-05,1.6382740337779165e-06,8.0,1,0,0.0,0.0,0,0.0,0
YLR378C,6,0.06666666666666667,0.0007215105508071186,0.21093412029229905,0.0002856929066178457,2.129870120456311e-06,4.166666666666667,3,5,10.6,29.0,29,0.9384236453201971,1
YMR043W,10,0.13333333333333333,0.0029290039797836296,0.24888536790781854,0.00038068429752414985,2.2698615705968705e-05,16.2,5,3,91.33333333333333,195.0,194,1.0,1
YCL067C,3,0.0,0.0001318155641831847,0.24192382978527874,0.00010873271743608084,5.575733490226876e-05,46.0,3,0,0.0,0.0,0,0.0,1
YCL069W,1,0.0,0.0,0.21022064416664257,5.788863155878952e-05,1.073005593808759e-06,30.0,1,0,0.0,0.0,0,0.0,0
YOR209C,2,0.0,0.00020198186801602362,0.24847314130039794,0.0001416830880791967,7.484185283693756e-05,147.5,1,0,0.0,0.0,0,0.0,0
YCR001W,1,0.0,0.0,0.00021079258010118043,0.00021303792074989342,2.5939109905631997e-48,1.0,1,0,0.0,0.0,0,0.0,0
YOR241W,1,0.0,0.0,0.00021079258010118043,0.00021303792074989342,2.5939109905631997e-48,1.0,1,0,0.0,0.0,0,0.0,0
YNL166C,7,0.47619047619047616,0.00022490322037439097,0.21081146634824188,0.00023146971154852655,3.405835548681968e-07,10.428571428571429,5,0,0.0,0.0,0,0.0,0
YIR039C,3,0.0,8.307338489460139e-05,0.21842133904150354,0.00010103578484155253,1.5324585870982928e-06,19.0,3,0,0.0,0.0,0,0.0,0
YCR004C,2,0.0,0.00020198186801602362,0.1814075653001696,0.00015220908904705615,7.676973883429125e-09,3.5,1,0,0.0,0.0,0,0.0,0
YLR253W,1,0.0,0.0,0.15252125336659192,9.647993206195744e-05,9.652732788901371e-11,2.0,1,0,0.0,0.0,0,0.0,0
YCR005C,3,0.0,6.38673680617635e-05,0.19666905795527634,0.00013966284560555626,1.1918780196812422e-07,5.666666666666667,2,0,0.0,0.0,0,0.0,0
YPL245W,2,0.0,0.00028245213082027886,0.19884438187433923,0.00012087301131812105,9.37387339448391e-07,2.5,2,0,0.0,0.0,0,0.0,0
YCR007C,2,0.0,0.00015359217264304456,0.22938501692653526,9.252493065625415e-05,5.4660686875345584e-05,48.0,2,0,0.0,0.0,0,0.0,0
YCR008W,1,0.0,0.0,0.23795417770763375,6.094378851223021e-05,1.9721117380842046e-05,150.0,1,0,0.0,0.0,0,0.0,0
YDR277C,10,0.022222222222222223,0.0033623065596224124,0.2578389279338984,0.000317442810705932,3.907366409678911e-05,34.1,6,0,0.0,0.0,0,0.0,0
YDR395W,12,0.22727272727272727,0.0003361591281374558,0.2580683492127576,0.0002989704571686209,8.225134240688622e-05,34.166666666666664,8,1,59.0,59.0,58,1.0,1
YLR433C,12,0.045454545454545456,0.0018487540518299702,0.2548483528222522,0.0003960481337325283,4.0030244444234366e-05,21.916666666666668,6,2,3.5,4.0,3,1.0,0
YMR192W,8,0.07142857142857142,0.0004537675576670318,0.2363897104449396,0.0002374169286903341,7.277911659989676e-05,22.0,6,1,2.0,2.0,1,0.0,0
YMR232W,3,0.0,1.250896293499117e-05,0.22223724106194667,0.00012720441794293502,1.89321078224709e-05,10.333333333333334,2,0,0.0,0.0,0,0.0,0
YCR011C,1,0.0,0.0,0.18386865436915886,6.495675387835614e-05,1.2431064185741125e-07,10.0,1,0,0.0,0.0,0,0.0,0
YHR174W,12,0.21212121212121213,0.0009715290393741738,0.23377303766946092,0.00040963243875568353,2.2252936524371685e-06,10.916666666666666,5,1,5.0,5.0,4,1.0,0
YKL060C,9,0.3333333333333333,0.0018990261060765868,0.24921328011850077,0.00025650278945781453,4.0228930442671255e-05,33.55555555555556,5,0,0.0,0.0,0,0.0,1
YNL006W,3,0.3333333333333333,0.0001323554993023432,0.23842364394304094,0.00011741731814277268,1.9766756152753408e-05,44.0,3,3,5.666666666666667,8.0,10,0.6,1
YCR014C,3,0.0,0.0002606249366217086,0.2040771287657692,0.0001922762241453811,9.57865145533703e-07,3.3333333333333335,2,2,43.0,56.0,55,1.0,0
YJL110C,7,0.09523809523809523,0.0029874843831563273,0.25900555045714524,0.0002519340947499093,7.65190823447686e-05,56.57142857142857,4,0,0.0,0.0,0,0.0,0
YOL085C,1,0.0,0.0,0.16823341960667704,8.575098287989078e-05,1.198880509994127e-08,3.0,1,0,0.0,0.0,0,0.0,0
YOR005C,2,0.0,1.4643184890841393e-05,0.1761128701383908,0.00012799010129565836,2.516053209426601e-08,4.0,2,5,48.0,195.0,195,0.989796457837695,0
YCR016W,2,0.0,0.0021168037107316046,0.22740662960789648,0.00013967697316297635,5.4408896326838616e-05,44.0,1,0,0.0,0.0,0,0.0,0
YDL231C,1,0.0,0.0,0.18377545013427396,9.195075280236326e-05,6.802815548463613e-07,2.0,1,0,0.0,0.0,0,0.0,0
YCR021C,3,0.0,0.0002876028366173531,0.2265893870327431,0.00015655589052381385,1.4039832969972805e-06,38.666666666666664,2,0,0.0,0.0,0,0.0,0
YJL068C,1,0.0,0.0,0.18324135418366894,7.677685211745908e-05,1.8178871771979458e-08,3.0,1,0,0.0,0.0,0,0.0,0
YCR022C,1,0.0,0.0,0.19007847916063733,5.914070990860929e-05,3.201685582410951e-08,20.0,1,0,0.0,0.0,0,0.0,0
YCR023C,2,0.0,0.002116803710731604,0.18761120492598507,0.00012751447598087737,8.173392860619823e-08,3.5,1,0,0.0,0.0,0,0.0,0
YCR024C,1,0.0,0.0,0.20852783545169284,5.528695926183834e-05,3.8480720274463485e-07,29.0,1,0,0.0,0.0,0,0.0,0
YGL008C,3,1.0,0.0,0.17491622028902654,0.0001684837462889917,3.3805835681438943e-09,4.0,3,1,4.0,4.0,3,1.0,1
YPL036W,5,0.3,6.589183161682272e-05,0.1819462268842235,0.0002678549701841126,1.1628376770996436e-08,3.0,3,1,4.0,4.0,3,1.0,0
YCR027C,2,0.0,1.4636144494399217e-05,0.21685356549838838,8.340373032937726e-05,3.5494377791554004e-05,18.5,2,0,0.0,0.0,0,0.0,0
YDR158W,5,0.4,5.937245045727525e-05,0.21380559421214212,0.0001799175109359817,3.34703730375164e-07,9.8,4,0,0.0,0.0,0,0.0,0
YJR126C,2,0.0,2.9045996141959756e-05,0.23764222598069962,8.399836265056117e-05,1.9784672361847736e-05,63.5,2,0,0.0,0.0,0,0.0,0
YMR132C,1,0.0,0.0,0.2003645848583184,5.596331539310828e-05,6.325099927699273e-08,15.0,1,0,0.0,0.0,0,0.0,0
YNL106C,7,0.0,0.00014963086909769083,0.22289764479089394,0.00027529755024310133,3.653555116848495e-06,7.0,4,0,0.0,0.0,0,0.0,0
YDR155C,9,0.027777777777777776,0.0011922075416845859,0.2501878331720437,0.0003457456855581759,7.342172334909219e-05,23.0,4,3,56.333333333333336,133.0,132,1.0,0
YDR381W,8,0.03571428571428571,0.0006545792697367643,0.2530694102163148,0.0002069877701415507,3.6132892090799e-05,32.75,6,2,5.0,7.0,6,1.0,1
YOL068C,7,0.09523809523809523,0.0005426842583672099,0.2089284075795355,0.00030845583690818735,1.021727647247601e-06,4.285714285714286,3,6,44.5,133.0,209,0.5794994479205006,0
YCR034W,3,0.3333333333333333,7.131841097720981e-05,0.20113343647844048,0.00012560779473001944,2.63457599655471e-07,5.0,3,2,4.0,5.0,4,1.0,0
YGR032W,3,0.6666666666666666,0.00011788646432719131,0.20385718715283574,0.00012279649906300565,3.016217028269003e-07,9.333333333333334,3,4,3.5,5.0,7,0.42857142857142855,0
YLR342W,7,0.09523809523809523,0.0006561727667126213,0.21881683085346884,0.00024462649962887203,4.3255056533923545e-07,10.285714285714286,4,4,3.5,5.0,6,0.6,0
YOR049C,5,0.0,0.001853935918059091,0.24623705179016686,0.00016970455884610713,2.03147662789522e-05,34.0,4,0,0.0,0.0,0,0.0,0
YHR081W,10,0.6,0.00018932526898367714,0.24914192137376406,0.00018079762888141622,5.139208103367929e-05,38.7,8,3,52.333333333333336,131.0,136,0.9196078431372549,0
YOR001W,11,0.7636363636363637,0.0002923026595331376,0.24962796827109637,0.00018360110407239798,5.669493241007665e-05,45.63636363636363,10,2,13.0,14.0,13,1.0,0
YCR036W,1,0.0,0.0,0.19744559458240302,6.258315889018013e-05,5.449517679741835e-08,15.0,1,0,0.0,0.0,0,0.0,0
YGL153W,15,0.06666666666666667,0.0011740698363335313,0.24871462560191335,0.0005384382081124807,4.340918178924253e-06,11.2,5,1,3.0,3.0,2,1.0,0
YDR532C,5,0.0,0.000448724128402352,0.23960545415149354,0.00025419122827291627,1.998992125237796e-05,24.4,3,0,0.0,0.0,0,0.0,1
YCR065W,1,0.0,0.0,0.20159945463524875,6.894594485285359e-05,9.468333015203094e-07,5.0,1,0,0.0,0.0,0,0.0,0
YJL031C,3,0.3333333333333333,1.108027817789735e-05,0.20646937644291527,0.00013947798697626812,9.738993732022163e-07,4.0,3,3,3.6666666666666665,6.0,5,1.0,1
YCR042C,1,0.0,0.0,0.21978964489383992,5.321037377526303e-05,1.1872659819520835e-06,35.0,1,8,59.25,195.0,266,0.731961980422755,1
YCR044C,1,0.0,0.0,0.23147199952267453,6.028899296357435e-05,5.3801410241905356e-05,108.0,1,0,0.0,0.0,0,0.0,0
YCR045C,1,0.0,0.0,0.17128016657593179,7.861448259740685e-05,1.457918384643711e-08,4.0,1,0,0.0,0.0,0,0.0,0
YOR348C,4,0.0,0.0010777352692492809,0.2085778229470068,0.0002218567154112974,1.1654180386371504e-06,3.0,2,0,0.0,0.0,0,0.0,0
YCR047C,2,0.0,6.0734489050599616e-05,0.1912314826825788,0.00012137293306542819,2.5888601422263753e-07,7.0,2,0,0.0,0.0,0,0.0,0
YLR339C,4,0.0,0.0004183565994615255,0.1882851307465017,0.0003071732565040201,6.760494662789063e-07,1.5,2,0,0.0,0.0,0,0.0,1
YCR052W,13,0.48717948717948717,0.00015090762922052978,0.23684012363376708,0.0003137593926746284,2.1154512765998194e-06,15.0,9,3,36.666666666666664,83.0,83,0.9782544813399942,1
YGR056W,12,0.5606060606060606,0.00033918157701560487,0.2551772086942734,0.00027014922316995194,2.1645367091650047e-05,30.166666666666668,9,3,36.666666666666664,83.0,83,0.9782544813399942,0
YKR008W,13,0.5512820512820513,0.00016511533617791224,0.24394506173761732,0.0002770105661086228,7.451854197342846e-06,20.692307692307693,9,3,36.666666666666664,83.0,83,0.9782544813399942,1
YLR321C,23,0.20553359683794467,0.002108399728404596,0.2695487131988022,0.0005328786861797519,2.6646508636420626e-05,22.608695652173914,9,3,36.666666666666664,83.0,83,0.9782544813399942,1
YLR357W,12,0.5757575757575758,0.0004000379211811821,0.23650536727527413,0.0002642186460136881,5.2867336038664086e-06,17.0,9,3,36.666666666666664,83.0,83,0.9782544813399942,0
YMR033W,11,0.7090909090909091,5.988275834283236e-05,0.23856746167079776,0.0002477541806803829,2.9939429991949214e-06,20.545454545454547,9,8,51.75,195.0,270,0.6167699297810822,1
YOR213C,16,0.35,0.0009957152484661945,0.25330516628987876,0.0004276761805532324,2.1913794174532952e-05,20.5,9,2,6.5,10.0,11,0.6727272727272727,0
YOR232W,12,0.06060606060606061,0.002154762918157526,0.252716597794288,0.0004145683643357696,3.193361159355893e-06,19.5,5,3,8.0,11.0,10,1.0,1
YCR053W,9,0.3055555555555556,0.0001818933372938084,0.2203462434678215,0.00031376238875210156,4.237268707172414e-07,7.333333333333333,4,0,0.0,0.0,0,0.0,0
YHR018C,3,0.3333333333333333,0.00021610826933842882,0.23906562430094888,0.00011805670093065543,2.7236439168859873e-06,56.0,3,0,0.0,0.0,0,0.0,0
YHR208W,4,0.5,1.0641342111927729e-05,0.20916949040957103,0.0001596904143425194,5.261654670741582e-07,7.25,3,1,2.0,2.0,1,0.0,0
YLR027C,9,0.1388888888888889,0.0003014702263891991,0.2113748047336832,0.00032195213339117633,1.3900554405657588e-07,6.333333333333333,4,0,0.0,0.0,0,0.0,1
YLR134W,9,0.08333333333333333,0.0031750384288604513,0.2339867816397928,0.00035710760548947866,1.7693450737584677e-06,16.88888888888889,4,0,0.0,0.0,0,0.0,0
YPL028W,4,0.3333333333333333,2.342337179387727e-05,0.20285909871438346,0.00015823712449333769,2.6573455791816444e-07,8.25,3,0,0.0,0.0,0,0.0,1
YCR054C,2,0.0,4.1088597439305774e-05,0.2212989587989556,6.880169171634372e-05,5.565142471219233e-07,33.0,2,0,0.0,0.0,0,0.0,1
YGL019W,25,0.27,0.0011355326479792526,0.26339627238776214,0.0004459337394374058,0.0001287247370263725,45.04,15,3,6.0,8.0,9,0.7777777777777778,0
YGR154C,2,0.0,0.002116803710731604,0.21069915880611526,0.00010722379307020032,5.288075070166502e-06,26.0,1,0,0.0,0.0,0,0.0,0
YJL069C,27,0.792022792022792,8.356310473519975e-06,0.25124256358446917,0.00025768947054111044,0.00019444098656778877,66.07407407407408,24,3,203.66666666666666,559.0,558,1.0,1
YKL099C,22,0.8138528138528138,1.1467584667768512e-05,0.2516203719507616,0.00022240358314274577,0.00016038702114934235,65.54545454545455,21,5,168.0,559.0,619,0.8502282102357388,1
YKR060W,31,0.8150537634408602,0.00023822223899127573,0.2572291273593489,0.00030487560085064726,0.0002551151615413013,68.93548387096774,28,2,452.5,559.0,558,1.0,0
YOR061W,40,0.3243589743589744,0.00177317397977206,0.27332513859575724,0.0005767007317438561,0.00020842158452730829,48.85,22,3,6.0,8.0,9,0.7777777777777778,0
YPR144C,38,0.7667140825035562,0.0009681647175497198,0.26924843613248345,0.0003662488156271611,0.0016910558605618025,71.55263157894737,35,6,107.0,559.0,558,1.0,1
YCR059C,5,0.0,0.002476874528568595,0.25444591361730423,0.00024212100405542698,7.570718763049817e-05,67.4,3,0,0.0,0.0,0,0.0,0
YDR400W,1,0.0,0.0,0.2010404912674985,7.334372435781943e-05,9.466609985605338e-07,5.0,1,0,0.0,0.0,0,0.0,0
YJL160C,1,0.0,0.0,0.2010404912674985,7.334372435781943e-05,9.466609985605338e-07,5.0,1,0,0.0,0.0,0,0.0,0
YOL117W,3,0.0,2.9088272238965383e-05,0.2227949112013452,0.00010937402852789776,2.3946367200361557e-06,18.0,3,1,6.0,6.0,5,1.0,0
YCR060W,1,0.0,0.0,0.17792067033488745,8.112652387633993e-05,9.59782641276609e-09,3.0,1,0,0.0,0.0,0,0.0,0
YHR034C,3,0.0,0.0004136151773357187,0.21850910251274072,0.000173767904433591,7.418585761980303e-07,20.666666666666668,2,2,289.5,559.0,558,1.0,0
YCR063W,1,0.0,0.0,0.19262856900724673,6.926100054220621e-05,2.574011355566554e-07,4.0,1,0,0.0,0.0,0,0.0,0
YDR408C,4,0.16666666666666666,0.00024191683101923444,0.24111933885876338,0.00017422126358164917,2.0582649926350697e-05,30.0,3,0,0.0,0.0,0,0.0,0
YGL058W,7,0.0,0.00027232428621187587,0.21493583474278286,0.00025736717220722867,1.1081025055083666e-06,6.142857142857143,4,2,24.0,46.0,46,0.9565217391304348,0
YLR032W,2,0.0,1.3136008678689388e-06,0.19332190859530163,0.00011028666398888037,4.5676739301414894e-07,3.5,2,0,0.0,0.0,0,0.0,0
YCR067C,2,0.0,2.349122821720483e-05,0.21369007471038204,0.00011177944768907857,1.0015506551925188e-06,13.5,2,0,0.0,0.0,0,0.0,0
YCR068W,1,0.0,0.0,0.18977997866989477,7.730782951479741e-05,2.4993397635458285e-07,4.0,1,0,0.0,0.0,0,0.0,0
YER019W,4,0.0,0.0002932409503113975,0.2366726270823995,0.0002148286424911997,1.9970023026629374e-05,29.5,2,0,0.0,0.0,0,0.0,0
YCR071C,1,0.0,0.0,0.1929532190991559,5.579614639950523e-05,8.746919977741957e-08,13.0,1,7,202.14285714285714,559.0,589,0.9439786101197695,0
YLR006C,4,0.0,0.0002497562085053636,0.20721677690062718,0.00017858878474350155,4.50407358520688e-07,10.5,2,0,0.0,0.0,0,0.0,0
YCR076C,5,0.0,0.0009355133280107096,0.2535709174697597,0.00016682494466948848,5.469527372462011e-06,61.0,4,0,0.0,0.0,0,0.0,0
YDL139C,2,0.0,8.820035898518328e-06,0.2138161021786341,9.062370139610332e-05,4.953305913590242e-07,16.5,2,0,0.0,0.0,0,0.0,1
YDL216C,2,0.0,3.4185874236865846e-06,0.21076040262710335,9.191948710644513e-05,4.559704324773792e-07,12.0,2,1,6.0,6.0,5,1.0,0
YDR141C,1,0.0,0.0,0.20486514555606836,5.999623061840724e-05,4.408354145616059e-07,18.0,1,1,2.0,2.0,1,0.0,1
YDR389W,4,0.0,0.000436017656722922,0.2583288540483741,0.0001330684266643465,7.600886210816888e-05,94.75,4,0,0.0,0.0,0,0.0,1
YER115C,4,0.16666666666666666,0.00036475248445405,0.23166921726549167,0.00016613024946506027,1.8433476650025772e-05,27.75,3,0,0.0,0.0,0,0.0,0
YGL143C,2,0.0,2.4045839812293855e-06,0.21706996462571937,8.943581057913852e-05,7.471177832549018e-07,12.0,2,0,0.0,0.0,0,0.0,0
YIL154C,1,0.0,0.0,0.20486514555606836,5.999623061840724e-05,4.408354145616059e-07,18.0,1,0,0.0,0.0,0,0.0,0
YMR002W,3,0.0,3.2717637530276216e-05,0.21596010082048486,0.00011987837086364664,1.3890470783312539e-06,10.333333333333334,3,0,0.0,0.0,0,0.0,0
YNR027W,1,0.0,0.0,0.20486514555606836,5.999623061840724e-05,4.408354145616059e-07,18.0,1,0,0.0,0.0,0,0.0,0
YCR079W,2,0.0,2.6416917022508255e-05,0.20263233493379917,8.210961074841804e-05,7.280221156981861e-07,12.5,2,0,0.0,0.0,0,0.0,0
YMR277W,2,0.0,1.2908294814773174e-05,0.19877170151362306,8.509464456333131e-05,9.962900695994818e-08,8.0,2,0,0.0,0.0,0,0.0,1
YOR023C,6,0.06666666666666667,0.00034758711681395093,0.23786310721862589,0.00019762083754612658,2.1454103001668684e-06,22.166666666666668,5,2,69.0,133.0,132,1.0,0
YDL105W,8,0.07142857142857142,0.0008475727916535563,0.23317162777514566,0.00029867881416261713,5.408424565364674e-05,18.0,5,1,8.0,8.0,7,1.0,1
YNL021W,8,0.10714285714285714,0.0009001336799772824,0.24368544396060426,0.00020618946740422572,3.9449319440617385e-05,28.0,5,4,42.5,133.0,132,1.0,0
YCR086W,21,0.014285714285714285,0.002932000125923156,0.26514604040886564,0.0006810044155463572,3.5008094323546885e-05,16.142857142857142,6,3,20.333333333333332,55.0,54,1.0,0
YDL089W,7,0.047619047619047616,0.0002735634658327778,0.23220090900024914,0.0002796639689844083,2.4674959538137714e-06,9.428571428571429,3,0,0.0,0.0,0,0.0,1
YDL214C,4,0.0,0.0002028368349413188,0.2258014341116244,0.00016891601734425908,1.6609772202099858e-06,11.25,3,0,0.0,0.0,0,0.0,0
YDR061W,2,0.0,7.198824870023294e-05,0.2123860686891558,9.334123390229484e-05,6.725258609808726e-07,13.5,2,0,0.0,0.0,0,0.0,0
YDR439W,2,0.0,0.00015455240886482207,0.25273127867019096,9.088010783627563e-05,7.527705244986225e-05,157.5,2,3,20.333333333333332,55.0,54,1.0,0
YER106W,1,0.0,0.0,0.20766187260280036,5.953786313434471e-05,4.469028917734876e-07,21.0,1,3,34.0,55.0,54,1.0,1
YFL008W,24,0.10869565217391304,0.0018231365088622734,0.2554919092687731,0.0006538482525120807,5.607158710585197e-06,13.291666666666666,6,4,6.0,9.0,8,1.0,1
YGL175C,3,0.3333333333333333,8.946654217519707e-05,0.24707611489258674,0.00010485536433487292,3.9334207650835525e-05,77.66666666666667,3,0,0.0,0.0,0,0.0,0
YHR152W,14,0.02197802197802198,0.0027487515810832707,0.26015166124670625,0.0006250985569965181,7.641916458232619e-05,20.857142857142858,5,0,0.0,0.0,0,0.0,0
YKL077W,1,0.0,0.0,0.20766187260280036,5.953786313434471e-05,4.469028917734876e-07,21.0,1,0,0.0,0.0,0,0.0,0
YKR010C,3,0.0,1.8614189414601017e-05,0.2232522312838645,0.00011301436666677939,9.881244560095106e-07,15.666666666666666,3,0,0.0,0.0,0,0.0,0
YML095C,6,0.13333333333333333,0.0001934166057525944,0.22783536166685875,0.00017508752619948062,9.538026656121606e-07,14.666666666666666,5,4,61.75,195.0,194,1.0,0
YOL020W,3,0.0,0.00043401073309503636,0.21303086039705552,0.00017307336651574488,1.1278578299794842e-06,11.666666666666666,2,0,0.0,0.0,0,0.0,0
YOR281C,4,0.16666666666666666,0.00024701128590650534,0.24018750240317274,0.00015602206217543734,5.4959036499501074e-05,35.75,3,1,10.0,10.0,9,1.0,1
YKR092C,7,0.0,3.4320899324944176e-05,0.22819387521786874,0.00023851246813013174,1.9987362111418403e-05,6.0,4,0,0.0,0.0,0,0.0,0
YLR265C,5,0.0,0.00014522497072991586,0.22140031710069555,0.00019018275280009502,2.5364103307941056e-06,7.4,4,1,3.0,3.0,2,1.0,0
YDR146C,6,0.0,0.00045476247440444996,0.22277209437393966,0.00023369771276448187,9.318859974982844e-07,7.333333333333333,4,0,0.0,0.0,0,0.0,0
YDL047W,5,0.3,0.00013937136556392565,0.20808897646858315,0.0002069150420145159,8.221970111889861e-07,6.0,3,4,2.25,3.0,5,0.1,0
YDR129C,3,0.6666666666666666,4.257146545022346e-06,0.21811472129894055,0.00010501914271399257,1.9683379795883983e-05,28.0,3,3,43.666666666666664,73.0,72,1.0,0
YIR003W,4,0.0,0.000653182349357051,0.25428232106076726,0.00014322389050930689,7.55767750639132e-05,86.5,4,2,452.5,559.0,558,1.0,0
YNL020C,3,0.0,3.329856332866462e-05,0.2340497219189083,0.0001134789696131133,2.3676628858425286e-06,15.333333333333334,3,0,0.0,0.0,0,0.0,1
YCR091W,0,0.0,0.0,0.0,3.195568811248403e-05,4.8315357241094107e-57,0.0,0,0,0.0,0.0,0,0.0,0
YCR093W,20,0.32105263157894737,0.00127810386402509,0.25202851529536946,0.00045643161848564733,8.431899563556402e-06,20.2,10,7,63.142857142857146,195.0,255,0.7764397097421646,1
YDL165W,19,0.27485380116959063,0.0019709018236049513,0.2613550541288398,0.00047672276816382146,2.4448915635177956e-05,21.05263157894737,10,7,63.142857142857146,195.0,255,0.7764397097421646,1
YDR376W,2,0.0,1.0444746965048882e-05,0.20260402510262504,9.310207388032299e-05,1.181593676923836e-07,11.0,2,0,0.0,0.0,0,0.0,1
YER068W,10,0.8,5.2637310198396616e-05,0.23012516429667643,0.0002458471961892583,1.3993659517091433e-06,16.2,9,7,63.142857142857146,195.0,255,0.7764397097421646,0
YMR005W,4,0.16666666666666666,3.119987363144808e-05,0.23560878586670284,0.00010344222449000482,3.317788530392291e-06,37.5,4,5,50.8,133.0,175,0.8057142857142857,1
YCR094W,2,0.0,0.00020052923146375982,0.2487857397511676,0.0001055370512301825,7.48433212850831e-05,149.5,2,0,0.0,0.0,0,0.0,0
YGL090W,5,0.0,0.0003688252713815044,0.2139843702242225,0.0002507715819324555,1.0498147994246387e-06,6.2,2,5,48.0,195.0,195,0.989796457837695,0
YCR095C,4,0.0,0.00042437369769257,0.21926900010224626,0.00024241139842144085,5.653500415909455e-07,17.25,2,1,6.0,6.0,5,1.0,0
YHL029C,1,0.0,0.0,0.17842415744693713,8.350295886698576e-05,7.256993679042287e-09,4.0,1,1,6.0,6.0,5,1.0,0
YNL099C,4,0.0,0.00013331423579216476,0.22124268872196234,0.00016898489486936102,5.850332251716511e-07,12.75,2,1,6.0,6.0,5,1.0,0
YPL027W,1,0.0,0.0,0.17842415744693713,8.350295886698576e-05,7.256993679042287e-09,4.0,1,0,0.0,0.0,0,0.0,0
YCR097W,1,0.0,0.0,0.19823732028746321,6.162230210076332e-05,9.395475287007285e-07,8.0,1,0,0.0,0.0,0,0.0,0
YCR098C,2,0.0,2.217829363521664e-05,0.2230347703798148,9.027497993407171e-05,7.924603897249995e-07,53.0,2,0,0.0,0.0,0,0.0,0
YJL184W,4,0.0,6.37678475117829e-05,0.2339867816397928,0.0001375892541551766,2.030881730930446e-06,17.75,3,1,5.0,5.0,4,1.0,1
YGR203W,2,0.0,2.1060095382910773e-05,0.2183226893676252,8.22467538269948e-05,7.905590710061679e-07,37.5,2,0,0.0,0.0,0,0.0,0
YGR205W,4,0.0,0.00011087463246852832,0.23587704570747495,0.00014800611999380648,1.9177959432917936e-05,33.25,3,0,0.0,0.0,0,0.0,0
YGR262C,2,0.0,3.710033806648906e-05,0.24895657974412977,9.312731484776914e-05,7.51501100991865e-05,150.5,2,1,5.0,5.0,4,1.0,0
YIL059C,2,0.0,2.9984104116380037e-05,0.232511155525021,9.195437020313767e-05,3.687037429983196e-05,73.5,2,0,0.0,0.0,0,0.0,0
YLR208W,11,0.38181818181818183,0.0003044857367310999,0.22938501692653526,0.000278533999448543,7.394869256174461e-06,14.909090909090908,7,8,33.0,95.0,163,0.479815193516625,1
YCR100C,1,0.0,0.0,0.18703853099865295,8.463977461209025e-05,4.572203414055897e-07,3.0,1,0,0.0,0.0,0,0.0,0
YIL110W,3,0.0,0.0003020549795193547,0.2324242029612495,0.00018482749584845085,3.65620518525445e-05,47.666666666666664,2,0,0.0,0.0,0,0.0,0
YCR101C,1,0.0,0.0,0.21673472978770825,5.24173717936406e-05,4.7059852990841483e-07,68.0,1,0,0.0,0.0,0,0.0,0
YOR114W,3,0.0,0.0009925754086107684,0.2601827780054224,0.0001331487771381155,9.341768013142532e-05,136.66666666666666,2,0,0.0,0.0,0,0.0,0
YDL001W,5,0.0,0.00036088877055555737,0.22933664897357237,0.00019963478576095144,1.5673745898171315e-06,12.2,3,0,0.0,0.0,0,0.0,0
YLR457C,6,0.0,0.0005845313764953252,0.24205843381898778,0.00021368379862127623,1.98270723166023e-05,27.833333333333332,4,1,3.0,3.0,2,1.0,1
YMR079W,1,0.0,0.0,0.18503386487872864,6.589176964095037e-05,1.9841280185104058e-08,5.0,1,0,0.0,0.0,0,0.0,1
YDL002C,5,0.2,0.00016590599892772834,0.22757316686868587,0.0001443103194699636,1.6285959306410758e-06,17.2,4,2,47.5,83.0,82,1.0,0
YER092W,4,0.3333333333333333,0.00012719902353648693,0.24471347907687413,0.00014529426692846815,1.974766594260253e-05,30.25,4,0,0.0,0.0,0,0.0,0
YDL003W,7,0.3333333333333333,0.0005712776733080721,0.23539206963687198,0.00022128890098126742,2.9790583696790346e-06,18.285714285714285,4,4,6.0,9.0,8,1.0,1
YDR180W,4,0.16666666666666666,7.357126479940013e-05,0.2169076248206944,0.00014321604193787157,5.861431892318183e-07,17.25,3,3,5.666666666666667,9.0,9,0.7777777777777778,1
YFR027W,4,0.16666666666666666,0.00033831501103927545,0.23461771186046854,0.0001771493193799155,5.386413075331894e-05,30.75,3,0,0.0,0.0,0,0.0,1
YMR001C,7,0.047619047619047616,0.00032756596606434797,0.23256087192113475,0.0002200129078565587,2.3144926464282076e-06,12.0,4,0,0.0,0.0,0,0.0,1
YDL005C,3,0.3333333333333333,0.00023230308015879987,0.23254844082898588,0.00010078146715531387,3.714202549619211e-05,41.666666666666664,3,5,70.0,195.0,211,0.9097269239449334,0
YDL006W,4,0.0,8.448738400691382e-05,0.23485835840146124,0.00011892734236679229,3.402410704046545e-06,26.5,3,0,0.0,0.0,0,0.0,0
YFR006W,9,1.0,0.0,0.23067424342675863,0.00014344594551489315,5.158347900935334e-06,44.22222222222222,9,0,0.0,0.0,0,0.0,0
YLR421C,18,0.9934640522875817,0.0,0.2444934377334308,0.0002558874256383467,9.356956186695518e-06,42.22222222222222,18,4,25.0,46.0,46,0.9758454106280193,0
YEL023C,4,0.0,0.0003670233671366911,0.23095589695963625,0.00014720692221112015,1.844196179866795e-05,27.5,3,0,0.0,0.0,0,0.0,0
YDL012C,7,0.0,0.00264761521205421,0.2117657822735917,0.00040934215674082766,1.6322537520551651e-06,3.2857142857142856,2,0,0.0,0.0,0,0.0,0
YDR151C,1,0.0,0.0,0.1734240704388371,8.070271347974721e-05,2.0418854798730644e-08,7.0,1,0,0.0,0.0,0,0.0,1
YFR047C,4,0.16666666666666666,0.0011605309294582548,0.24367179517355592,0.00017781477366733076,3.891957339175671e-05,55.25,2,0,0.0,0.0,0,0.0,0
YHR032W,1,0.0,0.0,0.1734240704388371,8.070271347974721e-05,2.0418854798730644e-08,7.0,1,0,0.0,0.0,0,0.0,0
YHR140W,2,0.0,0.000625116361238743,0.23267281158565983,0.00011087201353704665,3.657083261353293e-05,73.5,2,0,0.0,0.0,0,0.0,0
YJL065C,3,0.0,0.0007757003784201771,0.23207704209050825,0.00015808923335230299,5.383025506990512e-05,39.0,2,2,43.5,83.0,82,1.0,0
YOR355W,11,0.0,0.003549749079869389,0.2310294849465598,0.00044612097140367407,1.1271300859145266e-06,8.454545454545455,4,0,0.0,0.0,0,0.0,0
YDL013W,8,0.07142857142857142,0.0012656075811771415,0.2701345067388182,0.00025183537645755865,9.661258520091567e-05,64.0,6,2,30.0,58.0,57,1.0,1
YER116C,2,0.0,1.4344915127721886e-05,0.24013447209961186,8.895397694544011e-05,3.775948233907015e-05,74.0,2,2,30.0,58.0,57,1.0,0
YGR159C,2,0.0,4.40687074233271e-05,0.22060322656197293,7.461981849543001e-05,9.109631446319917e-06,41.0,2,3,78.33333333333333,131.0,130,1.0,1
YMR229C,29,0.6551724137931034,6.157812898414826e-05,0.2608535934181957,0.0002666380754295339,0.00025962784060026855,74.62068965517241,25,2,302.5,559.0,558,1.0,1
YDL015C,1,0.0,0.0,0.23147199952267453,6.028899296357435e-05,5.3801410241905356e-05,108.0,1,0,0.0,0.0,0,0.0,1
YDL132W,16,0.058333333333333334,0.0016421585796383281,0.23576200244018142,0.0005158885424029248,1.8637650721775514e-06,14.125,6,7,13.571428571428571,58.0,57,1.0,1
YDR173C,4,0.5,8.435372118818899e-05,0.21178640010849323,0.00014952436464162305,6.008532639671512e-07,11.0,4,3,91.33333333333333,195.0,194,1.0,0
YFR057W,1,0.0,0.0,0.19007847916063733,5.914070990860929e-05,3.201685582410951e-08,20.0,1,0,0.0,0.0,0,0.0,0
YGR099W,2,0.0,0.00018447740838555755,0.23275995029846813,8.946260771365149e-05,1.8596000490154517e-05,66.5,2,1,11.0,11.0,10,1.0,1
YJL088W,1,0.0,0.0,0.19007847916063733,5.914070990860929e-05,3.201685582410951e-08,20.0,1,1,2.0,2.0,1,0.0,0
YKL039W,1,0.0,0.0,0.19007847916063733,5.914070990860929e-05,3.201685582410951e-08,20.0,1,0,0.0,0.0,0,0.0,0
YNR048W,2,0.0,0.0002535621802360862,0.2504182484906849,9.048295461054021e-05,7.486216641391287e-05,157.0,2,0,0.0,0.0,0,0.0,0
YOR006C,2,0.0,9.170841600575481e-06,0.19983079468231443,9.626772819096901e-05,5.170121524677159e-08,12.0,2,0,0.0,0.0,0,0.0,0
YGR086C,6,0.0,0.0010948408021441186,0.2394867461757496,0.0001987464639332619,2.3061762437866496e-06,29.5,4,1,2.0,2.0,1,0.0,0
YDL022W,1,0.0,0.0,0.16691027166808622,7.379067686419049e-05,6.2160026604765295e-09,6.0,1,0,0.0,0.0,0,0.0,0
YDL024C,1,0.0,0.0,0.18978825769003482,7.333896834625506e-05,6.80774428850459e-07,12.0,1,0,0.0,0.0,0,0.0,0
YEL017W,12,0.045454545454545456,0.002049003422481164,0.23668550302098187,0.0005843131616677333,5.446293643494011e-05,12.916666666666666,3,0,0.0,0.0,0,0.0,0
YDL025C,0,0.0,0.0,0.0,3.195568811248403e-05,4.8315357241094107e-57,0.0,0,0,0.0,0.0,0,0.0,0
YDL028C,1,0.0,0.0,0.18598308101182745,5.5536421577017014e-05,2.0327891975235652e-08,16.0,1,2,49.0,55.0,54,1.0,1
YDL209C,8,0.75,3.6882829979549413e-05,0.23586425757813326,0.0001671075473682593,5.117184434397763e-06,40.75,7,6,156.5,559.0,619,0.8502282102357388,1
YDR421W,1,0.0,0.0,0.21406860360324104,4.8027016461631963e-05,9.027493106368398e-07,56.0,1,0,0.0,0.0,0,0.0,0
YDR485C,2,1.0,0.0,0.22745418680549317,6.575571268256075e-05,1.9629590052738897e-06,63.0,2,2,48.0,83.0,82,1.0,0
YML049C,13,0.8205128205128205,9.550870360014088e-06,0.24376736880308553,0.00021874206613407235,1.4080441329317767e-05,42.30769230769231,12,7,109.28571428571429,559.0,561,0.9900942195059842,1
YMR288W,5,0.4,1.3212066388442329e-05,0.23743471216660306,0.00010367376477211839,6.260853203992787e-06,45.4,5,7,109.28571428571429,559.0,561,0.9900942195059842,1
YPR143W,1,0.0,0.0,0.20823837981182594,3.932919107919448e-05,8.372238393453514e-06,58.0,1,0,0.0,0.0,0,0.0,1
YDL035C,1,0.0,0.0,0.16008670264309197,7.579433421224473e-05,1.7619861690166317e-09,5.0,1,0,0.0,0.0,0,0.0,0
YDL036C,1,0.0,0.0,0.15186108039055668,9.232549435152275e-05,3.1604455262523586e-10,2.0,1,0,0.0,0.0,0,0.0,0
YDL037C,1,0.0,0.0,0.23147199952267453,6.028899296357435e-05,5.3801410241905356e-05,108.0,1,0,0.0,0.0,0,0.0,0
YDL040C,2,1.0,0.0,0.17327211370991985,0.00014056517947415163,3.280816324649682e-08,3.0,2,5,214.6,559.0,558,1.0,0
YGR254W,4,0.16666666666666666,0.0006059456040480708,0.21152896538283017,0.0002278830167258929,2.4810723190128854e-06,21.0,2,1,5.0,5.0,4,1.0,0
YHR013C,2,1.0,0.0,0.17327211370991985,0.00014056517947415163,3.280816324649682e-08,3.0,2,5,214.6,559.0,558,1.0,0
YIR002C,5,0.1,0.0002575153368094087,0.21993408983512805,0.00020058673783838023,8.618859776301116e-07,13.0,3,0,0.0,0.0,0,0.0,0
YDL042C,7,0.14285714285714285,0.000612703089890991,0.23237454497535884,0.0002584709876008891,1.9461659089904858e-05,19.857142857142858,4,5,22.4,83.0,90,0.8404494382022472,0
YDR363W,2,0.0,0.00020198186801602362,0.1870224499625427,0.00014263858860861275,2.435775014997859e-07,4.0,1,0,0.0,0.0,0,0.0,0
YNR023W,5,0.3,0.00023831546584876309,0.22893839030830226,0.0001524575138988495,1.602471117670124e-06,20.4,4,6,64.5,195.0,269,0.6211507518171225,0
YOL017W,2,0.0,6.150162673940654e-06,0.20241549486012506,8.380702491628324e-05,1.0385436899643265e-06,12.0,2,0,0.0,0.0,0,0.0,0
YDR131C,2,0.0,0.0001935723851012037,0.22997918438593157,8.190169317086366e-05,1.0887012546301793e-06,57.5,2,2,35.5,58.0,57,1.0,0
YDR409W,5,0.2,7.700122951393359e-05,0.2257779973547495,0.00014782060469091947,9.588040241599145e-07,21.6,5,0,0.0,0.0,0,0.0,0
YER113C,2,0.0,6.245652920029686e-05,0.2158636613589693,8.675219419668815e-05,5.422021973773452e-07,31.0,2,0,0.0,0.0,0,0.0,0
YJL146W,1,0.0,0.0,0.21170395284811036,5.015225097214525e-05,5.312767980899316e-07,52.0,1,0,0.0,0.0,0,0.0,0
YKL155C,1,0.0,0.0,0.21170395284811036,5.015225097214525e-05,5.312767980899316e-07,52.0,1,9,161.77777777777777,559.0,593,0.9319709675949136,0
YLL014W,1,0.0,0.0,0.21170395284811036,5.015225097214525e-05,5.312767980899316e-07,52.0,1,0,0.0,0.0,0,0.0,0
YMR302C,1,0.0,0.0,0.21170395284811036,5.015225097214525e-05,5.312767980899316e-07,52.0,1,3,78.33333333333333,131.0,130,1.0,0
YNL023C,4,0.0,0.0010236378640171371,0.22725220596681298,0.00013763117327542025,7.438315024856631e-07,23.25,3,0,0.0,0.0,0,0.0,0
YNL286W,1,0.0,0.0,0.21170395284811036,5.015225097214525e-05,5.312767980899316e-07,52.0,1,6,126.5,559.0,561,0.9900942195059842,0
YPL233W,2,0.0,0.00026530273395801554,0.23231250232438017,8.19192787187848e-05,3.656926565219222e-05,73.5,2,3,34.0,55.0,54,1.0,1
YDR505C,2,0.0,1.453537448629743e-05,0.20808897646858315,7.785727967160057e-05,1.6962354389211542e-07,16.0,2,0,0.0,0.0,0,0.0,1
YER086W,11,0.09090909090909091,0.001042626268795581,0.2433446823486222,0.0003219067952304168,2.1346765617782527e-06,19.09090909090909,6,0,0.0,0.0,0,0.0,0
YLR386W,13,0.038461538461538464,0.0010990019999410233,0.2751401613349777,0.00033786887441451645,8.096827110437803e-05,46.23076923076923,8,1,2.0,2.0,1,0.0,0
YDL045C,2,0.0,0.00011311469379072608,0.24383568159559846,9.030143078608485e-05,3.763524242452497e-05,104.5,2,0,0.0,0.0,0,0.0,1
YDL046W,2,0.0,0.00026940393075427377,0.2530988557233503,9.841224332836481e-05,7.501612895942787e-05,166.0,2,0,0.0,0.0,0,0.0,0
YFR040W,3,1.0,0.0,0.1822282077167072,0.00014272929769475488,2.4248646164601437e-07,4.333333333333333,3,1,2.0,2.0,1,0.0,0
YJL098W,3,1.0,0.0,0.1822282077167072,0.00014272929769475488,2.4248646164601437e-07,4.333333333333333,3,1,2.0,2.0,1,0.0,0
YKR028W,5,0.3,0.0005871372651993685,0.22010099317154042,0.0002053975241406658,1.833263738956602e-05,12.4,3,1,2.0,2.0,1,0.0,0
YNL187W,3,0.0,0.0008658044690928093,0.231152235855091,0.00012189479567024605,4.046187199463073e-06,23.666666666666668,3,0,0.0,0.0,0,0.0,0
YMR289W,1,0.0,0.0,0.15190349968675515,8.866885884900309e-05,3.5693308958576226e-10,4.0,1,0,0.0,0.0,0,0.0,0
YOR311C,1,0.0,0.0,0.15190349968675515,8.866885884900309e-05,3.5693308958576226e-10,4.0,1,0,0.0,0.0,0,0.0,0
YIR001C,2,0.0,4.652921969249462e-06,0.20477835872104816,7.087026424419069e-05,4.751483624569061e-06,19.0,2,0,0.0,0.0,0,0.0,0
YDL052C,1,0.0,0.0,0.24844476220825013,6.329793281441496e-05,7.483014955808876e-05,294.0,1,0,0.0,0.0,0,0.0,0
YDL053C,2,0.0,0.00013779709733385806,0.2237804758514823,9.402029659297617e-05,4.6017192227029944e-07,50.0,2,0,0.0,0.0,0,0.0,0
YDL054C,2,0.0,4.451613538121213e-06,0.1833031191972979,0.00011065276049954134,2.516396809714656e-08,4.0,2,0,0.0,0.0,0,0.0,0
YER140W,3,0.0,0.0002172989732464559,0.21146727414711847,0.00014157899650424629,5.448230484584582e-07,9.666666666666666,2,0,0.0,0.0,0,0.0,0
YGR173W,5,0.0,0.0001524146896843237,0.2146918787519082,0.0002268342620257359,1.4489628867800037e-06,6.6,3,0,0.0,0.0,0,0.0,0
YDL055C,4,0.16666666666666666,0.00015023657638382564,0.24881419679889435,0.00011451352242075491,4.082329011545607e-05,66.0,4,0,0.0,0.0,0,0.0,1
YDL056W,2,0.0,5.255659974410701e-06,0.1942281454988467,9.420670518424167e-05,2.487494217970148e-07,7.0,2,3,90.66666666666667,195.0,194,1.0,0
YHR206W,5,0.1,0.00018694506539562432,0.21584224206333935,0.0002042392651194321,8.067238820094563e-07,8.0,3,0,0.0,0.0,0,0.0,0
YLR182W,9,0.05555555555555555,0.0006697959678487876,0.2366983803606457,0.00029021907306438466,1.9046553169990022e-05,15.666666666666666,5,4,68.5,195.0,194,1.0,1
YDL059C,3,0.0,1.8961258699926454e-05,0.2205025966056091,9.860691062018426e-05,0.0013920019377463523,34.666666666666664,3,0,0.0,0.0,0,0.0,0
YGR049W,3,0.0,0.00011290005893432558,0.24971393818325496,0.0001119420406723181,9.227485260940898e-05,101.0,3,0,0.0,0.0,0,0.0,0
YDR023W,2,0.0,1.8883401887648972e-05,0.22943340528576456,7.157947755691094e-05,8.013752491720484e-06,68.0,2,0,0.0,0.0,0,0.0,1
YDR091C,17,0.5514705882352942,0.0006118917916553041,0.2591752788650463,0.00021719428672550936,0.00018348298861861503,74.70588235294117,13,3,356.0,559.0,558,1.0,1
YKR024C,17,0.7647058823529411,0.00040610961415626993,0.24965661833057892,0.00020315265441694862,0.00016462106072420615,74.6470588235294,16,0,0.0,0.0,0,0.0,0
YPL204W,8,0.07142857142857142,0.000616068934329078,0.2284934995288166,0.0002481076528614328,1.0622934878026419e-05,18.375,4,4,17.75,55.0,61,0.7934426229508197,1
YDL063C,2,0.0,1.0005066382190433e-05,0.21194116193446036,5.78662713110183e-05,0.0013888213654301102,45.0,2,0,0.0,0.0,0,0.0,0
YMR168C,4,0.5,3.6312289744258934e-05,0.21171425524495924,0.0001526804714843209,7.924183648973963e-08,12.5,3,5,27.4,55.0,54,1.0,1
YLR063W,3,0.3333333333333333,0.00020198186801602362,0.22560237663496513,0.0001566460008845556,8.773399471590913e-07,26.0,2,0,0.0,0.0,0,0.0,0
YML042W,10,0.0,0.0034549550668245403,0.27112777209452,0.0003660103535307615,7.834483097025591e-05,52.2,5,0,0.0,0.0,0,0.0,0
YMR155W,1,0.0,0.0,0.20867786986898829,5.990493875853843e-05,3.197725542977765e-07,14.0,1,0,0.0,0.0,0,0.0,0
YMR163C,3,0.0,3.213890563240943e-05,0.21152896538283017,0.00013255272237277683,5.521717210045325e-07,7.0,2,0,0.0,0.0,0,0.0,0
YDL066W,1,0.0,0.0,0.23795417770763375,6.094378851223021e-05,1.9721117380842046e-05,150.0,1,0,0.0,0.0,0,0.0,0
YDL067C,8,0.75,0.001074433122154327,0.21150839763861481,0.00025246852194602085,2.0071677955773613e-07,11.5,7,3,26.333333333333332,56.0,56,0.9707792207792207,1
YGL191W,7,1.0,0.0,0.1865893048133757,0.00021780550074567052,1.708674082475854e-08,7.857142857142857,7,3,26.333333333333332,56.0,56,0.9707792207792207,0
YHR051W,7,1.0,0.0,0.1865893048133757,0.00021780550074567052,1.708674082475854e-08,7.857142857142857,7,3,26.333333333333332,56.0,56,0.9707792207792207,0
YLR038C,8,0.75,5.1295642528742325e-05,0.19078701184180447,0.00025338615725365853,2.6915105720833667e-08,7.0,7,3,26.333333333333332,56.0,56,0.9707792207792207,0
YLR395C,8,0.75,0.00041938081661766397,0.20258515627607301,0.0002432950654568566,5.868494495675077e-08,7.625,7,3,26.333333333333332,56.0,56,0.9707792207792207,0
YMR256C,7,1.0,0.0,0.1865893048133757,0.00021780550074567052,1.708674082475854e-08,7.857142857142857,7,3,26.333333333333332,56.0,56,0.9707792207792207,0
YNL052W,7,1.0,0.0,0.1865893048133757,0.00021780550074567052,1.708674082475854e-08,7.857142857142857,7,3,26.333333333333332,56.0,56,0.9707792207792207,0
YDL070W,4,0.0,0.00025231615445234055,0.22727594979775717,0.00014259496997294445,1.9507707729739567e-05,15.5,3,0,0.0,0.0,0,0.0,0
YGL075C,4,0.0,4.572902812314249e-05,0.2220444154049236,0.0001379161229128344,1.288386990715321e-06,11.75,3,1,3.0,3.0,2,1.0,1
YOL131W,14,0.0,0.0015484402414897404,0.2617009282380094,0.00043652532156184464,0.0014514315646311376,20.5,5,0,0.0,0.0,0,0.0,0
YDR183W,3,0.0,4.767176806515458e-05,0.21316655549162955,0.00011879714151829743,4.03612336180739e-07,14.666666666666666,3,0,0.0,0.0,0,0.0,0
YEL068C,5,0.1,0.0006911198180799626,0.25866675967826075,0.00021540061132682846,9.40294226108723e-05,76.2,3,0,0.0,0.0,0,0.0,0
YGR269W,3,0.0,0.0001346501686039646,0.25472897892316104,0.00011303149471028181,7.544735118877664e-05,116.33333333333333,3,0,0.0,0.0,0,0.0,0
YNL155W,2,0.0,3.677039555930639e-06,0.18188537275925698,0.00011261032377886762,2.854296783736151e-08,3.5,2,0,0.0,0.0,0,0.0,0
YDL072C,2,0.0,9.011942912169914e-06,0.21513778216935356,7.30584350490653e-05,7.131610364949677e-06,38.0,2,0,0.0,0.0,0,0.0,0
YDL074C,9,0.25,0.0004949161076001345,0.24262541024084924,0.0002679191504094063,1.8899150237755586e-05,24.0,6,2,3.0,4.0,4,0.5,0
YDR295C,8,0.25,0.00011725684403462182,0.22383804440361532,0.00024057687809373338,1.5382314640090708e-06,10.875,5,3,55.0,133.0,132,1.0,0
YFR031C,9,0.19444444444444445,0.00036893926928993365,0.24693587416441526,0.0002678842648477365,3.925745905835884e-06,15.555555555555555,6,1,5.0,5.0,4,1.0,1
YNL153C,6,0.2,0.000194737572415014,0.21984517818124552,0.00021206115905836738,1.280042446743205e-06,8.833333333333334,4,3,6.0,7.0,6,1.0,0
YOL069W,24,0.10507246376811594,0.0024030948828650442,0.25371879810046466,0.0006907760734123199,4.871401124426821e-06,11.875,6,7,28.142857142857142,55.0,75,0.6731531531531532,1
YOR195W,4,0.16666666666666666,0.00020161865307687807,0.24131995956449234,0.00013191087621241963,2.3247596661131786e-06,42.0,4,2,49.0,55.0,54,1.0,0
YJR067C,3,0.3333333333333333,5.755202145006772e-05,0.2127703932620271,7.656353080684828e-05,0.0027780729394874092,55.0,2,0,0.0,0.0,0,0.0,1
YDL076C,2,0.0,3.7318839319325254e-05,0.19520421012377923,0.00010950254815728479,5.599174757300913e-08,3.5,2,4,46.25,133.0,133,0.9859876965140123,0
YLR098C,4,0.0,0.004429461204268921,0.2296756536283744,0.00020413314811817032,9.144587285806576e-07,25.5,2,0,0.0,0.0,0,0.0,0
YDL077C,4,0.3333333333333333,0.00031310703110168185,0.19270536104839953,0.00018066165145332633,2.6347353215358366e-07,5.75,3,4,5.5,7.0,11,0.5454545454545454,0
YLR148W,7,0.2857142857142857,0.00031681414058156967,0.18368234034319897,0.0003230310629399393,2.299740854627312e-08,4.142857142857143,3,5,23.6,95.0,98,0.9229960025247212,0
YMR231W,3,0.6666666666666666,1.5419638051951254e-06,0.16549437884314774,0.0001479779223434575,3.838809360019259e-09,5.333333333333333,3,5,23.6,95.0,98,0.9229960025247212,0
YPL045W,3,0.6666666666666666,1.5419638051951254e-06,0.16549437884314774,0.0001479779223434575,3.838809360019259e-09,5.333333333333333,3,5,23.6,95.0,98,0.9229960025247212,1
YDL078C,2,1.0,0.0,0.18687784497545823,8.914077412991287e-05,2.769952756497201e-08,10.5,2,0,0.0,0.0,0,0.0,0
YGR209C,2,0.0,7.727223037957563e-05,0.21975633838605182,6.756256544745598e-05,0.001389975093129689,48.0,2,0,0.0,0.0,0,0.0,0
YOR229W,4,0.16666666666666666,0.00016949003131144511,0.2502166118955926,0.00010593736720061449,0.001411428269720621,60.75,4,0,0.0,0.0,0,0.0,1
YPR078C,4,0.0,0.0007722495489483667,0.24457590684892444,0.00012646568613283626,0.0013916729357390013,52.5,4,0,0.0,0.0,0,0.0,0
YDL084W,2,0.0,1.9691652773024096e-05,0.22235082444182092,8.057622402012893e-05,1.9969833205896075e-06,26.0,2,4,165.0,559.0,564,0.9789375558998779,1
YER063W,7,0.047619047619047616,0.00217777956476648,0.2581755522537931,0.0002928231437664155,9.392354364006556e-05,50.714285714285715,3,0,0.0,0.0,0,0.0,0
YDL085W,2,0.0,4.942269463422594e-06,0.22324077540171736,0.00010136970033768357,8.180624536099874e-07,33.0,2,2,35.0,56.0,55,1.0,0
YDL086W,1,0.0,0.0,0.22862558363701024,6.227758591752623e-05,1.8563983634330408e-05,113.0,1,0,0.0,0.0,0,0.0,0
YDL087C,3,0.0,3.668145020566066e-05,0.2249491329384006,8.896752968060957e-05,1.065915555041634e-06,27.666666666666668,3,7,111.71428571428571,559.0,563,0.9827752950323319,1
YML031W,4,0.16666666666666666,2.276157857570764e-05,0.2272047331851195,0.00013839174324925204,2.1940266532511314e-06,13.25,3,1,59.0,59.0,58,1.0,1
YMR153W,27,0.022792022792022793,0.006349891256363142,0.2738067991081042,0.0008195253723911983,6.341572672642799e-05,14.666666666666666,7,2,31.0,59.0,58,1.0,0
YDR233C,2,0.0,2.6750710356395286e-06,0.19766987282605605,9.107001520736696e-05,5.11015531724283e-07,7.5,2,0,0.0,0.0,0,0.0,1
YLR324W,9,0.08333333333333333,0.0014029879382120773,0.27209432929067906,0.00033755441637363343,7.992276367116035e-05,56.44444444444444,4,0,0.0,0.0,0,0.0,0
YPR028W,4,0.3333333333333333,2.3879012475843054e-05,0.22211243329905894,0.00015823713824639318,1.5558598831641722e-06,9.25,3,0,0.0,0.0,0,0.0,0
YDL090C,2,1.0,0.0,0.1898545158642229,0.00010143900980058991,5.061593090284041e-08,7.0,2,2,4.0,6.0,5,1.0,0
YKL019W,4,0.16666666666666666,0.0021412031392649415,0.19018650190289257,0.00020105000845494313,5.374215427894041e-08,4.0,2,3,3.3333333333333335,6.0,5,1.0,1
YKL152C,10,0.26666666666666666,0.004848768918262562,0.2366211373343124,0.00031468903199075135,3.945461036978708e-06,15.8,5,0,0.0,0.0,0,0.0,1
YDL091C,1,0.0,0.0,0.1924836842327523,6.772555701182442e-05,2.507360090885992e-07,6.0,1,0,0.0,0.0,0,0.0,0
YIL022W,6,0.2,0.0014174766982342783,0.24089237159627175,0.0002519877927818651,2.00332353317683e-05,23.833333333333332,4,5,10.2,18.0,24,0.644927536231884,1
YDL092W,4,1.0,0.0,0.18693405366857163,0.00016689781029873905,2.524114404646188e-07,5.25,4,4,150.25,559.0,579,0.9308496333614213,1
YKL122C,4,1.0,0.0,0.18693405366857163,0.00016689781029873905,2.524114404646188e-07,5.25,4,4,150.25,559.0,579,0.9308496333614213,1
YPL210C,5,0.8,1.3317675428552316e-05,0.19571353776727105,0.00020069826038417624,4.868220738711372e-07,5.0,4,4,150.25,559.0,579,0.9308496333614213,1
YPL243W,5,0.8,1.3317675428552316e-05,0.19571353776727105,0.00020069826038417624,4.868220738711372e-07,5.0,4,4,150.25,559.0,579,0.9308496333614213,1
YDL093W,1,0.0,0.0,0.00021079258010118043,0.00021303792074989342,2.5939109905631997e-48,1.0,1,1,2.0,2.0,1,0.0,0
YGL055W,1,0.0,0.0,0.00021079258010118043,0.00021303792074989342,2.5939109905631997e-48,1.0,1,1,9.0,9.0,8,1.0,1
YDL193W,5,0.0,0.002450905300166093,0.22191982406797936,0.00026505583046636705,7.800709895705706e-07,22.6,2,0,0.0,0.0,0,0.0,1
YDL196W,2,0.0,2.8102843083273644e-05,0.1875626743275994,0.00011938708456467201,3.802161193034046e-08,6.0,2,0,0.0,0.0,0,0.0,1
YDL098C,1,0.0,0.0,0.20995686651361747,6.706999862643391e-05,1.8597940133911303e-07,38.0,1,4,184.25,559.0,558,1.0,1
YDL099W,2,0.0,1.569805057235423e-05,0.1894824142434089,0.00011497537738037097,1.9844840821393967e-08,3.0,2,1,2.0,2.0,1,0.0,0
YKL050C,3,0.0,0.0002869538322076782,0.2329843212675343,0.0001380441669392561,8.722281674677374e-07,34.0,2,0,0.0,0.0,0,0.0,0
YDL100C,25,0.0,0.0042522976119329925,0.2649038684179911,0.0010850879547479632,5.766246960187384e-05,9.52,4,1,3.0,3.0,2,1.0,0
YDL121C,2,0.0,5.84760174540972e-06,0.21170395284811036,0.00011633855462908244,9.531585301942204e-07,13.5,2,0,0.0,0.0,0,0.0,0
YDR304C,1,0.0,0.0,0.20751329506456798,6.862175391429866e-05,7.208526530615539e-07,25.0,1,0,0.0,0.0,0,0.0,0
YDR415C,3,0.0,0.0002279676321315529,0.20906897164826121,0.00018023386832349508,7.215397625900857e-07,9.666666666666666,2,0,0.0,0.0,0,0.0,0
YDR513W,1,0.0,0.0,0.20751329506456798,6.862175391429866e-05,7.208526530615539e-07,25.0,1,0,0.0,0.0,0,0.0,0
YGR189C,3,0.0,0.00010026253971178589,0.2348330039419555,0.00013047024302321946,3.2088861946035508e-06,39.0,3,0,0.0,0.0,0,0.0,0
YHR057C,4,0.0,0.0006727230264282195,0.25777781780107056,0.00016536326867006663,7.595846584219344e-05,90.25,4,0,0.0,0.0,0,0.0,0
YHR128W,6,0.0,0.00042547892189850114,0.24720246781230004,0.00021902737707786454,3.866246362290787e-05,33.333333333333336,4,0,0.0,0.0,0,0.0,1
YHR180W,3,0.0,0.00013429134269287192,0.2356726018975443,0.00014181182894962895,5.513968702350792e-05,38.0,2,0,0.0,0.0,0,0.0,0
YKR100C,2,0.0,9.033675300850835e-05,0.22802642858790648,9.772462463643225e-05,1.4878444472230214e-06,63.5,2,0,0.0,0.0,0,0.0,0
YML101C,2,0.0,3.985018779737706e-06,0.21184827770883657,0.00010428838327022457,1.1815656822079896e-06,15.0,2,0,0.0,0.0,0,0.0,0
YNL199C,6,0.06666666666666667,0.0010659125022981085,0.23873765192496668,0.000222293777856878,2.2993861274719377e-06,31.333333333333332,4,3,90.66666666666667,195.0,194,1.0,0
YOL111C,4,0.0,0.0006233186864584058,0.255267044008019,0.0001671695700056311,3.901629562825519e-05,73.25,3,2,452.5,559.0,558,1.0,0
YOL126C,1,0.0,0.0,0.20751329506456798,6.862175391429866e-05,7.208526530615539e-07,25.0,1,0,0.0,0.0,0,0.0,0
YOL159C,1,0.0,0.0,0.20751329506456798,6.862175391429866e-05,7.208526530615539e-07,25.0,1,0,0.0,0.0,0,0.0,0
YOR164C,5,0.1,0.0001741187120062552,0.2381495637742866,0.00018180038877145259,1.5836306895040803e-06,24.2,4,0,0.0,0.0,0,0.0,0
YPL252C,1,0.0,0.0,0.20751329506456798,6.862175391429866e-05,7.208526530615539e-07,25.0,1,0,0.0,0.0,0,0.0,1
YPR037C,2,0.0,0.00023781476045365457,0.20762223112669026,0.00012493968415140788,7.21120305025597e-07,14.0,2,0,0.0,0.0,0,0.0,0
YDR051C,1,0.0,0.0,0.18108288162450228,6.413889527033282e-05,1.2119031225321495e-08,8.0,1,0,0.0,0.0,0,0.0,0
YHR135C,5,0.0,0.00012622877594057727,0.2121271749489818,0.00019008354391808154,1.1156256002538717e-06,7.0,4,2,6.0,8.0,7,1.0,0
YPL153C,9,0.0,0.0005797336783163222,0.2288540889546906,0.00030296493364573735,9.590865840679427e-07,7.111111111111111,4,1,2.0,2.0,1,0.0,1
YPL269W,2,0.0,2.4557906215926964e-05,0.21327105402366134,9.389083459208393e-05,9.927701544718666e-07,11.5,2,0,0.0,0.0,0,0.0,0
YDL103C,1,0.0,0.0,0.15683187566794043,9.259386561167843e-05,8.453020664348366e-09,2.0,1,0,0.0,0.0,0,0.0,1
YDR288W,2,0.0,0.00020198186801602362,0.18753841844248073,0.00014332418899444023,6.76172749378948e-07,4.5,1,1,8.0,8.0,7,1.0,1
YDL104C,1,0.0,0.0,0.1331940186458276,0.00010957776016533134,2.2615286961370346e-12,4.0,1,0,0.0,0.0,0,0.0,0
YLR216C,10,0.1111111111111111,0.0002509602364143762,0.2357236796179382,0.00030638322148488986,2.6722574032805593e-06,10.6,5,0,0.0,0.0,0,0.0,0
YNR031C,2,0.0,1.545336646413882e-05,0.19114746182024023,0.00010222041518655217,6.82024235141165e-07,6.0,2,0,0.0,0.0,0,0.0,0
YFR034C,11,0.12727272727272726,0.0018377518677986616,0.2571987130374619,0.00029425806234081484,2.297382336645677e-05,32.72727272727273,8,0,0.0,0.0,0,0.0,0
YKR099W,6,0.0,0.000611774191063786,0.22963928377031764,0.0002141133317999848,1.875727521307212e-05,12.333333333333334,4,0,0.0,0.0,0,0.0,0
YDL108W,14,0.45054945054945056,0.0003156225180825221,0.24012121818239696,0.00034409077044661104,4.101827348436683e-06,17.928571428571427,8,12,45.0,195.0,282,0.6572777062668786,1
YDR460W,12,0.6515151515151515,0.00017135905472908096,0.24341275840813895,0.00030279907118147724,5.666435683705511e-05,20.416666666666668,8,11,47.36363636363637,195.0,266,0.7317349978720386,1
YGL134W,2,0.0,2.2547853239391345e-06,0.20910916755725392,8.039440318949423e-05,1.2425944931769902e-07,17.5,2,4,11.75,25.0,30,0.7655172413793103,0
YGR258C,8,1.0,0.0,0.2286976938983687,0.00020182923015460723,2.384431518206185e-06,16.5,8,6,44.666666666666664,195.0,194,1.0,0
YIL143C,13,0.48717948717948717,0.0005938504879681032,0.25156217364569605,0.000316265599440412,4.0100647636700825e-05,26.76923076923077,8,12,44.0,195.0,266,0.7317349978720386,1
YKL028W,9,0.4444444444444444,8.440180571688009e-05,0.22864961533760803,0.00023654763810683192,3.1022580143273082e-06,14.222222222222221,7,4,101.0,195.0,264,0.7423378269385874,1
YLR005W,14,0.4945054945054945,0.00016849693714615337,0.24191037761502823,0.0003171163564575524,1.2193723722430236e-05,18.142857142857142,8,12,44.0,195.0,266,0.7317349978720386,1
YOR299W,19,0.0,0.001562093157208011,0.25002966844992347,0.0006520113088883991,8.26228118727559e-06,7.473684210526316,5,2,5.5,6.0,5,1.0,0
YPL122C,12,0.5909090909090909,0.00012230109513759082,0.24055937135906372,0.0002844596800308893,4.066828473160207e-06,17.583333333333332,8,12,44.0,195.0,266,0.7317349978720386,1
YPR025C,15,0.4095238095238095,0.00046071988534963866,0.23906562430094888,0.00039963665810614573,3.388318774952191e-06,15.4,8,12,45.0,195.0,282,0.6572777062668786,1
YPR056W,12,0.5303030303030303,0.0003209541003110567,0.24643232304456028,0.00030209482696725616,3.952311171893992e-05,21.166666666666668,8,9,52.22222222222222,195.0,266,0.7317349978720386,1
YDL110C,4,0.0,0.00023375666749868388,0.2198896250204027,0.00017048660324259915,2.0361173813108684e-06,14.5,3,2,452.5,559.0,558,1.0,0
YKL015W,2,0.0,1.231339698700098e-05,0.18051934568583683,0.00011090520149049005,2.9761221648052148e-08,3.5,2,0,0.0,0.0,0,0.0,0
YLR125W,5,0.0,0.0005277419611918096,0.2341757041139341,0.00024563636997766876,5.475003324085896e-05,22.4,3,0,0.0,0.0,0,0.0,0
YOR078W,13,0.5384615384615384,0.0009314903853029523,0.24419152621400247,0.00022667360562775564,8.855245776946428e-05,53.07692307692308,10,2,302.5,559.0,558,1.0,0
YDL112W,3,0.0,0.000106031543701013,0.2287939117027961,0.00010177536165391666,9.518432640190625e-06,44.0,2,0,0.0,0.0,0,0.0,0
YDR075W,2,0.0,3.4515973871340134e-06,0.19702532634521389,9.038716045101813e-05,1.6305125526273707e-07,5.5,2,1,3.0,3.0,2,1.0,0
YDL114W,3,0.0,0.0002141090022950273,0.17903358975426617,0.00019001622260557448,2.7185645483652215e-08,2.3333333333333335,2,0,0.0,0.0,0,0.0,0
YDL123W,4,0.5,0.00038003546125734593,0.21704830527981778,0.00012355024419738513,1.478819801906564e-06,31.5,3,0,0.0,0.0,0,0.0,0
YDR348C,2,0.0,3.6085528628416605e-05,0.18460203806291287,0.00013728532396488314,6.806244585969074e-07,2.5,2,0,0.0,0.0,0,0.0,0
YLR040C,1,0.0,0.0,0.1508396169138294,8.58426090571758e-05,3.4284878391756213e-10,3.0,1,0,0.0,0.0,0,0.0,0
YDL115C,1,0.0,0.0,0.2132605995602288,5.145074162656457e-05,1.4673999642241565e-06,20.0,1,1,74.0,74.0,73,1.0,0
YDR335W,21,0.16666666666666666,0.0028362995211228034,0.26701750635418076,0.0005731519452078335,3.2838783886028455e-05,23.714285714285715,8,0,0.0,0.0,0,0.0,0
YGL092W,23,0.17786561264822134,0.0017953464792941493,0.26504911849815205,0.0005895022467650121,7.353185696001715e-05,23.565217391304348,9,3,29.666666666666668,59.0,59,0.9812974868497955,1
YGL100W,4,0.5,0.00013081905498811826,0.22805033448805723,0.000139154292658222,3.3739947617747346e-06,17.5,3,3,29.666666666666668,59.0,59,0.9812974868497955,0
YGL179C,1,0.0,0.0,0.21022064416664257,5.788863155878952e-05,1.073005593808759e-06,30.0,1,0,0.0,0.0,0,0.0,0
YGL263W,2,0.0,1.0033026825266662e-05,0.2134698837599935,0.00010313146881332341,1.0973302162186118e-06,16.0,2,0,0.0,0.0,0,0.0,0
YHR033W,2,0.0,8.174015557379315e-05,0.2191695834271369,8.831652887815762e-05,1.193852861811211e-06,26.5,2,0,0.0,0.0,0,0.0,0
YJL090C,4,0.0,9.886517725165493e-05,0.21576730799130425,0.00016810433816001177,1.5232899050549369e-06,10.0,2,6,20.0,56.0,57,0.9442355889724311,1
YJR042W,12,0.3939393939393939,0.00030565524560320894,0.2562594233980484,0.000288757615761193,3.420835765286789e-05,37.75,9,3,29.666666666666668,59.0,59,0.9812974868497955,1
YKL057C,13,0.20512820512820512,0.0015976064345058195,0.24643232304456028,0.0003719360078567225,8.823567316060525e-06,18.53846153846154,7,3,29.666666666666668,59.0,59,0.9812974868497955,0
YKR082W,7,0.6190476190476191,2.4034611470258373e-05,0.249799967330539,0.0001961873869060516,2.7150519279770618e-05,47.0,7,3,32.0,59.0,59,0.9812974868497955,0
YOL014W,3,0.0,4.4263955067542955e-05,0.22125394044798186,9.606997256455518e-05,0.0013894422618137285,38.0,3,0,0.0,0.0,0,0.0,0
YOR180C,5,0.1,7.983982744178969e-05,0.23389872209831547,0.00018488257306102489,2.850114451918105e-06,14.4,4,0,0.0,0.0,0,0.0,0
YOR294W,4,0.0,0.00023454938454642215,0.23200278535775745,0.00011801684579873335,0.0013994598002034255,43.75,3,0,0.0,0.0,0,0.0,1
YPL091W,2,0.0,1.1121264191309585e-05,0.2258600472966809,8.23817467471059e-05,1.908891885872016e-06,24.0,2,0,0.0,0.0,0,0.0,0
YMR305C,2,0.0,4.1231645135966796e-05,0.2293487390494316,0.00011204174004122129,1.8575901871579686e-05,57.5,2,0,0.0,0.0,0,0.0,0
YDL125C,2,0.0,0.00011453077368056535,0.24902783234279724,9.791165941925792e-05,7.48424726388774e-05,149.0,2,0,0.0,0.0,0,0.0,0
YKL213C,3,0.3333333333333333,1.0759393356198693e-05,0.20514529311211713,0.00012052798012446929,5.220166009139205e-07,11.0,3,0,0.0,0.0,0,0.0,0
YDL127W,5,0.0,0.0007779603890065819,0.2508080382237212,0.0001784926633188622,3.870112711196745e-05,38.8,4,4,11.75,25.0,30,0.7655172413793103,0
YPL031C,21,0.009523809523809525,0.0022107482095638,0.25713790596540387,0.000679973861374846,5.7598238898446215e-06,9.047619047619047,6,8,6.875,25.0,30,0.7655172413793103,0
YDL128W,1,0.0,0.0,0.00021079258010118043,0.00021303792074989342,2.5939109905631997e-48,1.0,1,0,0.0,0.0,0,0.0,0
YKL102C,1,0.0,0.0,0.00021079258010118043,0.00021303792074989342,2.5939109905631997e-48,1.0,1,0,0.0,0.0,0,0.0,0
YDL129W,2,0.0,5.478489914483272e-05,0.21289533795099916,7.783765064076561e-05,1.09319077984747e-06,26.5,2,0,0.0,0.0,0,0.0,0
YDR367W,2,0.0,0.00020198186801602362,0.20401970695125998,0.00010284305891517637,0.00139078358011431,46.5,1,0,0.0,0.0,0,0.0,1
YDR399W,2,0.0,0.0002306894608294427,0.24193728345171103,6.432842572256267e-05,0.001393282938736603,121.0,2,0,0.0,0.0,0,0.0,0
YJL208C,2,0.0,0.0002019641222144901,0.20401970695125998,0.00010284305891517637,0.00139078358011431,46.5,1,0,0.0,0.0,0,0.0,0
YJL210W,3,0.0,0.0002325703502454015,0.2424766598499982,9.585888260188854e-05,0.0014460204662495103,79.66666666666667,3,1,3.0,3.0,2,1.0,0
YJR012C,1,0.0,0.0,0.20400057352661857,3.838840770034127e-05,0.0013905663859532463,92.0,1,0,0.0,0.0,0,0.0,1
YJR108W,3,0.0,0.0006798804916380333,0.24537598595762367,9.848874029807115e-05,0.001480405785049254,98.33333333333333,3,0,0.0,0.0,0,0.0,0
YJR144W,1,0.0,0.0,0.20400057352661857,3.838840770034127e-05,0.0013905663859532463,92.0,1,0,0.0,0.0,0,0.0,0
YLR051C,4,0.16666666666666666,0.0006331355841109835,0.25985642283052607,0.0001332822681234444,0.0015207154315664984,119.25,3,0,0.0,0.0,0,0.0,1
YLR287C,2,0.0,3.763152587335773e-05,0.2259186909190771,6.848745461054365e-05,0.0013924969950382482,60.5,2,0,0.0,0.0,0,0.0,0
YDL131W,1,0.0,0.0,0.00021079258010118043,0.00021303792074989342,2.5939109905631997e-48,1.0,1,0,0.0,0.0,0,0.0,0
YLR427W,1,0.0,0.0,0.00021079258010118043,0.00021303792074989342,2.5939109905631997e-48,1.0,1,0,0.0,0.0,0,0.0,0
YDR054C,7,0.23809523809523808,0.000720676672830085,0.23563430813132577,0.0002181956603877569,1.7467205246203037e-06,23.428571428571427,6,6,15.166666666666666,58.0,57,1.0,1
YDR274C,1,0.0,0.0,0.18919400874227735,5.935519768779766e-05,2.356146051615766e-08,16.0,1,0,0.0,0.0,0,0.0,0
YDR285W,6,0.06666666666666667,0.0002926548534552693,0.22414942712291555,0.00020954632679940133,1.651283967187806e-07,11.0,4,2,4.5,5.0,4,1.0,0
YGL249W,3,0.0,3.427127143862744e-05,0.2005308242004456,0.00012230640080681642,5.0808303068646476e-08,8.333333333333334,3,2,4.5,5.0,4,1.0,0
YLR079W,4,0.5,2.9256473876505746e-05,0.2183007793180123,0.00013932926445285048,1.046127809715399e-06,17.75,4,0,0.0,0.0,0,0.0,0
YLR100W,2,0.0,6.013091224819361e-05,0.19001206459768813,0.00011481113642837978,2.3876311541731483e-08,10.0,2,0,0.0,0.0,0,0.0,1
YLR368W,9,0.027777777777777776,0.0007629480746036414,0.22594215689580202,0.000348442229794629,1.8017079091971308e-05,9.222222222222221,4,0,0.0,0.0,0,0.0,0
YMR052W,9,0.027777777777777776,0.001922558984042709,0.2645333960250923,0.0002951709291256998,7.70741734686e-05,49.0,5,1,6.0,6.0,5,1.0,0
YMR273C,9,0.4166666666666667,0.00011903053880288189,0.22696766647687125,0.00024570892495762316,3.900011780463338e-05,14.444444444444445,6,1,59.0,59.0,58,1.0,0
YPR040W,8,0.03571428571428571,0.0004495458938010715,0.22874579268251052,0.0002782299387095003,2.8724442861534495e-06,6.375,4,0,0.0,0.0,0,0.0,1
YDL135C,4,0.0,0.00012684562135953573,0.2152016339052566,0.0001426894882852964,1.2843589817283023e-06,11.0,3,0,0.0,0.0,0,0.0,0
YNL176C,3,0.0,0.00019229277507687673,0.2500009327105314,0.00011426385578653422,7.490693839964345e-05,103.66666666666667,3,0,0.0,0.0,0,0.0,0
YDL137W,2,0.0,2.106339971014455e-05,0.2052517565120149,0.00010002040833433478,7.568720781501878e-07,9.5,2,0,0.0,0.0,0,0.0,0
YDR007W,3,0.0,0.00023748455902543165,0.23277240401437496,0.00015159628532320445,3.656577650321258e-05,48.333333333333336,2,0,0.0,0.0,0,0.0,0
YJL186W,1,0.0,0.0,0.19072010131202785,6.79199901874396e-05,3.0139978326125656e-07,13.0,1,0,0.0,0.0,0,0.0,0
YLL015W,2,0.0,0.0001304093786252923,0.22206708340710876,9.402300728590687e-05,9.928306071620023e-07,35.5,2,0,0.0,0.0,0,0.0,0
YLR313C,5,0.0,0.00013777553416195992,0.219059226134374,0.0001855774560978792,1.286244295239298e-06,8.6,4,1,5.0,5.0,4,1.0,0
YMR035W,3,0.0,0.0002253909661934472,0.19807486027265836,0.00016850156008634963,5.266708199549774e-07,7.666666666666667,2,3,4.333333333333333,8.0,8,0.7857142857142857,0
YPL145C,1,0.0,0.0,0.19072010131202785,6.79199901874396e-05,3.0139978326125656e-07,13.0,1,0,0.0,0.0,0,0.0,0
YPR023C,1,0.0,0.0,0.19072010131202785,6.79199901874396e-05,3.0139978326125656e-07,13.0,1,6,33.333333333333336,133.0,135,0.9585406301824212,0
YPR079W,1,0.0,0.0,0.19072010131202785,6.79199901874396e-05,3.0139978326125656e-07,13.0,1,0,0.0,0.0,0,0.0,0
YGL130W,2,1.0,0.0,0.21614249955428597,8.693820881309136e-05,9.098270304627439e-07,27.0,2,2,98.5,195.0,194,1.0,1
YKR062W,3,0.6666666666666666,4.053142729324403e-06,0.21937956890871202,9.259152395597078e-05,1.7322150685330888e-06,26.0,3,4,101.0,195.0,264,0.7423378269385874,1
YMR201C,9,0.1111111111111111,0.0004151078847347514,0.23585147083533925,0.00026407943321772695,2.165668234139523e-06,17.22222222222222,5,4,61.75,195.0,194,1.0,0
YPL228W,2,1.0,0.0,0.21614249955428597,8.693820881309136e-05,9.098270304627439e-07,27.0,2,2,98.5,195.0,194,1.0,1
YDL143W,12,0.36363636363636365,0.0005972724020919999,0.23431444126830764,0.0002731000667551444,2.1383518081550176e-05,13.083333333333334,7,3,9.666666666666666,11.0,12,0.9090909090909091,1
YDR212W,9,0.5833333333333334,0.00024591873577102253,0.21950132346259676,0.0002495994048225824,1.3596859395174414e-06,8.555555555555555,7,3,9.666666666666666,11.0,12,0.9090909090909091,1
YIL142W,8,0.75,7.762873073290247e-05,0.21673472978770825,0.00020450675546544527,8.107059341353622e-07,10.375,7,3,9.666666666666666,11.0,12,0.9090909090909091,1
YJL014W,8,0.75,0.00030896278096280747,0.22334392068528505,0.00019820189219356624,1.6550783495903288e-06,14.625,7,3,9.666666666666666,11.0,12,0.9090909090909091,1
YJL111W,7,1.0,0.0,0.2070294199594874,0.00018375328447036996,7.438311342477243e-07,9.714285714285714,7,3,9.666666666666666,11.0,12,0.9090909090909091,1
YJR064W,9,0.5833333333333334,0.000483618321123418,0.22700319494018617,0.00022460256199269044,9.76419422790428e-06,16.11111111111111,7,3,9.666666666666666,11.0,12,0.9090909090909091,1
YOR260W,15,0.38095238095238093,0.001021956253040468,0.25383722685271415,0.0003018296809982951,1.1025863557177906e-05,26.733333333333334,9,5,63.2,266.0,270,0.9641470466749277,1
YDL144C,1,0.0,0.0,0.2066066500939672,4.549440967220317e-05,3.8679548027552644e-07,35.0,1,0,0.0,0.0,0,0.0,0
YDR238C,10,0.9333333333333333,4.7134038346756594e-07,0.23973748999992658,0.00024675026173503453,2.3575059899057062e-05,15.7,9,6,30.166666666666668,95.0,107,0.8236642567448422,1
YGL137W,11,0.6181818181818182,0.00021287364448379221,0.24253072979310222,0.0002759608879449178,2.368427163677941e-05,16.0,9,6,30.166666666666668,95.0,107,0.8236642567448422,1
YIL076W,13,0.5512820512820513,0.0016514865584358795,0.27477523091193506,0.00033627852229828646,0.0001343373748085856,53.07692307692308,9,6,30.166666666666668,95.0,107,0.8236642567448422,0
YPL010W,9,0.9444444444444444,3.4315778058540565e-07,0.23865907241366327,0.0002250405363881132,2.3280300519356996e-05,16.11111111111111,9,6,30.166666666666668,95.0,107,0.8236642567448422,1
YDL146W,2,0.0,0.00020198186801602362,0.2314966333756541,0.00013707077013238103,5.380981789647856e-05,54.5,1,0,0.0,0.0,0,0.0,0
YKL070W,1,0.0,0.0,0.18643737865989576,9.066690946768946e-05,6.7259635643806e-07,2.0,1,0,0.0,0.0,0,0.0,0
YDR201W,14,0.0989010989010989,0.0014773893136873371,0.26040080391624276,0.00039444419005648236,5.881878373815402e-06,23.928571428571427,6,8,26.5,55.0,75,0.6731531531531532,1
YDR341C,3,0.3333333333333333,0.0002526819960444256,0.22035740419534355,0.00011321113510781507,1.5010179250058854e-06,19.0,3,0,0.0,0.0,0,0.0,1
YPL026C,2,0.0,8.612579371804305e-05,0.2275374597818341,7.360512455316755e-05,1.6946362969090527e-06,40.0,2,0,0.0,0.0,0,0.0,0
YDL149W,1,0.0,0.0,0.13810724202497277,0.00011114209019214255,1.085918659501363e-10,2.0,1,0,0.0,0.0,0,0.0,0
YLR065C,2,0.0,0.00020198186801602362,0.16137528213318994,0.00018489095811245125,8.684569933551681e-09,3.5,1,0,0.0,0.0,0,0.0,0
YDR040C,2,0.0,0.00029767142883584607,0.24176250241893127,8.915121033000885e-05,2.0146175149811196e-05,92.5,2,0,0.0,0.0,0,0.0,0
YDR307W,4,0.16666666666666666,0.000580597451594361,0.23716289964177212,0.00015338341486594628,3.77292005797216e-05,40.25,3,0,0.0,0.0,0,0.0,0
YDR422C,12,0.13636363636363635,0.0037653972479564373,0.26629835533015045,0.00038679228744454127,7.702972645817931e-05,31.25,6,4,7.5,16.0,15,1.0,0
YFL001W,1,0.0,0.0,0.20415374148421717,6.016310993026266e-05,4.2505776896915056e-07,35.0,1,0,0.0,0.0,0,0.0,0
YGL250W,5,0.0,0.0012313106778069408,0.24837384283104977,0.00018011040626288017,3.810025594700491e-05,50.8,4,0,0.0,0.0,0,0.0,0
YJL076W,4,0.16666666666666666,4.5957444983325504e-05,0.2279189140312588,8.946871399014305e-05,1.7206076117845612e-05,54.75,4,3,32.666666666666664,83.0,82,1.0,1
YNL125C,2,0.0,7.895204294411247e-06,0.21298914280958914,8.679093856946783e-05,7.726121187894457e-07,20.0,2,0,0.0,0.0,0,0.0,0
YOL118C,1,0.0,0.0,0.20415374148421717,6.016310993026266e-05,4.2505776896915056e-07,35.0,1,0,0.0,0.0,0,0.0,0
YOR252W,2,0.0,4.282965693227496e-05,0.20709840677053687,0.00011490477085709285,4.3710140438437193e-07,19.0,2,2,452.5,559.0,558,1.0,0
YOR314W,4,0.0,0.001882472134307026,0.2721283687388921,0.00015203107891185078,9.595501293143038e-05,139.75,4,0,0.0,0.0,0,0.0,0
YOR321W,1,0.0,0.0,0.20415374148421717,6.016310993026266e-05,4.2505776896915056e-07,35.0,1,1,2.0,2.0,1,0.0,0
YPL076W,3,0.0,0.0002384304356346988,0.20933052162963325,0.00014984871723050508,4.601689395099692e-07,16.333333333333332,2,1,6.0,6.0,5,1.0,1
YPR029C,5,0.3,0.00047586163224488275,0.21875081612171499,0.00020416845836377444,1.1755388328792192e-06,10.8,3,6,28.833333333333332,95.0,104,0.8676250933532487,0
YER173W,5,0.0,0.0007846900895589869,0.21980074930675833,0.00020278330332410555,1.225823668038559e-06,5.6,3,2,5.5,6.0,5,1.0,0
YGL025C,8,0.4642857142857143,0.0006026373365776072,0.23406231403823466,0.00021575221542177074,3.9795573889658866e-05,23.5,6,5,70.0,195.0,211,0.9097269239449334,0
YGL170C,5,0.2,0.0005314130140848525,0.25131513090108415,0.00016441408693342483,2.2757824497239324e-05,57.0,4,0,0.0,0.0,0,0.0,0
YLR394W,6,0.13333333333333333,0.00035224982927488824,0.20919966488885688,0.00021240833340565812,8.197954856061359e-08,7.5,4,0,0.0,0.0,0,0.0,0
YMR224C,3,0.3333333333333333,5.856765741500106e-06,0.19519545185878803,0.00012008013828335837,2.6475323029880766e-08,6.333333333333333,3,4,59.5,195.0,194,1.0,0
YDL155W,5,0.0,0.00023794634527415427,0.24544520344308424,0.00016743438471665092,3.3334439796362714e-06,24.6,4,3,12.333333333333334,25.0,24,1.0,1
YGL003C,4,0.0,2.0433291978204146e-05,0.2106889549628877,0.0001310004493973184,1.99156353631336e-07,9.0,4,3,29.666666666666668,58.0,57,1.0,1
YDL156W,2,0.0,7.89035522170703e-05,0.2196564794016292,7.063861071878987e-05,9.506289009206911e-07,34.0,2,0,0.0,0.0,0,0.0,0
YER125W,17,0.022058823529411766,0.003219089010429018,0.27442857699039097,0.0005952002465924891,0.00014991131023356507,33.705882352941174,7,3,20.666666666666668,58.0,57,1.0,1
YGR178C,8,0.03571428571428571,0.0009993565989460267,0.2571075132101334,0.0002595109902771687,3.978063470590817e-05,36.875,6,3,192.0,559.0,558,1.0,0
YIL038C,9,0.4444444444444444,0.0003683911303867709,0.23944720298468095,0.00021424558668918606,3.31780057908311e-06,23.555555555555557,9,7,63.142857142857146,195.0,255,0.7764397097421646,0
YMR213W,5,0.1,0.00020699774419442234,0.2458891217446825,0.00013829567574299038,2.938656888997398e-06,33.6,5,3,219.33333333333334,559.0,558,1.0,1
YDL161W,4,0.0,0.0005313826295133079,0.21765640539467018,0.00017639535976261917,1.5830151654621227e-06,15.5,3,0,0.0,0.0,0,0.0,0
YOR111W,2,0.0,0.00020198186801602362,0.17736938319588502,0.0001524609939548172,1.983098015060993e-08,2.5,1,0,0.0,0.0,0,0.0,0
YGR014W,7,0.0,0.00016833293344247578,0.23387357440214318,0.00019629599116356767,7.788581315198085e-06,17.428571428571427,4,0,0.0,0.0,0,0.0,0
YIL035C,40,0.2833333333333333,0.0024121104500609077,0.27508796908180005,0.0006009231834957208,0.00014659763927704565,42.75,21,3,6.0,8.0,9,0.7777777777777778,0
YDL168W,1,0.0,0.0,0.22119769325954178,6.372271585912358e-05,3.6037988854102294e-05,95.0,1,0,0.0,0.0,0,0.0,0
YDL171C,1,0.0,0.0,0.17329281939966812,6.43705504684756e-05,8.476054355170017e-09,6.0,1,1,1.0,1.0,0,0.0,0
YIL094C,6,0.26666666666666666,0.00022995734973621894,0.21157011287402946,0.00022879571517111274,6.675933148408885e-07,7.0,4,0,0.0,0.0,0,0.0,0
YNR073C,1,0.0,0.0,0.19376965219261838,6.22029437588528e-05,3.700536372007332e-07,5.0,1,0,0.0,0.0,0,0.0,0
YDL178W,2,0.0,2.69697846179562e-05,0.21922480378073408,7.895521119466536e-05,1.8014152803022514e-05,26.5,2,3,43.666666666666664,73.0,72,1.0,0
YDL179W,3,0.0,0.00014752066284414217,0.22716914161290103,0.00011309072156813496,1.876832152595438e-05,24.0,3,1,14.0,14.0,13,1.0,0
YDL180W,1,0.0,0.0,0.1975262760966478,6.223524324416907e-05,6.196618489744381e-08,19.0,1,0,0.0,0.0,0,0.0,0
YLR452C,19,0.005847953216374269,0.004971304986559286,0.24884266035741395,0.0006762649646932807,4.946306449889698e-06,7.894736842105263,6,0,0.0,0.0,0,0.0,0
YGR089W,10,0.022222222222222223,0.0004690368025900203,0.2229433345817704,0.00033118884073056253,8.043467506705581e-07,9.4,5,0,0.0,0.0,0,0.0,0
YNL250W,7,0.38095238095238093,7.518023705501775e-05,0.23192857612904721,0.00020117300048655466,2.0036087484864605e-06,17.714285714285715,6,4,59.5,195.0,194,1.0,0
YDL183C,1,0.0,0.0,0.21362711667216636,5.890598607902629e-05,2.7419252093118644e-07,62.0,1,0,0.0,0.0,0,0.0,0
YNL055C,1,0.0,0.0,0.20647917565394722,5.27995943729221e-05,3.223610634949729e-07,26.0,1,0,0.0,0.0,0,0.0,0
YDL186W,3,0.0,7.273403162488241e-05,0.21506333635022332,0.00012667045688511132,5.645061290576094e-07,11.333333333333334,3,0,0.0,0.0,0,0.0,0
YDL189W,1,0.0,0.0,0.2244037876426816,5.9410110270012165e-05,1.0536908303185695e-06,60.0,1,1,4.0,4.0,3,1.0,0
YDL190C,1,0.0,0.0,0.19477597739204278,6.075363416761571e-05,4.482873904404789e-07,23.0,1,1,58.0,58.0,57,1.0,0
YGR130C,3,0.3333333333333333,3.42047333483971e-05,0.2183226893676252,0.00010413175905161086,6.234866372022044e-07,18.0,3,0,0.0,0.0,0,0.0,0
YPR176C,3,0.3333333333333333,1.1671763651345668e-05,0.20319070716121002,0.00012978552759759616,3.3466476610858437e-07,7.666666666666667,3,3,3.6666666666666665,6.0,5,1.0,1
YFL022C,5,0.1,0.0001258759391301313,0.20746381645344147,0.00024386597832185073,9.79655144677325e-07,4.0,2,2,2.5,3.0,2,1.0,1
YGR062C,1,0.0,0.0,0.18017544235188718,7.735122876381529e-05,9.987616664675207e-09,5.0,1,0,0.0,0.0,0,0.0,0
YOR026W,3,0.0,4.6322335533026176e-05,0.19793968019603567,0.00014974050204165018,4.409815964060575e-08,4.333333333333333,2,4,26.0,55.0,56,0.9318181818181818,0
YIL109C,13,0.41025641025641024,0.0006232060686717454,0.22961504359680518,0.00034349639257315665,2.1034952128745487e-05,12.0,7,5,35.0,95.0,104,0.8676250933532487,1
YPL085W,8,0.7857142857142857,9.443542909701036e-07,0.20621492302358949,0.00021532458426375063,1.2682815006162137e-06,10.875,7,5,35.0,95.0,104,0.8676250933532487,1
YPL218W,13,0.3717948717948718,0.0005997469587224344,0.23032009270097242,0.0003454889137111555,2.065623599349508e-05,11.846153846153847,7,5,35.0,95.0,104,0.8676250933532487,1
YPR181C,16,0.30833333333333335,0.00240162508155503,0.2531430368339735,0.00040774292326709684,4.2349492390377126e-05,21.25,7,6,29.5,95.0,104,0.8676250933532487,1
YDL200C,0,0.0,0.0,0.0,3.195568811248403e-05,4.8315357241094107e-57,0.0,0,0,0.0,0.0,0,0.0,0
YDL201W,1,0.0,0.0,0.00021079258010118043,0.00021303792074989342,2.5939109905631997e-48,1.0,1,1,2.0,2.0,1,0.0,0
YDR165W,1,0.0,0.0,0.00021079258010118043,0.00021303792074989342,2.5939109905631997e-48,1.0,1,1,2.0,2.0,1,0.0,0
YER009W,11,0.12727272727272726,0.0014667861467136825,0.25953088534442925,0.0002900935344634729,4.4322290167655034e-05,33.54545454545455,8,0,0.0,0.0,0,0.0,1
YDL203C,6,0.0,0.0003208487140212014,0.23733109110406786,0.00022409638391356543,4.592433129151703e-06,11.0,4,0,0.0,0.0,0,0.0,0
YGR058W,7,0.0,0.00046625177689028305,0.24039985804435363,0.00024224458692845063,2.615713408065286e-06,19.857142857142858,4,0,0.0,0.0,0,0.0,0
YOR372C,1,0.0,0.0,0.19020313168489783,6.367609139217798e-05,5.7491337485862704e-08,6.0,1,0,0.0,0.0,0,0.0,1
YDL204W,3,0.0,0.00020628701714619675,0.2114158922649756,0.0001575874052013824,2.1387352616103158e-07,9.666666666666666,2,0,0.0,0.0,0,0.0,0
YMR110C,1,0.0,0.0,0.1731893404071922,7.664475825813546e-05,2.7494977982071313e-09,3.0,1,0,0.0,0.0,0,0.0,0
YOL065C,5,0.1,0.00013782686778850486,0.23252358263114203,0.00020299245493102412,2.734413808579958e-06,12.2,4,0,0.0,0.0,0,0.0,0
YDL207W,5,0.3,5.00547033238318e-05,0.22838554417705223,0.00015613467004657047,3.7400983391570696e-06,17.0,4,2,31.0,59.0,58,1.0,1
YIL115C,9,0.1388888888888889,0.00016349269968706,0.23079661703069854,0.00025590981433298057,3.9719259843945355e-06,15.444444444444445,6,5,21.0,59.0,59,0.9812974868497955,1
YNL124W,6,0.13333333333333333,0.000465731785829986,0.22119769325954178,0.0001997134912354691,8.768466491943633e-06,12.833333333333334,3,2,280.5,559.0,559,0.9964221824686941,1
YLR426W,3,0.0,0.0004009182837441839,0.2376552076384064,0.00011031424801147377,1.8124196914863786e-06,63.333333333333336,3,0,0.0,0.0,0,0.0,0
YDL210W,3,0.0,0.0009376512399766779,0.22091688574765997,0.000188671699488738,9.792005428477872e-07,29.333333333333332,2,0,0.0,0.0,0,0.0,0
YGL230C,3,0.0,0.00021840015256310855,0.18285626391344434,0.00021186400248980903,1.565800517684333e-08,2.6666666666666665,2,0,0.0,0.0,0,0.0,0
YDL212W,1,0.0,0.0,0.1748951248654741,6.828002807092643e-05,5.315855334813519e-09,4.0,1,0,0.0,0.0,0,0.0,1
YDR508C,4,0.16666666666666666,0.00021657159950435497,0.21396332223620065,0.0001699825225804,4.237314870306392e-07,14.25,3,0,0.0,0.0,0,0.0,0
YFR032C,1,0.0,0.0,0.2205696730393768,4.001405014376937e-05,8.109643284709712e-06,71.0,1,0,0.0,0.0,0,0.0,0
YEL013W,8,0.0,0.0009604480254208641,0.26052555428640445,0.0002804358589269266,9.376694510110736e-05,45.0,4,0,0.0,0.0,0,0.0,0
YML011C,5,0.0,0.0004580092189602711,0.22519365552195597,0.0002597698532904256,7.121229909178653e-07,12.8,3,0,0.0,0.0,0,0.0,0
YDL215C,2,0.0,1.5652790397686495e-05,0.19158517839654166,0.0001058358833195736,2.9862048371953166e-08,6.0,2,0,0.0,0.0,0,0.0,0
YPR048W,4,0.0,0.0002925782866318222,0.19973904921852384,0.0002093110207390246,4.405056777166953e-08,5.0,2,0,0.0,0.0,0,0.0,1
YMR025W,6,0.06666666666666667,0.00035108943856465433,0.23860671480440232,0.0002257782052535497,1.1880451203110797e-06,18.666666666666668,3,1,6.0,6.0,5,1.0,0
YHR102W,9,0.0,0.0004321415286797452,0.23136121203088,0.0003203429984026295,2.0126158826410716e-06,9.88888888888889,4,1,3.0,3.0,2,1.0,1
YDL218W,1,0.0,0.0,0.20423999957883046,5.429569394150022e-05,3.463051493875302e-07,28.0,1,0,0.0,0.0,0,0.0,0
YDL219W,1,0.0,0.0,0.21362711667216636,5.890598607902629e-05,2.7419252093118644e-07,62.0,1,0,0.0,0.0,0,0.0,0
YDL220C,4,0.16666666666666666,3.563412499665837e-05,0.19677580311315157,0.00015958331252293533,6.647361629191653e-08,7.5,3,1,11.0,11.0,10,1.0,1
YDR082W,4,0.16666666666666666,0.0002637050525411444,0.22543871028234364,0.00015424411792273662,1.0734388933967226e-06,21.25,3,1,11.0,11.0,10,1.0,1
YLR010C,2,1.0,0.0,0.1836978520892061,9.87444147446964e-05,1.466289389714298e-08,4.0,2,1,11.0,11.0,10,1.0,1
YDL221W,1,0.0,0.0,0.2211639586715809,6.105855883461762e-05,7.669917941614675e-07,102.0,1,0,0.0,0.0,0,0.0,1
YDL224C,4,0.0,0.0001504195418794002,0.24676779529374182,0.0001404590101122696,4.475961092472912e-06,60.75,4,0,0.0,0.0,0,0.0,0
YDR264C,10,0.044444444444444446,0.0011942162851991411,0.22167106038054965,0.0003799032840631427,1.3761606050460813e-06,8.1,4,0,0.0,0.0,0,0.0,0
YEL064C,4,0.0,7.880618652133839e-05,0.19928158265900178,0.0001931569575512297,5.176489401926494e-07,6.25,2,0,0.0,0.0,0,0.0,0
YKL126W,2,0.0,1.337050072440916e-05,0.19850868000678354,0.00010447862018255529,5.053650721076948e-07,9.5,2,0,0.0,0.0,0,0.0,0
YKR088C,1,0.0,0.0,0.19413280816727654,6.23724283161527e-05,4.900680522458254e-07,16.0,1,0,0.0,0.0,0,0.0,0
YOL129W,4,0.0,0.00021058833029633962,0.2239763298511464,0.00014810700932406628,1.5052132543280946e-06,19.25,4,0,0.0,0.0,0,0.0,0
YOR327C,7,0.0,0.0005100350772989993,0.23027132964741798,0.00024548391131561185,0.0013916178528053235,18.428571428571427,4,3,40.666666666666664,95.0,94,1.0,0
YPR113W,2,0.0,9.102221621900753e-06,0.20216153489910166,9.732833792653106e-05,1.190290236447879e-06,11.5,2,0,0.0,0.0,0,0.0,1
YDL230W,2,0.0,3.347190403044717e-05,0.24904208775709358,9.653836405231411e-05,7.487584786062596e-05,150.5,2,0,0.0,0.0,0,0.0,0
YDL232W,8,0.9642857142857143,2.2699362320906967e-06,0.1962432329391794,0.000218538774645898,3.136472268991875e-07,9.125,7,2,19.0,29.0,28,1.0,1
YML019W,8,0.75,0.0005910999229186461,0.23196567480824673,0.00022523870295981324,1.863673016170793e-05,22.125,7,2,19.0,29.0,28,1.0,0
YOR085W,8,0.9642857142857143,2.2699362320906967e-06,0.1962432329391794,0.00021853877464589796,3.136472268991875e-07,9.125,7,2,19.0,29.0,28,1.0,0
YOR103C,8,0.9642857142857143,2.2699362320906967e-06,0.1962432329391794,0.00021853877464589796,3.136472268991875e-07,9.125,7,2,19.0,29.0,28,1.0,1
YDL233W,4,0.0,0.001007065017446058,0.2520431163332754,0.00014957118552470653,5.563247450082922e-05,73.5,4,0,0.0,0.0,0,0.0,0
YDL235C,2,0.0,7.782482005678791e-06,0.18348866432006192,0.0001142817638368524,2.393895817339627e-07,3.0,2,0,0.0,0.0,0,0.0,1
YIL147C,2,0.0,0.0001265636649339106,0.21844327329929042,0.00010301182056783796,1.8670608629403955e-05,23.5,2,0,0.0,0.0,0,0.0,1
YDL236W,1,0.0,0.0,0.23791513896033403,5.789570613470542e-05,2.7165527833566224e-06,150.0,1,0,0.0,0.0,0,0.0,0
YDL237W,2,0.0,0.00020198186801602362,0.19732917090890678,0.0001927878806697448,9.359627626121491e-07,1.5,1,0,0.0,0.0,0,0.0,0
YLR085C,1,0.0,0.0,0.16362090454807132,0.00011159776665461231,1.1705111067688473e-08,2.0,1,2,48.0,83.0,82,1.0,0
YPR148C,2,0.0,0.0004039282444289802,0.2485015268766018,0.00014294001135654327,7.484185466915645e-05,148.0,1,2,452.5,559.0,558,1.0,0
YDR148C,12,0.15151515151515152,0.004768073927833831,0.2816779689885832,0.0003832379694587946,0.00010186455654000717,55.333333333333336,8,1,3.0,3.0,2,1.0,0
YDR273W,2,0.0,2.3415588146262726e-05,0.2273353310878752,7.09449276183336e-05,1.2789375257351232e-06,42.5,2,0,0.0,0.0,0,0.0,0
YHR184W,3,0.0,0.00017780372630760404,0.23093137804706554,8.626353075927027e-05,0.0013897230739699552,64.66666666666667,3,0,0.0,0.0,0,0.0,0
YKL042W,6,0.3333333333333333,0.00010730057906139922,0.233559683847569,0.00019140022531522954,2.190899415726567e-06,19.333333333333332,4,4,17.0,32.0,31,1.0,1
YKL192C,3,0.0,0.00021701514298456932,0.21952347517553072,0.00014995197899118272,1.776792843581176e-05,15.0,2,0,0.0,0.0,0,0.0,1
YLR072W,2,0.0,0.002519080750579802,0.21492521643259893,0.00013540825255756373,3.5620327539785296e-07,18.5,1,0,0.0,0.0,0,0.0,0
YLR242C,1,0.0,0.0,0.21486152859683266,5.775433211835406e-05,3.561469303453163e-07,35.0,1,0,0.0,0.0,0,0.0,0
YMR124W,7,0.09523809523809523,0.00047499459778469746,0.249427601824829,0.00023309972412731886,2.252671133496686e-06,28.285714285714285,5,0,0.0,0.0,0,0.0,0
YNL201C,12,0.0,0.0017097513658395913,0.2523647677376105,0.0003791221767293069,2.595596475386414e-06,15.583333333333334,6,1,3.0,3.0,2,1.0,0
YNR012W,10,0.022222222222222223,0.0015879139219157445,0.26471044910426944,0.000338658101028783,2.4837242353879013e-05,28.9,6,0,0.0,0.0,0,0.0,0
YOL091W,5,0.0,0.00030987951172646474,0.23997552159681546,0.0001503076016802625,2.9678849412936527e-06,28.4,4,0,0.0,0.0,0,0.0,0
YOR324C,8,0.0,0.0015447984578720382,0.25757940977079147,0.00024030344275802106,4.826631898566662e-05,43.375,6,0,0.0,0.0,0,0.0,0
YOR373W,6,0.13333333333333333,0.00022461302784386615,0.2504182484906849,0.00016357231086026183,7.191077681926655e-06,47.666666666666664,5,4,17.0,32.0,31,1.0,1
YDL240W,2,0.0,3.070970177636943e-05,0.21611028915745206,7.532026531820965e-05,1.7972579727170234e-05,22.5,2,0,0.0,0.0,0,0.0,0
YDL241W,1,0.0,0.0,0.2211639586715809,6.105855883461762e-05,7.669917941614675e-07,102.0,1,0,0.0,0.0,0,0.0,0
YDL243C,1,0.0,0.0,0.19764293253810047,6.239780781546417e-05,5.044358227884031e-07,5.0,1,0,0.0,0.0,0,0.0,0
YNL331C,5,0.2,0.00023077610126295866,0.24902783234279724,0.0001782500134785013,4.0306313732511904e-05,64.4,4,0,0.0,0.0,0,0.0,0
YGL252C,2,0.0,5.1709605660454754e-05,0.2139843702242225,9.206657151106338e-05,1.120700399232507e-06,23.0,2,3,50.666666666666664,133.0,133,0.9849624060150376,0
YLR270W,3,0.0,6.218745129751372e-05,0.19499422845361783,0.00013890624653698194,2.4157607220322355e-07,4.666666666666667,3,3,192.33333333333334,559.0,558,1.0,0
YDR002W,6,0.2,0.00018570465689398332,0.24240910631463017,0.0001886206959399481,3.1411776607247713e-06,24.166666666666668,5,0,0.0,0.0,0,0.0,1
YMR235C,6,0.06666666666666667,0.0004405023866020871,0.23267281158565983,0.00023418351802248098,3.7520753070814235e-06,9.333333333333334,4,0,0.0,0.0,0,0.0,1
YDR003W,1,0.0,0.0,0.19152613827993256,6.0064779317274734e-05,5.425487887975006e-08,11.0,1,0,0.0,0.0,0,0.0,0
YDR004W,8,0.25,0.0002161892814617541,0.21983406927886143,0.0002546982598771591,4.677877906665957e-07,9.25,4,4,58.75,195.0,194,1.0,0
YDR076W,4,1.0,0.0,0.20591235474387862,0.00013624185204332242,7.56190735413308e-08,11.25,4,4,58.75,195.0,194,1.0,0
YGL163C,4,1.0,0.0,0.20591235474387862,0.00013624185204332242,7.56190735413308e-08,11.25,4,3,77.66666666666667,195.0,194,1.0,0
YJL023C,2,0.0,2.072992978827111e-05,0.21004809921922885,7.018535452007536e-05,4.195172869021055e-06,17.5,2,0,0.0,0.0,0,0.0,0
YDR005C,3,0.0,0.0006899009232853867,0.2575336666683637,0.00011740496639007069,0.0001112144435615786,139.0,3,1,18.0,18.0,17,1.0,0
YDR006C,1,0.0,0.0,0.18694208624220815,6.0760638106685066e-05,2.5359519707544235e-08,12.0,1,0,0.0,0.0,0,0.0,0
YOR242C,3,0.0,3.8376115085847664e-05,0.19242408912506825,0.00016769732502204735,4.7124734779306853e-07,3.3333333333333335,2,0,0.0,0.0,0,0.0,0
YDR009W,3,0.3333333333333333,6.246716978801212e-06,0.21493583474278286,0.00011239635476996087,1.0859926404721464e-06,10.666666666666666,2,4,68.75,195.0,194,1.0,0
YDR010C,1,0.0,0.0,0.24844476220825013,6.329793281441496e-05,7.483014955808876e-05,294.0,1,0,0.0,0.0,0,0.0,0
YDR013W,1,0.0,0.0,0.1847745266947831,7.464703483069047e-05,2.714310510593516e-08,7.0,1,3,27.0,56.0,56,0.9766233766233766,1
YDR016C,9,0.16666666666666666,0.00046788884864846234,0.2527900192346698,0.0002688134168808752,2.2350866331168226e-05,22.0,6,6,27.666666666666668,55.0,54,1.0,1
YKL052C,4,0.16666666666666666,7.580871477829591e-05,0.2335471457498748,0.00014773455627782698,5.473982598137872e-05,26.5,4,6,27.666666666666668,55.0,54,1.0,1
YKR037C,6,0.3333333333333333,0.0005879481121636535,0.26516220095256093,0.00018280830218829618,7.616860034657099e-05,70.5,6,8,26.5,55.0,75,0.6731531531531532,1
YDR017C,1,0.0,0.0,0.19708780606272844,6.345192684779715e-05,4.623694571799135e-08,19.0,1,0,0.0,0.0,0,0.0,0
YDR018C,1,0.0,0.0,0.19749937493320627,7.142476759694312e-05,4.7680575561201556e-07,4.0,1,0,0.0,0.0,0,0.0,0
YDR479C,4,0.0,0.0003846048106709361,0.24879996746132152,0.00018436008559632845,3.812845069649098e-05,43.5,3,0,0.0,0.0,0,0.0,0
YDR020C,1,0.0,0.0,0.2073945860241535,6.077237605970177e-05,3.1100743070419717e-07,10.0,1,0,0.0,0.0,0,0.0,0
YDR021W,1,0.0,0.0,0.17794978039220663,5.5205179218431644e-05,1.7148969710536658e-07,6.0,1,0,0.0,0.0,0,0.0,1
YDR027C,2,0.0,2.0431010171481547e-06,0.19823732028746321,9.104773257028536e-05,8.063064871675553e-08,11.0,2,1,4.0,4.0,3,1.0,0
YLR262C,11,0.09090909090909091,0.0008867574983952573,0.23752545484978532,0.00039245483633263285,2.257308152896963e-06,8.272727272727273,5,0,0.0,0.0,0,0.0,0
YER027C,6,0.6,2.3294718638559818e-05,0.22272647473653137,0.00021211049226332692,1.1278302888505045e-06,10.166666666666666,5,4,7.5,16.0,15,1.0,0
YNL076W,2,0.0,0.0002019641222144901,0.19039458341482135,0.00013916069394254282,2.974778418245195e-08,5.5,1,1,2.0,2.0,1,0.0,0
YDR030C,1,0.0,0.0,0.17969914213253482,6.040177916210773e-05,1.1659156324465347e-07,6.0,1,0,0.0,0.0,0,0.0,0
YDR031W,1,0.0,0.0,0.24844476220825013,6.329793281441496e-05,7.483014955808876e-05,294.0,1,0,0.0,0.0,0,0.0,0
YDR342C,6,0.0,0.000997867664800042,0.2286976938983687,0.00024356776815408535,1.602771178152774e-06,15.5,3,0,0.0,0.0,0,0.0,0
YDR438W,2,0.0,0.0003904617604497946,0.2554619043469564,9.504737501313335e-05,7.538757401462902e-05,178.5,2,0,0.0,0.0,0,0.0,0
YDR456W,2,0.0,2.589001527039982e-05,0.22248727784743108,8.742726374589316e-05,8.145239144708515e-07,36.0,2,0,0.0,0.0,0,0.0,0
YER038C,2,0.0,0.00021343570841582992,0.2172000115341322,0.0001242148691523073,5.576329572152868e-07,33.0,2,1,8.0,8.0,7,1.0,1
YER043C,1,0.0,0.0,0.2171349686079391,6.370513031120244e-05,5.574244565402477e-07,63.0,1,0,0.0,0.0,0,0.0,1
YER044C,3,0.0,0.00022198742419477267,0.23946038259735072,0.00013308342620351436,1.977238839747778e-05,37.0,3,0,0.0,0.0,0,0.0,0
YER064C,5,0.0,0.00043835422892939477,0.2335973062193228,0.00022007642795150305,1.4041596414835614e-06,34.4,3,0,0.0,0.0,0,0.0,0
YFR046C,1,0.0,0.0,0.2171349686079391,6.370513031120244e-05,5.574244565402477e-07,63.0,1,1,55.0,55.0,54,1.0,0
YFR055W,3,0.0,0.0003970461135939688,0.23294689607135724,0.00016155267832696765,3.660113925447744e-05,53.0,2,0,0.0,0.0,0,0.0,0
YGL125W,1,0.0,0.0,0.2171349686079391,6.370513031120244e-05,5.574244565402477e-07,63.0,1,4,257.25,559.0,558,1.0,0
YGL169W,2,0.0,8.8782351959883e-05,0.2205696730393768,7.90068364292159e-05,6.040115094990628e-07,43.0,2,0,0.0,0.0,0,0.0,1
YGL223C,5,0.6,0.00020054410092275223,0.23632550551516474,0.00015319645758170403,1.7554161016993197e-06,24.8,5,3,41.333333333333336,95.0,94,1.0,0
YGR111W,2,0.0,2.454704136836826e-05,0.21890491250018457,9.990891267223331e-05,5.7327660896218e-07,33.0,2,0,0.0,0.0,0,0.0,0
YGR124W,2,0.0,1.16495450240605e-05,0.21935744622743245,0.00010164127461262956,5.713563139525336e-07,33.0,2,0,0.0,0.0,0,0.0,0
YGR295C,1,0.0,0.0,0.2171349686079391,6.370513031120244e-05,5.574244565402477e-07,63.0,1,0,0.0,0.0,0,0.0,0
YHR060W,10,0.08888888888888889,0.0018108689265458231,0.2650168269388808,0.000332539318667176,7.709287073236983e-05,52.4,6,2,4.5,7.0,6,1.0,0
YIL145C,3,0.0,0.0008385721865510661,0.23283469258917142,0.0001358806739402839,1.3264115261346516e-06,56.666666666666664,3,0,0.0,0.0,0,0.0,0
YIR026C,2,0.0,1.7784242294179577e-05,0.22908305149958758,7.173669179722831e-05,1.0157264328275749e-05,71.0,2,0,0.0,0.0,0,0.0,0
YJL185C,3,0.0,3.9147710161693e-05,0.22240765968144102,0.0001304969072393823,5.925636561683491e-07,24.666666666666668,2,0,0.0,0.0,0,0.0,0
YJR075W,4,0.5,0.0001859802404981729,0.2187618158107642,0.0001709842353718807,5.873860553790619e-07,19.5,3,3,7.333333333333333,9.0,11,0.7818181818181819,0
YLR328W,7,0.14285714285714285,0.0008992809754126414,0.25514727763935646,0.00022654461311593394,4.074911335370541e-05,53.0,4,0,0.0,0.0,0,0.0,0
YMR064W,2,0.0,0.00020198186801602362,0.21715664525450074,0.00014248991138148844,5.575167866570842e-07,32.0,1,3,97.66666666666667,266.0,265,1.0,0
YMR094W,7,0.19047619047619047,0.000780888862377375,0.2258483222254409,0.00027675131493342644,6.473496066126893e-07,17.857142857142858,3,5,27.4,55.0,54,1.0,1
YMR187C,3,0.0,0.0004303233759855283,0.25594283039349736,0.00010919062092567457,7.609696098973891e-05,121.66666666666667,3,0,0.0,0.0,0,0.0,0
YOR009W,1,0.0,0.0,0.2171349686079391,6.370513031120244e-05,5.574244565402477e-07,63.0,1,0,0.0,0.0,0,0.0,0
YPL178W,5,0.0,0.00043806478215006666,0.23748655663675242,0.0001684151282593094,2.123872926781378e-06,25.6,4,9,108.11111111111111,559.0,619,0.8502282102357388,0
YPR136C,2,0.0,0.00019506424557794516,0.23292195261958817,9.5472158057842e-05,3.6595413310642544e-05,79.0,2,0,0.0,0.0,0,0.0,1
YDR036C,7,0.5714285714285714,2.0706483291910755e-05,0.22158073907653397,0.000140445808360076,2.2759615285140576e-06,21.428571428571427,6,0,0.0,0.0,0,0.0,0
YGR150C,5,0.3,7.697545722468743e-05,0.20831814935015647,0.00012047619721703033,1.0991938248246643e-06,13.2,4,0,0.0,0.0,0,0.0,0
YHR019C,6,0.26666666666666666,0.00015881241991104643,0.20636164647702626,0.00021722125518324752,1.8115379916406503e-05,5.333333333333333,3,0,0.0,0.0,0,0.0,1
YLL018C,5,0.3,0.0002108313649722038,0.1866373329484628,0.00022830795321650212,3.576312712444859e-07,4.6,3,0,0.0,0.0,0,0.0,1
YDR380W,2,0.0,0.0,0.00042158516020236085,0.0003224813268138062,7.350650256042896e-46,1.0,1,0,0.0,0.0,0,0.0,0
YOR205C,2,1.0,0.0,0.1864773352348336,6.678303789849784e-05,4.894388073018556e-08,11.0,2,0,0.0,0.0,0,0.0,0
YDR042C,2,0.0,1.0723612435161933e-05,0.23747359339676136,0.000106748383543373,5.474563422179075e-05,55.0,2,0,0.0,0.0,0,0.0,0
YLR413W,2,0.0,3.3895329111528855e-05,0.2501878331720437,0.00010871233023024374,7.55144491933756e-05,148.0,2,0,0.0,0.0,0,0.0,0
YDR077W,1,0.0,0.0,0.19381281378485624,6.418517136786036e-05,3.566422963557128e-08,5.0,1,2,452.5,559.0,558,1.0,0
YDR049W,2,1.0,0.0,0.21392123867968077,6.420112458243058e-05,8.78110261849872e-06,41.5,2,0,0.0,0.0,0,0.0,0
YGL246C,3,0.6666666666666666,4.500556988981976e-06,0.22436906812937946,8.243505654281186e-05,1.0260951574814513e-05,36.666666666666664,2,1,3.0,3.0,2,1.0,0
YDR050C,5,1.0,0.0,0.2116833510621189,0.00016685641493305753,6.174669026329728e-07,12.0,5,0,0.0,0.0,0,0.0,1
YFL009W,6,0.06666666666666667,0.0004163059867502524,0.22461233058127256,0.00018194085632592674,9.631874999403766e-07,17.0,5,5,17.0,58.0,57,1.0,1
YDR056C,2,0.0,0.00021994937680827142,0.238580544613582,8.723929093011661e-05,5.4075602762836544e-05,85.0,2,0,0.0,0.0,0,0.0,0
YPL024W,2,0.0,3.673187366823017e-06,0.22454277321438285,6.3385270834897e-05,4.5427371985727325e-06,35.0,2,1,3.0,3.0,2,1.0,0
YDR062W,1,0.0,0.0,0.17504994290543063,7.065350669089393e-05,8.409943551304336e-08,3.0,1,1,2.0,2.0,1,0.0,1
YMR296C,3,0.0,0.00022916589018289298,0.21419507808717778,0.00013558260969284203,6.278123457781187e-06,23.333333333333332,2,1,2.0,2.0,1,0.0,1
YDR063W,3,0.0,4.5624063332557395e-05,0.2256842989587938,0.00013318942519576518,1.9042751155306326e-05,17.666666666666668,2,0,0.0,0.0,0,0.0,0
YGL239C,2,0.0,9.395410610463835e-06,0.21220995224763023,0.00010490450303628739,4.239732630542657e-07,20.5,2,0,0.0,0.0,0,0.0,1
YDR067C,1,0.0,0.0,0.21362711667216636,5.890598607902629e-05,2.7419252093118644e-07,62.0,1,1,6.0,6.0,5,1.0,0
YDR068W,2,0.0,0.00020198186801602362,0.13960070052075046,0.0002136345463431953,1.7383465841074344e-11,2.5,1,0,0.0,0.0,0,0.0,0
YLR237W,1,0.0,0.0,0.12184272198030213,0.00012688910443831882,2.342897129975732e-13,2.0,1,0,0.0,0.0,0,0.0,0
YDR070C,2,0.0,7.988296661993855e-06,0.20790003971273383,8.036879250784757e-05,1.4222280397166383e-07,11.0,2,0,0.0,0.0,0,0.0,0
YER089C,1,0.0,0.0,0.1445786524551749,0.0001115309859922386,9.033938726142902e-11,3.0,1,0,0.0,0.0,0,0.0,0
YDR072C,1,0.0,0.0,0.1386265249029305,0.00011477923790014776,7.802195972145851e-11,2.0,1,0,0.0,0.0,0,0.0,0
YDR107C,2,0.0,0.00020198186801602362,0.16208472974288096,0.00019348813085776106,6.2381939318480235e-09,2.0,1,0,0.0,0.0,0,0.0,0
YML068W,1,0.0,0.0,0.20431673465592765,5.468809154629057e-05,7.109893304571903e-08,13.0,1,0,0.0,0.0,0,0.0,1
YMR251W,1,0.0,0.0,0.1926200403359899,6.337007029698627e-05,3.2570019284926765e-08,10.0,1,0,0.0,0.0,0,0.0,0
YIL152W,2,0.0,1.214738259375387e-05,0.18298701287186825,0.00010925054987266132,1.3717595317862433e-08,5.0,2,0,0.0,0.0,0,0.0,0
YLR376C,4,0.16666666666666666,0.00014741843781137138,0.21408967231084433,0.00016045151428673986,1.0107185605148562e-06,6.75,4,0,0.0,0.0,0,0.0,0
YDR079W,3,0.0,8.632829915008276e-05,0.22961504359680518,0.00010911354817694078,2.1869763358869153e-06,34.333333333333336,3,0,0.0,0.0,0,0.0,0
YJL099W,5,0.0,0.0004397444894444383,0.25653141287980824,0.0001722037422650601,7.57391774988041e-05,68.4,4,2,5.5,6.0,5,1.0,0
YDR080W,3,0.3333333333333333,5.147001462797709e-07,0.16903742592488122,0.00014393573091600373,1.3065945585888004e-08,6.0,3,4,5.5,7.0,11,0.5454545454545454,0
YLR396C,5,0.4,9.856906242103672e-05,0.18143782763485977,0.00022491787866697286,1.97323509905614e-08,5.2,3,5,23.6,95.0,98,0.9229960025247212,0
YDR084C,9,0.027777777777777776,0.0009189140373264786,0.2449890883561588,0.0003044480151324323,0.001393072041543471,25.555555555555557,5,0,0.0,0.0,0,0.0,0
YDR441C,2,0.0,3.9198686735575905e-06,0.20674410640254087,9.797031471728957e-05,1.766841581016717e-05,6.0,2,0,0.0,0.0,0,0.0,0
YER011W,4,0.0,0.00010656793356464613,0.24728677491210527,0.0001405541530589123,7.257757893035965e-05,29.5,4,0,0.0,0.0,0,0.0,0
YDR086C,2,1.0,0.0,0.17664201677001373,0.00012104667494204063,3.006326012297988e-08,4.5,2,6,9.333333333333334,29.0,29,0.9384236453201971,1
YDR092W,2,0.0,0.00010913457594581266,0.2273828584659315,0.0001067808714437869,1.090543077656961e-06,35.5,2,1,2.0,2.0,1,0.0,0
YDR098C,2,0.0,2.734997985419359e-05,0.20443194544564014,9.543445472743185e-05,3.6728159108380935e-07,15.5,2,0,0.0,0.0,0,0.0,0
YGL071W,3,0.0,0.0003621561180795367,0.2085778229470068,0.00014535315191158108,1.6749917400183026e-06,5.0,2,0,0.0,0.0,0,0.0,0
YER177W,3,0.3333333333333333,0.0005253352968607016,0.2444110242150937,0.00011441799605656537,3.0302045147354184e-06,60.666666666666664,3,0,0.0,0.0,0,0.0,0
YGR123C,10,0.0,0.001235689812076859,0.22609480464757653,0.00043059186391260657,8.69973744872512e-07,5.7,4,0,0.0,0.0,0,0.0,0
YNL042W,3,0.0,0.0002046262501183932,0.2131770007364106,0.00015362358889542304,9.86466451970962e-07,9.0,2,0,0.0,0.0,0,0.0,0
YNL293W,2,0.0,9.146567279457482e-05,0.21464950814232622,8.879941090930498e-05,2.894722556845387e-07,17.0,2,0,0.0,0.0,0,0.0,0
YDR100W,6,0.13333333333333333,0.0005892676835785789,0.24914192137376406,0.00018978264104375963,4.095554449607781e-06,36.0,4,0,0.0,0.0,0,0.0,0
YPL095C,5,0.4,3.129848612433929e-05,0.22266947645760404,0.00017294987495128884,2.5735299693365853e-06,13.8,4,0,0.0,0.0,0,0.0,0
YER036C,4,0.0,0.00041612485845850743,0.25364483623068257,0.00019707648585392794,0.0001018294836893349,92.5,2,2,452.5,559.0,558,1.0,1
YNL112W,7,0.42857142857142855,1.7156339707822974e-05,0.24122629503901677,0.00011287331716290213,5.957964970597386e-05,53.0,6,0,0.0,0.0,0,0.0,1
YOR048C,3,1.0,0.0,0.22887816871994254,6.293642882826341e-05,3.832303878941106e-05,59.333333333333336,3,4,59.5,131.0,132,0.9699282905389776,1
YDR102C,2,0.0,7.894612871539416e-05,0.2438083518845925,8.973200807505437e-05,1.9617674464648975e-05,86.5,2,0,0.0,0.0,0,0.0,0
YER132C,1,0.0,0.0,0.18319505773238454,6.109780310502294e-05,5.652688728518922e-09,11.0,1,0,0.0,0.0,0,0.0,0
YDR105C,2,0.0,5.738958014461919e-05,0.22269227226805222,0.00010050893819901673,3.604996806078782e-05,49.0,2,0,0.0,0.0,0,0.0,0
YHR129C,7,0.09523809523809523,0.002887864295630979,0.26080668011681957,0.00029477307564647977,7.658662643385908e-05,52.57142857142857,4,7,24.571428571428573,73.0,95,0.6732362821948489,0
YOL015W,3,0.0,0.0006059456040480708,0.19508166589070747,0.0002255459383910216,4.98782273140148e-07,4.333333333333333,1,0,0.0,0.0,0,0.0,0
YDR108W,2,0.0,9.02709926856078e-06,0.19228801021121184,0.00010829366558908697,4.5851629157629697e-07,4.0,2,3,37.333333333333336,95.0,94,1.0,0
YGR234W,5,0.2,6.863718765907135e-05,0.208348078685344,0.00020916475829519304,9.569260201580965e-08,7.8,2,0,0.0,0.0,0,0.0,0
YER161C,6,0.06666666666666667,0.0002222619271226185,0.23992258484689064,0.00016912292700395655,1.957447255244318e-05,18.333333333333332,5,0,0.0,0.0,0,0.0,0
YLR095C,2,0.0,0.00020198186801602362,0.20740447325651543,0.00012768130822078284,4.123463703914927e-07,6.5,1,3,30.0,83.0,82,1.0,0
YGL116W,6,0.06666666666666667,9.393863915580191e-05,0.21116960639882865,0.00019588615748833708,2.1813856028665428e-07,7.833333333333333,4,4,23.25,58.0,60,0.9045197740112995,1
YGR060W,4,0.0,0.00041268376983739387,0.18729620419444928,0.0002651407586603731,2.495813119565498e-08,2.5,2,0,0.0,0.0,0,0.0,1
YGR098C,3,0.0,7.650969606123659e-05,0.22644785712204182,0.00010635833826259689,1.8947266730076696e-05,20.666666666666668,3,3,4.666666666666667,9.0,8,1.0,1
YNL041C,10,0.13333333333333333,0.0006575653957758137,0.253497041780018,0.00023805518356571198,5.075006769466696e-06,21.1,7,3,41.333333333333336,95.0,94,1.0,0
YGL064C,6,0.6666666666666666,0.0007536061197934617,0.2283615679506938,8.140857151826356e-05,6.331270835935109e-06,46.166666666666664,6,0,0.0,0.0,0,0.0,0
YDR121W,2,0.0,3.311793769456839e-05,0.2347063137154007,6.98670604079567e-05,1.1084881351370154e-05,97.5,2,4,24.0,83.0,86,0.9102599179206566,0
YDR122W,2,0.0,6.2229317745140215e-06,0.2259186909190771,8.620074262255151e-05,1.816537415309802e-06,16.5,2,0,0.0,0.0,0,0.0,0
YDR123C,2,0.0,1.0143690146856118e-05,0.1867094215282034,0.00010310728107291515,1.6116965959735912e-08,8.5,2,1,2.0,2.0,1,0.0,1
YDR126W,1,0.0,0.0,0.1795804602917802,9.295610917724699e-05,7.79155374432803e-09,3.0,1,0,0.0,0.0,0,0.0,0
YNR051C,3,0.0,0.00040396373603204724,0.22101789428107438,0.00021902032365580867,6.206298001250603e-07,8.666666666666666,1,1,2.0,2.0,1,0.0,0
YOR303W,8,0.07142857142857142,0.0009059375845747477,0.2685172343555529,0.00023571004322244982,0.00010490329122922388,66.625,6,1,2.0,2.0,1,0.0,0
YDR128W,2,0.0,1.1894266095834688e-05,0.20437432381400236,6.751500700729877e-05,8.240236224052802e-07,17.0,2,0,0.0,0.0,0,0.0,0
YHR134W,2,0.0,1.8937055465922642e-05,0.19009509005630815,0.00011309363416763088,1.1329201554907824e-07,4.5,2,0,0.0,0.0,0,0.0,0
YDR132C,4,0.16666666666666666,1.0596732066556714e-05,0.2332341302218768,0.00011316594867632928,1.0549361706810847e-05,29.75,4,0,0.0,0.0,0,0.0,0
YJL218W,4,0.16666666666666666,4.4102638479757324e-05,0.24515475211476773,0.00012996707718590216,4.267940176566954e-06,65.75,4,0,0.0,0.0,0,0.0,0
YDR134C,2,0.0,0.00014650434559756157,0.2507068651546515,8.312247016912889e-05,7.514475691898258e-05,154.5,2,0,0.0,0.0,0,0.0,0
YDR135C,1,0.0,0.0,0.21798357706326624,5.80587052109513e-05,6.914308239007457e-07,58.0,1,0,0.0,0.0,0,0.0,0
YDR139C,2,0.0,1.2487011068398884e-05,0.19847245579510348,0.0001032532368698004,4.6166243196188136e-08,16.5,2,0,0.0,0.0,0,0.0,0
YLR306W,2,0.0,3.077687020461361e-05,0.20970385766068966,0.00010344973929105953,9.665463975856846e-07,7.0,2,0,0.0,0.0,0,0.0,0
YDR142C,8,0.35714285714285715,0.000278576957110002,0.23716289964177212,0.0002900675716074611,3.81248998084716e-05,19.125,5,0,0.0,0.0,0,0.0,0
YDR244W,7,0.2857142857142857,0.0002665849038988957,0.22525195355848956,0.00028533739861847594,3.6526005941257135e-06,7.857142857142857,5,0,0.0,0.0,0,0.0,0
YHR160C,3,0.6666666666666666,6.542127661837866e-06,0.21041382429041727,0.0001265822995497074,1.4514283178341315e-06,8.666666666666666,3,0,0.0,0.0,0,0.0,0
YNL214W,5,0.7,0.0001405457723729641,0.2540447434177324,0.00019073584613995293,7.637159198093478e-05,67.6,5,1,3.0,3.0,2,1.0,0
YDR143C,0,0.0,0.0,0.0,3.195568811248403e-05,4.8315357241094107e-57,0.0,0,0,0.0,0.0,0,0.0,0
YDR144C,1,0.0,0.0,0.22063679029458708,6.349331199239502e-05,9.786882235304224e-07,80.0,1,0,0.0,0.0,0,0.0,0
YPL121C,1,0.0,0.0,0.18073682983792397,6.499706855813279e-05,1.1680016843003934e-08,6.0,1,1,2.0,2.0,1,0.0,0
YNL092W,29,0.0049261083743842365,0.00696874366055826,0.2859359994103627,0.0010321174564332037,0.0001543594295721932,20.448275862068964,8,0,0.0,0.0,0,0.0,0
YDR150W,7,0.23809523809523808,0.000109715027730095,0.2253686402314892,0.00021266088054242626,9.313939311133933e-07,13.714285714285714,5,0,0.0,0.0,0,0.0,0
YJR112W,16,0.125,0.0022151582910605455,0.24770917445929894,0.0004914704228484465,5.612063955430005e-05,15.4375,6,3,34.0,55.0,54,1.0,1
YJR104C,2,0.0,7.568240080260181e-06,0.19945517288779882,0.00010239778616322209,9.321999593969014e-07,6.0,2,1,2.0,2.0,1,0.0,0
YKR105C,2,0.0,0.00030443374981362086,0.2515330845876889,9.606249743123724e-05,7.574833020324599e-05,151.5,2,0,0.0,0.0,0,0.0,0
YML078W,1,0.0,0.0,0.19837290734707347,6.472025272930632e-05,9.181806451572426e-07,9.0,1,0,0.0,0.0,0,0.0,0
YNL135C,6,0.0,0.00024271671881523398,0.22286338973560102,0.0002304759115079113,1.3050784250445423e-06,6.666666666666667,3,1,11.0,11.0,10,1.0,0
YDR159W,2,0.0,4.6174365143708955e-06,0.22045790164328913,8.025381426158396e-05,7.653891889764225e-07,18.0,2,2,30.5,59.0,58,1.0,0
YJL041W,13,0.2692307692307692,0.000504181846755209,0.26206350406774703,0.00034419076652900994,4.67358560457719e-05,31.076923076923077,8,5,19.0,59.0,59,0.9812974868497955,1
YDR162C,2,0.0,3.345519753545328e-05,0.22296618650208425,7.497356683780058e-05,2.7957003816138653e-06,20.0,2,0,0.0,0.0,0,0.0,0
YDR164C,4,0.16666666666666666,0.0002522351988771734,0.21155982450051874,0.00018517191077978957,1.0004532138461764e-06,6.75,3,0,0.0,0.0,0,0.0,1
YKR014C,10,0.26666666666666666,0.0025289700248457532,0.2369949463980317,0.00035388011334261485,3.6335738546541873e-06,17.4,5,0,0.0,0.0,0,0.0,0
YNR049C,1,0.0,0.0,0.17328591695326487,7.130297214543937e-05,1.2515558553936199e-08,4.0,1,0,0.0,0.0,0,0.0,0
YPL232W,4,0.16666666666666666,1.671095165212796e-05,0.21159069262334848,0.00016041434646044649,1.1861524590432126e-06,6.75,3,5,27.0,95.0,95,0.9791713325867861,0
YER008C,11,0.32727272727272727,0.00027958823049745396,0.22750176389837723,0.0003007289341038697,2.0280912097974187e-06,12.545454545454545,7,2,7.5,8.0,7,1.0,1
YJL085W,7,0.7619047619047619,5.0948036775023504e-05,0.2235619851504968,0.00020305484472371425,1.9197752614445763e-05,14.571428571428571,7,2,7.5,8.0,7,1.0,1
YGR097W,3,0.0,0.00043632854237754347,0.23148431579379952,0.00015199417408666102,2.380195153001712e-06,16.666666666666668,2,1,74.0,74.0,73,1.0,0
YIL129C,1,0.0,0.0,0.21978964489383992,5.321037377526303e-05,1.1872659819520835e-06,35.0,1,0,0.0,0.0,0,0.0,1
YLR228C,1,0.0,0.0,0.21978964489383992,5.321037377526303e-05,1.1872659819520835e-06,35.0,1,0,0.0,0.0,0,0.0,0
YPL089C,2,0.0,3.524051263137323e-05,0.22394174247329324,8.237755499868122e-05,1.2292568421554553e-06,26.0,2,0,0.0,0.0,0,0.0,0
YPR115W,4,0.0,0.00011514576427760156,0.23231250232438017,0.00012110641101309181,1.987555737988564e-06,18.25,4,0,0.0,0.0,0,0.0,0
YDR168W,3,0.6666666666666666,4.263466365511484e-07,0.1983548183572091,0.00011404439224784314,1.0195841135848139e-07,10.333333333333334,3,0,0.0,0.0,0,0.0,1
YDR169C,1,0.0,0.0,0.19745455594012018,5.592565659176455e-05,9.128931243092542e-08,17.0,1,0,0.0,0.0,0,0.0,0
YMR042W,5,0.5,0.00029340356281279097,0.2419507386145747,0.0001770146116380309,2.0355742541459456e-05,30.6,4,3,91.33333333333333,195.0,194,1.0,0
YDR174W,11,0.03636363636363636,0.0009345141156518525,0.2577014708582317,0.00033247817801840767,6.356687909670071e-06,31.272727272727273,6,0,0.0,0.0,0,0.0,0
YIL013C,1,0.0,0.0,0.20306741182919472,5.774050682126303e-05,8.007228720238375e-08,11.0,1,0,0.0,0.0,0,0.0,0
YGL068W,3,1.0,0.0,0.21496769596939755,7.522958223584833e-05,1.5957323681984142e-06,23.666666666666668,3,6,228.5,559.0,589,0.9439786101197695,1
YGL013C,1,0.0,0.0,0.21111836905074333,5.765167711319009e-05,7.634206082778748e-07,17.0,1,0,0.0,0.0,0,0.0,0
YJR080C,2,0.0,3.938716187845243e-05,0.2211414746621597,8.369434638329286e-05,1.2855708024546443e-06,14.0,2,0,0.0,0.0,0,0.0,0
YDR177W,0,0.0,0.0,0.0,3.195568811248403e-05,4.8315357241094107e-57,0.0,0,1,46.0,46.0,45,1.0,1
YDR178W,4,0.5,3.6501541004913314e-05,0.21327105402366134,0.0001452239547208019,1.2312273980913013e-06,13.0,4,2,30.0,56.0,55,1.0,0
YDR179C,4,0.0,0.00019413946713630687,0.2167779277008654,0.00015244122237040943,3.4313238117913432e-06,13.5,3,3,8.0,16.0,19,0.672514619883041,0
YJR015W,2,0.0,8.188005122518307e-06,0.1872317193591267,0.00011989592486587382,7.001100519686598e-08,3.5,2,0,0.0,0.0,0,0.0,0
YER147C,3,0.0,4.9313425420665526e-05,0.19748144489462857,0.00012471477226853062,4.395199802214534e-08,8.333333333333334,3,1,2.0,2.0,1,0.0,1
YDR181C,4,0.8333333333333334,2.628300354569088e-06,0.20905892508547178,0.00014432439273482273,9.94695986459272e-07,8.25,4,1,3.0,3.0,2,1.0,0
YMR127C,5,0.5,0.00018008711294034772,0.23021040485917385,0.0001743969421780145,1.7519890406788937e-06,26.8,4,1,3.0,3.0,2,1.0,0
YDR184C,4,0.0,0.00045261095292920174,0.23839751389274305,0.00013573707090603775,2.1917414676626587e-06,40.0,4,0,0.0,0.0,0,0.0,0
YLR319C,7,0.19047619047619047,0.00036442902330495583,0.2331841255844277,0.00023887958304767487,1.8707526889965213e-05,13.714285714285714,5,5,27.8,73.0,76,0.8989473684210526,0
YDR214W,4,0.0,0.0003064640257682663,0.2050486039981462,0.00017057959470692625,1.7268867119789344e-07,11.5,3,0,0.0,0.0,0,0.0,0
YFL016C,8,0.03571428571428571,0.0014521542264269364,0.24713225579576617,0.0002722055153920242,3.7108161665814414e-05,26.125,5,0,0.0,0.0,0,0.0,0
YPL231W,3,0.0,0.002136515616049076,0.19273097200321923,0.00014593301318679367,3.223783030546615e-08,8.0,2,1,2.0,2.0,1,0.0,1
YMR316W,2,0.0,5.024003083093138e-06,0.21853105440168114,8.62062037140653e-05,2.153230475683329e-06,14.5,2,0,0.0,0.0,0,0.0,0
YNL239W,4,0.0,0.00013435240860129482,0.237759111981018,0.00011649152339047081,8.088295877904974e-06,45.75,4,0,0.0,0.0,0,0.0,0
YOR075W,6,0.13333333333333333,9.125727743177024e-05,0.21263520190755952,0.0002138690151423469,8.799457537775493e-07,8.333333333333334,4,5,27.6,95.0,98,0.9217336419103724,1
YER107C,6,0.13333333333333333,0.00026539767834342907,0.256516287206879,0.00020726393821000235,2.4419867899644396e-05,57.166666666666664,4,4,25.5,59.0,59,0.9812974868497955,0
YGL122C,11,0.10909090909090909,0.001461673632133689,0.25059133869181893,0.0003400749819593684,5.237893051045462e-06,15.909090909090908,5,0,0.0,0.0,0,0.0,1
YJR069C,2,0.0,4.699640803967222e-05,0.2385543801627827,8.27506062411725e-05,2.8738581532208366e-06,50.0,2,0,0.0,0.0,0,0.0,0
YNL049C,4,0.5,5.8310154750984375e-05,0.22602432621720012,0.00012276969985680164,2.627188300861844e-06,18.5,4,2,22.0,34.0,33,1.0,0
YOR134W,1,0.0,0.0,0.21764551658555545,5.45741636248711e-05,1.789029487430071e-06,31.0,1,0,0.0,0.0,0,0.0,0
YOR204W,1,0.0,0.0,0.21764551658555545,5.45741636248711e-05,1.789029487430071e-06,31.0,1,0,0.0,0.0,0,0.0,1
YDR228C,19,0.2573099415204678,0.0014996698089799988,0.25665248251009776,0.0004084278976603299,7.894540703942533e-06,21.105263157894736,9,5,36.8,131.0,141,0.8656534954407294,1
YOR179C,5,0.6,2.894344460026308e-06,0.2196786624433785,0.00011319734129851448,2.4339482328703185e-06,17.4,5,2,17.5,20.0,19,1.0,0
YDR196C,1,0.0,0.0,0.2046050054568343,5.2804079509948326e-05,9.656961276305222e-07,36.0,1,0,0.0,0.0,0,0.0,1
YDR200C,3,0.0,7.060268013508706e-05,0.20973418652213605,0.0001306006769272627,9.794448506099208e-07,5.0,2,1,6.0,6.0,5,1.0,0
YLR238W,2,0.0,2.6493963142231038e-05,0.21482969883110306,8.370788556547068e-05,1.110715638970648e-06,21.0,2,1,6.0,6.0,5,1.0,0
YHR083W,2,0.0,1.4098759981830745e-05,0.22802642858790648,8.600684390162741e-05,2.004592841532782e-06,21.5,2,1,4.0,4.0,3,1.0,1
YKL179C,2,0.0,2.0438132508873916e-05,0.21049526954851305,8.834516046348855e-05,3.157348555879473e-07,15.5,2,0,0.0,0.0,0,0.0,0
YJR033C,3,0.3333333333333333,8.761812237895033e-05,0.21836652266368858,9.967434680816618e-05,4.858014549478715e-07,28.666666666666668,3,1,3.0,3.0,2,1.0,0
YOR087W,3,0.0,0.00012714850618575374,0.23894745048765134,0.00012006981160351315,5.551925248367388e-05,35.333333333333336,3,0,0.0,0.0,0,0.0,0
YDR205W,1,0.0,0.0,0.00021079258010118043,0.00021303792074989342,2.5939109905631997e-48,1.0,1,0,0.0,0.0,0,0.0,0
YNR039C,1,0.0,0.0,0.00021079258010118043,0.00021303792074989342,2.5939109905631997e-48,1.0,1,0,0.0,0.0,0,0.0,0
YJL030W,10,0.022222222222222223,0.0004288531443798268,0.23684012363376708,0.0003085825114924965,2.479489292970691e-06,8.1,4,5,32.6,59.0,114,0.4817574910728148,0
YJR094C,4,0.3333333333333333,4.162654237035809e-05,0.24730083168648634,0.00014901039923572536,2.1275772402713155e-05,34.75,3,3,90.66666666666667,195.0,194,1.0,0
YMR139W,6,0.13333333333333333,0.00016665748380070603,0.25463952186295974,0.00020219520087932875,2.338922478572871e-05,31.0,4,0,0.0,0.0,0,0.0,0
YMR263W,9,0.19444444444444445,0.0038698848069619375,0.26958211866579923,0.0002901929396045464,9.611003214290617e-05,57.111111111111114,7,6,32.166666666666664,133.0,133,0.9859876965140123,0
YDR211W,10,0.6888888888888889,4.4876648708121856e-05,0.23821476378627102,0.00019271392966979274,6.389109838312859e-06,21.1,9,5,63.2,266.0,270,0.9641470466749277,1
YGR083C,11,0.6909090909090909,2.4914916233207836e-05,0.24010796572816753,0.00020462071687018342,9.436565007481411e-06,22.636363636363637,9,5,63.2,266.0,270,0.9641470466749277,1
YLR030W,3,0.0,6.971441112164987e-05,0.20189884123949636,0.0001475536704370306,9.536969078997347e-07,4.333333333333333,2,0,0.0,0.0,0,0.0,0
YDR213W,1,0.0,0.0,0.21507396831266895,4.687161593798145e-05,9.034242478390095e-07,47.0,1,0,0.0,0.0,0,0.0,0
YDR215C,2,0.0,0.00020198186801602362,0.19805682559540508,0.0001084780848294141,2.17553186485545e-06,9.0,1,0,0.0,0.0,0,0.0,0
YPL175W,1,0.0,0.0,0.1641208778870027,7.7964976104739e-05,2.906681239492543e-08,2.0,1,1,6.0,6.0,5,1.0,1
YDR218C,2,1.0,0.0,0.1996015888708326,8.267059317594466e-05,2.818912791029399e-07,20.5,2,3,29.333333333333332,73.0,72,1.0,0
YDR219C,0,0.0,0.0,0.0,3.195568811248403e-05,4.8315357241094107e-57,0.0,0,1,58.0,58.0,57,1.0,0
YDR221W,1,0.0,0.0,0.15660605583256543,9.373315376829666e-05,5.950359996616071e-10,2.0,1,1,2.0,2.0,1,0.0,0
YDR378C,17,0.125,0.003038502193172719,0.2608692349360597,0.0004945657980942021,5.964490340573108e-05,30.0,8,6,127.5,559.0,558,1.0,1
YLR183C,9,0.3333333333333333,6.62002120180062e-05,0.25446079610625655,0.00021123453589442067,2.528099490641358e-05,36.111111111111114,8,2,452.5,559.0,558,1.0,0
YDR226W,2,0.0,0.00013847657890510542,0.24917045996727766,9.874777427889935e-05,7.484282841381044e-05,149.5,2,0,0.0,0.0,0,0.0,1
YOR176W,5,0.0,0.00026349809071460654,0.21400542235371478,0.00020774567143613874,1.013131637937073e-06,6.8,3,0,0.0,0.0,0,0.0,1
YMR219W,1,0.0,0.0,0.18748184576723412,5.920905960735427e-05,2.600734003100183e-07,11.0,1,0,0.0,0.0,0,0.0,0
YMR284W,2,0.0,3.620263144817308e-05,0.19590742698377395,0.00010184099003313044,2.803084856712353e-07,6.5,2,4,59.25,195.0,194,1.0,0
YPR049C,3,0.0,3.9101982158380975e-05,0.2137110689703133,0.00010762991853143308,1.8961452549091374e-07,14.0,3,0,0.0,0.0,0,0.0,0
YDR229W,7,0.047619047619047616,0.0007221219298742214,0.252878181296714,0.00023478146571553999,3.955138267369334e-05,39.857142857142854,4,0,0.0,0.0,0,0.0,0
YGL066W,2,0.0,0.0001235292193312864,0.2050969371595638,9.204452768582538e-05,5.098087911158844e-07,5.5,2,8,61.5,195.0,255,0.7764397097421646,0
YJR131W,3,0.0,6.347432208686629e-05,0.23379816374831622,9.605494233079116e-05,1.8074088246563435e-06,44.666666666666664,3,0,0.0,0.0,0,0.0,0
YDR236C,1,0.0,0.0,0.1776591077682403,6.458663864821761e-05,1.743624008364499e-05,4.0,1,0,0.0,0.0,0,0.0,1
YGR278W,6,0.4,2.5644336615538703e-05,0.22891429787049028,0.00014681277889386243,3.824704747566312e-06,32.333333333333336,5,6,156.5,559.0,619,0.8502282102357388,1
YHR086W,6,0.3333333333333333,0.00019928621170316475,0.23627416667727516,0.0001406723911117515,2.0684580885336797e-05,34.833333333333336,5,7,110.85714285714286,559.0,558,1.0,1
YGL205W,1,0.0,0.0,0.1823657038492902,6.65557415530271e-05,4.5688949614815814e-08,7.0,1,0,0.0,0.0,0,0.0,0
YEL036C,6,0.2,0.00033978241030822447,0.2183117337930885,0.00024414106725336707,1.999459864584814e-06,10.0,3,3,7.333333333333333,9.0,11,0.7818181818181819,0
YJL183W,3,1.0,0.0,0.18774074271905528,0.0001368751364530572,3.70215143517372e-08,5.333333333333333,3,3,7.333333333333333,9.0,11,0.7818181818181819,0
YDR247W,0,0.0,0.0,0.0,3.195568811248403e-05,4.8315357241094107e-57,0.0,0,0,0.0,0.0,0,0.0,0
YDR250C,1,0.0,0.0,0.1754806482344574,7.68704291172617e-05,2.1311921775780285e-08,7.0,1,0,0.0,0.0,0,0.0,0
YDR251W,1,0.0,0.0,0.19382144841079338,7.67705721797829e-05,6.851360566675418e-07,3.0,1,0,0.0,0.0,0,0.0,0
YPL057C,3,0.0,0.0005409174249673121,0.24299129976701675,0.00015677027060526447,5.47886677236207e-05,63.0,2,1,2.0,2.0,1,0.0,0
YDR252W,3,0.0,0.0006316114898038837,0.20769161364532715,0.0001811421179017121,1.4066311960905365e-06,3.3333333333333335,2,4,267.75,559.0,559,0.9964478299061945,0
YJR055W,3,0.0,0.00037995554036926405,0.17097725411784898,0.00023662026799010571,1.7602025533374793e-08,2.3333333333333335,2,0,0.0,0.0,0,0.0,0
YDR253C,2,1.0,0.0,0.19935463643993345,9.341811925562329e-05,5.261720619896154e-08,8.5,2,4,69.5,195.0,194,1.0,0
YIR017C,11,0.07272727272727272,0.0012727463644922716,0.25005841079599195,0.0003760668345695106,3.115348107116444e-06,18.0,4,6,47.333333333333336,195.0,194,1.0,0
YNL103W,6,0.13333333333333333,0.00013527252471090418,0.21882783718267027,0.00022885676510777848,1.0582630154832233e-06,7.0,4,6,47.333333333333336,195.0,194,1.0,1
YDR254W,2,0.0,2.790304539900164e-05,0.188049113076666,0.00014973419352297724,4.628532014904054e-07,2.0,2,5,29.8,55.0,54,1.0,0
YIL111W,2,0.0,0.00021667562265711114,0.23222569825070288,0.00012611321377801554,3.655620296342741e-05,71.0,2,1,12.0,12.0,11,1.0,0
YDR255C,1,0.0,0.0,0.20881809691027492,4.722137062902763e-05,1.2070522559073465e-06,24.0,1,1,8.0,8.0,7,1.0,0
YDR256C,4,0.3333333333333333,9.78232113517234e-05,0.24817548380083673,0.00012089431350310642,3.9764453824076145e-05,68.0,4,1,2.0,2.0,1,0.0,0
YDR484W,6,0.06666666666666667,0.00047158009097065737,0.24622311568445684,0.0001684033582151902,9.963518358931919e-06,38.0,5,1,4.0,4.0,3,1.0,0
YFR015C,6,0.06666666666666667,0.00046315267348369735,0.23560878586670284,0.0002461219907572585,1.2700266753190953e-06,12.833333333333334,3,0,0.0,0.0,0,0.0,0
YGR066C,3,0.0,4.287595101847034e-05,0.2408790338867542,0.00010808321183181888,1.7185165004230854e-06,19.333333333333332,3,0,0.0,0.0,0,0.0,0
YDR260C,2,0.0,0.00015180430726992057,0.2167779277008654,8.439831318535258e-05,3.0203082646207065e-07,40.0,2,3,29.666666666666668,58.0,57,1.0,0
YDR262W,1,0.0,0.0,0.00021079258010118043,0.00021303792074989342,2.5939109905631997e-48,1.0,1,0,0.0,0.0,0,0.0,0
YDR454C,1,0.0,0.0,0.00021079258010118043,0.00021303792074989342,2.5939109905631997e-48,1.0,1,0,0.0,0.0,0,0.0,1
YDR263C,1,0.0,0.0,0.00021079258010118043,0.00021303792074989342,2.5939109905631997e-48,1.0,1,0,0.0,0.0,0,0.0,0
YOR214C,1,0.0,0.0,0.00021079258010118043,0.00021303792074989342,2.5939109905631997e-48,1.0,1,0,0.0,0.0,0,0.0,0
YKL178C,1,0.0,0.0,0.18001142961886246,6.438838832200965e-05,1.7327051754205055e-08,10.0,1,0,0.0,0.0,0,0.0,0
YOR101W,5,0.1,0.0002957249144258909,0.20360912767485692,0.00020996674166645174,1.4598979150280488e-07,7.2,3,1,11.0,11.0,10,1.0,0
YDR266C,1,0.0,0.0,0.22119769325954178,6.372271585912358e-05,3.6037988854102294e-05,95.0,1,2,452.5,559.0,558,1.0,0
YDR267C,2,0.0,0.00020892558892723814,0.20473981039242636,0.00013643528106496613,9.563523868555477e-07,9.5,2,0,0.0,0.0,0,0.0,1
YDR268W,3,0.0,0.0005491467599600741,0.2593143131089389,0.00010629407724274995,7.820481698934308e-05,131.66666666666666,3,0,0.0,0.0,0,0.0,0
YDR270W,1,0.0,0.0,0.00021079258010118043,0.00021303792074989342,2.5939109905631997e-48,1.0,1,0,0.0,0.0,0,0.0,0
YNL259C,1,0.0,0.0,0.00021079258010118043,0.00021303792074989342,2.5939109905631997e-48,1.0,1,0,0.0,0.0,0,0.0,0
YOR244W,4,0.0,7.440222965360185e-05,0.21792898016473816,0.0001696547350606395,1.6538191629600966e-06,3.75,3,7,28.0,133.0,134,0.971944787341488,1
YDR275W,1,0.0,0.0,0.15647087581026717,9.23382655201415e-05,3.0492198807116477e-09,2.0,1,0,0.0,0.0,0,0.0,0
YGL237C,5,0.0,0.0011771095817524535,0.23665975254466995,0.00018143163487481227,1.919021555012688e-06,15.4,3,3,110.66666666666667,195.0,255,0.7764397097421646,0
YOR060C,4,0.16666666666666666,0.0001584958584142072,0.24579187745924674,0.00014313889433436957,2.098223591316196e-05,44.5,4,0,0.0,0.0,0,0.0,1
YDR279W,3,0.0,0.00021013361764271073,0.17076920360451672,0.00020972595517775093,2.8074750240527988e-09,2.6666666666666665,2,1,3.0,3.0,2,1.0,0
YIL131C,3,0.0,0.00010554078611743116,0.18440641874485705,0.00017905935050779447,1.3771891851774589e-08,3.3333333333333335,2,0,0.0,0.0,0,0.0,0
YLR154C,1,0.0,0.0,0.14493024955122485,9.11893858328564e-05,3.719907515306807e-11,3.0,1,1,3.0,3.0,2,1.0,0
YOR076C,9,0.08333333333333333,0.002891870360497872,0.24307275846623466,0.00029460698781022857,3.917070913395347e-06,16.444444444444443,5,1,14.0,14.0,13,1.0,1
YPR189W,6,0.4,1.9084934180870547e-05,0.21296829014238633,0.0001410009259396103,3.2525142887188124e-06,11.5,5,1,3.0,3.0,2,1.0,0
YDR281C,1,0.0,0.0,0.16982926302957677,8.322706636997291e-05,1.02795952536471e-09,3.0,1,0,0.0,0.0,0,0.0,0
YDR283C,2,1.0,0.0,0.19823732028746321,8.480445398054601e-05,9.090411516048593e-08,16.0,2,3,356.0,559.0,558,1.0,0
YIL072W,2,1.0,0.0,0.199647387959647,9.153786111380694e-05,4.805143808408276e-08,6.0,2,2,4.5,5.0,4,1.0,0
YLR263W,6,0.06666666666666667,0.0005938619265117267,0.24296415899858526,0.00021046611854304523,3.6021474274515257e-06,14.333333333333334,4,2,4.5,5.0,4,1.0,0
YDR286C,1,0.0,0.0,0.21362711667216636,5.890598607902629e-05,2.7419252093118644e-07,62.0,1,0,0.0,0.0,0,0.0,0
YDR287W,1,0.0,0.0,0.00021079258010118043,0.00021303792074989342,2.5939109905631997e-48,1.0,1,0,0.0,0.0,0,0.0,0
YHR163W,1,0.0,0.0,0.00021079258010118043,0.00021303792074989342,2.5939109905631997e-48,1.0,1,0,0.0,0.0,0,0.0,0
YDR289C,1,0.0,0.0,0.22287480691745223,4.968438433341282e-05,1.06020969463705e-06,70.0,1,1,3.0,3.0,2,1.0,0
YKL154W,2,0.0,7.973501390534307e-05,0.2286015569874766,0.00010190449636069581,5.463019737420185e-05,45.0,2,3,196.66666666666666,559.0,579,0.9308496333614213,1
YGL086W,5,0.1,4.66925902414438e-05,0.2116833510621189,0.00016462924391957796,1.315040479414954e-07,10.2,4,2,30.5,59.0,58,1.0,0
YLR131C,5,0.0,0.0003891964711053202,0.2479067884796095,0.00017407370011196893,1.989279231603706e-05,41.0,4,0,0.0,0.0,0,0.0,0
YPL082C,3,0.6666666666666666,2.4274694352715666e-06,0.23207704209050825,7.569559582241476e-05,1.2549664168091792e-05,56.333333333333336,3,3,90.66666666666667,195.0,194,1.0,1
YDR305C,1,0.0,0.0,0.2211639586715809,6.105855883461762e-05,7.669917941614675e-07,102.0,1,0,0.0,0.0,0,0.0,0
YDR306C,2,0.0,9.538789472507466e-05,0.2282657133652693,9.27964664474581e-05,3.6077358326175894e-05,53.0,2,1,58.0,58.0,57,1.0,0
YER145C,4,0.16666666666666666,0.0002365319673058059,0.23381072881327822,0.0001672641787414591,3.7760735848007755e-05,36.0,3,1,2.0,2.0,1,0.0,0
YER157W,13,0.20512820512820512,0.001322098647150208,0.26283930830284363,0.0003509140999723775,5.988017211436614e-05,31.23076923076923,7,3,41.333333333333336,95.0,94,1.0,1
YOR174W,8,0.17857142857142858,0.0004273457925861662,0.25585251887959704,0.00022335598615718218,4.1825740351901164e-05,28.125,6,5,70.0,195.0,211,0.9097269239449334,1
YGR207C,2,0.0,4.09718106828902e-05,0.23275995029846813,8.569728312692387e-05,1.883376059774715e-05,65.0,2,2,35.0,56.0,55,1.0,0
YKL007W,5,0.0,0.000523040206389498,0.2401477274800545,0.0001989499798830053,5.466345655292244e-05,31.0,4,5,27.2,73.0,73,0.9729832572298326,0
YKL082C,6,0.2,0.0001322093226676675,0.23881628319858747,0.0001687970578810694,2.8925672211746687e-05,29.333333333333332,5,3,356.0,559.0,558,1.0,1
YMR055C,9,0.08333333333333333,0.00023573641978415121,0.24343999949799494,0.00027587359321941125,3.5249475285748575e-06,15.777777777777779,5,1,2.0,2.0,1,0.0,0
YMR238W,5,0.1,0.0007480799452539849,0.2420045742353378,0.0001832409728399409,5.5225643686723274e-05,37.2,4,0,0.0,0.0,0,0.0,0
YDR310C,2,1.0,0.0,0.17303779456800047,0.00010926270461504673,1.3240237251546954e-08,5.0,2,3,55.0,133.0,132,1.0,0
YOR279C,3,0.3333333333333333,2.4105670782850306e-05,0.18314107476441457,0.00014011304981445004,3.590664865243232e-08,7.0,2,3,55.0,133.0,132,1.0,0
YER162C,8,0.14285714285714285,0.0005628434513221065,0.23903935335322352,0.00020296331407306922,3.695071981881229e-06,27.25,6,5,50.0,195.0,194,1.0,0
YHR113W,4,0.16666666666666666,0.00023275933272614923,0.23838445101526945,0.00016112426098260243,2.8833508032957455e-06,33.75,3,2,452.5,559.0,558,1.0,0
YKR050W,1,0.0,0.0,0.21659445539324243,5.543010826363464e-05,8.2321398536997e-07,38.0,1,0,0.0,0.0,0,0.0,0
YMR294W,12,0.06060606060606061,0.0009934793293954803,0.2608692349360597,0.00037230215362082323,2.7466909815013666e-05,26.583333333333332,6,7,24.571428571428573,73.0,95,0.6732362821948489,0
YOR089C,7,0.09523809523809523,0.0005722225584932167,0.22581315431478605,0.00029516084352827554,1.6556064786647988e-06,13.142857142857142,4,0,0.0,0.0,0,0.0,0
YPL170W,1,0.0,0.0,0.21659445539324243,5.543010826363464e-05,8.2321398536997e-07,38.0,1,0,0.0,0.0,0,0.0,0
YDR313C,3,0.0,0.000445676870532908,0.2526432189912118,0.00012503437259658853,7.563193855229756e-05,102.33333333333333,3,0,0.0,0.0,0,0.0,0
YNL044W,10,0.08888888888888889,0.0010634851039881504,0.26148072070132633,0.0002973842748546932,4.320918221535784e-05,40.4,7,0,0.0,0.0,0,0.0,1
YDR314C,1,0.0,0.0,0.18232748967053636,7.616776927166268e-05,8.949755679319734e-09,5.0,1,0,0.0,0.0,0,0.0,0
YDR315C,4,0.0,0.0023313983864638142,0.22758507172152478,0.00017302618260156395,3.9878898941900305e-06,22.0,2,0,0.0,0.0,0,0.0,0
YJR117W,1,0.0,0.0,0.18389197020156683,6.861358837498997e-05,5.134494431130108e-08,4.0,1,0,0.0,0.0,0,0.0,0
YLR323C,1,0.0,0.0,0.18389197020156683,6.861358837498997e-05,5.134494431130108e-08,4.0,1,2,325.0,559.0,558,1.0,1
YDR316W,0,0.0,0.0,0.0,3.195568811248403e-05,4.8315357241094107e-57,0.0,0,0,0.0,0.0,0,0.0,0
YDR317W,1,0.0,0.0,0.20284964009085968,6.566394758146192e-05,1.2379738118805623e-07,32.0,1,0,0.0,0.0,0,0.0,0
YDR478W,1,0.0,0.0,0.20995686651361747,6.706999862643391e-05,1.8597940133911303e-07,38.0,1,5,160.8,559.0,619,0.8502282102357388,1
YER035W,1,0.0,0.0,0.20995686651361747,6.706999862643391e-05,1.8597940133911303e-07,38.0,1,0,0.0,0.0,0,0.0,0
YER084W,2,0.0,5.175236639993289e-05,0.23447861544834903,9.877138404409781e-05,1.9156608020655367e-05,40.0,2,0,0.0,0.0,0,0.0,0
YFL015C,1,0.0,0.0,0.20995686651361747,6.706999862643391e-05,1.8597940133911303e-07,38.0,1,0,0.0,0.0,0,0.0,0
YGR036C,1,0.0,0.0,0.20995686651361747,6.706999862643391e-05,1.8597940133911303e-07,38.0,1,0,0.0,0.0,0,0.0,0
YGR146C,3,0.0,0.00023521934229651256,0.22527528122559382,0.00011091509965358134,5.574312799547776e-07,29.333333333333332,3,0,0.0,0.0,0,0.0,0
YHL042W,2,0.0,2.0520519527365396e-05,0.21571381550122312,9.442387254012034e-05,2.114516158603072e-07,23.5,2,0,0.0,0.0,0,0.0,0
YHR142W,3,0.0,0.0002073228994564512,0.215084601326379,0.00017716400716040711,6.437066322917491e-07,14.0,2,0,0.0,0.0,0,0.0,0
YJR060W,4,0.16666666666666666,0.00010539201941041396,0.22060322656197293,0.00015714884602564954,2.507571060152884e-07,16.0,4,8,46.375,195.0,248,0.6581232858821993,0
YJR135C,2,0.0,5.2755543421174025e-05,0.21764551658555545,9.370461289116133e-05,6.608005674963468e-07,22.0,2,6,26.166666666666668,55.0,54,1.0,1
YLL033W,3,0.0,0.0004626276238492044,0.23141043782067383,0.0001421778080130914,9.532319557667707e-07,47.333333333333336,2,0,0.0,0.0,0,0.0,0
YDR319C,3,0.0,0.0006094608332990833,0.2494991243349583,0.00012073784815255884,9.041379018553699e-05,89.0,3,0,0.0,0.0,0,0.0,0
YDR320C,3,0.3333333333333333,3.3663265140034595e-05,0.20447998829801975,0.00012164160160668837,2.963143413893915e-07,11.0,3,0,0.0,0.0,0,0.0,0
YGR167W,4,0.3333333333333333,3.923402703705938e-05,0.2129161763338065,0.00015182809780387317,3.4311198798451663e-07,7.75,3,5,29.8,95.0,104,0.8676250933532487,0
YDR321W,4,0.16666666666666666,6.366560594242417e-05,0.24193728345171103,0.00012868241916161373,3.7606379554303845e-05,43.75,4,0,0.0,0.0,0,0.0,0
YGL095C,4,0.16666666666666666,4.3251780052895334e-05,0.22126519331851632,0.0001376647317011676,1.8290895823587427e-06,12.25,4,0,0.0,0.0,0,0.0,0
YDR323C,1,0.0,0.0,0.18998717110042657,6.216568584465625e-05,4.546725851512579e-08,10.0,1,0,0.0,0.0,0,0.0,1
YDR326C,3,0.0,0.0023183639047016655,0.1910719061455781,0.00022499860666237638,4.853921249584675e-07,3.3333333333333335,1,0,0.0,0.0,0,0.0,0
YDR327W,1,0.0,0.0,0.00021079258010118043,0.00021303792074989342,2.5939109905631997e-48,1.0,1,0,0.0,0.0,0,0.0,1
YOR378W,1,0.0,0.0,0.00021079258010118043,0.00021303792074989342,2.5939109905631997e-48,1.0,1,0,0.0,0.0,0,0.0,0
YGR140W,5,0.4,3.762089839996268e-05,0.20669499387251367,0.00019931294571969965,1.6179028660677255e-07,9.8,3,5,27.4,55.0,54,1.0,1
YJL204C,1,0.0,0.0,0.1962166800933009,5.929369005749315e-05,3.4034134954265606e-08,31.0,1,0,0.0,0.0,0,0.0,0
YJR089W,3,0.3333333333333333,2.4063916969111126e-05,0.19843624480152655,0.00014489060225586188,4.5204609504447254e-08,13.0,2,3,33.333333333333336,55.0,55,0.9643097643097643,1
YLR224W,2,1.0,0.0,0.19984915388987404,0.00010159765144948107,4.654510028970649e-08,18.0,2,1,58.0,58.0,57,1.0,0
YLR399C,5,0.0,0.0006181393316365386,0.21146727414711847,0.0002754245848287895,7.61189195074533e-07,11.4,2,0,0.0,0.0,0,0.0,0
YMR258C,2,0.0,0.00020198186801602362,0.19623438119209147,0.00013570934334447066,3.403965838437361e-08,16.0,1,0,0.0,0.0,0,0.0,0
YOR057W,5,0.1,0.0005955291251145281,0.21611028915745206,0.00024831700423145233,9.995807457495082e-07,10.2,2,3,23.333333333333332,58.0,57,1.0,1
YDR331W,1,0.0,0.0,0.22119769325954178,6.372271585912358e-05,3.6037988854102294e-05,95.0,1,1,5.0,5.0,4,1.0,1
YDR332W,1,0.0,0.0,0.00021079258010118043,0.00021303792074989342,2.5939109905631997e-48,1.0,1,0,0.0,0.0,0,0.0,0
YMR074C,1,0.0,0.0,0.00021079258010118043,0.00021303792074989342,2.5939109905631997e-48,1.0,1,0,0.0,0.0,0,0.0,0
YDR333C,1,0.0,0.0,0.17334115192559837,5.1694031921063005e-05,2.5439247043355447e-08,9.0,1,0,0.0,0.0,0,0.0,0
YDR334W,1,0.0,0.0,0.19051965101942928,6.439305158454755e-05,2.417510990569145e-07,17.0,1,2,48.0,83.0,82,1.0,0
YFR002W,15,0.23809523809523808,0.00041787659980527573,0.25519217685527146,0.0004063322061830066,4.468526751400253e-05,24.8,7,4,23.25,59.0,59,0.9812974868497955,1
YML103C,4,0.5,1.1053812570422441e-05,0.2265185999702524,0.00012923301475670072,2.839378034794954e-06,18.25,4,3,32.0,59.0,59,0.9812974868497955,0
YOR359W,3,0.0,2.4204207092763034e-05,0.21655133056389586,0.00013083851112412405,4.300226847765813e-07,10.0,2,0,0.0,0.0,0,0.0,0
YPR084W,3,0.0,6.558136971752388e-05,0.22713356118976025,0.00011175569903140655,2.013932633498994e-06,23.0,3,0,0.0,0.0,0,0.0,0
YDR339C,0,0.0,0.0,0.0,3.195568811248403e-05,4.8315357241094107e-57,0.0,0,2,302.5,559.0,558,1.0,1
YER048C,3,0.0,1.92046747670922e-05,0.21082168206186605,0.00013097155846369525,1.2659072278250923e-06,8.333333333333334,2,0,0.0,0.0,0,0.0,0
YLR081W,3,0.0,8.3572499451352e-05,0.20945145785126704,0.00013029212389471527,1.3490576936363446e-07,11.0,3,0,0.0,0.0,0,0.0,0
YDR344C,1,0.0,0.0,0.16226004143773937,8.279775681230102e-05,7.328681585713003e-10,2.0,1,0,0.0,0.0,0,0.0,0
YDR345C,1,0.0,0.0,0.22015668392432913,5.766910140780143e-05,6.254093475843698e-07,34.0,1,0,0.0,0.0,0,0.0,0
YDR346C,1,0.0,0.0,0.19061982346881076,9.113687537141689e-05,2.468420462612602e-07,2.0,1,0,0.0,0.0,0,0.0,0
YLR077W,2,0.0,0.00020198186801602362,0.2379802106574404,0.0001381061563319949,1.972420775637389e-05,75.5,1,0,0.0,0.0,0,0.0,0
YMR295C,2,0.0,0.00022611666502513262,0.22747797286424407,0.00012048294076062933,5.440890066176912e-05,44.5,2,2,452.5,559.0,558,1.0,0
YDR349C,2,0.0,0.00020198186801602362,0.1769221728763183,0.00015428792631320398,1.0343587108212744e-08,3.0,1,0,0.0,0.0,0,0.0,0
YLR099C,1,0.0,0.0,0.14933805543830386,9.830989726297809e-05,1.2967355125518296e-10,2.0,1,0,0.0,0.0,0,0.0,0
YDR350C,1,0.0,0.0,0.18265665593369165,6.862203574045571e-05,2.09726320354518e-08,5.0,1,0,0.0,0.0,0,0.0,0
YDR351W,3,0.0,8.007853890474699e-05,0.22015668392432913,0.00010985544964953149,9.632089289540415e-07,12.333333333333334,3,0,0.0,0.0,0,0.0,0
YNL070W,12,0.42424242424242425,0.0004482390604252997,0.22662479715729894,0.0003631243644988885,3.7492421683733494e-06,8.75,8,4,10.5,18.0,18,0.9281045751633987,0
YDR353W,6,0.06666666666666667,0.0008436328479739487,0.25092376462271704,0.0001980437444973768,3.933062339959262e-05,45.0,5,0,0.0,0.0,0,0.0,1
YDR356W,8,0.14285714285714285,0.0006184306587424422,0.23731814483027863,0.00028814839667120934,3.5173321974720248e-06,8.5,4,4,17.0,32.0,31,1.0,1
YGR078C,2,0.0,8.927093296099473e-06,0.192339017243409,9.865015464895777e-05,5.320740370845422e-08,6.0,2,3,6.0,7.0,6,1.0,0
YLR212C,3,1.0,0.0,0.21223065666757734,0.00013109930254209289,1.239442000076076e-06,6.333333333333333,3,6,26.666666666666668,73.0,94,0.687256920613132,1
YOR257W,3,0.0,6.345002583899544e-06,0.20078996774028096,0.00012639586616007702,7.622490659932776e-08,6.666666666666667,3,4,30.0,59.0,89,0.5462206332992849,1
YDR357C,3,0.0,5.7095090112945854e-05,0.24012121818239696,0.00010364748887939625,1.6548340163339006e-06,37.333333333333336,3,0,0.0,0.0,0,0.0,0
YGL079W,3,0.0,1.1148521478896896e-05,0.20859782465615018,0.00011730582124402542,1.1869051677878687e-07,9.333333333333334,3,0,0.0,0.0,0,0.0,0
YMR226C,2,0.0,6.524602321380077e-05,0.2390919010237782,8.42485519316757e-05,2.9551327066272357e-06,78.5,2,2,452.5,559.0,558,1.0,0
YGR054W,7,0.14285714285714285,0.00037056187939791055,0.23134890885555265,0.00016398627443746323,4.031471834421957e-05,35.857142857142854,5,4,282.5,559.0,558,1.0,0
YHR065C,1,0.0,0.0,0.16819439538500996,7.56758494680152e-05,1.738017248684371e-05,2.0,1,3,78.33333333333333,131.0,130,1.0,1
YDR368W,1,0.0,0.0,0.17278351924336421,6.005929876566579e-05,4.2850871837823735e-09,7.0,1,0,0.0,0.0,0,0.0,0
YDR369C,1,0.0,0.0,0.17490918791575877,7.419480652825159e-05,1.317172699432474e-08,5.0,1,4,59.5,195.0,194,1.0,0
YDR370C,1,0.0,0.0,0.18034723007207512,7.421283947274925e-05,6.845779043265417e-08,3.0,1,0,0.0,0.0,0,0.0,0
YFL049W,3,0.0,0.00020833090764817632,0.22218049287721095,0.00015051565148746878,5.192472522468504e-06,15.666666666666666,2,2,47.5,83.0,82,1.0,0
YDR371W,1,0.0,0.0,0.19708780606272844,6.859478327148923e-05,2.856256477675478e-07,21.0,1,0,0.0,0.0,0,0.0,0
YJL053W,7,0.23809523809523808,0.0008335092647504879,0.22919166742327823,0.0002647203423304573,1.8759383455946887e-05,15.285714285714286,4,4,32.0,95.0,94,1.0,0
YLR352W,2,0.0,3.742020533843683e-05,0.2253686402314892,0.00010044030535909053,1.016944807623271e-06,53.0,2,0,0.0,0.0,0,0.0,0
YDR373W,3,0.0,4.826447390951632e-05,0.2253102817871805,0.00011310208413083179,1.3018267927993443e-06,13.666666666666666,3,0,0.0,0.0,0,0.0,1
YDR374C,1,0.0,0.0,0.1754806482344574,7.68704291172617e-05,2.1311921775780285e-08,7.0,1,0,0.0,0.0,0,0.0,0
YIR024C,2,0.0,2.413530763013265e-05,0.20859782465615018,9.804024403778225e-05,8.477802771675545e-07,19.0,2,0,0.0,0.0,0,0.0,0
YGL251C,2,0.0,6.058312415541783e-05,0.20602937256244874,9.176667548933286e-05,7.48454758319956e-07,10.5,2,0,0.0,0.0,0,0.0,0
YJL139C,1,0.0,0.0,0.2050292771114882,5.6727148572196105e-05,7.477295818898362e-07,17.0,1,0,0.0,0.0,0,0.0,0
YLR053C,3,0.0,0.00022879675318920073,0.21519098931734024,0.0001456199960231326,1.447033310652457e-06,8.333333333333334,2,0,0.0,0.0,0,0.0,0
YMR221C,1,0.0,0.0,0.2050292771114882,5.6727148572196105e-05,7.477295818898362e-07,17.0,1,0,0.0,0.0,0,0.0,0
YOR320C,3,0.3333333333333333,1.5297475331476178e-05,0.22573113843349077,0.00010861861256601389,1.3769958410089677e-06,27.666666666666668,3,0,0.0,0.0,0,0.0,0
YDR379W,0,0.0,0.0,0.0,3.195568811248403e-05,4.8315357241094107e-57,0.0,0,0,0.0,0.0,0,0.0,0
YOR382W,1,0.0,0.0,0.00028105677346824053,0.00015831621771793706,5.197694642178564e-46,2.0,1,0,0.0,0.0,0,0.0,0
YEL050C,1,0.0,0.0,0.2091896057618247,3.63766591860451e-05,0.0013919346895061588,93.0,1,7,202.14285714285714,559.0,589,0.9439786101197695,0
YLR083C,2,0.0,8.288203489469194e-05,0.2376811752091711,9.151796150362617e-05,3.6614294089349395e-05,74.5,2,0,0.0,0.0,0,0.0,0
YLR315W,4,0.0,0.00019803141143258252,0.23534113550950275,0.0001487413975377507,1.1209851575708161e-06,27.75,4,1,55.0,55.0,54,1.0,0
YOL104C,2,0.0,2.1144758003673548e-05,0.2089284075795355,9.47351049143317e-05,7.323261880017902e-08,6.5,2,0,0.0,0.0,0,0.0,0
YPL002C,4,0.16666666666666666,0.00016858687500935022,0.2371241200756891,0.00016256911624240418,1.909844630436307e-05,32.75,4,1,3.0,3.0,2,1.0,0
YDR384C,1,0.0,0.0,0.17945453248478602,7.173418307999995e-05,1.1898116401166314e-08,4.0,1,0,0.0,0.0,0,0.0,0
YNL024C,2,0.0,5.602556028100471e-05,0.25106857288946605,9.121636664522352e-05,7.509794268223463e-05,150.5,2,0,0.0,0.0,0,0.0,0
YPL108W,1,0.0,0.0,0.19854491744380556,5.98741219432926e-05,2.677931241458765e-07,7.0,1,0,0.0,0.0,0,0.0,0
YDR387C,1,0.0,0.0,0.167430581551288,7.581018719199049e-05,1.0442277202952154e-09,3.0,1,0,0.0,0.0,0,0.0,0
YOR292C,3,0.0,0.0002238248770145407,0.2028969420309984,0.00015448360244303412,8.26375488289698e-08,7.333333333333333,2,0,0.0,0.0,0,0.0,0
YDR515W,3,0.0,0.00010677787606551971,0.24606992256949475,0.00010979894840733623,7.349412154519796e-05,57.0,3,2,287.0,559.0,558,1.0,0
YGL016W,7,0.14285714285714285,0.0007151996302037839,0.2533641739577583,0.00021603690763865368,4.065509924039432e-05,38.57142857142857,4,1,59.0,59.0,58,1.0,0
YJR083C,8,0.03571428571428571,0.0030163481826709403,0.26344412201941797,0.00023494391286593225,0.00011898823443988579,54.5,7,0,0.0,0.0,0,0.0,0
YLR144C,3,0.3333333333333333,1.2178226472752773e-06,0.2220897560380146,0.00010388743162304697,1.9888481309271142e-05,29.0,3,0,0.0,0.0,0,0.0,0
YLR436C,3,0.0,4.891700341871659e-05,0.24127980871990834,0.00010373596362039486,2.0359172525062253e-05,42.333333333333336,3,0,0.0,0.0,0,0.0,0
YPR088C,5,0.3,0.00029408986123189454,0.23027132964741798,0.00019030989350812924,1.898243047197698e-05,17.2,4,4,150.25,559.0,579,0.9308496333614213,1
YDR390C,4,0.3333333333333333,0.00011050209681957964,0.23268525597842796,0.00014659401892853425,2.3314091184341112e-06,13.75,3,1,2.0,2.0,1,0.0,1
YPR180W,6,0.06666666666666667,0.0023421517640390827,0.23555775792022676,0.00025798016553905376,3.311453710427877e-06,13.166666666666666,3,1,2.0,2.0,1,0.0,1
YOL148C,3,0.3333333333333333,3.3514636566196224e-05,0.2313243064299818,0.0001085165563041751,1.867862554457262e-05,46.333333333333336,3,10,50.0,195.0,255,0.7764397097421646,0
YGL074C,1,0.0,0.0,0.21467069135639336,4.518144525975323e-05,8.953093724388148e-07,46.0,1,0,0.0,0.0,0,0.0,1
YMR216C,6,0.06666666666666667,0.00015786389520865352,0.22588350109183114,0.0001715755154467595,1.569876371493981e-06,20.833333333333332,4,0,0.0,0.0,0,0.0,0
YOL070C,7,0.09523809523809523,0.0005391713963524834,0.249799967330539,0.0002114840175348814,2.1967891139913985e-05,29.0,5,2,452.5,559.0,558,1.0,0
YDR397C,1,0.0,0.0,0.18643737865989576,9.066690946768946e-05,6.7259635643806e-07,2.0,1,3,90.66666666666667,195.0,194,1.0,1
YER159C,2,0.0,0.00020198186801602362,0.2314966333756541,0.00013707077013238103,5.380981789647856e-05,54.5,1,3,90.66666666666667,195.0,194,1.0,1
YPL216W,1,0.0,0.0,0.1776591077682403,6.458663864821761e-05,1.743624008364499e-05,4.0,1,0,0.0,0.0,0,0.0,0
YDR403W,1,0.0,0.0,0.00021079258010118043,0.00021303792074989342,2.5939109905631997e-48,1.0,1,0,0.0,0.0,0,0.0,0
YKR053C,1,0.0,0.0,0.00021079258010118043,0.00021303792074989342,2.5939109905631997e-48,1.0,1,0,0.0,0.0,0,0.0,0
YDR407C,1,0.0,0.0,0.14493507782352227,9.570896993304497e-05,2.829982295462757e-09,2.0,1,2,52.5,95.0,94,1.0,1
YDR410C,1,0.0,0.0,0.17322381967066167,7.83275570858835e-05,1.0113200503717338e-08,5.0,1,0,0.0,0.0,0,0.0,0
YDR413C,2,0.0,0.0021168037107316038,0.19065323769791262,0.00018992646949987402,2.4688076847121436e-07,1.5,1,0,0.0,0.0,0,0.0,1
YGR289C,1,0.0,0.0,0.15900428460321875,0.00011083705170701402,3.090860880074642e-09,2.0,1,0,0.0,0.0,0,0.0,0
YOR305W,1,0.0,0.0,0.1716112276055646,8.358149221505196e-05,9.021220761584496e-09,3.0,1,0,0.0,0.0,0,0.0,0
YGR129W,5,0.5,6.770141558223577e-06,0.2311031198421603,0.00013636976025438043,2.3492157862785482e-06,16.8,5,3,219.33333333333334,559.0,558,1.0,0
YPL077C,4,0.0,0.00015855548342840782,0.23640255561748996,0.0001496742411142467,1.5125859487497203e-06,24.5,3,0,0.0,0.0,0,0.0,0
YDR419W,0,0.0,0.0,0.0,3.195568811248403e-05,4.8315357241094107e-57,0.0,0,0,0.0,0.0,0,0.0,0
YJL089W,7,0.3333333333333333,0.0002490271326302851,0.22128770249382848,0.0002649496110606,1.416989513976755e-06,9.428571428571429,5,2,11.0,16.0,15,1.0,0
YDR423C,1,0.0,0.0,0.23795417770763375,6.094378851223021e-05,1.9721117380842046e-05,150.0,1,0,0.0,0.0,0,0.0,0
YDR425W,7,0.23809523809523808,0.0006659272144005555,0.2216146009387534,0.00027385822722605934,2.5801696656981007e-06,11.0,4,1,3.0,3.0,2,1.0,0
YJR110W,2,0.0,2.9558947723051245e-05,0.2130621593138091,8.941511021392196e-05,8.510268364375752e-07,9.5,2,0,0.0,0.0,0,0.0,0
YGR067C,2,1.0,0.0,0.21390020310874022,5.7850814497598236e-05,1.2761266498330734e-06,46.0,2,0,0.0,0.0,0,0.0,0
YMR276W,6,0.6,1.6076111633729292e-05,0.22366542753733318,0.00013261617803468772,1.828612565297292e-06,32.833333333333336,5,0,0.0,0.0,0,0.0,1
YNR059W,1,0.0,0.0,0.20794972663967629,4.443969264279019e-05,4.787570577218209e-07,46.0,1,0,0.0,0.0,0,0.0,0
YPL001W,3,0.3333333333333333,7.74137404528931e-06,0.22740662960789648,8.60164522280539e-05,2.0027670079117525e-05,27.333333333333332,3,4,39.25,133.0,132,1.0,0
YDR428C,2,0.0,5.2099770990823775e-06,0.24113270319413965,7.07685434411247e-05,3.731240182286566e-06,96.0,2,0,0.0,0.0,0,0.0,0
YJR070C,4,0.16666666666666666,6.930712692551957e-05,0.23258573809295205,0.00011962661749888358,4.497276046758781e-06,22.0,4,0,0.0,0.0,0,0.0,0
YLR190W,4,0.0,5.930341398664509e-05,0.220703948408516,0.0001282297358861883,2.0856479713444117e-06,13.0,4,0,0.0,0.0,0,0.0,0
YDR430C,2,1.0,0.0,0.2018426385371007,9.562287151328858e-05,7.527659639666806e-07,12.0,2,1,6.0,6.0,5,1.0,0
YNL116W,5,0.0,8.02683719805335e-05,0.2265303947424456,0.00019696376812255756,2.638182510693159e-06,4.8,4,0,0.0,0.0,0,0.0,0
YDR435C,1,0.0,0.0,0.1719095993609937,9.577250411900239e-05,1.4921503475401715e-08,3.0,1,0,0.0,0.0,0,0.0,0
YFL040W,3,0.0,0.00040396373603204724,0.2095119783784574,0.00022847402561078305,1.1929256527460807e-06,5.0,1,0,0.0,0.0,0,0.0,0
YDR436W,0,0.0,0.0,0.0,3.195568811248403e-05,4.8315357241094107e-57,0.0,0,0,0.0,0.0,0,0.0,0
YML022W,3,0.0,0.000333477745259336,0.24480987175897068,0.0001306925527307892,2.0709222928376887e-05,72.0,2,0,0.0,0.0,0,0.0,0
YNL288W,5,0.1,0.0004774220097781967,0.25221846083997146,0.0001597986213740472,3.8969838901504015e-05,54.0,4,3,51.333333333333336,133.0,132,1.0,0
YDR444W,1,0.0,0.0,0.213114344617844,5.3505038762334715e-05,3.8150992042713183e-07,28.0,1,0,0.0,0.0,0,0.0,0
YDR446W,1,0.0,0.0,0.2267074638368248,6.276550565465394e-05,1.7764133078220926e-06,26.0,1,0,0.0,0.0,0,0.0,0
YFL031W,1,0.0,0.0,0.19991343769086792,5.38504711805969e-05,5.460437475009392e-08,13.0,1,0,0.0,0.0,0,0.0,0
YIL039W,2,0.0,1.6872824627493308e-05,0.22566088651012334,0.00010517690015967974,1.0131360808556207e-06,41.5,2,0,0.0,0.0,0,0.0,0
YLL046C,2,0.0,3.1964796387050663e-06,0.20359959898112448,0.00012319252115748996,9.468763257433495e-07,5.0,2,0,0.0,0.0,0,0.0,0
YLR173W,1,0.0,0.0,0.19123988883153842,8.472222959602738e-05,4.598186260267205e-07,6.0,1,0,0.0,0.0,0,0.0,0
YOR108W,1,0.0,0.0,0.19123988883153842,8.472222959602738e-05,4.598186260267205e-07,6.0,1,0,0.0,0.0,0,0.0,0
YDR464W,2,0.0,1.2164520801233242e-05,0.19340785236190394,9.350838490659158e-05,2.8309296697155438e-08,6.5,2,0,0.0,0.0,0,0.0,1
YJR021C,2,0.0,1.860004682880853e-05,0.23818867949787395,0.00010031588295907412,2.96795356164511e-06,77.0,2,0,0.0,0.0,0,0.0,0
YMR018W,1,0.0,0.0,0.1881304316120505,6.074412903484471e-05,5.227320191175911e-08,11.0,1,0,0.0,0.0,0,0.0,0
YEL005C,6,0.0,0.00028250144416260817,0.2229433345817704,0.00022601029478653374,1.740955279316155e-06,7.0,4,0,0.0,0.0,0,0.0,0
YNL218W,6,0.0,0.00020498163420724683,0.2347949825154443,0.00020021482645686864,1.8819970980061425e-06,20.0,4,0,0.0,0.0,0,0.0,0
YNL257C,1,0.0,0.0,0.20103120147075773,5.906118974920241e-05,6.264865340537904e-08,16.0,1,0,0.0,0.0,0,0.0,0
YHR039C,2,0.0,2.0888297113190866e-05,0.20969374998933185,9.138451323736788e-05,1.7035662969878852e-07,17.5,2,0,0.0,0.0,0,0.0,0
YDR482C,3,0.0,9.799254679521863e-05,0.25005841079599195,0.0001256375441598657,7.494194612655557e-05,100.0,2,5,172.8,559.0,619,0.8502282102357388,0
YGL028C,2,0.0,5.315609239922043e-06,0.22597736500252794,9.384458108100831e-05,1.628578072958762e-06,30.5,2,0,0.0,0.0,0,0.0,0
YOR276W,4,0.5,5.491708818516998e-06,0.22884205097199872,0.00010596408638489577,6.91510605381185e-06,23.25,3,4,74.75,266.0,267,0.9916927149334009,0
YDR483W,1,0.0,0.0,0.22119769325954178,6.372271585912358e-05,3.6037988854102294e-05,95.0,1,0,0.0,0.0,0,0.0,0
YDR487C,1,0.0,0.0,0.23791513896033403,5.789570613470542e-05,2.7165527833566224e-06,150.0,1,0,0.0,0.0,0,0.0,1
YDR488C,2,0.0,0.00040396373603204724,0.20871791551663155,0.00013656719302661147,7.242434582575764e-07,8.5,1,5,25.2,73.0,73,0.9733637747336378,0
YIL135C,2,0.0,0.00020198186801602362,0.17138812760119237,0.0001864709572519367,9.063255498737235e-09,1.5,1,0,0.0,0.0,0,0.0,0
YFR043C,3,0.0,0.00018415849602986076,0.2348203287649737,0.00013958425812837628,3.659259795278117e-05,50.666666666666664,3,0,0.0,0.0,0,0.0,0
YJL072C,2,0.0,4.525621873552235e-05,0.23040547775811182,0.00010496893263573268,1.8591126739436344e-05,60.0,2,3,27.0,56.0,56,0.9766233766233766,1
YML034W,2,0.0,3.77661503331332e-05,0.23410009852715605,0.0001048163348879899,3.657755686384014e-05,73.5,2,2,6.0,9.0,8,1.0,0
YDR490C,4,0.0,0.004128709152895492,0.2382278080729749,0.0002733619821931138,1.9730501693501842e-05,38.75,2,0,0.0,0.0,0,0.0,0
YHR207C,3,0.0,0.00022922093321456268,0.1953444493300107,0.00020478631001639712,2.5554350121008266e-07,3.6666666666666665,2,0,0.0,0.0,0,0.0,0
YIR044C,1,0.0,0.0,0.1907786454581945,9.013138201949906e-05,2.469209202318922e-07,4.0,1,0,0.0,0.0,0,0.0,0
YDR492W,2,0.0,1.204481790094853e-05,0.1946278455253732,8.734562866622318e-05,3.475103148215917e-05,4.5,2,0,0.0,0.0,0,0.0,0
YOR315W,6,0.0,0.0007826345868937114,0.23568536925232503,0.0002372151669787455,2.6512883236132803e-06,26.5,3,0,0.0,0.0,0,0.0,0
YDR494W,1,0.0,0.0,0.16092162866760376,9.373976194427749e-05,6.018841260025263e-09,2.0,1,4,254.25,559.0,558,1.0,0
YGR264C,4,0.16666666666666666,0.0003067070151409213,0.22000082078526764,0.00012803083835210243,1.0544559025720228e-05,26.5,3,1,3.0,3.0,2,1.0,1
YPL128C,4,0.16666666666666666,0.00017434550079023563,0.23338427289462302,0.00013661342354772118,1.2475991962130294e-05,40.75,3,0,0.0,0.0,0,0.0,1
YDR498C,2,1.0,0.0,0.2003645848583184,8.43513510716689e-05,3.366945322818732e-07,13.0,2,5,27.6,95.0,98,0.9217336419103724,1
YPR179C,2,0.0,1.91374018468591e-05,0.2316075506297204,8.055367624840034e-05,9.8378817751124e-07,37.5,2,3,55.0,133.0,132,1.0,0
YDR502C,4,0.16666666666666666,7.32342952036558e-05,0.22229401824274017,0.0001377195353668563,8.574997160845764e-07,14.5,4,0,0.0,0.0,0,0.0,0
YPL125W,6,0.13333333333333333,0.00011239619999956381,0.24685180611828575,0.0001776804734365778,2.413258295963813e-05,42.833333333333336,5,1,59.0,59.0,58,1.0,1
YDR503C,3,0.0,0.00011149022190374972,0.21252094333587357,0.00013242710765223222,3.406516227146355e-07,9.333333333333334,3,0,0.0,0.0,0,0.0,0
YER049W,4,0.0,0.00021718104029853536,0.21583153400945912,0.0001613507303749575,7.08925091272212e-07,16.5,3,0,0.0,0.0,0,0.0,0
YNR074C,3,0.0,0.001059160390518948,0.23901308817869837,0.00013310660604099776,1.97287714707541e-05,52.0,3,0,0.0,0.0,0,0.0,0
YDR504C,1,0.0,0.0,0.1754806482344574,7.68704291172617e-05,2.1311921775780285e-08,7.0,1,0,0.0,0.0,0,0.0,0
YKL043W,1,0.0,0.0,0.2267074638368248,6.276550565465394e-05,1.7764133078220926e-06,26.0,1,0,0.0,0.0,0,0.0,0
YMR211W,3,0.0,0.00023051404542268587,0.22837355543457574,0.0001728603170914593,1.7805888002522144e-06,10.0,2,0,0.0,0.0,0,0.0,1
YOR156C,6,0.06666666666666667,0.000352173440848054,0.24236859225786447,0.00018954599408119207,3.0089320359597734e-06,19.166666666666668,6,0,0.0,0.0,0,0.0,0
YPR104C,1,0.0,0.0,0.2267074638368248,6.276550565465394e-05,1.7764133078220926e-06,26.0,1,1,5.0,5.0,4,1.0,1
YDR511W,1,0.0,0.0,0.21812565710848172,5.954788814860432e-05,1.8280334153119977e-05,43.0,1,0,0.0,0.0,0,0.0,0
YDR512C,1,0.0,0.0,0.22119769325954178,6.372271585912358e-05,3.6037988854102294e-05,95.0,1,0,0.0,0.0,0,0.0,0
YDR514C,1,0.0,0.0,0.17365250592857814,7.5975913559984e-05,7.505226533529934e-09,3.0,1,0,0.0,0.0,0,0.0,0
YNL173C,3,0.0,0.00022668992804234046,0.21210649071369841,0.00015440012755123673,5.981083271773511e-07,6.333333333333333,2,0,0.0,0.0,0,0.0,0
YGR169C,2,0.0,2.154026041655551e-06,0.20085485831157282,0.00011575015595875331,9.514519565305167e-07,4.0,2,0,0.0,0.0,0,0.0,0
YKR034W,7,0.09523809523809523,0.0008160597721255075,0.22491424448268976,0.00026637908031723124,2.6957880422971295e-06,6.571428571428571,4,0,0.0,0.0,0,0.0,0
YDR523C,0,0.0,0.0,0.0,3.195568811248403e-05,4.8315357241094107e-57,0.0,0,0,0.0,0.0,0,0.0,0
YDR524C,2,0.0,2.9380097744581827e-05,0.22193114477522152,0.00010974209674484057,3.605589899016688e-05,48.5,2,0,0.0,0.0,0,0.0,0
YOR066W,2,0.0,7.635061099004827e-06,0.21336519033980716,0.00010877472019807372,1.4313980790115833e-06,8.5,2,0,0.0,0.0,0,0.0,0
YDR526C,1,0.0,0.0,0.24844476220825013,6.329793281441496e-05,7.483014955808876e-05,294.0,1,0,0.0,0.0,0,0.0,1
YDR527W,3,0.0,7.083093659598759e-05,0.25456502229541644,0.00010523372991449851,9.332708833035873e-05,113.66666666666667,3,0,0.0,0.0,0,0.0,1
YDR528W,3,0.0,0.0018673325485831726,0.24861513406644195,0.00014058246508866657,3.8763514234623316e-05,82.33333333333333,2,0,0.0,0.0,0,0.0,0
YNL206C,2,0.0,5.1257930426137635e-06,0.20412500497483543,0.00012098877532364468,7.171659643532455e-07,2.5,2,0,0.0,0.0,0,0.0,0
YDR530C,1,0.0,0.0,0.2321637350460893,6.212498816978347e-05,3.6550413758734205e-05,140.0,1,0,0.0,0.0,0,0.0,0
YDR531W,1,0.0,0.0,0.22119769325954178,6.372271585912358e-05,3.6037988854102294e-05,95.0,1,0,0.0,0.0,0,0.0,1
YHR079C,3,0.0,0.00044996636168865916,0.24286921403610048,0.000125876781541298,1.9284777403428165e-05,62.0,3,0,0.0,0.0,0,0.0,0
YIL134W,1,0.0,0.0,0.1916611406241979,7.509320005509923e-05,2.501952391893406e-07,5.0,1,0,0.0,0.0,0,0.0,0
YKL194C,1,0.0,0.0,0.1916611406241979,7.509320005509923e-05,2.501952391893406e-07,5.0,1,0,0.0,0.0,0,0.0,0
YDR533C,3,0.0,0.002412278048535594,0.2647910061490364,0.0001533420913385552,7.755883885312794e-05,148.33333333333334,2,0,0.0,0.0,0,0.0,0
YMR010W,1,0.0,0.0,0.20744403161494696,7.578109384451384e-05,9.700835874344622e-07,3.0,1,0,0.0,0.0,0,0.0,0
YDR534C,2,0.0,4.4856761720874634e-05,0.22932456017229813,8.368851066732492e-05,1.1203335933197425e-06,40.0,2,0,0.0,0.0,0,0.0,0
YDR536W,1,0.0,0.0,0.14537580134427147,0.0001101624243133652,1.1343930563892007e-10,2.0,1,0,0.0,0.0,0,0.0,0
YDR538W,1,0.0,0.0,0.20423999957883046,5.429569394150022e-05,3.463051493875302e-07,28.0,1,0,0.0,0.0,0,0.0,0
YDR541C,1,0.0,0.0,0.19113906379459022,6.780190429671234e-05,2.8310987025829575e-08,8.0,1,0,0.0,0.0,0,0.0,0
YLR025W,8,0.10714285714285714,0.0006587926179258976,0.2387900670195218,0.0003373443101336146,2.243977230774003e-06,17.25,4,3,34.0,95.0,96,0.9592105263157895,0
YOR187W,3,0.0,7.283312680018142e-05,0.24314068244725132,0.00011649249249402106,2.168609687063168e-05,48.333333333333336,2,0,0.0,0.0,0,0.0,0
YEL003W,4,0.5,2.4355281642468106e-05,0.19811996133834273,0.0001695563326387722,7.283682616976508e-07,5.0,3,3,6.0,7.0,6,1.0,0
YLR200W,9,0.1111111111111111,0.0013423603202361353,0.24220667136335974,0.00030928060587299256,5.618865458961517e-05,15.88888888888889,4,3,6.0,7.0,6,1.0,0
YML094W,3,1.0,0.0,0.19783166891131224,0.00012742888487966503,7.277092230636672e-07,6.333333333333333,3,3,6.0,7.0,6,1.0,0
YEL006W,1,0.0,0.0,0.20284964009085968,6.566394758146192e-05,1.2379738118805623e-07,32.0,1,0,0.0,0.0,0,0.0,0
YEL008W,1,0.0,0.0,0.24844476220825013,6.329793281441496e-05,7.483014955808876e-05,294.0,1,0,0.0,0.0,0,0.0,0
YPL038W,2,0.0,6.95836770849541e-06,0.21122086862303577,8.414381436945288e-05,5.759789960455488e-07,13.5,2,4,69.5,195.0,194,1.0,0
YEL011W,1,0.0,0.0,0.22862558363701024,6.227758591752623e-05,1.8563983634330408e-05,113.0,1,0,0.0,0.0,0,0.0,0
YEL012W,1,0.0,0.0,0.23516303951506312,5.9990735369936914e-05,1.9721421362570743e-05,112.0,1,0,0.0,0.0,0,0.0,0
YHR195W,2,0.0,3.9954863625652136e-05,0.20677358512493668,9.792082101858104e-05,1.174331035457506e-06,6.5,2,1,2.0,2.0,1,0.0,0
YLR254C,5,0.0,0.0002687206847538743,0.2392365263144717,0.00017629607010659446,5.5639054155252006e-05,24.2,4,0,0.0,0.0,0,0.0,0
YPR185W,6,0.06666666666666667,0.0003124381383131326,0.23497252125458643,0.00018577691946966096,3.006176598645785e-06,14.5,4,0,0.0,0.0,0,0.0,0
YGR116W,4,0.3333333333333333,2.3151728440959593e-05,0.2338232952288868,0.00010564250213815593,5.976282933775447e-06,34.25,4,1,19.0,19.0,18,1.0,1
YJR140C,2,0.0,5.9636013889760317e-05,0.22187455278603976,8.832520282146293e-05,4.613056158471476e-07,16.0,2,3,32.333333333333336,83.0,82,1.0,0
YEL016C,2,0.0,1.9571226671224423e-05,0.2013289014312864,0.00011508156128014503,4.72924222056121e-07,7.0,2,0,0.0,0.0,0,0.0,0
YEL042W,5,0.0,0.00216013765149787,0.21544675040997713,0.0002423559551052262,1.8770018025472531e-06,5.0,3,0,0.0,0.0,0,0.0,0
YGL098W,1,0.0,0.0,0.18978825769003482,7.333896834625506e-05,6.80774428850459e-07,12.0,1,1,6.0,6.0,5,1.0,1
YGR121C,2,1.0,0.0,0.20422082481475226,0.00010997806350526026,9.664000766180067e-07,16.5,2,0,0.0,0.0,0,0.0,0
YKL063C,2,0.0,9.899909866871394e-05,0.23761626691947502,0.00010137401560370794,2.04021957914212e-05,62.0,2,0,0.0,0.0,0,0.0,0
YPL244C,2,0.0,1.8642763558437505e-05,0.19244962536621552,0.00011214012411174708,6.814767088492722e-07,7.5,2,0,0.0,0.0,0,0.0,0
YPR174C,3,0.0,0.00022524506293698695,0.19723970762246304,0.00017983904320893214,7.016094645582399e-07,6.666666666666667,2,0,0.0,0.0,0,0.0,0
YEL018W,1,0.0,0.0,0.20302003038073022,6.816362799621969e-05,6.556819359751469e-08,24.0,1,2,73.0,133.0,132,1.0,0
YEL019C,1,0.0,0.0,0.00028105677346824053,0.00015831621771793706,5.197694642178564e-46,2.0,1,1,8.0,8.0,7,1.0,1
YOR266W,2,0.0,0.0,0.00042158516020236085,0.0003224813268138062,7.350650256042896e-46,1.0,1,0,0.0,0.0,0,0.0,0
YEL020C,1,0.0,0.0,0.18614223134642596,6.139119478106139e-05,9.755383456762544e-08,8.0,1,0,0.0,0.0,0,0.0,0
YNR017W,9,0.1388888888888889,0.0025096422093100466,0.2072760127223149,0.00036349280638854544,3.7968659541468834e-07,5.888888888888889,4,5,9.2,18.0,24,0.644927536231884,1
YEL021W,0,0.0,0.0,0.0,3.195568811248403e-05,4.8315357241094107e-57,0.0,0,0,0.0,0.0,0,0.0,0
YLR398C,2,0.0,4.449281490547302e-06,0.2101292615450477,6.065817273276232e-05,2.306761449609039e-05,23.5,2,1,3.0,3.0,2,1.0,0
YJR047C,1,0.0,0.0,0.18324907253395675,6.39295269471503e-05,7.439657720971196e-09,5.0,1,5,240.0,559.0,589,0.9439786101197695,0
YHR080C,1,0.0,0.0,0.17778979284955734,6.655050026846735e-05,2.539433028531605e-08,6.0,1,2,452.5,559.0,558,1.0,0
YPL050C,3,0.0,0.0001870480930439975,0.2291313125311354,0.00012060309971318527,3.5758655458230896e-05,42.666666666666664,3,4,6.0,9.0,11,0.7818181818181819,0
YER143W,6,0.0,0.00021206760891971457,0.24199111308425117,0.00018788706386039717,2.8724924712785243e-06,15.166666666666666,5,0,0.0,0.0,0,0.0,0
YHL030W,5,0.1,0.00020098058684311576,0.22512373769876676,0.00013748712626770383,2.2196095762742764e-06,19.6,4,3,30.0,46.0,46,0.9758454106280193,0
YEL038W,1,0.0,0.0,0.22701504023318034,6.013213072878542e-05,1.0848286657907655e-06,69.0,1,0,0.0,0.0,0,0.0,0
YEL041W,4,0.0,6.895084139153844e-05,0.21932427057010828,0.0001503618817272385,2.330152788410669e-05,12.0,2,0,0.0,0.0,0,0.0,0
YJR049C,2,0.0,5.7227138506004015e-05,0.23844977972204262,9.296749037329829e-05,2.001627242873446e-05,77.0,2,0,0.0,0.0,0,0.0,1
YER073W,4,0.0,0.0010398650460333146,0.240492881759462,0.00018131405912838426,3.687927255449629e-05,40.75,3,0,0.0,0.0,0,0.0,0
YLR250W,1,0.0,0.0,0.17588503056513718,7.312706813788973e-05,2.347083030825658e-08,5.0,1,0,0.0,0.0,0,0.0,0
YNL220W,1,0.0,0.0,0.19298745646225735,6.063511789456414e-05,9.867355493102948e-08,5.0,1,0,0.0,0.0,0,0.0,0
YEL048C,5,0.0,0.00033226579748375,0.23384843211291487,0.0002051869342481232,1.1433539805050022e-06,19.8,3,0,0.0,0.0,0,0.0,0
YHR030C,17,0.029411764705882353,0.0016068263032934693,0.24579187745924674,0.0005819138922960355,3.295150884369553e-06,9.764705882352942,5,0,0.0,0.0,0,0.0,0
YIL136W,1,0.0,0.0,0.1879597438446672,6.692907150928945e-05,1.4454750315824446e-08,5.0,1,0,0.0,0.0,0,0.0,0
YEL049W,2,0.0,2.7137130911118708e-05,0.23507409256112108,7.868412871085036e-05,1.955987015674696e-05,46.0,2,0,0.0,0.0,0,0.0,0
YEL055C,8,0.4642857142857143,0.00013749772687227376,0.23825390093256668,0.00013154042502750747,6.139870667161178e-05,73.25,6,1,7.0,7.0,6,1.0,1
YLR196W,5,0.1,0.00018448593660871834,0.24492012785163922,0.00015650171352612843,2.724921472506021e-05,47.2,3,0,0.0,0.0,0,0.0,1
YLL022C,3,0.0,0.0002408180448039445,0.23256087192113475,0.0001111675284978904,1.9208961322442416e-05,44.666666666666664,3,2,68.0,133.0,132,1.0,0
YMR021C,6,0.0,0.00038081022595669203,0.23233731540874059,0.00021172827686621922,2.7782285001297756e-06,9.166666666666666,4,0,0.0,0.0,0,0.0,0
YEL057C,1,0.0,0.0,0.22319496362757377,6.365707353014793e-05,1.8970628619316255e-05,42.0,1,0,0.0,0.0,0,0.0,0
YEL059W,1,0.0,0.0,0.00021079258010118043,0.00021303792074989342,2.5939109905631997e-48,1.0,1,0,0.0,0.0,0,0.0,0
YJR130C,1,0.0,0.0,0.00021079258010118043,0.00021303792074989342,2.5939109905631997e-48,1.0,1,0,0.0,0.0,0,0.0,0
YMR275C,2,0.0,5.955009581930621e-06,0.20797955019737394,8.901626995036214e-05,8.706056923098696e-08,14.5,2,2,30.0,58.0,57,1.0,0
YMR304W,2,0.0,3.215333632371046e-06,0.19613706465121805,8.86316518504897e-05,5.0201815582203576e-08,9.0,2,0,0.0,0.0,0,0.0,0
YNL208W,2,0.0,9.556104583505403e-06,0.2015620937281629,8.702766601224512e-05,5.090480412541593e-07,9.5,2,2,452.5,559.0,558,1.0,0
YLR454W,2,0.0,2.5905371224403832e-06,0.19377828297308217,9.129249164491307e-05,2.49571205846195e-08,6.0,2,0,0.0,0.0,0,0.0,1
YEL062W,2,0.0,8.779567022363451e-06,0.20342823487462208,9.98117897916639e-05,9.437828048795923e-08,7.5,2,0,0.0,0.0,0,0.0,0
YOR138C,2,0.0,1.0564348769135118e-05,0.20458576209869117,0.00010076261271574393,3.258485473078977e-07,7.5,2,0,0.0,0.0,0,0.0,0
YEL063C,3,0.0,0.00022562714920964662,0.1961193811039385,0.00016744322501689764,7.180738005843293e-08,4.666666666666667,2,0,0.0,0.0,0,0.0,0
YIR034C,2,0.0,2.043793788533138e-05,0.19945517288779882,0.00010400419151669176,6.097213979648316e-08,9.5,2,0,0.0,0.0,0,0.0,0
YNR058W,4,0.0,8.721743654597689e-05,0.21488275368115517,0.0001862540901143271,1.6726205298447363e-06,5.75,2,0,0.0,0.0,0,0.0,0
YEL066W,6,0.13333333333333333,0.0002723213337985881,0.2526285483438051,0.00018421696987484806,5.876913191627271e-05,59.166666666666664,5,0,0.0,0.0,0,0.0,0
YPL112C,2,0.0,9.03065297643747e-06,0.21599226645957045,8.311207813690397e-05,3.570144027838651e-05,13.0,2,0,0.0,0.0,0,0.0,0
YLR225C,2,0.0,5.212133018296262e-05,0.20420165365072365,0.00011915937282043878,1.1759106809896723e-06,4.0,2,0,0.0,0.0,0,0.0,0
YEL070W,2,0.0,9.526581881339769e-05,0.24884266035741395,0.00010282357555739508,7.485107008053447e-05,149.0,2,0,0.0,0.0,0,0.0,0
YEL071W,1,0.0,0.0,0.2042975454815059,6.900056065785036e-05,9.43246872876897e-07,6.0,1,0,0.0,0.0,0,0.0,0
YLR153C,6,0.0,0.0016237005555200452,0.25968580141041414,0.0002604739055318148,7.541151021064953e-05,64.66666666666667,4,0,0.0,0.0,0,0.0,1
YEL072W,1,0.0,0.0,0.00021079258010118043,0.00021303792074989342,2.5939109905631997e-48,1.0,1,0,0.0,0.0,0,0.0,0
YOR273C,1,0.0,0.0,0.00021079258010118043,0.00021303792074989342,2.5939109905631997e-48,1.0,1,0,0.0,0.0,0,0.0,0
YFR053C,2,0.0,0.0001872881133749361,0.22125394044798186,0.0001277039432176995,3.60436949058738e-05,48.5,2,0,0.0,0.0,0,0.0,0
YER001W,1,0.0,0.0,0.18979653743253938,5.9413615377487515e-05,2.386371161857176e-07,9.0,1,0,0.0,0.0,0,0.0,0
YER004W,2,0.0,9.14867081363758e-06,0.22933664897357237,8.186553526894069e-05,1.6085973372955498e-06,35.5,2,0,0.0,0.0,0,0.0,0
YER007W,4,0.0,0.000338986124821153,0.21736278945933887,0.0001949490594966183,9.047453888609052e-07,7.25,2,0,0.0,0.0,0,0.0,0
YOR349W,2,0.0,6.410630043168613e-06,0.19273951050100424,0.00011005211850125351,4.749454052313534e-07,5.0,2,0,0.0,0.0,0,0.0,0
YJL095W,8,0.21428571428571427,0.00018952739233876224,0.23218851635953824,0.0002294118251631168,4.142870660252012e-06,16.125,6,0,0.0,0.0,0,0.0,0
YIL063C,4,0.3333333333333333,0.00018360368055862411,0.254341784918367,0.00013567378875366132,7.699628406864135e-05,82.75,4,1,59.0,59.0,58,1.0,1
YOR185C,5,0.2,7.367348968832796e-05,0.22831363059714868,0.00016035164623717937,2.6992184519406793e-06,10.4,4,0,0.0,0.0,0,0.0,0
YER010C,2,0.0,0.0002019641222144901,0.23794116336844606,0.00013335169269133995,2.716986016190394e-06,75.5,1,0,0.0,0.0,0,0.0,0
YOR274W,1,0.0,0.0,0.19059477048228635,8.891766827325001e-05,3.42672621222531e-08,2.0,1,0,0.0,0.0,0,0.0,0
YNR011C,7,0.7142857142857143,9.560308975913183e-05,0.229930565563589,0.00014637334947318253,8.630608435458563e-06,38.714285714285715,6,6,156.5,559.0,619,0.8502282102357388,1
YKR066C,4,0.16666666666666666,0.00015188844393715614,0.1876840479304861,0.00022374346655696677,6.876217914708324e-07,3.0,2,0,0.0,0.0,0,0.0,0
YMR089C,2,1.0,0.0,0.16661622423609465,0.00012634335736233675,1.2020286944142847e-08,3.5,2,4,4.25,8.0,8,0.7857142857142857,0
YER018C,3,0.3333333333333333,6.182321196542747e-06,0.2089083424263466,0.00010575015107996846,4.559289231696167e-07,9.0,3,8,26.5,55.0,75,0.6731531531531532,1
YER104W,3,0.0,4.249555208823288e-05,0.22782343061524235,0.0001422496461703605,1.9266260898208038e-05,17.666666666666668,2,0,0.0,0.0,0,0.0,1
YPR065W,2,0.0,6.066342575736936e-06,0.2097847541242486,0.00011101608898377529,3.7373135754263906e-07,18.0,2,0,0.0,0.0,0,0.0,0
YOR371C,3,0.3333333333333333,0.00031944416246282835,0.22542702891490066,0.00014465587797322815,1.057248371900319e-06,23.333333333333332,3,0,0.0,0.0,0,0.0,0
YFR038W,1,0.0,0.0,0.23516303951506312,5.9990735369936914e-05,1.9721421362570743e-05,112.0,1,0,0.0,0.0,0,0.0,0
YGL027C,2,1.0,0.0,0.2357364525076493,9.57606042692773e-05,1.9972157371659342e-05,59.0,2,0,0.0,0.0,0,0.0,0
YGL261C,1,0.0,0.0,0.23516303951506312,5.9990735369936914e-05,1.9721421362570743e-05,112.0,1,0,0.0,0.0,0,0.0,0
YGR243W,2,0.0,9.993950067667377e-05,0.23943402482271148,8.475677575452472e-05,2.03151740127712e-05,67.0,2,0,0.0,0.0,0,0.0,0
YHL044W,4,0.0,0.0010445213058864471,0.2600894500525299,0.00017797157660870902,9.210121819944104e-05,83.5,3,0,0.0,0.0,0,0.0,0
YHL045W,4,0.0,0.00030196734261997166,0.2528047086424933,0.00012727239078722026,3.881917109541076e-05,68.5,4,0,0.0,0.0,0,0.0,0
YHR116W,1,0.0,0.0,0.23516303951506312,5.9990735369936914e-05,1.9721421362570743e-05,112.0,1,0,0.0,0.0,0,0.0,0
YIL078W,3,0.0,0.0011132507729853618,0.23773312737861574,0.00012731837374249923,1.9738828694083227e-05,42.333333333333336,3,0,0.0,0.0,0,0.0,1
YJR148W,3,0.3333333333333333,7.326648238791307e-05,0.2373440387904347,0.00013173992819519797,2.0684049353767615e-05,43.333333333333336,3,1,2.0,2.0,1,0.0,0
YKL051W,1,0.0,0.0,0.23516303951506312,5.9990735369936914e-05,1.9721421362570743e-05,112.0,1,0,0.0,0.0,0,0.0,0
YKR093W,1,0.0,0.0,0.23516303951506312,5.9990735369936914e-05,1.9721421362570743e-05,112.0,1,0,0.0,0.0,0,0.0,0
YML082W,1,0.0,0.0,0.23516303951506312,5.9990735369936914e-05,1.9721421362570743e-05,112.0,1,0,0.0,0.0,0,0.0,0
YMR039C,3,0.0,0.0003250535589604645,0.25089482301203386,0.00013442858529170518,5.628103431030457e-05,84.66666666666667,2,0,0.0,0.0,0,0.0,0
YMR058W,1,0.0,0.0,0.23516303951506312,5.9990735369936914e-05,1.9721421362570743e-05,112.0,1,1,2.0,2.0,1,0.0,0
YMR087W,2,0.0,7.871576710785668e-05,0.23642825015100635,9.265049787362097e-05,1.97377920680816e-05,59.0,2,0,0.0,0.0,0,0.0,0
YMR114C,1,0.0,0.0,0.23516303951506312,5.9990735369936914e-05,1.9721421362570743e-05,112.0,1,2,452.5,559.0,558,1.0,0
YMR118C,1,0.0,0.0,0.23516303951506312,5.9990735369936914e-05,1.9721421362570743e-05,112.0,1,0,0.0,0.0,0,0.0,0
YMR181C,5,0.0,0.0003344911211696376,0.2613864594465674,0.00017303142632697272,5.80130797177433e-05,57.4,4,0,0.0,0.0,0,0.0,0
YMR244W,1,0.0,0.0,0.23516303951506312,5.9990735369936914e-05,1.9721421362570743e-05,112.0,1,0,0.0,0.0,0,0.0,0
YMR293C,3,0.0,0.00039627349437683623,0.26338032637296693,0.000120426302518434,9.465774184638437e-05,141.66666666666666,3,0,0.0,0.0,0,0.0,0
YNL073W,1,0.0,0.0,0.23516303951506312,5.9990735369936914e-05,1.9721421362570743e-05,112.0,1,0,0.0,0.0,0,0.0,0
YNL159C,2,0.0,9.20749006193204e-05,0.23902622004442983,9.619867525367256e-05,1.9786989556168263e-05,68.0,2,0,0.0,0.0,0,0.0,0
YNL211C,1,0.0,0.0,0.23516303951506312,5.9990735369936914e-05,1.9721421362570743e-05,112.0,1,0,0.0,0.0,0,0.0,0
YNL281W,5,0.0,0.00031250536028552963,0.24126642807390572,0.00019397661240066414,2.011049006532127e-05,27.0,4,0,0.0,0.0,0,0.0,0
YNR001C,3,0.0,0.0004890531151399164,0.2461952482048932,0.00011518219106899298,2.0514959272190206e-05,75.33333333333333,3,2,35.0,56.0,55,1.0,0
YNR024W,1,0.0,0.0,0.23516303951506312,5.9990735369936914e-05,1.9721421362570743e-05,112.0,1,2,452.5,559.0,558,1.0,0
YNR071C,4,0.16666666666666666,0.0006495579305049741,0.26760879811949734,0.00014946211476457867,9.556628747979175e-05,123.0,4,0,0.0,0.0,0,0.0,0
YOL022C,1,0.0,0.0,0.23516303951506312,5.9990735369936914e-05,1.9721421362570743e-05,112.0,1,0,0.0,0.0,0,0.0,1
YOL042W,2,0.0,8.60516167481394e-06,0.24220667136335974,9.361349585614446e-05,2.0668137060465783e-05,57.5,2,0,0.0,0.0,0,0.0,0
YOR028C,9,0.0,0.0013694501310735942,0.2582061980549984,0.00031500412669090226,2.2614525098939984e-05,33.22222222222222,5,0,0.0,0.0,0,0.0,0
YOR039W,13,0.20512820512820512,0.0007246474674044495,0.26913184231541404,0.00027299862016980396,4.066893180603451e-05,35.23076923076923,8,5,5.4,8.0,11,0.6,0
YOR072W,1,0.0,0.0,0.23516303951506312,5.9990735369936914e-05,1.9721421362570743e-05,112.0,1,0,0.0,0.0,0,0.0,0
YOR143C,1,0.0,0.0,0.23516303951506312,5.9990735369936914e-05,1.9721421362570743e-05,112.0,1,0,0.0,0.0,0,0.0,1
YOR302W,14,0.02197802197802198,0.005520633279538597,0.2900537523187324,0.0004102484323455958,0.00012738484440554063,54.214285714285715,8,0,0.0,0.0,0,0.0,0
YOR336W,1,0.0,0.0,0.23516303951506312,5.9990735369936914e-05,1.9721421362570743e-05,112.0,1,0,0.0,0.0,0,0.0,1
YPL053C,2,0.0,0.00017234815227129584,0.24314068244725132,8.75829354060572e-05,3.800175551569072e-05,77.5,2,0,0.0,0.0,0,0.0,0
YPL098C,2,1.0,0.0,0.24272016464118878,9.15283592498479e-05,2.0700109586101165e-05,96.0,2,0,0.0,0.0,0,0.0,0
YER026C,1,0.0,0.0,0.21293701879637159,5.777761751400075e-05,7.940291272852349e-07,27.0,1,0,0.0,0.0,0,0.0,1
YLR220W,1,0.0,0.0,0.22697950806222505,4.502701667526079e-05,4.019298188061117e-06,59.0,1,0,0.0,0.0,0,0.0,1
YER031C,13,0.1794871794871795,0.0006412155695037858,0.24566696205481212,0.00041301020794432946,2.5262766214969354e-05,14.0,7,0,0.0,0.0,0,0.0,0
YNL146W,2,0.0,9.186332906440414e-05,0.24925611498961084,9.030852450576795e-05,7.514595602239642e-05,153.5,2,0,0.0,0.0,0,0.0,0
YPR017C,2,0.0,0.00014182743906580587,0.22320641480830475,8.506929690230429e-05,1.0072372882084137e-06,35.5,2,0,0.0,0.0,0,0.0,0
YLR456W,7,0.0,0.0002745258737717157,0.24734301159978778,0.0002100182927017582,1.220474203685291e-05,22.142857142857142,4,0,0.0,0.0,0,0.0,0
YGR206W,1,0.0,0.0,0.2005400678080883,7.411132285794992e-05,1.2802208394104918e-06,4.0,1,1,4.0,4.0,3,1.0,0
YNL142W,1,0.0,0.0,0.2005400678080883,7.411132285794992e-05,1.2802208394104918e-06,4.0,1,0,0.0,0.0,0,0.0,0
YER037W,1,0.0,0.0,0.17832907980934037,7.207274975688177e-05,1.877692436738649e-08,7.0,1,0,0.0,0.0,0,0.0,0
YER052C,7,0.0,0.001111570771550538,0.21912542716977274,0.00033052112803483205,1.4972314829281676e-06,5.0,3,0,0.0,0.0,0,0.0,0
YML023C,3,0.0,0.00020542129713479147,0.18710288280701307,0.00021799539747494786,1.6083564503895976e-08,1.6666666666666667,2,1,8.0,8.0,7,1.0,1
YER039C,3,0.0,9.360509869932341e-05,0.2350486915029806,0.00012995264021843024,1.926312524437817e-05,35.666666666666664,3,0,0.0,0.0,0,0.0,0
YMR119W,3,0.0,5.0717389543268115e-05,0.2134698837599935,0.00013877693061536966,1.4633391946506032e-06,10.333333333333334,3,0,0.0,0.0,0,0.0,0
YJR066W,8,0.10714285714285714,0.0003523238743675723,0.22654219074300497,0.0002926715211785103,1.3232194571075557e-06,7.0,4,2,4.5,5.0,4,1.0,0
YKL203C,3,0.3333333333333333,1.4681803484556296e-05,0.20735504651964481,0.0001258914702537096,2.8754849540032984e-07,6.666666666666667,3,2,6.5,8.0,10,0.6,1
YER041W,0,0.0,0.0,0.0,3.195568811248403e-05,4.8315357241094107e-57,0.0,0,0,0.0,0.0,0,0.0,0
YPL051W,6,0.0,0.00038240672190194833,0.23677567383414977,0.00026617171249363256,1.9537527835280868e-05,21.666666666666668,3,0,0.0,0.0,0,0.0,0
YER045C,5,0.0,0.0005662064716935372,0.24009471473668145,0.00020331060950779626,3.904494627825277e-05,19.2,3,0,0.0,0.0,0,0.0,0
YGR247W,2,0.0,6.666672906793242e-06,0.1991174072510718,9.645888008243163e-05,1.78794252908344e-05,6.0,2,0,0.0,0.0,0,0.0,0
YOR059C,5,0.0,0.0012406790634722754,0.2334844754483265,0.0002745632552997732,5.431588578734015e-05,24.4,2,0,0.0,0.0,0,0.0,0
YPL205C,2,0.0,0.0003493136116346148,0.2223053771603816,0.00010067532365801667,3.605382394954348e-05,49.0,2,0,0.0,0.0,0,0.0,0
YGR271W,1,0.0,0.0,0.1761413915959621,6.622444124965957e-05,9.031832465909026e-09,4.0,1,0,0.0,0.0,0,0.0,0
YER051W,3,0.0,0.00014368234171809442,0.23332168996185068,0.00011403875335056063,3.9246669884922994e-05,43.666666666666664,2,0,0.0,0.0,0,0.0,0
YLR121C,3,0.0,0.0007392052408490943,0.22429966132340007,0.00013774043420291057,1.4727991240115293e-06,28.666666666666668,2,0,0.0,0.0,0,0.0,0
YKR079C,1,0.0,0.0,0.17832907980934037,7.207274975688177e-05,1.877692436738649e-08,7.0,1,0,0.0,0.0,0,0.0,1
YER053C,2,0.0,2.9404822494246906e-05,0.21375306986825862,9.71021693540307e-05,2.7993794052196383e-07,32.0,2,0,0.0,0.0,0,0.0,0
YLR326W,2,0.0,5.330561632151609e-06,0.20461462849349393,9.019319863785074e-05,4.4568165148969485e-07,10.5,2,0,0.0,0.0,0,0.0,0
YKL193C,3,0.6666666666666666,6.3206595114584105e-06,0.21514842149392552,0.0001095920502705149,1.1504521831860357e-06,21.0,3,2,4.0,6.0,5,1.0,1
YMR311C,3,0.6666666666666666,7.473924917852679e-06,0.19731127175965657,0.0001223299294264672,4.513751044277785e-08,9.666666666666666,3,1,6.0,6.0,5,1.0,0
YER057C,2,0.0,0.00023386120390530427,0.24189692694070988,8.66936521898371e-05,3.1648401737971013e-06,86.5,2,0,0.0,0.0,0,0.0,0
YER058W,1,0.0,0.0,0.24844476220825013,6.329793281441496e-05,7.483014955808876e-05,294.0,1,0,0.0,0.0,0,0.0,0
YER156C,3,0.0,3.494359287439525e-05,0.22081596949693777,0.00011613852753049894,8.46447966177701e-07,10.333333333333334,3,0,0.0,0.0,0,0.0,0
YJL084C,4,0.0,0.0012315322627534612,0.23485835840146124,0.0001638397534358966,5.48186014397884e-05,32.0,3,0,0.0,0.0,0,0.0,0
YER061C,1,0.0,0.0,0.15701866788279742,8.466323014099113e-05,8.751765316839123e-09,3.0,1,0,0.0,0.0,0,0.0,0
YER062C,2,0.0,7.913156238982762e-05,0.2244848416423461,0.00011158665700186383,1.0595782608396082e-06,31.0,2,0,0.0,0.0,0,0.0,0
YPL201C,2,0.0,1.4974706601342388e-06,0.19522172901183163,0.00012343414221206386,4.7057755969196393e-07,2.5,2,0,0.0,0.0,0,0.0,0
YKL056C,4,0.0,0.00023497532808256066,0.21384763227628134,0.00019092787954056443,1.3024293826004357e-06,9.0,2,2,452.5,559.0,558,1.0,0
YPL172C,1,0.0,0.0,0.2033616711554559,6.758257060773086e-05,1.1743294323729172e-06,7.0,1,0,0.0,0.0,0,0.0,0
YNL157W,4,0.0,6.549471916358743e-05,0.22105158432135905,0.00016640518252999224,6.223384228321385e-07,10.0,3,0,0.0,0.0,0,0.0,0
YPL212C,2,0.0,6.333083560647148e-06,0.21767818628183067,7.829452210288213e-05,5.374047339008611e-06,28.0,2,0,0.0,0.0,0,0.0,0
YPR125W,1,0.0,0.0,0.18779747177020928,6.969347713115482e-05,1.8044304768714696e-08,5.0,1,0,0.0,0.0,0,0.0,1
YER066W,4,0.0,0.0002585627666962664,0.21872882006177313,0.00012289713457898314,1.837093495848248e-05,23.25,4,0,0.0,0.0,0,0.0,0
YMR154C,6,0.06666666666666667,0.0006060534221738738,0.24446596038596696,0.00018973520331427098,3.3143228989571727e-06,37.5,4,0,0.0,0.0,0,0.0,0
YPL180W,1,0.0,0.0,0.1677275129550724,8.325798395958577e-05,9.6773582996334e-10,3.0,1,2,4.5,5.0,4,1.0,0
YER069W,2,0.0,0.002116803710731604,0.16370710182610226,0.0001896545119370302,3.26880957643165e-09,1.5,1,1,2.0,2.0,1,0.0,0
YLR214W,1,0.0,0.0,0.13981155738113146,0.00011176137153070148,4.098899491951007e-11,2.0,1,0,0.0,0.0,0,0.0,0
YER070W,4,0.6666666666666666,8.003199158275532e-06,0.211776090689221,0.00015399539633512144,1.4184620313650452e-06,6.25,4,2,3.5,4.0,3,1.0,1
YOR171C,5,0.0,0.00029099446724714146,0.21191019147728532,0.00018446364875622225,3.491421099941263e-07,9.6,4,0,0.0,0.0,0,0.0,0
YPL032C,4,0.0,0.0011167623788732562,0.25117003816342404,0.00015830304583340656,7.49581818690199e-05,79.0,4,0,0.0,0.0,0,0.0,0
YPL257W,2,0.0,1.4287464267196496e-06,0.1994643175933551,0.00011911199765844344,9.182928049077862e-07,3.0,2,0,0.0,0.0,0,0.0,0
YLR113W,7,0.047619047619047616,0.00010483587440347252,0.21122086862303577,0.0002574908896861881,3.1647393239265816e-07,5.285714285714286,3,0,0.0,0.0,0,0.0,0
YER076C,1,0.0,0.0,0.22862558363701024,6.227758591752623e-05,1.8563983634330408e-05,113.0,1,0,0.0,0.0,0,0.0,0
YER077C,2,0.0,5.240519167687042e-06,0.19934550178833704,0.0001195195560161319,4.731684912667866e-07,4.5,2,0,0.0,0.0,0,0.0,0
YFL027C,3,0.0,3.276533920512635e-05,0.1924581389528276,0.00013495822404202375,4.836541525427828e-07,3.6666666666666665,2,0,0.0,0.0,0,0.0,0
YER079W,4,0.0,0.0008663608756305645,0.24646024422324203,0.00015732561193406854,7.291044420832027e-05,41.25,4,0,0.0,0.0,0,0.0,0
YFR017C,4,0.0,0.000925368040155025,0.2460142632339215,0.00018488502067689648,7.283856048897653e-05,60.5,3,0,0.0,0.0,0,0.0,0
YGL039W,1,0.0,0.0,0.22119769325954178,6.372271585912358e-05,3.6037988854102294e-05,95.0,1,0,0.0,0.0,0,0.0,0
YGL096W,4,0.16666666666666666,0.000803521716116274,0.24672581132131047,0.00013407639881066115,3.78615611801193e-05,73.0,4,0,0.0,0.0,0,0.0,0
YGL110C,1,0.0,0.0,0.22119769325954178,6.372271585912358e-05,3.6037988854102294e-05,95.0,1,0,0.0,0.0,0,0.0,0
YGR210C,2,0.0,8.136892297519918e-05,0.22891429787049028,8.705398700847787e-05,3.642279605684693e-05,62.0,2,0,0.0,0.0,0,0.0,0
YIL044C,1,0.0,0.0,0.22119769325954178,6.372271585912358e-05,3.6037988854102294e-05,95.0,1,0,0.0,0.0,0,0.0,0
YIL074C,5,0.0,0.0009154713623183493,0.24804813450189112,0.00021023153197012609,5.588097579597027e-05,51.0,3,1,3.0,3.0,2,1.0,0
YKR073C,1,0.0,0.0,0.22119769325954178,6.372271585912358e-05,3.6037988854102294e-05,95.0,1,0,0.0,0.0,0,0.0,0
YLR151C,3,0.0,0.0003343160173467689,0.2411059760046923,0.00012976415936066094,3.732991772824252e-05,52.666666666666664,3,0,0.0,0.0,0,0.0,0
YOR189W,2,0.0,0.0002495714220484305,0.25519217685527146,9.506496056105451e-05,0.00011086813841219106,194.5,2,2,47.5,83.0,82,1.0,0
YOR222W,1,0.0,0.0,0.22119769325954178,6.372271585912358e-05,3.6037988854102294e-05,95.0,1,0,0.0,0.0,0,0.0,0
YOR246C,1,0.0,0.0,0.22119769325954178,6.372271585912358e-05,3.6037988854102294e-05,95.0,1,0,0.0,0.0,0,0.0,0
YOR258W,1,0.0,0.0,0.22119769325954178,6.372271585912358e-05,3.6037988854102294e-05,95.0,1,0,0.0,0.0,0,0.0,0
YOR318C,1,0.0,0.0,0.22119769325954178,6.372271585912358e-05,3.6037988854102294e-05,95.0,1,0,0.0,0.0,0,0.0,0
YPL229W,3,0.0,0.00013754482796016267,0.2265303947424456,0.00013149226814335635,3.610366993837184e-05,35.0,3,0,0.0,0.0,0,0.0,0
YPR046W,6,0.0,0.000500681693090348,0.2455837556324396,0.00018757571494018425,3.795254286425549e-05,33.166666666666664,5,6,26.166666666666668,55.0,54,1.0,0
YPR149W,1,0.0,0.0,0.22119769325954178,6.372271585912358e-05,3.6037988854102294e-05,95.0,1,0,0.0,0.0,0,0.0,0
YER083C,3,0.0,2.9478561897735725e-05,0.2137845813773301,9.272613283266298e-05,9.096502360495104e-06,30.666666666666668,2,1,3.0,3.0,2,1.0,0
YMR038C,3,0.0,4.32952336886988e-05,0.2147978784945526,0.0001331685562439412,1.1120507273229728e-06,5.0,2,1,2.0,2.0,1,0.0,0
YOR383C,1,0.0,0.0,0.19404621904677374,5.6878699485696585e-05,2.6921462905293338e-08,11.0,1,0,0.0,0.0,0,0.0,0
YJL091C,2,0.0,0.00022228143584216437,0.23811046089588242,0.00010943468233700525,1.9724545662890763e-05,76.5,2,0,0.0,0.0,0,0.0,1
YER088C,1,0.0,0.0,0.18634953443967567,4.7056860590799095e-05,4.476206028856931e-08,20.0,1,0,0.0,0.0,0,0.0,0
YER090W,3,0.3333333333333333,9.430748627743989e-06,0.20188010352801242,0.00012805007122249133,3.993223079694116e-07,7.0,3,1,2.0,2.0,1,0.0,0
YKL211C,3,0.3333333333333333,7.640820405126212e-06,0.1929189938818087,0.00013260788349533126,3.7824679043912167e-07,7.666666666666667,3,1,2.0,2.0,1,0.0,0
YOR155C,3,0.0,0.00012077092833365238,0.24091905144693032,0.00011729958822449045,2.9105639807794735e-06,61.333333333333336,3,0,0.0,0.0,0,0.0,0
YER091C,2,0.0,2.140366249606101e-05,0.19647365899059152,7.500385947362567e-05,1.7598394723291588e-06,10.0,2,0,0.0,0.0,0,0.0,0
YMR233W,3,0.0,2.2831443030263604e-05,0.22160331250146023,0.00010253714926299314,6.60711716901472e-07,14.0,3,0,0.0,0.0,0,0.0,0
YPL238C,1,0.0,0.0,0.20166486956050006,5.8031554946026903e-05,5.725886381257324e-08,16.0,1,0,0.0,0.0,0,0.0,1
YPR011C,1,0.0,0.0,0.20166486956050006,5.8031554946026903e-05,5.725886381257324e-08,16.0,1,0,0.0,0.0,0,0.0,0
YER096W,2,0.0,0.00011349774432299158,0.23557051283456076,8.577795344288591e-05,5.409430273930967e-05,63.0,2,0,0.0,0.0,0,0.0,0
YER099C,4,0.3333333333333333,0.0003560321940162837,0.2090790191766949,0.00018800731335881951,9.796853321455131e-08,9.5,3,0,0.0,0.0,0,0.0,0
YKL181W,3,0.3333333333333333,7.422670607083564e-06,0.19897170048153065,0.0001538690943764045,4.434466633880279e-08,3.6666666666666665,2,0,0.0,0.0,0,0.0,0
YER100W,3,0.0,2.1249141991156527e-05,0.2155001105126148,0.0001367220951795021,2.0968146100870215e-06,5.0,3,0,0.0,0.0,0,0.0,0
YJR077C,5,0.0,0.00022255518577388362,0.23720169189404436,0.0001818186790714427,5.500752709092164e-05,24.4,3,0,0.0,0.0,0,0.0,0
YGL065C,1,0.0,0.0,0.139591741995401,0.00010952831618636551,1.738026618112456e-11,4.0,1,0,0.0,0.0,0,0.0,1
YPR001W,1,0.0,0.0,0.139591741995401,0.00010952831618636551,1.738026618112456e-11,4.0,1,0,0.0,0.0,0,0.0,0
YHL008C,2,0.0,3.2479479526215335e-06,0.21932427057010828,8.47265392225696e-05,6.91089571437931e-07,17.5,2,0,0.0,0.0,0,0.0,0
YER109C,1,0.0,0.0,0.21362711667216636,5.890598607902629e-05,2.7419252093118644e-07,62.0,1,0,0.0,0.0,0,0.0,0
YKR001C,3,0.0,4.353495472768938e-05,0.233559683847569,0.00010324356163566185,5.544699448258856e-05,31.333333333333332,2,0,0.0,0.0,0,0.0,0
YNL313C,3,0.3333333333333333,2.045546617617748e-06,0.22923997423483336,8.545070832181172e-05,2.7891174687222184e-05,40.0,3,0,0.0,0.0,0,0.0,1
YER111C,4,0.3333333333333333,5.777039701644508e-05,0.21431114438564866,0.0001398007645987642,3.7067664944603707e-07,12.75,4,3,90.66666666666667,195.0,194,1.0,0
YIL029C,1,0.0,0.0,0.22287480691745223,4.968438433341282e-05,1.06020969463705e-06,70.0,1,0,0.0,0.0,0,0.0,0
YJR138W,3,0.3333333333333333,3.208353032989184e-06,0.2286015569874766,9.08912722091812e-05,1.9124704127147595e-05,42.0,3,0,0.0,0.0,0,0.0,0
YKL209C,2,0.0,1.888680229929817e-06,0.2264360709430421,7.301565548276714e-05,1.4450168973816848e-06,49.5,2,0,0.0,0.0,0,0.0,0
YLL032C,2,0.0,9.957865797269498e-05,0.2229204873451869,0.00010293167138189974,1.0605473953277996e-06,36.0,2,2,452.5,559.0,558,1.0,0
YNL091W,7,0.0,0.000663738308351407,0.23898682877547067,0.00024213532690580436,3.1024462883251623e-06,18.285714285714285,4,0,0.0,0.0,0,0.0,0
YOR219C,1,0.0,0.0,0.22287480691745223,4.968438433341282e-05,1.06020969463705e-06,70.0,1,0,0.0,0.0,0,0.0,0
YOR188W,3,0.0,4.093627942834301e-06,0.21715664525450074,0.00010595225879574048,1.974449036697499e-06,12.666666666666666,3,0,0.0,0.0,0,0.0,0
YOR370C,4,0.16666666666666666,9.053066523524421e-05,0.2262829621881134,0.00015816435362410336,1.827233004507587e-06,15.0,3,2,4.5,6.0,5,1.0,1
YOL003C,1,0.0,0.0,0.18654930024564417,6.74340130658054e-05,2.306099833483821e-07,4.0,1,0,0.0,0.0,0,0.0,0
YLR096W,1,0.0,0.0,0.2088682236799015,5.7701287844864116e-05,1.796138639490565e-07,23.0,1,0,0.0,0.0,0,0.0,0
YNL139C,1,0.0,0.0,0.2088682236799015,5.7701287844864116e-05,1.796138639490565e-07,23.0,1,3,10.0,19.0,21,0.7857142857142857,0
YER119C,3,0.0,0.000314772406488007,0.24935612030885929,0.00015321370448106596,2.080920997869331e-05,73.33333333333333,2,0,0.0,0.0,0,0.0,0
YKL055C,1,0.0,0.0,0.19784966260533302,7.569974544245991e-05,2.605456669529033e-07,3.0,1,0,0.0,0.0,0,0.0,0
YNL027W,6,0.06666666666666667,0.0008041370842870095,0.21138507511922006,0.00026733180702739136,6.744126616903639e-07,5.666666666666667,3,2,10.5,12.0,18,0.7647058823529411,0
YER121W,1,0.0,0.0,0.22319496362757377,6.365707353014793e-05,1.8970628619316255e-05,42.0,1,0,0.0,0.0,0,0.0,0
YER122C,4,0.0,0.0001291532463041232,0.2160673568924096,0.0001275972352276695,2.2660442053705615e-05,17.75,3,3,17.666666666666668,34.0,37,0.8648648648648649,0
YER176W,2,0.0,3.921705352235798e-06,0.1895402008900217,8.703190466375873e-05,5.270327108640999e-07,5.0,2,5,132.4,559.0,610,0.8446256965194218,0
YER123W,2,1.0,0.0,0.19210121565896887,9.137085723950242e-05,2.6605567895157416e-07,9.0,2,2,6.0,8.0,7,1.0,0
YHR003C,3,0.0,8.188990055145126e-05,0.25057690536969635,0.00011432715851446439,7.514937460727602e-05,103.66666666666667,3,0,0.0,0.0,0,0.0,0
YFR022W,2,0.0,4.137866605724489e-05,0.22556728527135728,9.300614456381217e-05,2.022297316728193e-06,22.0,2,0,0.0,0.0,0,0.0,0
YKL020C,3,0.0,0.00011999233446792009,0.23121366023749299,0.00011823134220462038,2.5177094900270648e-06,23.0,3,0,0.0,0.0,0,0.0,0
YML111W,1,0.0,0.0,0.21331288212937818,6.178382155425674e-05,1.8744532252546751e-06,17.0,1,2,30.0,58.0,57,1.0,0
YOR018W,2,0.0,0.00020198186801602362,0.21333380233554003,0.00013958320647357918,1.8747464817572438e-06,9.0,1,0,0.0,0.0,0,0.0,0
YOR385W,1,0.0,0.0,0.21331288212937818,6.178382155425674e-05,1.8744532252546751e-06,17.0,1,0,0.0,0.0,0,0.0,0
YHR204W,5,0.0,0.00020399539066230952,0.23256087192113475,0.0001261127708867203,0.0013986348467482173,35.8,4,0,0.0,0.0,0,0.0,0
YML093W,7,0.9523809523809523,0.0,0.2327474979150796,8.76042855712175e-05,4.443419279124979e-05,66.14285714285714,7,2,302.5,559.0,558,1.0,1
YER128W,1,0.0,0.0,0.17244108886712384,6.924803118376042e-05,5.721564953255036e-09,7.0,1,0,0.0,0.0,0,0.0,0
YPR173C,7,0.09523809523809523,0.0003014245180147711,0.2103019399153414,0.0003055861197255704,4.487133878757032e-07,6.0,4,2,49.0,95.0,94,1.0,0
YER129W,2,0.0,4.080061021679208e-06,0.21401594997189433,0.00010214564812289625,9.90021687093744e-07,11.0,2,0,0.0,0.0,0,0.0,0
YLR420W,2,0.0,0.0008868223666391689,0.24889960701577138,0.00010655075919184748,7.484253941485301e-05,148.0,2,0,0.0,0.0,0,0.0,0
YLL027W,2,1.0,0.0,0.20954225175940025,4.4346913548169904e-05,3.6954804102949118e-06,59.5,2,0,0.0,0.0,0,0.0,0
YLR435W,5,0.1,0.0005022691054807871,0.21004809921922885,0.00017633584297918422,3.703928304399598e-06,26.2,3,0,0.0,0.0,0,0.0,0
YHR100C,1,0.0,0.0,0.21250018224142372,5.241635186926207e-05,1.119666762005373e-06,41.0,1,0,0.0,0.0,0,0.0,0
YOR344C,5,0.1,0.0019597324166827006,0.24892809012008169,0.00015220454949511602,2.113086412445671e-05,52.4,4,0,0.0,0.0,0,0.0,0
YOR351C,3,0.0,0.00010485604613789654,0.21862989250860182,0.00011460410540673369,1.1566130910760217e-06,19.666666666666668,3,0,0.0,0.0,0,0.0,0
YER136W,3,0.0,0.0003550313622324196,0.24575022487875883,0.00011908177468689048,2.0754685013012983e-05,63.0,3,0,0.0,0.0,0,0.0,1
YER137C,1,0.0,0.0,0.19102156887063307,6.387894460052192e-05,1.513501791577334e-08,6.0,1,0,0.0,0.0,0,0.0,0
YER142C,0,0.0,0.0,0.0,3.195568811248403e-05,4.8315357241094107e-57,0.0,0,0,0.0,0.0,0,0.0,0
YOR034C,3,0.0,2.9547370086904526e-05,0.19564312771635867,0.0001180072065930099,4.817911552821803e-08,5.0,3,0,0.0,0.0,0,0.0,0
YIL056W,1,0.0,0.0,0.1879353851582646,6.758703590001137e-05,4.721248293649172e-07,4.0,1,0,0.0,0.0,0,0.0,0
YLR058C,4,0.0,0.00030212172797491546,0.2465161055659943,0.0001331764918908914,3.441473726694025e-06,51.25,4,0,0.0,0.0,0,0.0,0
YOR201C,1,0.0,0.0,0.20852783545169284,5.528695926183834e-05,3.8480720274463485e-07,29.0,1,0,0.0,0.0,0,0.0,0
YPL152W,4,0.0,0.001405005018181815,0.25127158548161416,0.00014128332767952573,5.5197668295185955e-05,69.0,4,2,4.5,6.0,6,0.7333333333333333,0
YIR005W,2,0.0,0.00020198186801602362,0.21882783718267027,0.00012330824391571394,7.977611408156232e-07,19.5,1,7,108.85714285714286,559.0,562,0.9865770960600352,0
YKL058W,5,0.4,0.0007121014513049884,0.2506490886114345,0.0001673820174648753,7.453955793486034e-05,50.2,4,4,101.0,195.0,264,0.7423378269385874,1
YNL039W,6,0.13333333333333333,0.00040410477979955606,0.2256842989587938,0.0002245843710600567,1.3038281990082203e-06,10.666666666666666,4,3,110.33333333333333,195.0,255,0.7764397097421646,1
YOR194C,6,0.26666666666666666,0.00021704191198139859,0.2444796982876464,0.00020602504343680673,2.149223579151723e-05,28.666666666666668,4,4,101.0,195.0,264,0.7423378269385874,1
YIL040W,2,0.0,1.7417609672220694e-05,0.20931037916904827,8.874948397925598e-05,5.568849889903404e-07,10.0,2,0,0.0,0.0,0,0.0,0
YKL034W,1,0.0,0.0,0.19649140648700003,6.27068147091532e-05,3.4734794813570904e-08,9.0,1,0,0.0,0.0,0,0.0,0
YER151C,1,0.0,0.0,0.1795804602917802,9.295610917724699e-05,7.79155374432803e-09,3.0,1,1,2.0,2.0,1,0.0,0
YER152C,1,0.0,0.0,0.1972933758572703,9.295973018680107e-05,9.358163253122088e-07,2.0,1,0,0.0,0.0,0,0.0,0
YJL107C,2,0.0,0.0002019641222144901,0.24847314130039794,0.0001416830880791967,7.484185283693756e-05,147.5,1,0,0.0,0.0,0,0.0,0
YER153C,2,0.0,1.6385411214468445e-05,0.2039145175077885,9.568224780778903e-05,3.0663559601264764e-07,9.0,2,3,97.66666666666667,266.0,265,1.0,0
YJL170C,2,0.0,4.0119773320444315e-05,0.21514842149392552,9.94188067936197e-05,2.7803244947177194e-07,32.0,2,0,0.0,0.0,0,0.0,0
YER154W,3,0.0,0.00017339634969183932,0.2359922013034265,0.00011749544638471382,1.9141032398187233e-05,47.666666666666664,2,0,0.0,0.0,0,0.0,0
YHL031C,2,1.0,0.0,0.2127912071914242,7.857099910467375e-05,1.0407982076035042e-06,16.0,2,3,40.666666666666664,95.0,94,1.0,0
YPR105C,13,0.0641025641025641,0.0007077175629106461,0.25610856720013353,0.0003919302725955378,4.21452186337834e-06,15.076923076923077,6,3,41.333333333333336,95.0,94,1.0,1
YKL120W,1,0.0,0.0,0.1688275148833353,7.208770649754477e-05,4.065576818208925e-09,5.0,1,0,0.0,0.0,0,0.0,0
YJR052W,3,0.0,6.600226010005127e-06,0.20412500497483543,0.00010235819858422733,5.455587948926075e-07,8.666666666666666,3,8,39.625,195.0,251,0.6484462151394422,0
YER163C,1,0.0,0.0,0.16686545838557335,8.166525127446983e-05,1.0888999488862464e-09,6.0,1,0,0.0,0.0,0,0.0,0
YER167W,2,0.0,9.217615176611683e-06,0.19432357651548454,9.977025671643362e-05,4.16181511355731e-08,8.5,2,0,0.0,0.0,0,0.0,0
YGR229C,5,0.0,0.0006203620663393014,0.22789503567462902,0.00018064656633878917,2.3372140950788806e-06,11.8,3,0,0.0,0.0,0,0.0,0
YER168C,1,0.0,0.0,0.19051965101942928,6.439305158454755e-05,2.417510990569145e-07,17.0,1,0,0.0,0.0,0,0.0,1
YER169W,1,0.0,0.0,0.00021079258010118043,0.00021303792074989342,2.5939109905631997e-48,1.0,1,0,0.0,0.0,0,0.0,0
YPL071C,1,0.0,0.0,0.00021079258010118043,0.00021303792074989342,2.5939109905631997e-48,1.0,1,0,0.0,0.0,0,0.0,0
YER170W,1,0.0,0.0,0.22319496362757377,6.365707353014793e-05,1.8970628619316255e-05,42.0,1,0,0.0,0.0,0,0.0,0
YPL194W,3,0.0,0.0021249215856545102,0.19801175326697318,0.00017596218087997766,7.177759183691703e-07,3.6666666666666665,2,2,2.5,3.0,2,1.0,0
YER175C,2,0.0,0.0,0.1873284632719888,0.00010617622236552799,9.273500011563708e-07,4.0,2,0,0.0,0.0,0,0.0,0
YKL124W,1,0.0,0.0,0.20470127657406803,5.9964412057414174e-05,9.962249207505244e-07,10.0,1,0,0.0,0.0,0,0.0,0
YGL151W,2,1.0,0.0,0.22554389709309283,7.257404533753525e-05,3.671696772722296e-05,45.0,2,4,69.0,195.0,200,0.9663316582914573,0
YJL125C,2,0.0,0.00040396373603204724,0.21526552355411518,0.00013034091708420488,3.548888357483155e-05,17.0,1,1,2.0,2.0,1,0.0,1
YNR010W,3,0.3333333333333333,3.95419398993057e-05,0.24016098432396732,0.00010075048795383663,3.780179639301373e-05,53.0,3,5,70.0,195.0,211,0.9097269239449334,0
YPR168W,5,0.1,0.00046738038176368733,0.24232809174113895,0.00019751933036627487,3.849640804096448e-05,33.0,3,5,70.0,195.0,211,0.9097269239449334,1
YER180C,2,0.0,6.0175728887222266e-05,0.2144167684094957,9.834877282686313e-05,2.895525255531838e-07,33.5,2,0,0.0,0.0,0,0.0,0
YER184C,1,0.0,0.0,0.22701504023318034,6.013213072878542e-05,1.0848286657907655e-06,69.0,1,0,0.0,0.0,0,0.0,0
YER186C,1,0.0,0.0,0.20306741182919472,5.609126200121943e-05,1.1165662428578322e-07,24.0,1,0,0.0,0.0,0,0.0,0
YER188W,1,0.0,0.0,0.1975262760966478,6.223524324416907e-05,6.196618489744381e-08,19.0,1,0,0.0,0.0,0,0.0,0
YFL005W,6,0.4666666666666667,0.00012767313403222103,0.2258483222254409,0.0002035046081582008,2.5687955728169488e-06,14.833333333333334,5,1,3.0,3.0,2,1.0,1
YNL272C,2,0.0,3.2129132409636282e-06,0.1912567033467564,9.319438453594579e-05,4.5388557436373704e-08,6.0,2,0,0.0,0.0,0,0.0,1
YFL007W,2,0.0,8.09842178089619e-06,0.1988989270346394,8.559647783152596e-05,3.5977041275331813e-07,8.0,2,2,30.5,46.0,45,1.0,0
YOL115W,5,0.1,0.0003029083445001709,0.21284325983506203,0.00021156520468971275,1.5299436478508905e-07,8.4,3,3,3.3333333333333335,4.0,3,1.0,0
YPR141C,8,0.17857142857142858,0.0012373196792128307,0.2203127680674871,0.00030873723082720507,1.3184430368557966e-06,10.5,4,6,28.833333333333332,73.0,94,0.687256920613132,0
YOL133W,9,0.0,0.0027723708849576112,0.21357467997195229,0.00039088102991689593,1.4582608634430648e-06,4.777777777777778,4,4,23.5,58.0,75,0.6443243243243243,1
YFL010C,5,0.0,0.0003281835454897804,0.24618131683050404,0.00018608993919898124,4.2225689478501425e-06,48.0,3,0,0.0,0.0,0,0.0,0
YPL059W,5,0.1,0.0003389298206010988,0.22141158486582868,0.0001897124031910431,7.782633050885643e-07,9.4,3,0,0.0,0.0,0,0.0,0
YPR054W,4,0.0,0.00016524193981760674,0.2192579493513087,0.0001930179279685901,1.0571670499171118e-06,8.75,2,1,2.0,2.0,1,0.0,0
YFL011W,1,0.0,0.0,0.16442481692538147,8.119488829382005e-05,8.19492922772164e-10,3.0,1,0,0.0,0.0,0,0.0,0
YFL012W,2,1.0,0.0,0.23654394470577794,8.671101868986574e-05,5.498706194976588e-05,57.5,2,0,0.0,0.0,0,0.0,0
YPL111W,7,0.14285714285714285,0.0006934444928829048,0.2611197545782767,0.0002167142228651805,9.480559791973605e-05,61.142857142857146,5,1,2.0,2.0,1,0.0,0
YFL013C,3,0.0,0.0006122774759783622,0.2444110242150937,0.00012503753280699266,1.9690515949334346e-05,73.33333333333333,3,2,47.5,83.0,82,1.0,0
YFL014W,0,0.0,0.0,0.0,3.195568811248403e-05,4.8315357241094107e-57,0.0,0,0,0.0,0.0,0,0.0,0
YJR045C,7,0.19047619047619047,0.0006325343980555557,0.22793085508611452,0.00024439654281428074,1.0916285663692896e-06,9.285714285714286,4,5,10.2,18.0,24,0.644927536231884,1
YKL189W,1,0.0,0.0,0.19644704375637442,6.098582431300597e-05,4.6421447162281043e-07,8.0,1,1,3.0,3.0,2,1.0,1
YJR051W,1,0.0,0.0,0.20183327446201196,6.310329622568925e-05,7.247678128257885e-07,19.0,1,0,0.0,0.0,0,0.0,0
YOL058W,3,0.3333333333333333,0.00014381053764406183,0.24113270319413965,0.0001284861009957475,3.456680600804408e-06,58.0,3,0,0.0,0.0,0,0.0,0
YFL020C,2,0.0,6.656058591092812e-05,0.19298745646225735,0.00010781378383887248,3.8666556017487196e-08,5.5,2,0,0.0,0.0,0,0.0,0
YGR072W,5,0.1,0.0022736199414541925,0.22205574882751467,0.00021103030196351777,1.979470762468187e-06,6.0,3,3,192.33333333333334,559.0,558,1.0,0
YFL021W,5,0.0,0.00010668825168769401,0.22604781414468814,0.00017963150990906463,1.9381551186191116e-06,15.2,4,0,0.0,0.0,0,0.0,0
YLR068W,2,0.0,6.173842191731322e-05,0.24928467975181454,9.390354307442462e-05,7.485460061702103e-05,149.5,2,0,0.0,0.0,0,0.0,0
YLR060W,2,1.0,0.0,0.19989506667104703,0.00011271154945569493,9.485876363190084e-07,4.5,2,2,2.5,3.0,2,1.0,1
YPR047W,4,0.16666666666666666,0.0007189443033488118,0.25085142311184155,0.00018369875535655995,7.488246240080729e-05,76.75,2,1,3.0,3.0,2,1.0,0
YLR243W,3,0.0,0.00014062042300071163,0.20979487057089585,0.00013195417602161367,6.317212063507159e-07,10.0,2,0,0.0,0.0,0,0.0,1
YFL026W,3,0.0,0.0004412373309765827,0.20496166168984584,0.0001767470818850962,5.997408998203847e-07,9.0,2,0,0.0,0.0,0,0.0,0
YGR141W,2,0.0,0.00020198186801602362,0.1688471718943052,0.00017348800658251686,7.504610130150963e-09,2.0,1,0,0.0,0.0,0,0.0,0
YKL195W,2,0.0,1.829289091679474e-05,0.18780557871913092,7.84844429589769e-05,6.927168606605527e-08,22.0,2,1,8.0,8.0,7,1.0,1
YPR161C,1,0.0,0.0,0.16834408663965747,8.033322451795196e-05,2.634204140669554e-09,4.0,1,1,2.0,2.0,1,0.0,1
YFL030W,2,0.0,5.970896386420719e-06,0.16901772459318834,0.0001254573357963247,1.4668012574266108e-08,3.0,2,0,0.0,0.0,0,0.0,0
YIR016W,3,0.0,0.0003227703724370504,0.19653578925861345,0.000136884828886088,4.870140611497861e-07,4.0,2,0,0.0,0.0,0,0.0,0
YFL034W,0,0.0,0.0,0.0,3.195568811248403e-05,4.8315357241094107e-57,0.0,0,0,0.0,0.0,0,0.0,0
YFL035C,4,0.0,0.0002789433966250515,0.2366211373343124,0.00016175506610058635,1.9268434761802008e-05,27.75,3,0,0.0,0.0,0,0.0,1
YFL036W,2,0.0,0.0003565678778952844,0.19361442950728383,0.00011385602179406424,6.908632498044744e-07,4.0,2,1,2.0,2.0,1,0.0,0
YMR228W,3,0.0,3.702716179036849e-05,0.18349640351886068,0.00017537898202218263,3.122747138343727e-08,3.0,2,1,2.0,2.0,1,0.0,0
YOR265W,3,0.0,0.00023481592640118025,0.2515330845876889,0.00012663767889558181,7.532423854786003e-05,101.66666666666667,3,3,39.666666666666664,73.0,72,1.0,0
YGR080W,2,0.0,0.000110245870388338,0.2442189419012388,8.551213587743001e-05,3.7574358739839534e-05,92.0,2,3,43.666666666666664,73.0,72,1.0,0
YIL138C,1,0.0,0.0,0.20985558974620944,5.652403547768384e-05,1.7853241358997496e-05,34.0,1,3,43.666666666666664,73.0,72,1.0,0
YOR122C,6,0.13333333333333333,0.002673835707544946,0.25657680060324767,0.00022426339572268887,9.37949410203897e-05,61.333333333333336,5,3,43.666666666666664,73.0,72,1.0,1
YOR141C,1,0.0,0.0,0.20985558974620944,5.652403547768384e-05,1.7853241358997496e-05,34.0,1,2,47.5,83.0,82,1.0,0
YFL042C,2,0.0,5.2039630734393175e-05,0.22991841406979535,9.290320758834539e-05,1.8576797546210473e-05,60.0,2,0,0.0,0.0,0,0.0,0
YFL044C,1,0.0,0.0,0.1573537409949605,9.477214802486189e-05,8.450904797700585e-09,4.0,1,0,0.0,0.0,0,0.0,0
YFL045C,1,0.0,0.0,0.00021079258010118043,0.00021303792074989342,2.5939109905631997e-48,1.0,1,0,0.0,0.0,0,0.0,1
YLR343W,1,0.0,0.0,0.00021079258010118043,0.00021303792074989342,2.5939109905631997e-48,1.0,1,0,0.0,0.0,0,0.0,0
YOL152W,2,0.0,4.008077066028718e-05,0.22908305149958758,0.00010453473727779143,1.8632441424763062e-05,58.0,2,0,0.0,0.0,0,0.0,0
YFL050C,1,0.0,0.0,0.22063679029458708,6.349331199239502e-05,9.786882235304224e-07,80.0,1,0,0.0,0.0,0,0.0,0
YFL051C,2,0.0,0.0,0.00042158516020236085,0.0003224813268138062,7.350650256042896e-46,1.0,1,0,0.0,0.0,0,0.0,0
YKL026C,1,0.0,0.0,0.00028105677346824053,0.00015831621771793706,5.197694642178564e-46,2.0,1,0,0.0,0.0,0,0.0,0
YNL316C,1,0.0,0.0,0.00028105677346824053,0.00015831621771793706,5.197694642178564e-46,2.0,1,0,0.0,0.0,0,0.0,0
YFL052W,2,0.0,0.00020198186801602362,0.17577843357691586,0.00018275804711229536,4.435787023133433e-07,1.5,1,0,0.0,0.0,0,0.0,0
YFL054C,1,0.0,0.0,0.22273787789415664,5.6832186063083046e-05,1.2237962021231927e-06,78.0,1,0,0.0,0.0,0,0.0,0
YFL055W,1,0.0,0.0,0.19387327232748075,5.993898318476161e-05,5.078290023150368e-08,9.0,1,0,0.0,0.0,0,0.0,0
YFL056C,2,0.0,3.1708832212275115e-05,0.21561759582835247,8.520270966924708e-05,9.687092498647157e-07,11.5,2,0,0.0,0.0,0,0.0,0
YJL047C,5,0.0,0.0006109511677508175,0.26381154757314096,0.00017116221369702962,0.00012995228202605536,91.8,4,1,58.0,58.0,57,1.0,0
YMR095C,3,1.0,0.0,0.20445115987728124,0.00011829770059382832,3.6285686109828547e-07,8.0,3,1,2.0,2.0,1,0.0,0
YMR096W,6,0.4666666666666667,5.543533555533645e-05,0.2239763298511464,0.000211640952456081,1.4538887908509144e-06,11.833333333333334,4,1,2.0,2.0,1,0.0,0
YMR322C,4,0.5,1.979009867983012e-05,0.209139324633625,0.0001567161236326967,3.754561938026475e-07,6.75,3,0,0.0,0.0,0,0.0,0
YNL334C,5,0.1,0.0001344255306800701,0.2237344423259793,0.00016282886881370623,1.910472923909291e-05,16.4,4,0,0.0,0.0,0,0.0,0
YLR415C,1,0.0,0.0,0.00021079258010118043,0.00021303792074989342,2.5939109905631997e-48,1.0,1,0,0.0,0.0,0,0.0,0
YIL149C,2,0.0,1.015128719608886e-06,0.2295423537713643,7.439874608256388e-05,3.673058082679872e-05,38.5,2,2,309.0,559.0,613,0.8374063056435189,0
YLR178C,4,0.6666666666666666,3.2940544562116704e-07,0.22560237663496513,0.00012101133763487795,3.1560830767333804e-06,23.0,4,0,0.0,0.0,0,0.0,0
YMR129W,4,0.5,8.766578566414831e-06,0.22022355003941624,0.00013977061509441512,1.4041849756187593e-06,12.5,4,3,32.0,59.0,59,0.9812974868497955,0
YFR003C,3,0.0,0.00020595900275793857,0.2068325677963615,0.00018461106878720545,9.546947623743877e-07,2.3333333333333335,2,0,0.0,0.0,0,0.0,1
YIL064W,1,0.0,0.0,0.1701015104405954,8.352041197299183e-05,1.1944874373294338e-08,3.0,1,0,0.0,0.0,0,0.0,0
YOR147W,3,0.0,0.0001809305901832774,0.23367258733637705,0.00013953502697498346,1.3100947610663605e-06,33.333333333333336,2,0,0.0,0.0,0,0.0,0
YIR011C,2,0.0,3.970180690487875e-05,0.24079903863556026,7.097313134119211e-05,3.260176975740155e-06,96.5,2,0,0.0,0.0,0,0.0,1
YOR086C,4,0.5,1.4013738509135731e-05,0.22517034475589603,8.47363188929918e-05,4.2335337676374435e-06,28.0,4,0,0.0,0.0,0,0.0,0
YPR033C,3,0.0,1.9638495365934162e-05,0.21977854160286275,0.0001032913714982934,1.050267119107763e-06,18.666666666666668,3,0,0.0,0.0,0,0.0,1
YFR008W,7,0.14285714285714285,0.002105304805560131,0.2499004096173627,0.00020500114913764154,3.346374590571611e-06,19.857142857142858,5,1,6.0,6.0,5,1.0,0
YFR009W,2,0.0,1.1847472716734313e-06,0.22562577694371266,5.8100031954293435e-05,4.880537723389236e-06,39.5,2,4,267.5,559.0,558,1.0,0
YFR011C,1,0.0,0.0,0.17758658792671514,8.907776681204248e-05,8.925866288404966e-09,2.0,1,0,0.0,0.0,0,0.0,0
YFR013W,1,0.0,0.0,0.17048813508224264,8.60584095392616e-05,5.300872386594416e-09,2.0,1,3,29.666666666666668,83.0,82,1.0,0
YFR014C,0,0.0,0.0,0.0,3.195568811248403e-05,4.8315357241094107e-57,0.0,0,0,0.0,0.0,0,0.0,0
YJL137C,3,0.3333333333333333,0.00020198186801602362,0.1951254140217379,0.0001632983684045811,3.192607714887048e-08,6.0,2,0,0.0,0.0,0,0.0,0
YFR016C,1,0.0,0.0,0.159857293074726,9.195471961164734e-05,5.53004617481413e-10,3.0,1,0,0.0,0.0,0,0.0,0
YOR010C,3,0.0,0.00040396373603204724,0.19188092581611024,0.00021514551525596526,4.273547464253865e-08,5.0,1,0,0.0,0.0,0,0.0,0
YJL212C,1,0.0,0.0,0.1957399546040074,7.157881000356144e-05,9.107260364207156e-07,4.0,1,0,0.0,0.0,0,0.0,0
YFR018C,1,0.0,0.0,0.00021079258010118043,0.00021303792074989342,2.5939109905631997e-48,1.0,1,0,0.0,0.0,0,0.0,0
YGR105W,1,0.0,0.0,0.00021079258010118043,0.00021303792074989342,2.5939109905631997e-48,1.0,1,0,0.0,0.0,0,0.0,0
YHR103W,1,0.0,0.0,0.1953444493300107,6.613535519884214e-05,3.479714619308741e-08,11.0,1,0,0.0,0.0,0,0.0,0
YLR094C,4,0.0,0.0016225615988560438,0.26196882224535845,0.00015683037953579876,5.728501650929977e-05,95.25,4,0,0.0,0.0,0,0.0,0
YML059C,1,0.0,0.0,0.1953444493300107,6.613535519884214e-05,3.479714619308741e-08,11.0,1,0,0.0,0.0,0,0.0,0
YNL242W,2,0.0,0.00012179078105638069,0.22197643915652163,9.22383722973094e-05,7.262279700938331e-07,34.5,2,0,0.0,0.0,0,0.0,0
YFR026C,2,0.0,4.339790587855593e-06,0.23654394470577794,7.395281718712659e-05,2.554469071864612e-06,57.0,2,0,0.0,0.0,0,0.0,0
YMR076C,1,0.0,0.0,0.18845641026764862,6.974091275473633e-05,6.732964507021274e-07,4.0,1,0,0.0,0.0,0,0.0,1
YFR028C,8,0.21428571428571427,0.000593504722546893,0.2658427272244832,0.00020431623482266214,7.86468997527576e-05,61.875,6,3,32.666666666666664,83.0,82,1.0,1
YJR053W,4,0.16666666666666666,2.2132893144219242e-05,0.22939711210275074,0.00012794880205638522,1.9457793526616226e-05,12.5,4,1,2.0,2.0,1,0.0,0
YMR065W,6,0.06666666666666667,0.00017755028934271294,0.21982296149909897,0.0002070436610932467,4.3576532148278793e-07,11.166666666666666,4,2,23.0,32.0,31,1.0,0
YOL001W,3,0.0,0.00021213832102457623,0.21545742031639598,0.00014424078216780688,3.603736046811867e-07,11.0,2,4,11.75,25.0,30,0.7655172413793103,0
YJR031C,1,0.0,0.0,0.2090890676709121,5.137301243303448e-05,4.5353517799996946e-07,31.0,1,0,0.0,0.0,0,0.0,0
YML127W,2,0.0,0.00020198186801602362,0.20910916755725392,0.0001231516694654008,4.536110215946403e-07,16.0,1,2,50.0,83.0,82,1.0,1
YMR091C,2,0.0,4.265619035845766e-06,0.21213751857951374,8.067241463570736e-05,1.147555826868372e-06,17.0,2,2,50.0,83.0,82,1.0,0
YFR039C,1,0.0,0.0,0.21673472978770825,5.24173717936406e-05,4.7059852990841483e-07,68.0,1,0,0.0,0.0,0,0.0,0
YFR042W,2,0.0,3.845081710089083e-06,0.18777315512230427,0.00010466576663881416,3.415820519005965e-08,3.5,2,0,0.0,0.0,0,0.0,1
YFR044C,2,0.0,1.055393414604537e-05,0.21270797589735824,7.93399410252804e-05,6.150681503999579e-07,16.5,2,3,302.6666666666667,559.0,560,0.9928699207768975,0
YFR045W,1,0.0,0.0,0.13350875317709038,0.00012166487728447063,3.636663851650768e-11,2.0,1,0,0.0,0.0,0,0.0,0
YOL062C,3,0.3333333333333333,2.392898056104709e-05,0.21502081900996725,0.00011254901097006932,9.988451517432298e-07,12.0,3,5,33.6,95.0,104,0.8676250933532487,0
YJL141C,5,0.0,0.0007893939811539469,0.2403467339389353,0.00015798794445544902,2.1041628733299484e-05,25.0,4,0,0.0,0.0,0,0.0,0
YNL253W,2,0.0,0.00020198186801602362,0.21004809921922885,0.00011357713405169342,7.974958598121093e-07,23.5,1,2,5.0,7.0,6,1.0,0
YJR133W,4,0.0,0.0008875710482903947,0.2762934225218257,0.00013259784639391533,0.00011501990669556938,158.5,4,0,0.0,0.0,0,0.0,0
YGL001C,1,0.0,0.0,0.15666244980297686,8.741162685306615e-05,3.148510255738169e-10,4.0,1,0,0.0,0.0,0,0.0,1
YGL004C,0,0.0,0.0,0.0,3.195568811248403e-05,4.8315357241094107e-57,0.0,0,0,0.0,0.0,0,0.0,0
YGL005C,2,0.0,9.054655018445446e-05,0.23586425757813326,8.499060833339e-05,2.1519454093328102e-06,59.5,2,7,35.857142857142854,95.0,163,0.5252594107399834,0
YGL006W,1,0.0,0.0,0.1802650298760532,6.185614385824595e-05,1.8797573107234967e-08,7.0,1,0,0.0,0.0,0,0.0,0
YGL009C,1,0.0,0.0,0.1906281759279935,5.906189320211283e-05,2.250550074600019e-08,18.0,1,0,0.0,0.0,0,0.0,0
YGL010W,2,0.0,8.562819631206437e-05,0.23222569825070288,0.00011239788131911551,3.6561897695471856e-05,71.0,2,0,0.0,0.0,0,0.0,0
YGL014W,2,0.0,0.00020198186801602362,0.20766187260280036,0.00013433503977549116,8.464215330975649e-07,18.5,1,0,0.0,0.0,0,0.0,1
YNL231C,1,0.0,0.0,0.17066202067427694,8.932148852459606e-05,1.1303749424875163e-08,2.0,1,0,0.0,0.0,0,0.0,0
YGL015C,1,0.0,0.0,0.18753033454151763,6.1005267917771345e-05,2.3403780095119292e-07,7.0,1,0,0.0,0.0,0,0.0,0
YGL018C,1,0.0,0.0,0.23147199952267453,6.028899296357435e-05,5.3801410241905356e-05,108.0,1,0,0.0,0.0,0,0.0,1
YMR172W,2,0.0,1.8920931733109688e-05,0.20929024058443585,7.845411313144469e-05,1.689742937977933e-06,16.0,2,0,0.0,0.0,0,0.0,0
YNL087W,1,0.0,0.0,0.2065870283977714,4.7101892122469684e-05,1.6857569966292045e-06,25.0,1,0,0.0,0.0,0,0.0,0
YGL021W,1,0.0,0.0,0.17758658792671514,8.907776681204248e-05,8.925866288404966e-09,2.0,1,0,0.0,0.0,0,0.0,0
YLR133W,2,0.0,0.0021168037107316046,0.21800542348309618,0.00013368870839583854,6.915469224658337e-07,29.5,1,0,0.0,0.0,0,0.0,0
YGL023C,1,0.0,0.0,0.18521504666135927,5.246822981130995e-05,7.064232059097294e-08,15.0,1,0,0.0,0.0,0,0.0,0
YOL130W,5,0.0,0.0021770977395479934,0.22463552594767738,0.00017626915034210953,1.1622082833403092e-06,10.2,3,0,0.0,0.0,0,0.0,1
YGL029W,1,0.0,0.0,0.20974429809221232,5.457506237729017e-05,6.614836260694589e-07,20.0,1,0,0.0,0.0,0,0.0,1
YGL032C,2,0.0,4.21674045962471e-07,0.00042158516020236085,0.0003224813268138062,7.350650256042896e-46,1.0,1,0,0.0,0.0,0,0.0,0
YGR257C,1,0.0,0.0,0.00028105677346824053,0.00015831621771793706,5.197694642178564e-46,2.0,1,0,0.0,0.0,0,0.0,0
YNR044W,1,0.0,0.0,0.00028105677346824053,0.00015831621771793706,5.197694642178564e-46,2.0,1,0,0.0,0.0,0,0.0,0
YML124C,5,0.1,0.00010320354624719345,0.21900408915321762,0.00015552934408946364,2.184581365578439e-06,10.4,3,4,28.0,73.0,72,1.0,0
YGL037C,4,0.16666666666666666,0.000372006064286895,0.25846698140617086,0.00013049290907421186,9.332708795067086e-05,90.5,4,0,0.0,0.0,0,0.0,0
YGL040C,3,0.3333333333333333,2.2978752853751497e-05,0.24780794207271978,0.00010214968726361126,4.011110096118523e-05,96.66666666666667,3,0,0.0,0.0,0,0.0,1
YJR030C,2,0.0,0.0,0.00047428330522765596,0.0002765764510257033,7.479259605461646e-45,1.5,1,0,0.0,0.0,0,0.0,0
YGR004W,3,0.3333333333333333,5.8318334359187115e-06,0.2201455435193132,0.00011987309742501667,1.3654423032387914e-06,13.666666666666666,3,0,0.0,0.0,0,0.0,0
YGL047W,1,0.0,0.0,0.2321637350460893,6.212498816978347e-05,3.6550413758734205e-05,140.0,1,1,2.0,2.0,1,0.0,1
YGR184C,7,0.14285714285714285,0.0004427590673199647,0.22513538765414345,0.0002184729575363823,1.6690650058066145e-06,23.714285714285715,4,1,46.0,46.0,45,1.0,0
YGL050W,1,0.0,0.0,0.19051965101942928,6.439305158454755e-05,2.417510990569145e-07,17.0,1,0,0.0,0.0,0,0.0,0
YGL053W,6,0.0,0.0010467321126116252,0.19405487448274533,0.00041288869644588055,6.945232548348299e-07,2.6666666666666665,2,0,0.0,0.0,0,0.0,0
YJL134W,1,0.0,0.0,0.16136331111711982,9.044437906418064e-05,8.683211878855155e-09,6.0,1,0,0.0,0.0,0,0.0,0
YOL107W,2,0.0,0.00020198186801602362,0.16137528213318994,0.00018489095811245125,8.684569933551681e-09,3.5,1,0,0.0,0.0,0,0.0,0
YGL054C,2,0.0,2.688532467659245e-05,0.20024469442275006,0.00010584329482410661,3.315295940212736e-08,7.0,2,0,0.0,0.0,0,0.0,0
YLL043W,2,0.0,6.743507280929215e-06,0.18727201717656008,0.00011105127588251578,2.1312559816646228e-08,3.0,2,0,0.0,0.0,0,0.0,0
YKL153W,2,0.0,5.773129061506267e-05,0.22212377366632632,9.321666725603558e-05,1.9445614125467845e-06,18.0,2,0,0.0,0.0,0,0.0,1
YOL080C,1,0.0,0.0,0.1755443744110345,6.31176203458332e-05,1.3952327545035441e-08,7.0,1,0,0.0,0.0,0,0.0,0
YGL060W,2,0.0,0.0002270861616857961,0.2103019399153414,9.061630241318386e-05,9.449624076921626e-07,16.0,2,0,0.0,0.0,0,0.0,0
YIR004W,2,0.0,6.856970224109786e-05,0.22270367192365845,6.930279165496297e-05,1.0643356918640313e-06,33.0,2,0,0.0,0.0,0,0.0,1
YJL179W,3,0.0,0.00011131517790985358,0.22892634345551818,0.00011333799000945257,9.486457084902796e-07,41.666666666666664,3,2,6.5,7.0,6,1.0,0
YGR094W,4,0.0,7.042638154167104e-05,0.21658367257572897,0.00014800562150441517,1.1838872725186148e-06,8.0,3,0,0.0,0.0,0,0.0,1
YGL069C,1,0.0,0.0,0.24844476220825013,6.329793281441496e-05,7.483014955808876e-05,294.0,1,0,0.0,0.0,0,0.0,1
YKL036C,3,0.0,0.0005722307667795465,0.22280632136785145,0.0001484757973266895,1.2163797301971955e-06,22.0,2,0,0.0,0.0,0,0.0,1
YKL086W,2,0.0,0.000113820973167248,0.2138791716743851,0.00010907364293525853,2.744283034379754e-07,32.5,2,0,0.0,0.0,0,0.0,0
YKL190W,3,0.0,5.994491464837423e-05,0.2172000115341322,0.00014367687545494665,3.046212677197736e-07,22.666666666666668,2,2,3.5,4.0,3,1.0,0
YGL073W,2,0.0,1.2451409743751157e-05,0.19231351034518027,9.555372791343923e-05,3.547182531884146e-08,8.5,2,0,0.0,0.0,0,0.0,1
YGL081W,0,0.0,0.0,0.0,3.195568811248403e-05,4.8315357241094107e-57,0.0,0,0,0.0,0.0,0,0.0,0
YGL083W,1,0.0,0.0,0.00021079258010118043,0.00021303792074989342,2.5939109905631997e-48,1.0,1,0,0.0,0.0,0,0.0,0
YMR264W,1,0.0,0.0,0.00021079258010118043,0.00021303792074989342,2.5939109905631997e-48,1.0,1,2,31.5,58.0,57,1.0,0
YGL084C,3,0.0,0.00027852114040124645,0.24895657974412977,0.00018340653161083914,7.486129651644474e-05,99.0,2,0,0.0,0.0,0,0.0,1
YLR308W,1,0.0,0.0,0.19759804837301484,8.42990093371365e-05,9.36061136725941e-07,3.0,1,0,0.0,0.0,0,0.0,0
YGL087C,0,0.0,0.0,0.0,3.195568811248403e-05,4.8315357241094107e-57,0.0,0,1,2.0,2.0,1,0.0,0
YHR036W,1,0.0,0.0,0.20760241606359361,5.376579213831714e-05,9.267280403973488e-07,23.0,1,0,0.0,0.0,0,0.0,1
YPR111W,2,0.0,1.963206470641008e-05,0.21884985316306996,8.997373202205278e-05,9.922962339948635e-07,23.5,2,0,0.0,0.0,0,0.0,1
YGL093W,1,0.0,0.0,0.1968114105871372,5.8131564751465675e-05,7.018442838143213e-07,16.0,1,3,20.333333333333332,32.0,31,1.0,1
YGL094C,1,0.0,0.0,0.1914165888344187,6.23601082753938e-05,2.5881904548826427e-07,8.0,1,1,2.0,2.0,1,0.0,0
YOR364W,2,0.0,3.0400922223662667e-05,0.1925603607767303,0.00010843144404514736,4.636222196732558e-08,5.0,2,0,0.0,0.0,0,0.0,0
YGL102C,1,0.0,0.0,0.16364552307800143,9.217155316133558e-05,3.4336238478986175e-09,2.0,1,0,0.0,0.0,0,0.0,1
YHR194W,2,0.0,0.00020198186801602362,0.19736497895153415,0.00014049073028777858,2.568780744440715e-07,10.0,1,0,0.0,0.0,0,0.0,0
YGL105W,2,0.0,2.3166014903246886e-06,0.1942281454988467,8.675904066967237e-05,1.881427391059947e-07,5.0,2,1,3.0,3.0,2,1.0,0
YKL205W,6,0.06666666666666667,0.0003750104892175845,0.2352647756342563,0.00019525767208662282,3.8061404078846086e-06,17.833333333333332,4,3,74.0,131.0,130,1.0,1
YNL016W,3,0.0,2.6043702399269886e-05,0.22345863840097938,0.00010651565731477767,8.014576711748097e-07,18.666666666666668,3,2,280.5,559.0,558,1.0,0
YOR220W,3,0.0,7.368929613185919e-05,0.23258573809295205,0.00011343531630298841,1.7370180039977153e-06,40.666666666666664,3,0,0.0,0.0,0,0.0,0
YGL113W,1,0.0,0.0,0.00021079258010118043,0.00021303792074989342,2.5939109905631997e-48,1.0,1,3,31.0,56.0,56,0.9766233766233766,1
YPR194C,1,0.0,0.0,0.00021079258010118043,0.00021303792074989342,2.5939109905631997e-48,1.0,1,0,0.0,0.0,0,0.0,0
YML110C,1,0.0,0.0,0.18634953443967567,6.723348081981433e-05,3.275123269816997e-08,11.0,1,0,0.0,0.0,0,0.0,0
YMR291W,1,0.0,0.0,0.18634953443967567,6.723348081981433e-05,3.275123269816997e-08,11.0,1,0,0.0,0.0,0,0.0,0
YGL119W,1,0.0,0.0,0.24844476220825013,6.329793281441496e-05,7.483014955808876e-05,294.0,1,0,0.0,0.0,0,0.0,0
YGR161C,2,0.0,3.38285184178439e-05,0.18591949705250718,0.00010662470582372809,2.596755886316815e-08,6.0,2,0,0.0,0.0,0,0.0,0
YIL092W,4,0.0,0.0002561665096126149,0.21056658588784027,0.00020064740322185565,5.563281989760736e-07,5.5,3,0,0.0,0.0,0,0.0,0
YGL124C,1,0.0,0.0,0.18935870428851653,7.137768611716055e-05,3.4578052462958884e-08,4.0,1,1,2.0,2.0,1,0.0,0
YKL025C,4,0.0,0.0004946173255024997,0.23601780670692063,0.00018409197666235548,2.7450743642944998e-06,35.75,3,1,2.0,2.0,1,0.0,0
YGL126W,1,0.0,0.0,0.18835849811787972,5.906523890995008e-05,3.388052464815668e-08,21.0,1,0,0.0,0.0,0,0.0,0
YGL157W,3,0.0,0.0018042797397353223,0.2578847795511955,0.0001376602202963387,7.592700158850672e-05,121.66666666666667,2,0,0.0,0.0,0,0.0,0
YHR130C,3,0.0,0.00026836980858368207,0.25851305668956376,9.946840802200905e-05,7.598881444046707e-05,133.66666666666666,3,0,0.0,0.0,0,0.0,0
YIL025C,4,0.0,0.00032412514546197686,0.23207704209050825,0.00017452358830845699,1.5367388135661406e-06,25.25,2,0,0.0,0.0,0,0.0,0
YIL031W,1,0.0,0.0,0.22701504023318034,6.013213072878542e-05,1.0848286657907655e-06,69.0,1,0,0.0,0.0,0,0.0,1
YJL032W,1,0.0,0.0,0.22701504023318034,6.013213072878542e-05,1.0848286657907655e-06,69.0,1,0,0.0,0.0,0,0.0,1
YKL137W,3,0.0,0.00023028604379366562,0.229034810793823,0.00013364060166782247,1.1027852238100855e-06,25.0,2,0,0.0,0.0,0,0.0,0
YLR019W,2,0.0,0.00018684870185408717,0.2286015569874766,9.393550149673554e-05,1.3104516349981505e-06,37.5,2,0,0.0,0.0,0,0.0,0
YLR108C,4,0.3333333333333333,0.00010591467983227443,0.25240869291185125,0.00014460596372180008,2.090980733823543e-05,49.5,4,0,0.0,0.0,0,0.0,0
YMR202W,2,0.0,0.00014990495322262526,0.2575641602645591,9.147437543071634e-05,7.591497822387952e-05,181.5,2,0,0.0,0.0,0,0.0,0
YNR028W,7,0.0,0.0006607246774317497,0.2317679522150481,0.000340508951042865,1.3032630485238461e-06,13.857142857142858,3,0,0.0,0.0,0,0.0,0
YOL016C,3,0.0,6.471312726836427e-05,0.22813404462656883,0.00013108645792699945,1.588506697409911e-06,26.666666666666668,3,0,0.0,0.0,0,0.0,0
YOR162C,1,0.0,0.0,0.22701504023318034,6.013213072878542e-05,1.0848286657907655e-06,69.0,1,0,0.0,0.0,0,0.0,0
YOR289W,2,0.0,0.00011279053847198346,0.24932753917294215,8.912023112853158e-05,2.080594604663281e-05,109.5,2,0,0.0,0.0,0,0.0,0
YOR377W,2,0.0,3.581150133162798e-05,0.23099268509231538,8.658515407885598e-05,1.1198580871597317e-06,41.0,2,0,0.0,0.0,0,0.0,0
YPL064C,2,0.0,2.7645761012436953e-05,0.2286976938983687,8.738390481531443e-05,1.1094807258507343e-06,39.0,2,2,325.0,559.0,558,1.0,0
YGL131C,0,0.0,0.0,0.0,3.195568811248403e-05,4.8315357241094107e-57,0.0,0,0,0.0,0.0,0,0.0,0
YOR054C,1,0.0,0.0,0.00028105677346824053,0.00015831621771793706,5.197694642178564e-46,2.0,1,0,0.0,0.0,0,0.0,0
YGL138C,1,0.0,0.0,0.18291776955216396,6.855563133702692e-05,1.0925399287413665e-08,10.0,1,0,0.0,0.0,0,0.0,0
YGL139W,1,0.0,0.0,0.159857293074726,9.195471961164734e-05,5.53004617481413e-10,3.0,1,0,0.0,0.0,0,0.0,0
YGL145W,5,0.0,0.00045162371524556856,0.2394735636609604,0.00018147407895955896,1.8762471982670504e-05,34.4,4,1,6.0,6.0,5,1.0,1
YGL148W,1,0.0,0.0,0.13810724202497277,0.00011114209019214255,1.085918659501363e-10,2.0,1,0,0.0,0.0,0,0.0,0
YGL150C,1,0.0,0.0,0.18613426736100064,6.68801347344622e-05,1.4247217887329279e-08,11.0,1,2,47.5,83.0,82,1.0,1
YLR284C,5,0.2,0.00012426399076873734,0.24731489005904542,0.00016800861862915797,4.219419767693646e-06,55.8,4,0,0.0,0.0,0,0.0,0
YOL105C,3,0.0,3.2638799924293906e-05,0.20875797653688427,0.00013471945812855286,2.1407444047607981e-07,11.333333333333334,3,0,0.0,0.0,0,0.0,0
YGL254W,5,0.0,0.000668330377330751,0.24551445999033117,0.0001779333574512809,3.2697212865276843e-06,36.0,3,0,0.0,0.0,0,0.0,0
YGL155W,1,0.0,0.0,0.15867951384282264,7.46486698734472e-05,6.8185141838455e-10,4.0,1,2,4.0,6.0,5,1.0,1
YGL156W,3,0.3333333333333333,1.1417069427697882e-05,0.2229204873451869,0.00010899219649818153,1.5777309821327924e-06,11.333333333333334,3,0,0.0,0.0,0,0.0,0
YNR064C,2,0.0,2.9802438606967583e-05,0.2089785873296507,0.00010834312072722558,9.611498693302856e-07,7.5,2,0,0.0,0.0,0,0.0,0
YGL158W,0,0.0,0.0,0.0,3.195568811248403e-05,4.8315357241094107e-57,0.0,0,0,0.0,0.0,0,0.0,0
YGL210W,3,0.6666666666666666,3.524294933579289e-07,0.21555349705339483,0.00011037918926665378,1.9906647655271974e-06,19.666666666666668,3,0,0.0,0.0,0,0.0,0
YNL093W,5,0.5,4.463253306760298e-05,0.2203127680674871,0.00017970827031616688,2.9755985215434055e-06,14.6,4,0,0.0,0.0,0,0.0,0
YNL304W,4,0.3333333333333333,7.392052089877817e-05,0.22983338956250557,0.00013197222804490805,2.6285364492801205e-06,20.25,4,0,0.0,0.0,0,0.0,0
YGL166W,8,0.0,0.0008391134316832177,0.24997220357553823,0.00028945849768872555,4.935236734192052e-06,31.375,4,0,0.0,0.0,0,0.0,1
YJL154C,5,0.5,0.0001044350570445532,0.20872792933016687,0.00020118882263354292,3.3862802546633223e-07,5.6,4,4,32.0,95.0,94,1.0,0
YLL028W,1,0.0,0.0,0.19823732028746321,6.27748827922421e-05,6.234207277814459e-08,8.0,1,0,0.0,0.0,0,0.0,0
YML006C,2,0.0,1.689341486499579e-05,0.20960282477494063,9.319259004548369e-05,3.107148138818996e-07,7.0,2,0,0.0,0.0,0,0.0,0
YLL024C,11,0.07272727272727272,0.0022784475624918576,0.2518097025541858,0.00033602162520360263,4.171545179493619e-05,27.818181818181817,5,1,11.0,11.0,10,1.0,0
YGL174W,0,0.0,0.0,0.0,3.195568811248403e-05,4.8315357241094107e-57,0.0,0,3,217.66666666666666,559.0,559,0.9964285943280692,0
YGL180W,4,0.0,0.0001032788605827503,0.23222569825070288,0.0001570333011928304,7.997442560054808e-07,20.0,3,0,0.0,0.0,0,0.0,1
YML112W,3,0.0,0.0002783760641055621,0.21202379409467653,0.0001570047812912875,8.566514115569961e-07,13.666666666666666,2,3,74.33333333333333,195.0,214,0.8490632267122987,0
YGR241C,6,0.13333333333333333,0.0012385451030774112,0.26334844013490727,0.00022068959794814842,9.698477313292542e-05,68.83333333333333,4,0,0.0,0.0,0,0.0,0
YIL010W,2,0.0,0.0003288698924617094,0.23847592123163228,8.956394089262345e-05,7.268072361906501e-05,65.0,2,0,0.0,0.0,0,0.0,0
YIL057C,2,0.0,4.4869045126499976e-05,0.22540366981133972,9.141258560399762e-05,1.920365894123165e-05,24.0,2,0,0.0,0.0,0,0.0,0
YIL122W,1,0.0,0.0,0.21812565710848172,5.954788814860432e-05,1.8280334153119977e-05,43.0,1,0,0.0,0.0,0,0.0,0
YLL019C,2,0.0,0.00020198186801602362,0.21814753201768378,0.00013596086783898944,1.8283190433247108e-05,22.0,1,0,0.0,0.0,0,0.0,0
YNR068C,3,0.0,0.00017829664413506307,0.2295423537713643,0.0001207618397004541,1.8474022518150057e-05,25.333333333333332,3,0,0.0,0.0,0,0.0,0
YOR384W,1,0.0,0.0,0.21812565710848172,5.954788814860432e-05,1.8280334153119977e-05,43.0,1,0,0.0,0.0,0,0.0,0
YPL156C,1,0.0,0.0,0.21812565710848172,5.954788814860432e-05,1.8280334153119977e-05,43.0,1,0,0.0,0.0,0,0.0,0
YPL188W,1,0.0,0.0,0.21812565710848172,5.954788814860432e-05,1.8280334153119977e-05,43.0,1,0,0.0,0.0,0,0.0,0
YGL184C,1,0.0,0.0,0.17163830950521436,8.429552912749288e-05,5.844629603343949e-09,2.0,1,0,0.0,0.0,0,0.0,0
YGL194C,1,0.0,0.0,0.17151650822111839,6.949551992063547e-05,1.2788007083136102e-08,7.0,1,3,56.333333333333336,133.0,132,1.0,0
YMR215W,1,0.0,0.0,0.20960282477494063,5.84824403433875e-05,1.2132033202911941e-06,21.0,1,0,0.0,0.0,0,0.0,0
YGL202W,1,0.0,0.0,0.2097240759269508,4.8196678977180825e-05,4.449846381141922e-07,49.0,1,0,0.0,0.0,0,0.0,0
YMR209C,1,0.0,0.0,0.1972933758572703,9.295973018680107e-05,9.358163253122088e-07,2.0,1,0,0.0,0.0,0,0.0,0
YML069W,3,0.3333333333333333,4.728307863199207e-05,0.2039718801176177,0.00011665866924627912,3.036697686768735e-07,9.333333333333334,2,3,9.333333333333334,19.0,23,0.6640316205533597,1
YGL208W,1,0.0,0.0,0.17975854189854837,6.422026539727086e-05,1.777358954033381e-08,7.0,1,4,7.5,16.0,15,1.0,0
YMR053C,4,0.5,2.9240208032230004e-05,0.21873981753877358,0.00012787694468563513,2.7869513921060614e-07,14.5,4,6,73.16666666666667,195.0,255,0.7764397097421646,0
YHL022C,1,0.0,0.0,0.17576423040678196,6.700245074652437e-05,1.3214357423334414e-08,6.0,1,1,3.0,3.0,2,1.0,0
YGL215W,2,0.0,9.581437084896173e-05,0.24191037761502823,8.846755940325631e-05,1.9793637622129058e-05,85.5,2,1,14.0,14.0,13,1.0,0
YGL220W,2,0.0,3.071943393828196e-05,0.20836803635368875,9.659193803218633e-05,1.5542249823069062e-07,16.5,2,0,0.0,0.0,0,0.0,0
YGL221C,2,0.0,1.3077235112998677e-05,0.24331746258549594,8.277220408530446e-05,3.940348985479815e-06,114.0,2,0,0.0,0.0,0,0.0,0
YGL222C,2,0.0,0.00036650521932129847,0.25828284439733246,9.163123766550528e-05,0.00012863155979999413,201.0,2,0,0.0,0.0,0,0.0,0
YGL225W,3,0.0,0.0006826623265497271,0.26050995395381243,0.00012827033282451048,0.00012891718544776165,141.0,3,0,0.0,0.0,0,0.0,1
YGL226W,1,0.0,0.0,0.2321637350460893,6.212498816978347e-05,3.6550413758734205e-05,140.0,1,0,0.0,0.0,0,0.0,0
YJL178C,1,0.0,0.0,0.21140561888472073,6.438756671672463e-05,1.4178884260047389e-06,11.0,1,0,0.0,0.0,0,0.0,0
YOR062C,2,1.0,0.0,0.24446596038596696,9.337566711647082e-05,2.1139005806846783e-05,80.5,2,0,0.0,0.0,0,0.0,0
YKL110C,4,0.16666666666666666,0.0001156058947905226,0.1935541322698166,0.00020883785229239927,2.4847147251454657e-07,3.75,3,0,0.0,0.0,0,0.0,0
YOR161C,1,0.0,0.0,0.15354401888292044,9.044577011522897e-05,2.0067345519961295e-10,3.0,1,0,0.0,0.0,0,0.0,0
YGL234W,2,0.0,0.00020198186801602362,0.20267953557086735,0.0001319566330789201,3.497173334012746e-05,10.5,1,0,0.0,0.0,0,0.0,0
YOR298W,1,0.0,0.0,0.167282509748478,8.811926626724935e-05,4.3712131704157534e-07,2.0,1,0,0.0,0.0,0,0.0,0
YLR407W,1,0.0,0.0,0.00021079258010118043,0.00021303792074989342,2.5939109905631997e-48,1.0,1,0,0.0,0.0,0,0.0,0
YGL236C,5,0.0,0.0005186345564588931,0.2523647677376105,0.00018665540719488798,7.38448701768262e-05,55.4,3,1,2.0,2.0,1,0.0,1
YPL179W,2,0.0,2.2428706058782153e-05,0.2026228974443979,8.95254734317968e-05,9.334187135293404e-07,6.5,2,0,0.0,0.0,0,0.0,0
YGL238W,3,0.0,0.00011931845319273681,0.2477938275917678,0.00010224737767255848,4.8340890286455835e-06,64.0,3,1,59.0,59.0,58,1.0,1
YGL242C,1,0.0,0.0,0.18523081836882818,6.231126254821904e-05,2.3483555820914867e-07,6.0,1,0,0.0,0.0,0,0.0,0
YGL244W,2,0.0,4.9302247383748404e-06,0.22224859417770973,6.494435192340857e-05,6.868749860306674e-07,27.5,2,3,33.333333333333336,74.0,85,0.7873949579831933,0
YKL098W,1,0.0,0.0,0.18051185556734858,6.199835471284917e-05,9.575999054811264e-09,7.0,1,0,0.0,0.0,0,0.0,0
YMR068W,4,0.16666666666666666,0.00021478000192757821,0.2385413000893008,0.00014101277894376074,1.8474423200619565e-06,22.5,4,1,8.0,8.0,7,1.0,0
YGL253W,0,0.0,0.0,0.0,3.195568811248403e-05,4.8315357241094107e-57,0.0,0,0,0.0,0.0,0,0.0,0
YHR215W,3,0.0,7.093031175321894e-05,0.2265303947424456,0.00013996052919584527,1.023857480866617e-06,29.0,2,1,3.0,3.0,2,1.0,0
YGL256W,1,0.0,0.0,0.13111863264100868,0.00010915010085950447,3.873225486026921e-11,2.0,1,0,0.0,0.0,0,0.0,0
YLR146C,2,0.0,0.00020198186801602362,0.15191410821386508,0.00018429242279715145,3.0855773076389778e-09,1.5,1,0,0.0,0.0,0,0.0,0
YGL258W,1,0.0,0.0,0.22319496362757377,6.365707353014793e-05,1.8970628619316255e-05,42.0,1,0,0.0,0.0,0,0.0,0
YGL259W,2,0.0,0.00037669094369231163,0.22484450002732273,0.00010857181453492561,1.8991940541092032e-05,24.5,2,0,0.0,0.0,0,0.0,0
YGR003W,1,0.0,0.0,0.16897177267365782,8.402539236174978e-05,1.2336247978054816e-08,3.0,1,2,31.5,58.0,57,1.0,0
YLR297W,3,0.0,0.000437209633998802,0.20516464187826775,0.00018346892433945182,9.848182801048139e-07,4.333333333333333,2,0,0.0,0.0,0,0.0,0
YMR183C,3,0.0,6.742166414744923e-05,0.20764204997273136,0.00013050430012252973,9.648535697193818e-07,8.666666666666666,3,4,33.0,95.0,94,1.0,0
YGR010W,6,0.13333333333333333,0.00010612647701219501,0.24341275840813895,0.0001958980953882707,3.4957889572900035e-06,34.666666666666664,4,0,0.0,0.0,0,0.0,0
YIL009W,3,0.0,0.00017258170983822766,0.21742796896539895,8.136446048211239e-05,1.5874213042108098e-06,33.0,3,0,0.0,0.0,0,0.0,0
YGR016W,1,0.0,0.0,0.18416442581503906,5.9195525004376566e-05,7.500201621796756e-08,6.0,1,0,0.0,0.0,0,0.0,0
YGR017W,2,0.0,0.0023179422306557032,0.1755656267566048,0.00018000985819849208,4.4769790310068595e-09,2.0,1,0,0.0,0.0,0,0.0,0
YLR403W,2,0.0,0.002116803710731604,0.1483804990118918,0.00021557272857508793,5.635403392495124e-11,1.5,1,0,0.0,0.0,0,0.0,1
YGR021W,1,0.0,0.0,0.21507396831266895,4.687161593798145e-05,9.034242478390095e-07,47.0,1,0,0.0,0.0,0,0.0,0
YGR023W,1,0.0,0.0,0.18688587271913173,9.201478899875938e-05,4.5714625720368746e-07,2.0,1,0,0.0,0.0,0,0.0,0
YLR460C,2,0.0,0.00020198186801602362,0.23218851635953824,0.0001398670959251427,3.655613160088725e-05,70.5,1,0,0.0,0.0,0,0.0,0
YGR024C,5,0.0,0.0003434074735370081,0.243822015974257,0.00020318571909649477,3.1829136911898216e-06,36.8,3,0,0.0,0.0,0,0.0,1
YPL110C,2,0.0,8.081979876053711e-06,0.21753668838585266,7.569854592365872e-05,6.007417545001419e-06,26.5,2,2,452.5,559.0,558,1.0,0
YGR026W,1,0.0,0.0,0.21189987000285754,6.390567794274597e-05,9.996694559218952e-07,9.0,1,0,0.0,0.0,0,0.0,0
YGR031W,1,0.0,0.0,0.23147199952267453,6.028899296357435e-05,5.3801410241905356e-05,108.0,1,0,0.0,0.0,0,0.0,0
YGR035C,4,0.16666666666666666,0.00040396373603204724,0.24240910631463017,0.00023211334724415971,5.553840807454704e-05,46.0,2,0,0.0,0.0,0,0.0,0
YOR031W,1,0.0,0.0,0.19345085290713984,8.189676579752036e-05,6.943828613538632e-07,4.0,1,0,0.0,0.0,0,0.0,0
YOR118W,1,0.0,0.0,0.19345085290713984,8.189676579752036e-05,6.943828613538632e-07,4.0,1,0,0.0,0.0,0,0.0,0
YGR041W,1,0.0,0.0,0.00021079258010118043,0.00021303792074989342,2.5939109905631997e-48,1.0,1,0,0.0,0.0,0,0.0,0
YPL251W,1,0.0,0.0,0.00021079258010118043,0.00021303792074989342,2.5939109905631997e-48,1.0,1,0,0.0,0.0,0,0.0,1
YGR042W,1,0.0,0.0,0.24844476220825013,6.329793281441496e-05,7.483014955808876e-05,294.0,1,0,0.0,0.0,0,0.0,0
YOR271C,2,0.0,0.0021168037107316038,0.22864961533760803,0.0001400866765784191,1.8566887978750526e-05,57.0,1,0,0.0,0.0,0,0.0,1
YGR046W,1,0.0,0.0,0.19973904921852384,5.462377373205567e-05,5.523126414962726e-07,24.0,1,0,0.0,0.0,0,0.0,1
YLR257W,2,0.0,6.630827042019743e-05,0.1824804425581422,0.00011708425973579715,1.2047127360835165e-08,6.5,2,0,0.0,0.0,0,0.0,0
YPL222W,3,0.0,0.00010157218133014474,0.20677358512493668,0.0001300689814419984,4.990918437657965e-07,8.666666666666666,3,0,0.0,0.0,0,0.0,0
YGR052W,2,0.0,6.136356100334486e-06,0.1918386202940589,0.00012063643745893087,8.995593138829838e-07,2.5,2,0,0.0,0.0,0,0.0,0
YJL086C,3,0.0,0.0002479195659342986,0.23668550302098187,0.00013468584101345742,7.183553596958609e-05,47.333333333333336,2,0,0.0,0.0,0,0.0,1
YPL060W,2,0.0,3.195002888404036e-05,0.20300108399181874,0.00011647247928139011,1.3504153588288945e-07,17.0,2,0,0.0,0.0,0,0.0,0
YGR053C,1,0.0,0.0,0.22862558363701024,6.227758591752623e-05,1.8563983634330408e-05,113.0,1,0,0.0,0.0,0,0.0,0
YOR097C,4,0.0,0.0012819275536773936,0.25286348334953024,0.0001754771191118561,7.557679158610123e-05,78.0,3,0,0.0,0.0,0,0.0,0
YGR059W,2,0.0,3.522940464743422e-06,0.2040771287657692,8.633619537940925e-05,2.680170368261721e-07,7.5,2,3,29.333333333333332,73.0,72,1.0,0
YJL202C,1,0.0,0.0,0.15666244980297686,8.741162685306615e-05,3.148510255738169e-10,4.0,1,0,0.0,0.0,0,0.0,1
YGR065C,1,0.0,0.0,0.22011212906798217,5.907905924145668e-05,1.7064090803814028e-06,11.0,1,0,0.0,0.0,0,0.0,1
YJL199C,11,0.03636363636363636,0.003844086401896495,0.2857857341541528,0.0003486857920604524,0.00013641672441589878,75.72727272727273,8,0,0.0,0.0,0,0.0,0
YGR071C,3,0.0,0.00041249422080152746,0.2199229719456409,0.00015708808419650055,7.119245995100595e-07,6.0,2,0,0.0,0.0,0,0.0,0
YHR109W,2,0.0,0.00020198186801602362,0.17887164834424257,0.0001635084381164539,9.060103919894526e-09,2.0,1,0,0.0,0.0,0,0.0,0
YIL008W,6,0.0,0.002744164212877013,0.26534009703761086,0.00019102728720142494,0.00012065486757436975,74.16666666666667,4,0,0.0,0.0,0,0.0,0
YKL149C,1,0.0,0.0,0.1802650298760532,6.770187517324714e-05,2.5275750970713787e-08,5.0,1,0,0.0,0.0,0,0.0,0
YGR073C,2,0.0,0.00010462175250985558,0.2206815578283792,0.00011674059904088192,9.79025924221172e-07,41.0,2,0,0.0,0.0,0,0.0,1
YML119W,2,0.0,2.2185424665269618e-06,0.18957323765866346,0.00012618191205957305,2.6161520751964744e-08,2.0,2,0,0.0,0.0,0,0.0,0
YKL183W,3,0.0,0.0002692157459393947,0.23468099207188844,0.0001387746321043091,5.4853958841659796e-05,45.666666666666664,2,0,0.0,0.0,0,0.0,0
YKL188C,1,0.0,0.0,0.2097240759269508,4.8196678977180825e-05,4.449846381141922e-07,49.0,1,1,2.0,2.0,1,0.0,0
YLR440C,3,0.0,2.6491509640105133e-05,0.2183226893676252,0.00011146893668120459,1.14595741959199e-06,20.333333333333332,3,1,6.0,6.0,5,1.0,1
YGR079W,3,0.0,0.00021408117439132487,0.22282914520736877,0.00012605028347816008,9.682524640147887e-06,26.0,2,0,0.0,0.0,0,0.0,0
YNL081C,1,0.0,0.0,0.18077438008097182,6.767157487564886e-05,1.2805731882545752e-07,3.0,1,5,209.8,559.0,560,0.9958727319192435,0
YHR117W,9,0.7777777777777778,0.00012737574635833808,0.21949024928251185,0.000255825405672588,2.393411924958218e-06,10.88888888888889,8,2,13.5,18.0,17,1.0,0
YMR060C,8,1.0,0.0,0.21280161568326492,0.00023383591226407523,2.082900623522821e-06,10.125,8,3,10.333333333333334,18.0,20,0.7315789473684211,0
YMR203W,11,0.5272727272727272,5.453878466000632e-05,0.21377407650870558,0.00033514660979151154,3.94515636969629e-06,8.0,8,4,10.5,18.0,18,0.9281045751633987,1
YNL121C,9,0.7777777777777778,5.105439431146213e-05,0.21592794476020785,0.00026280203956386767,2.1119635263298985e-06,9.777777777777779,8,4,10.5,18.0,18,0.9281045751633987,0
YNL131W,10,0.6444444444444445,0.0007019129092318327,0.23766819071448608,0.0002951957407638504,5.582098786517849e-05,17.1,8,4,10.5,18.0,18,0.9281045751633987,1
YGR251W,1,0.0,0.0,0.19811093948217978,4.6429743982718516e-05,5.180797182789144e-07,28.0,1,0,0.0,0.0,0,0.0,1
YPL004C,3,0.0,0.0005046740988286628,0.2503173895873802,0.00016123827294587523,7.487098772857946e-05,100.66666666666667,2,1,2.0,2.0,1,0.0,0
YPR030W,1,0.0,0.0,0.16691027166808622,7.379067686419049e-05,6.2160026604765295e-09,6.0,1,0,0.0,0.0,0,0.0,0
YGR088W,1,0.0,0.0,0.23791513896033403,5.789570613470542e-05,2.7165527833566224e-06,150.0,1,1,2.0,2.0,1,0.0,0
YHL010C,1,0.0,0.0,0.18084952739560475,6.017582413358554e-05,1.010786302439417e-08,10.0,1,0,0.0,0.0,0,0.0,0
YLR086W,4,0.3333333333333333,9.195717218846788e-06,0.21225136512800252,0.00013507347557810808,8.090259877842171e-07,17.0,4,1,5.0,5.0,4,1.0,1
YKL116C,2,0.0,0.00020198186801602362,0.18644536860498276,0.00016129271301594146,2.992973066801669e-08,2.0,1,0,0.0,0.0,0,0.0,0
YGR100W,2,0.0,9.467320212640905e-05,0.22286338973560102,9.379691552783567e-05,1.0070456703354186e-06,45.5,2,0,0.0,0.0,0,0.0,0
YGR101W,3,0.0,0.0002125166167459706,0.1756081468890235,0.0001968961834363878,2.0497780143215648e-08,3.0,2,0,0.0,0.0,0,0.0,0
YJL213W,1,0.0,0.0,0.14840074467965164,8.783254613429565e-05,2.6141616008338406e-10,3.0,1,2,452.5,559.0,558,1.0,0
YPL009C,1,0.0,0.0,0.2154360815602985,3.9987249598509906e-05,9.599839871735502e-06,79.0,1,2,452.5,559.0,558,1.0,0
YGR110W,1,0.0,0.0,0.23147199952267453,6.028899296357435e-05,5.3801410241905356e-05,108.0,1,0,0.0,0.0,0,0.0,0
YOL151W,3,0.0,0.0001548215575669497,0.21582082701799127,0.00012778985464642682,1.201185601205899e-06,14.333333333333334,2,0,0.0,0.0,0,0.0,0
YLR329W,2,0.0,3.714859495845564e-05,0.20427835991119256,9.283366929722543e-05,7.954545297213809e-08,11.5,2,1,3.0,3.0,2,1.0,0
YPR045C,2,0.0,1.9006285776410166e-05,0.2153934167258475,9.212471013733793e-05,1.4127639755949714e-07,21.5,2,0,0.0,0.0,0,0.0,0
YGR115C,1,0.0,0.0,0.1698889499776893,7.181917669263357e-05,1.1111878917247713e-09,5.0,1,0,0.0,0.0,0,0.0,1
YPR083W,2,1.0,0.0,0.22454277321438285,7.98204288886976e-05,1.5170549463950474e-06,25.5,2,0,0.0,0.0,0,0.0,0
YOR353C,3,0.0,1.8604465816553255e-05,0.22498403221951013,0.00010936227621235613,9.54436692361583e-07,15.333333333333334,3,1,3.0,3.0,2,1.0,1
YGR122W,2,0.0,7.065357161022392e-05,0.23518846529509502,9.797120435401177e-05,3.6578724745760036e-05,74.0,2,0,0.0,0.0,0,0.0,0
YMR008C,1,0.0,0.0,0.18291776955216396,6.855563133702692e-05,1.0925399287413665e-08,10.0,1,0,0.0,0.0,0,0.0,0
YNL011C,1,0.0,0.0,0.18291776955216396,6.855563133702692e-05,1.0925399287413665e-08,10.0,1,0,0.0,0.0,0,0.0,0
YGR126W,1,0.0,0.0,0.1825953257377935,7.657203319768162e-05,1.1172185733603793e-08,3.0,1,0,0.0,0.0,0,0.0,0
YGR133W,1,0.0,0.0,0.18440641874485705,8.079099822076644e-05,2.2282302157794695e-08,3.0,1,0,0.0,0.0,0,0.0,0
YIL108W,3,0.0,0.00021416838546296663,0.21241717841065708,0.00014733395299662403,3.507223548269884e-05,9.666666666666666,2,0,0.0,0.0,0,0.0,0
YMR265C,1,0.0,0.0,0.14354349449084955,0.00010484320949416867,9.39208241238852e-11,2.0,1,0,0.0,0.0,0,0.0,0
YGR142W,2,0.0,5.034479057730699e-05,0.20055855758015248,0.00011153551418556067,4.052133948088715e-08,7.5,2,0,0.0,0.0,0,0.0,0
YNL141W,3,0.0,1.4305225911494108e-05,0.18638945336655102,0.00017663590509276304,1.8734322437905046e-08,2.0,2,0,0.0,0.0,0,0.0,0
YGR143W,4,0.16666666666666666,6.254400329512595e-05,0.1958280622537211,0.00016062517376508545,5.606144778526276e-08,5.5,4,2,3.5,5.0,4,1.0,0
YIL121W,1,0.0,0.0,0.21626068653520245,4.00349213551703e-05,8.26522297761031e-06,86.0,1,0,0.0,0.0,0,0.0,0
YGR149W,2,0.0,0.00020198186801602362,0.19710566468959168,0.00015021988559019449,2.856704523755831e-07,11.0,1,0,0.0,0.0,0,0.0,0
YNL219C,1,0.0,0.0,0.16346720639620754,9.634043804139178e-05,3.576695044425474e-09,2.0,1,0,0.0,0.0,0,0.0,0
YGR153W,2,0.0,2.0626381204115798e-05,0.23484568048737747,8.821215188556428e-05,3.6594547037659544e-05,74.5,2,0,0.0,0.0,0,0.0,0
YPR121W,1,0.0,0.0,0.17270806792491733,7.744221943483892e-05,7.047821338639476e-08,2.0,1,0,0.0,0.0,0,0.0,0
YMR260C,1,0.0,0.0,0.1624114768741803,7.382046980279313e-05,6.612649787284343e-09,4.0,1,5,240.0,559.0,589,0.9439786101197695,1
YMR300C,1,0.0,0.0,0.1624114768741803,7.382046980279313e-05,6.612649787284343e-09,4.0,1,0,0.0,0.0,0,0.0,0
YGR192C,7,0.09523809523809523,0.002454600172160144,0.22123143814028315,0.00027376302266753083,1.918324436557418e-06,10.857142857142858,4,0,0.0,0.0,0,0.0,0
YGR163W,2,1.0,0.0,0.20117994131924474,0.00010757323897587635,1.1604879595147252e-06,5.5,2,2,4.0,5.0,4,1.0,0
YML121W,7,0.047619047619047616,0.003037543011207259,0.2544161538613256,0.00026242402541647885,9.163001986886263e-05,41.285714285714285,4,1,5.0,5.0,4,1.0,0
YPL265W,1,0.0,0.0,0.17274921501860976,7.79880153686323e-05,1.5071520412374814e-08,3.0,1,0,0.0,0.0,0,0.0,0
YGR166W,2,1.0,0.0,0.2516640383541776,9.041879543108023e-05,7.648097016671591e-05,151.5,2,2,52.5,95.0,94,1.0,0
YGR168C,1,0.0,0.0,0.1659109233097654,7.631587438349145e-05,6.276178309496884e-09,4.0,1,0,0.0,0.0,0,0.0,0
YGR177C,1,0.0,0.0,0.20914937892546837,5.8732828984117496e-05,1.0251012923018526e-06,18.0,1,0,0.0,0.0,0,0.0,0
YGR174C,1,0.0,0.0,0.17414603438590456,6.803254067517563e-05,1.957695398497477e-09,5.0,1,0,0.0,0.0,0,0.0,0
YHR121W,5,0.0,7.761139570189623e-05,0.241480696660117,0.0001300049836674699,5.844204747888993e-06,21.4,5,2,452.5,559.0,558,1.0,0
YJL035C,2,0.0,0.00020198186801602362,0.20271731191597164,0.00013649258378523472,4.980109428438925e-07,4.5,1,0,0.0,0.0,0,0.0,1
YPL066W,2,0.0,3.857036981305962e-06,0.22368842773554773,8.24263339939309e-05,1.7719100411610354e-06,24.0,2,0,0.0,0.0,0,0.0,0
YPL177C,1,0.0,0.0,0.18228929150375714,5.850999167573717e-05,2.1158666877304473e-08,7.0,1,0,0.0,0.0,0,0.0,0
YGR185C,2,0.0,1.4442869602221939e-05,0.2092499750386546,7.729248299340312e-05,5.72206491942542e-07,16.0,2,0,0.0,0.0,0,0.0,1
YGR188C,2,0.0,4.070246495345383e-05,0.22041322479626446,0.00010008268124906363,6.259668746213441e-07,18.5,2,3,33.333333333333336,55.0,54,1.0,0
YGR191W,3,0.0,2.2230133329906407e-05,0.21397384571260417,0.00013458416612253807,1.4799317012019554e-06,12.0,2,0,0.0,0.0,0,0.0,1
YLR283W,2,0.0,8.991242083991752e-05,0.24904208775709358,0.00010149141491362957,7.484866353924415e-05,148.5,2,0,0.0,0.0,0,0.0,0
YGR282C,1,0.0,0.0,0.17972141244386614,6.521758422027281e-05,2.4172003450435377e-08,7.0,1,0,0.0,0.0,0,0.0,0
YJR009C,5,0.1,0.0008507928944818961,0.23747359339676136,0.0002219977774750326,3.679947020170329e-05,34.0,3,0,0.0,0.0,0,0.0,0
YNL037C,8,0.10714285714285714,0.0003342365898880036,0.2306987077648037,0.00026684489092509327,1.275140554094002e-06,10.375,4,1,2.0,2.0,1,0.0,0
YGR200C,4,0.6666666666666666,1.4858776870175124e-05,0.19064488304244817,0.0001806138972413028,5.418800605463077e-08,6.25,3,1,6.0,6.0,5,1.0,0
YMR312W,6,0.26666666666666666,0.001766130746943223,0.20359959898112448,0.0002836989613176372,2.9505226618283736e-07,4.166666666666667,3,1,6.0,6.0,5,1.0,0
YPL086C,5,0.5,0.0006013513904699335,0.19065323769791262,0.00022756820535532664,5.424278187447127e-08,5.2,3,3,78.66666666666667,195.0,199,0.9507639206131668,0
YGR208W,2,0.0,1.0947873871181528e-05,0.20903883485626887,9.391978389355676e-05,1.0146077459424777e-06,9.5,2,0,0.0,0.0,0,0.0,0
YGR211W,4,0.0,0.00025947516296677257,0.22154688756065935,0.00015820248772089278,1.507510103056412e-06,8.75,4,0,0.0,0.0,0,0.0,1
YGR213C,2,0.0,1.3461626319496124e-05,0.188775328952038,0.0001271249297977364,6.804331491833719e-07,3.5,2,0,0.0,0.0,0,0.0,0
YHR082C,1,0.0,0.0,0.2244037876426816,5.9410110270012165e-05,1.0536908303185695e-06,60.0,1,0,0.0,0.0,0,0.0,1
YHR108W,1,0.0,0.0,0.2244037876426816,5.9410110270012165e-05,1.0536908303185695e-06,60.0,1,0,0.0,0.0,0,0.0,0
YJR061W,1,0.0,0.0,0.2244037876426816,5.9410110270012165e-05,1.0536908303185695e-06,60.0,1,0,0.0,0.0,0,0.0,0
YJR134C,3,0.3333333333333333,0.00015363991160764873,0.2456392203166771,0.000118701814205199,2.0803165657965614e-05,73.66666666666667,3,0,0.0,0.0,0,0.0,0
YLL060C,1,0.0,0.0,0.2244037876426816,5.9410110270012165e-05,1.0536908303185695e-06,60.0,1,0,0.0,0.0,0,0.0,0
YML117W,4,0.0,7.440615346854048e-05,0.24292345921205358,0.00012651311160627438,3.760962202743407e-05,38.75,3,0,0.0,0.0,0,0.0,0
YML120C,1,0.0,0.0,0.2244037876426816,5.9410110270012165e-05,1.0536908303185695e-06,60.0,1,2,35.0,56.0,55,1.0,0
YMR180C,2,0.0,0.00019627522666763368,0.22693214913299609,9.241117603588428e-05,1.1780014721759809e-06,35.0,2,0,0.0,0.0,0,0.0,0
YNL164C,2,0.0,1.810622933781478e-05,0.22729969859083948,8.863947235485375e-05,1.0931503078263258e-06,33.5,2,0,0.0,0.0,0,0.0,0
YOR177C,5,0.0,0.00016508596327149234,0.23949993014195806,0.00015695643198893508,2.427508447218062e-06,24.6,4,0,0.0,0.0,0,0.0,0
YOR184W,3,0.0,9.403280980381817e-05,0.24761048554517173,0.0001189945834836736,3.8112292973864214e-05,68.33333333333333,3,0,0.0,0.0,0,0.0,0
YOR329C,4,0.16666666666666666,0.00028077000691404,0.25532696936608185,0.00015169580049269107,2.271976938542448e-05,61.5,4,0,0.0,0.0,0,0.0,1
YPL056C,1,0.0,0.0,0.2244037876426816,5.9410110270012165e-05,1.0536908303185695e-06,60.0,1,0,0.0,0.0,0,0.0,0
YNR045W,1,0.0,0.0,0.20060479693035774,5.3217769664782146e-05,3.0307352524032474e-07,16.0,1,3,97.66666666666667,266.0,265,1.0,0
YGR223C,1,0.0,0.0,0.18273337663930897,6.780630273539922e-05,2.0725374468825052e-08,7.0,1,0,0.0,0.0,0,0.0,0
YGR225W,1,0.0,0.0,0.18440641874485705,5.375067727827489e-05,2.4414554558276276e-07,13.0,1,2,37.0,58.0,57,1.0,0
YGR233C,1,0.0,0.0,0.17589214162806938,7.287003077867987e-05,4.5232904099515834e-09,3.0,1,0,0.0,0.0,0,0.0,0
YML028W,4,0.16666666666666666,0.0003655435199680304,0.2388949662856882,0.00017739673980925034,2.7220936843183333e-06,40.0,2,2,287.0,559.0,558,1.0,0
YPL106C,2,1.0,0.0,0.19297889598246398,0.00010544769424620135,3.553773662009186e-08,4.5,2,0,0.0,0.0,0,0.0,0
YGR236C,2,0.0,7.617868836630242e-06,0.2039910081600163,9.096285075504618e-05,3.5134704643464173e-07,12.5,2,0,0.0,0.0,0,0.0,0
YGR238C,1,0.0,0.0,0.20058629863196403,5.644542630176283e-05,6.107016980836163e-08,24.0,1,2,2.5,3.0,2,1.0,0
YMR267W,3,0.0,0.0001305562382275319,0.21503144676891398,0.00011812955155366566,2.7478948978631957e-07,14.666666666666666,3,0,0.0,0.0,0,0.0,0
YOR100C,1,0.0,0.0,0.19957411950220963,5.6812446194481086e-05,2.130096083589888e-07,19.0,1,0,0.0,0.0,0,0.0,0
YPL037C,2,0.0,2.162861269426018e-05,0.21864088003963553,9.189275743008299e-05,1.6160654071102183e-06,12.0,2,7,191.85714285714286,559.0,749,0.621923705760979,0
YNL183C,1,0.0,0.0,0.20655760284059765,6.345380114980503e-05,1.2131997942275973e-06,6.0,1,0,0.0,0.0,0,0.0,0
YGR244C,2,0.0,1.2822110441663578e-05,0.18230456884967597,8.310724563778278e-05,3.307368615556781e-08,6.5,2,1,2.0,2.0,1,0.0,1
YOL063C,2,0.0,9.91149434799463e-06,0.21331288212937818,8.928073017080212e-05,3.2379659718553385e-07,14.5,2,0,0.0,0.0,0,0.0,0
YKL201C,2,0.0,0.00020198186801602362,0.17934356628859213,0.00014139218779648347,1.877517118353735e-08,4.5,1,0,0.0,0.0,0,0.0,0
YNR036C,1,0.0,0.0,0.1732652129128467,8.055613902318927e-05,3.237518565138699e-08,4.0,1,4,254.25,559.0,558,1.0,0
YOR301W,1,0.0,0.0,0.00021079258010118043,0.00021303792074989342,2.5939109905631997e-48,1.0,1,0,0.0,0.0,0,0.0,0
YJR058C,7,0.19047619047619047,0.0008040013782495695,0.2504759186498168,0.00027139474248661857,7.49267787995929e-05,46.142857142857146,4,5,33.6,95.0,104,0.8676250933532487,0
YGR263C,3,0.0,7.725390369547388e-05,0.2524672836019422,0.00012842726669195291,7.555608471271806e-05,101.0,3,0,0.0,0.0,0,0.0,0
YGR267C,5,0.1,0.00011469834011285187,0.2519847223300705,0.0001727279298567162,4.060698054967873e-05,59.2,3,0,0.0,0.0,0,0.0,1
YPL003W,3,0.0,0.00016791247905691676,0.230539782260011,0.00012906075333498883,1.5134182227945692e-06,36.666666666666664,3,1,2.0,2.0,1,0.0,0
YOR124C,2,0.0,1.6174633783169502e-05,0.2204355609560533,8.477942833910854e-05,1.1709336130793311e-06,24.5,2,0,0.0,0.0,0,0.0,0
YGR275W,2,0.0,0.00020198186801602362,0.22864961533760803,0.0001400866765784191,1.8566887978750526e-05,57.0,1,3,37.333333333333336,83.0,82,1.0,0
YML115C,1,0.0,0.0,0.18458637324573243,9.219128422053387e-05,2.321931656916122e-07,2.0,1,2,5.0,8.0,7,1.0,0
YGR276C,1,0.0,0.0,0.16969677540385644,9.282575037516209e-05,1.8972069524366555e-09,2.0,1,0,0.0,0.0,0,0.0,0
YNR015W,2,0.0,0.002116803710731604,0.20623447409474605,0.00014148282030628702,1.4786858723633616e-07,14.0,1,0,0.0,0.0,0,0.0,0
YGR280C,3,0.0,0.00010813667740613156,0.23817563949571158,0.0001232546456811636,2.9699258552001044e-06,53.333333333333336,3,0,0.0,0.0,0,0.0,1
YMR102C,3,0.0,2.105509063065547e-06,0.20050309848966116,0.0001286154046898,2.8261426674351597e-07,4.0,3,0,0.0,0.0,0,0.0,0
YGR281W,1,0.0,0.0,0.19500296867004335,5.1437078480671664e-05,7.357288812201665e-07,14.0,1,0,0.0,0.0,0,0.0,0
YGR283C,1,0.0,0.0,0.19272243426192381,6.501904193123688e-05,2.51704429800726e-07,5.0,1,2,452.5,559.0,558,1.0,0
YGR291C,1,0.0,0.0,0.22862558363701024,6.227758591752623e-05,1.8563983634330408e-05,113.0,1,0,0.0,0.0,0,0.0,0
YLR054C,3,0.0,0.0010040222269926042,0.18446115035101412,0.00019819641568623452,1.3548024013219636e-08,4.0,2,0,0.0,0.0,0,0.0,0
YGR294W,5,0.0,0.00041698958973951844,0.26610289504120543,0.0001740851251889878,9.390649225147013e-05,88.6,5,0,0.0,0.0,0,0.0,1
YIL156W,4,0.6666666666666666,7.316954526240729e-05,0.23903935335322352,0.00013260119584847322,5.6324822053320304e-05,44.0,4,0,0.0,0.0,0,0.0,0
YNL015W,2,0.0,7.863815485052426e-05,0.23407490751257223,8.921650758065183e-05,1.8622001054856495e-05,65.5,2,1,2.0,2.0,1,0.0,0
YHL003C,3,0.3333333333333333,8.53404344652605e-05,0.2392365263144717,0.00013721093566816534,1.9753565467335983e-05,52.666666666666664,3,0,0.0,0.0,0,0.0,0
YKL008C,4,0.16666666666666666,0.00022084957559068044,0.22693214913299609,0.00019317424206044767,1.4850891048650113e-06,21.5,3,0,0.0,0.0,0,0.0,0
YLR046C,1,0.0,0.0,0.17741278162583263,6.642426415856659e-05,8.200350502581897e-09,7.0,1,0,0.0,0.0,0,0.0,0
YHL009C,2,1.0,0.0,0.25239404948823274,8.688380653445161e-05,2.2437670164198667e-05,150.0,2,0,0.0,0.0,0,0.0,0
YLL031C,1,0.0,0.0,0.19688266420910838,3.794123692830216e-05,1.17653820251338e-06,58.0,1,0,0.0,0.0,0,0.0,1
YOR350C,2,0.0,8.49540187915866e-06,0.2012171606784454,7.58412467322964e-05,1.1847498493513424e-06,30.0,2,0,0.0,0.0,0,0.0,0
YHL017W,1,0.0,0.0,0.22063679029458708,6.349331199239502e-05,9.786882235304224e-07,80.0,1,0,0.0,0.0,0,0.0,0
YOR107W,1,0.0,0.0,0.17281783709496576,7.422823673812915e-05,1.189539294080387e-08,4.0,1,0,0.0,0.0,0,0.0,0
YMR234W,1,0.0,0.0,0.1700350281805936,6.04963241739079e-05,1.6652239958326037e-09,4.0,1,2,43.0,56.0,55,1.0,0
YHL026C,3,0.0,0.0007774583300926979,0.2518097025541858,0.00013138401134790446,7.488508120735274e-05,104.0,3,0,0.0,0.0,0,0.0,0
YHL027W,4,0.0,0.00227172068085658,0.21076040262710335,0.0002095029439443878,1.0948354324933575e-07,7.75,2,0,0.0,0.0,0,0.0,0
YJL056C,1,0.0,0.0,0.17274921501860976,7.641982327939038e-05,1.38167183639754e-09,4.0,1,0,0.0,0.0,0,0.0,0
YOR275C,4,0.16666666666666666,0.0004847676971652644,0.2223167372389324,0.00017002006621605163,5.06012753723897e-07,21.75,3,0,0.0,0.0,0,0.0,0
YHL036W,1,0.0,0.0,0.18714312517867543,7.249442051100347e-05,4.6912088297616776e-07,6.0,1,0,0.0,0.0,0,0.0,0
YPR163C,6,0.13333333333333333,0.0005001238661998266,0.23258573809295205,0.0002867566381339689,3.751349644851134e-05,25.666666666666668,3,4,299.5,559.0,589,0.9439786101197695,0
YHL043W,2,0.0,3.732098379888211e-05,0.23844977972204262,9.696005181438334e-05,1.9957734824056264e-05,76.5,2,0,0.0,0.0,0,0.0,0
YHL046C,1,0.0,0.0,0.18613426736100064,6.68801347344622e-05,1.4247217887329279e-08,11.0,1,0,0.0,0.0,0,0.0,0
YKL079W,2,0.0,0.0002019641222144901,0.2379802106574404,0.0001381061563319949,1.972420775637389e-05,75.5,1,3,37.666666666666664,73.0,72,1.0,0
YMR069W,2,0.0,0.0002019641222144901,0.19625208548487313,0.00014061485330564807,4.1760196299535455e-08,8.0,1,0,0.0,0.0,0,0.0,0
YOL034W,4,0.0,0.0004683450104705386,0.21824602342874827,0.00016626546197752828,9.436939990101864e-07,11.0,3,1,8.0,8.0,7,1.0,1
YHR009C,2,0.0,0.00024673999786158535,0.22206708340710876,9.809186015508238e-05,7.723960263629499e-07,52.5,2,0,0.0,0.0,0,0.0,1
YHR011W,1,0.0,0.0,0.00021079258010118043,0.00021303792074989342,2.5939109905631997e-48,1.0,1,0,0.0,0.0,0,0.0,0
YPR004C,1,0.0,0.0,0.00021079258010118043,0.00021303792074989342,2.5939109905631997e-48,1.0,1,2,35.0,56.0,55,1.0,0
YHR012W,4,0.5,0.00027602630590901146,0.22406861511272497,0.00015277434550212745,1.479241661119914e-06,9.25,4,4,32.0,95.0,94,1.0,0
YOR069W,6,0.3333333333333333,0.0022956155559595154,0.2121478632188359,0.0002506171716404717,1.5574104731571308e-06,9.0,4,4,31.75,95.0,94,1.0,0
YHR014W,1,0.0,0.0,0.160098484986703,7.305479400234043e-05,2.22417652848244e-09,3.0,1,0,0.0,0.0,0,0.0,1
YHR185C,3,0.0,0.00021198029045860426,0.19222853618896552,0.00014517389508664094,1.6627684827509873e-07,5.666666666666667,2,0,0.0,0.0,0,0.0,0
YHR015W,1,0.0,0.0,0.19006187116770065,6.444253608934122e-05,4.703700970579013e-08,11.0,1,1,59.0,59.0,58,1.0,0
YIL028W,1,0.0,0.0,0.16411468674897836,8.411991002029316e-05,9.605584111905364e-10,3.0,1,0,0.0,0.0,0,0.0,0
YHR024C,1,0.0,0.0,0.00021079258010118043,0.00021303792074989342,2.5939109905631997e-48,1.0,1,2,5.0,8.0,7,1.0,1
YLR163C,1,0.0,0.0,0.00021079258010118043,0.00021303792074989342,2.5939109905631997e-48,1.0,1,2,5.0,8.0,7,1.0,1
YHR025W,2,0.0,1.3077235112998677e-05,0.24331746258549594,8.277220408530446e-05,3.940348985479815e-06,114.0,2,0,0.0,0.0,0,0.0,0
YOR374W,2,1.0,0.0,0.22788309837246176,8.245589787236722e-05,1.7463778605535763e-06,59.5,2,2,35.0,56.0,55,1.0,0
YLR346C,1,0.0,0.0,0.1955991471553218,6.112286933590222e-05,4.19908602033718e-08,17.0,1,0,0.0,0.0,0,0.0,0
YLR350W,1,0.0,0.0,0.1955991471553218,6.112286933590222e-05,4.19908602033718e-08,17.0,1,0,0.0,0.0,0,0.0,0
YOR208W,3,0.0,1.8860569271015095e-05,0.2067048145117436,0.0001361487027857217,5.032043153927017e-07,9.0,2,0,0.0,0.0,0,0.0,0
YPL140C,4,0.16666666666666666,0.0007576192004690675,0.25220383947992275,0.00014946221752821183,7.51315434295277e-05,82.75,4,0,0.0,0.0,0,0.0,0
YHR035W,3,0.0,0.00020663169315318406,0.22177275990358708,0.00013110741450760954,7.474303213159446e-07,24.333333333333332,2,2,22.0,34.0,33,1.0,0
YLL013C,2,0.0,9.74535572891044e-07,0.1846804020473179,0.00011314959510934881,1.2997576178025198e-08,3.5,2,0,0.0,0.0,0,0.0,0
YHR038W,3,0.0,0.0005061732655227727,0.2586975222113735,0.00011614218426787143,3.9508897217295646e-05,113.66666666666667,3,0,0.0,0.0,0,0.0,0
YHR040W,2,0.0,0.0006214660543188319,0.22937292302571138,0.00011319731712484783,1.8572956231494802e-05,57.5,2,0,0.0,0.0,0,0.0,1
YJL015C,3,0.0,0.0001247901896011475,0.23520118024699507,0.00011234386311830365,1.9298033517396605e-05,42.0,3,0,0.0,0.0,0,0.0,1
YLR164W,1,0.0,0.0,0.2019175824296235,5.5544004462438904e-05,1.8022881572985898e-05,32.0,1,0,0.0,0.0,0,0.0,0
YLR309C,2,0.0,7.175137070198077e-05,0.23663400767085493,8.387730931352923e-05,7.182429181489124e-05,70.0,2,0,0.0,0.0,0,0.0,0
YOR073W,2,0.0,2.873322492662752e-05,0.203752165184932,8.795886681843047e-05,1.8031357627341072e-05,19.0,2,1,55.0,55.0,54,1.0,0
YHR043C,2,0.0,0.00020198186801602362,0.2295181340558516,0.00012988388861919265,7.483022250139579e-07,34.5,1,0,0.0,0.0,0,0.0,0
YHR044C,1,0.0,0.0,0.18515198668037058,8.727919483899969e-05,9.570646650776019e-09,2.0,1,0,0.0,0.0,0,0.0,0
YHR045W,1,0.0,0.0,0.20302003038073022,6.816362799621969e-05,6.556819359751469e-08,24.0,1,0,0.0,0.0,0,0.0,0
YHR047C,1,0.0,0.0,0.15412605771171814,7.124569223271992e-05,2.8869011878729747e-10,7.0,1,0,0.0,0.0,0,0.0,0
YHR049W,1,0.0,0.0,0.24844476220825013,6.329793281441496e-05,7.483014955808876e-05,294.0,1,0,0.0,0.0,0,0.0,0
YHR050W,2,0.0,0.00020198186801602362,0.17634130075913695,0.00015944797988952822,1.2512928341420485e-08,3.0,1,0,0.0,0.0,0,0.0,0
YKR089C,1,0.0,0.0,0.1489239801125755,9.991202251594661e-05,1.5668235857860247e-10,2.0,1,0,0.0,0.0,0,0.0,0
YHR053C,1,0.0,0.0,0.20182391125573704,6.36466986973432e-05,2.8366624985506774e-07,10.0,1,0,0.0,0.0,0,0.0,0
YHR055C,1,0.0,0.0,0.20182391125573704,6.36466986973432e-05,2.8366624985506774e-07,10.0,1,0,0.0,0.0,0,0.0,0
YKL119C,2,1.0,0.0,0.21265598939430383,8.120604219814427e-05,1.031740936036774e-06,13.5,2,2,4.5,7.0,6,1.0,0
YPL019C,2,0.0,2.7222519920307504e-06,0.20760241606359361,0.00010564607072178131,9.743721287163487e-07,6.0,2,1,4.0,4.0,3,1.0,0
YHR067W,1,0.0,0.0,0.20621492302358949,6.317801112203946e-05,1.478440914735178e-07,27.0,1,0,0.0,0.0,0,0.0,0
YHR068W,3,0.3333333333333333,5.5943381376752786e-05,0.24361721531127045,0.00011222099490825396,3.640132369265196e-06,67.0,3,0,0.0,0.0,0,0.0,1
YHR070W,1,0.0,0.0,0.19437566933378017,5.774600085418375e-05,5.097899680163379e-07,13.0,1,0,0.0,0.0,0,0.0,1
YHR071W,1,0.0,0.0,0.20271731191597164,5.947945900351013e-05,7.252024128701218e-08,21.0,1,1,14.0,14.0,13,1.0,0
YHR073W,1,0.0,0.0,0.20458576209869117,6.974697557136811e-05,9.560407409933827e-07,14.0,1,0,0.0,0.0,0,0.0,0
YHR074W,1,0.0,0.0,0.1726189830983878,7.450700093352932e-05,6.972841632928879e-09,4.0,1,0,0.0,0.0,0,0.0,1
YLR356W,1,0.0,0.0,0.20839798002628224,3.935790739781156e-05,8.781794885941087e-06,61.0,1,0,0.0,0.0,0,0.0,0
YMR257C,5,0.0,0.00019863167631149273,0.242166224938974,0.00013941322491498674,2.527806371891906e-05,17.6,4,3,97.66666666666667,266.0,265,1.0,0
YHR087W,2,0.0,3.5520634106309933e-06,0.19474982009170813,8.565764981591649e-05,1.1765872222847478e-07,7.0,2,0,0.0,0.0,0,0.0,0
YHR091C,1,0.0,0.0,0.15900428460321875,0.00011083705170701402,3.090860880074642e-09,2.0,1,0,0.0,0.0,0,0.0,0
YOL088C,2,0.0,0.00020198186801602362,0.19065323769791262,0.00018992646949987402,2.4688076847121436e-07,1.5,1,0,0.0,0.0,0,0.0,0
YHR094C,1,0.0,0.0,0.15375565403882904,9.864399360608205e-05,3.1164586216501923e-10,5.0,1,0,0.0,0.0,0,0.0,0
YHR096C,1,0.0,0.0,0.18904602750743787,7.840051882548248e-05,2.4905720017251635e-07,3.0,1,0,0.0,0.0,0,0.0,0
YJR048W,4,0.0,0.00034014982622057165,0.22977269626220914,0.00016558352730285832,5.468936551702914e-05,25.25,3,0,0.0,0.0,0,0.0,0
YLR365W,1,0.0,0.0,0.18634953443967567,6.221691201634098e-05,2.544967404347811e-08,9.0,1,0,0.0,0.0,0,0.0,0
YPL018W,2,0.0,7.453979980639714e-06,0.2013102693548965,8.582226628233553e-05,2.7346042849826123e-07,14.5,2,7,23.0,55.0,54,1.0,0
YHR106W,1,0.0,0.0,0.1828178438890897,6.477810120108608e-05,2.25186900680795e-07,9.0,1,0,0.0,0.0,0,0.0,0
YMR198W,3,0.3333333333333333,3.116494615081821e-05,0.20777096475613294,0.00011399860506068306,7.524844261647968e-07,14.0,3,7,25.571428571428573,73.0,95,0.6736842105263158,1
YPL241C,2,0.0,2.421873897414128e-06,0.19821022511406752,7.269992449251094e-05,1.4812784664495927e-07,12.5,2,3,39.666666666666664,73.0,72,1.0,0
YJL010C,1,0.0,0.0,0.15072464769362068,0.00010134957210366721,1.1580261803153038e-10,2.0,1,4,148.5,559.0,558,1.0,1
YHR111W,3,0.0,3.719790630168889e-05,0.2336349407136388,0.0001107428627461943,3.7083860165692756e-06,30.666666666666668,3,0,0.0,0.0,0,0.0,0
YHR112C,3,0.0,0.000274347713068356,0.2449890883561588,0.00011520956755736795,4.182100084536729e-06,81.66666666666667,3,0,0.0,0.0,0,0.0,0
YPR145W,1,0.0,0.0,0.1908790905154733,6.626405981126175e-05,3.617430290048642e-08,4.0,1,0,0.0,0.0,0,0.0,0
YHR133C,2,0.0,3.037733296968822e-05,0.23601780670692063,8.436748551110948e-05,5.5097519510678235e-05,71.0,2,0,0.0,0.0,0,0.0,0
YJL012C,1,0.0,0.0,0.23147199952267453,6.028899296357435e-05,5.3801410241905356e-05,108.0,1,1,4.0,4.0,3,1.0,1
YJL174W,2,0.0,2.3553065722697246e-05,0.2356726018975443,8.955638880999747e-05,5.407036772432195e-05,57.0,2,0,0.0,0.0,0,0.0,1
YKL157W,4,0.0,6.9298113767751e-05,0.23984322349791432,0.0001649666689144194,5.50822772860313e-05,29.5,3,0,0.0,0.0,0,0.0,0
YKR032W,1,0.0,0.0,0.23147199952267453,6.028899296357435e-05,5.3801410241905356e-05,108.0,1,0,0.0,0.0,0,0.0,0
YLL054C,1,0.0,0.0,0.23147199952267453,6.028899296357435e-05,5.3801410241905356e-05,108.0,1,0,0.0,0.0,0,0.0,0
YLR461W,2,0.0,0.0005596039784269493,0.23164454667103285,0.00012310545287595222,5.380986114670305e-05,56.0,2,0,0.0,0.0,0,0.0,0
YML131W,1,0.0,0.0,0.23147199952267453,6.028899296357435e-05,5.3801410241905356e-05,108.0,1,0,0.0,0.0,0,0.0,0
YOL002C,1,0.0,0.0,0.23147199952267453,6.028899296357435e-05,5.3801410241905356e-05,108.0,1,0,0.0,0.0,0,0.0,0
YOR175C,1,0.0,0.0,0.23147199952267453,6.028899296357435e-05,5.3801410241905356e-05,108.0,1,2,452.5,559.0,558,1.0,0
YPR094W,2,0.0,0.002116803710731604,0.2314966333756541,0.00013707077013238103,5.380981789647856e-05,54.5,1,5,145.6,559.0,558,1.0,1
YLR215C,5,0.0,0.00045943362396211535,0.25040383510007297,0.00018371862056913984,3.8379259634075374e-05,53.0,4,0,0.0,0.0,0,0.0,1
YOR215C,2,0.0,3.4968600778847795e-06,0.18410987012393853,9.671934311734724e-05,3.492182508177555e-08,8.0,2,0,0.0,0.0,0,0.0,0
YHR120W,0,0.0,0.0,0.0,3.195568811248403e-05,4.8315357241094107e-57,0.0,0,0,0.0,0.0,0,0.0,0
YOR323C,1,0.0,0.0,0.15375565403882904,9.864399360608205e-05,3.1164586216501923e-10,5.0,1,0,0.0,0.0,0,0.0,0
YHR127W,1,0.0,0.0,0.2321637350460893,6.212498816978347e-05,3.6550413758734205e-05,140.0,1,0,0.0,0.0,0,0.0,0
YLR056W,5,0.1,0.00024227647418000611,0.23218851635953824,0.00016120693580787962,6.827773613602771e-06,31.2,3,0,0.0,0.0,0,0.0,0
YJR008W,1,0.0,0.0,0.20499063426606362,6.802165515384386e-05,9.576734575254341e-07,7.0,1,0,0.0,0.0,0,0.0,0
YHR132C,2,0.0,0.00020198186801602362,0.22118644725347847,0.0001382591213055853,7.671183863863077e-07,51.5,1,0,0.0,0.0,0,0.0,0
YNL291C,1,0.0,0.0,0.1796917199218813,9.118301648084043e-05,9.825332166686128e-09,2.0,1,0,0.0,0.0,0,0.0,0
YHR136C,2,0.0,1.669591096345973e-05,0.188955708435922,9.825210042958989e-05,4.806333743048801e-07,5.0,2,0,0.0,0.0,0,0.0,0
YMR246W,2,0.0,1.5124662829991514e-05,0.19319313606415328,9.752485510478473e-05,4.874777525547407e-08,7.5,2,1,3.0,3.0,2,1.0,0
YMR152W,3,0.0,0.0009077388528480285,0.2519117678650068,0.00012838585747880295,5.628642322737681e-05,97.33333333333333,2,0,0.0,0.0,0,0.0,0
YHR138C,1,0.0,0.0,0.2321637350460893,6.212498816978347e-05,3.6550413758734205e-05,140.0,1,0,0.0,0.0,0,0.0,0
YJL131C,1,0.0,0.0,0.17564359606882263,8.254603794961434e-05,8.10474960679183e-09,3.0,1,0,0.0,0.0,0,0.0,0
YKL127W,3,0.0,0.00011482412066133182,0.23372280170993165,0.0001414083473226706,3.6594311084192364e-05,50.333333333333336,2,0,0.0,0.0,0,0.0,0
YHR144C,2,0.0,8.419908267973219e-06,0.21333380233554003,9.079649673550993e-05,2.0797380780174103e-07,17.5,2,0,0.0,0.0,0,0.0,0
YHR151C,1,0.0,0.0,0.00021079258010118043,0.00021303792074989342,2.5939109905631997e-48,1.0,1,0,0.0,0.0,0,0.0,0
YNL193W,1,0.0,0.0,0.00021079258010118043,0.00021303792074989342,2.5939109905631997e-48,1.0,1,0,0.0,0.0,0,0.0,0
YLR016C,2,0.0,3.893874385275019e-05,0.22609480464757653,0.0001012845994512791,1.9347289645238047e-06,47.0,2,1,3.0,3.0,2,1.0,0
YLR132C,1,0.0,0.0,0.20458576209869117,6.974697557136811e-05,9.560407409933827e-07,14.0,1,0,0.0,0.0,0,0.0,1
YOR173W,1,0.0,0.0,0.20458576209869117,6.974697557136811e-05,9.560407409933827e-07,14.0,1,3,192.33333333333334,559.0,558,1.0,0
YHR156C,5,0.0,0.00042918111436806823,0.25866675967826075,0.00017133185060519,7.659184975650291e-05,73.2,4,9,96.11111111111111,559.0,629,0.7997934239972456,0
YJR010W,2,0.0,1.231780772280663e-05,0.2440134741729019,8.71445827215102e-05,3.6745154034872203e-06,77.5,2,0,0.0,0.0,0,0.0,0
YHR159W,1,0.0,0.0,0.00021079258010118043,0.00021303792074989342,2.5939109905631997e-48,1.0,1,0,0.0,0.0,0,0.0,0
YKR044W,1,0.0,0.0,0.00021079258010118043,0.00021303792074989342,2.5939109905631997e-48,1.0,1,0,0.0,0.0,0,0.0,0
YLR451W,2,0.0,2.6051870067993732e-05,0.21608882089249828,7.937988309563064e-05,8.959270291267861e-07,26.5,2,2,135.0,195.0,194,1.0,0
YHR167W,1,0.0,0.0,0.1620726532439991,9.588200351832716e-05,6.23721787685318e-09,3.0,1,3,10.0,19.0,21,0.7857142857142857,0
YNL260C,3,0.0,0.00015372151436669122,0.22258972786025416,0.0001348599043687785,9.835987984276876e-07,29.0,3,0,0.0,0.0,0,0.0,1
YKL075C,4,0.0,0.00022476580082024715,0.2186518686751102,0.0001543050146058163,6.232504667273019e-06,20.25,3,0,0.0,0.0,0,0.0,0
YKL134C,2,0.0,0.0003874786339359526,0.22939711210275074,0.00010244543482089785,1.8582962563521432e-05,60.0,2,0,0.0,0.0,0,0.0,0
YNL212W,1,0.0,0.0,0.1771310708451882,7.212353701585567e-05,1.8978929191025826e-08,7.0,1,1,10.0,10.0,9,1.0,0
YNL255C,1,0.0,0.0,0.1771310708451882,7.212353701585567e-05,1.8978929191025826e-08,7.0,1,0,0.0,0.0,0,0.0,0
YIL091C,1,0.0,0.0,0.1879110327845831,6.099266019433136e-05,2.8945370094473447e-08,12.0,1,0,0.0,0.0,0,0.0,1
YHR175W,1,0.0,0.0,0.2273828584659315,6.197174085650316e-05,5.440038946594504e-05,87.0,1,0,0.0,0.0,0,0.0,0
YMR020W,3,0.0,4.13007931154934e-05,0.19694505346440325,0.00013653350368013112,5.45566370392739e-08,7.0,2,0,0.0,0.0,0,0.0,0
YNL175C,2,0.0,1.3981009809514707e-05,0.22406861511272497,0.00010157968500329367,1.4564138340618283e-06,52.5,2,0,0.0,0.0,0,0.0,0
YHR182W,1,0.0,0.0,0.20129164072681568,6.0105755549069064e-05,5.016708671366833e-07,12.0,1,0,0.0,0.0,0,0.0,0
YHR186C,1,0.0,0.0,0.20764204997273136,5.8494775971861805e-05,8.462686832938072e-07,36.0,1,2,4.5,5.0,4,1.0,1
YHR187W,3,0.0,0.0014589058780067196,0.23842364394304094,0.00014636316540585158,1.972793472353269e-05,53.333333333333336,3,1,6.0,6.0,5,1.0,0
YHR190W,3,0.0,0.00024804491652774286,0.23349700681776878,0.00012595433655291694,2.058342998583205e-06,42.666666666666664,3,0,0.0,0.0,0,0.0,1
YHR198C,2,0.0,7.264847572804623e-05,0.22312628120979935,9.92542806527201e-05,1.2299101914769775e-06,40.5,2,0,0.0,0.0,0,0.0,0
YKR029C,3,0.0,8.037063466164425e-05,0.1987626202041606,0.0001497846575320625,4.885542144052182e-07,4.666666666666667,2,3,56.333333333333336,133.0,132,1.0,0
YHR199C,1,0.0,0.0,0.00021079258010118043,0.00021303792074989342,2.5939109905631997e-48,1.0,1,0,0.0,0.0,0,0.0,0
YNL095C,1,0.0,0.0,0.00021079258010118043,0.00021303792074989342,2.5939109905631997e-48,1.0,1,0,0.0,0.0,0,0.0,0
YHR201C,1,0.0,0.0,0.19600451572484537,5.336407333992759e-05,4.946210666798552e-07,12.0,1,0,0.0,0.0,0,0.0,0
YNL034W,2,1.0,0.0,0.19823732028746321,4.342242701050019e-05,2.3642047824879947e-06,58.0,2,0,0.0,0.0,0,0.0,0
YPL258C,1,0.0,0.0,0.16225398989403153,9.036849763597567e-05,3.2015832191975334e-09,3.0,1,0,0.0,0.0,0,0.0,0
YHR209W,2,0.0,4.139465022561312e-05,0.2445346653380174,7.609158364316695e-05,2.0086267088796836e-05,93.5,2,0,0.0,0.0,0,0.0,0
YOR360C,1,0.0,0.0,0.1972933758572703,9.295973018680107e-05,9.358163253122088e-07,2.0,1,0,0.0,0.0,0,0.0,0
YHR212C,2,0.0,0.00010099093400801181,0.23218851635953824,0.00011845312856248279,3.656185123403544e-05,71.0,2,0,0.0,0.0,0,0.0,0
YHR214W,2,0.0,0.0004691497104899901,0.22864961533760803,0.00011152689953342231,1.8572889311876457e-05,57.5,2,0,0.0,0.0,0,0.0,0
YLR088W,2,0.0,3.5252269692497392e-06,0.20256629096375975,0.00010841594251889897,2.9873688908492435e-07,12.0,2,1,5.0,5.0,4,1.0,1
YIL001W,1,0.0,0.0,0.17463536572851107,6.880619838735076e-05,1.8234367294813587e-08,9.0,1,0,0.0,0.0,0,0.0,0
YIL002C,1,0.0,0.0,0.17322381967066167,7.83275570858835e-05,1.0113200503717338e-08,5.0,1,0,0.0,0.0,0,0.0,0
YIL005W,2,1.0,0.0,0.24319504897024247,9.244688597482568e-05,5.511439739306461e-05,126.5,2,0,0.0,0.0,0,0.0,0
YLR318W,2,1.0,0.0,0.17817570672190147,0.00010025918925693638,5.3425784092524e-09,6.5,2,6,104.66666666666667,559.0,611,0.8418716964932521,0
YIL011W,1,0.0,0.0,0.18925161958537792,5.689052482323699e-05,2.732070084151699e-08,9.0,1,0,0.0,0.0,0,0.0,0
YIL014W,1,0.0,0.0,0.18795162358096806,6.218272943732663e-05,2.29731072421938e-08,7.0,1,0,0.0,0.0,0,0.0,0
YIL016W,1,0.0,0.0,0.00021079258010118043,0.00021303792074989342,2.5939109905631997e-48,1.0,1,0,0.0,0.0,0,0.0,0
YMR222C,1,0.0,0.0,0.00021079258010118043,0.00021303792074989342,2.5939109905631997e-48,1.0,1,0,0.0,0.0,0,0.0,0
YIL019W,1,0.0,0.0,0.16286748394087555,8.963281587907641e-05,4.326803267647192e-10,2.0,1,0,0.0,0.0,0,0.0,1
YIL020C,1,0.0,0.0,0.2321637350460893,6.212498816978347e-05,3.6550413758734205e-05,140.0,1,0,0.0,0.0,0,0.0,0
YIL023C,3,0.0,6.076049878425303e-05,0.213114344617844,0.00015341410911699882,1.2411100973240339e-06,10.333333333333334,2,0,0.0,0.0,0,0.0,0
YMR104C,3,0.0,0.0001485632119076411,0.25069241852187785,0.00015186034015251946,7.508957819371289e-05,99.66666666666667,2,0,0.0,0.0,0,0.0,0
YIL024C,1,0.0,0.0,0.2202012568218185,6.20547350226864e-05,1.930609085001749e-06,29.0,1,0,0.0,0.0,0,0.0,0
YOR352W,1,0.0,0.0,0.18681364784561438,6.908270639484376e-05,1.9684359422662074e-08,4.0,1,0,0.0,0.0,0,0.0,0
YMR313C,1,0.0,0.0,0.18272570166864074,6.272821335474812e-05,1.5948946183759816e-08,7.0,1,0,0.0,0.0,0,0.0,0
YIL032C,1,0.0,0.0,0.2321637350460893,6.212498816978347e-05,3.6550413758734205e-05,140.0,1,0,0.0,0.0,0,0.0,0
YJL164C,2,1.0,0.0,0.20691126372247065,0.00010702397705775589,7.452947362520868e-07,6.5,2,2,3.5,4.0,3,1.0,1
YMR022W,2,0.0,3.374552859464548e-05,0.20776104255151231,0.0001016742699427283,1.1732739192523281e-06,6.5,2,0,0.0,0.0,0,0.0,0
YPL203W,4,0.16666666666666666,0.00024199492764807905,0.20828822861247034,0.00021087464265761487,7.527154090002487e-07,4.0,2,2,3.5,4.0,3,1.0,1
YIL042C,1,0.0,0.0,0.21231351476397772,6.0515880956947507e-05,2.444590563744967e-07,37.0,1,1,7.0,7.0,6,1.0,0
YNL245C,1,0.0,0.0,0.20176775025640795,5.718618590666919e-05,1.6067958518628445e-07,15.0,1,2,325.0,559.0,558,1.0,1
YIL047C,1,0.0,0.0,0.1902780017069921,6.175062897411678e-05,2.934709353603707e-08,11.0,1,0,0.0,0.0,0,0.0,0
YIL051C,1,0.0,0.0,0.2321637350460893,6.212498816978347e-05,3.6550413758734205e-05,140.0,1,0,0.0,0.0,0,0.0,1
YIL053W,3,0.0,0.00020624594670404835,0.23275995029846813,0.00015279607672907537,3.6562608057248094e-05,48.333333333333336,2,0,0.0,0.0,0,0.0,0
YIL054W,1,0.0,0.0,0.21374256809613185,5.407815108326916e-05,1.01336219385586e-06,13.0,1,0,0.0,0.0,0,0.0,0
YIL055C,1,0.0,0.0,0.23795417770763375,6.094378851223021e-05,1.9721117380842046e-05,150.0,1,0,0.0,0.0,0,0.0,0
YLR017W,1,0.0,0.0,0.21673472978770825,5.24173717936406e-05,4.7059852990841483e-07,68.0,1,0,0.0,0.0,0,0.0,0
YLR213C,1,0.0,0.0,0.21673472978770825,5.24173717936406e-05,4.7059852990841483e-07,68.0,1,0,0.0,0.0,0,0.0,0
YMR044W,1,0.0,0.0,0.21673472978770825,5.24173717936406e-05,4.7059852990841483e-07,68.0,1,3,30.0,83.0,82,1.0,0
YNR016C,1,0.0,0.0,0.21673472978770825,5.24173717936406e-05,4.7059852990841483e-07,68.0,1,0,0.0,0.0,0,0.0,1
YOR346W,1,0.0,0.0,0.21673472978770825,5.24173717936406e-05,4.7059852990841483e-07,68.0,1,1,3.0,3.0,2,1.0,0
YIL065C,3,0.0,0.00022838707651949274,0.2534379722141832,0.00013148046726573165,7.517744610472228e-05,106.33333333333333,2,0,0.0,0.0,0,0.0,0
YJL112W,2,0.0,8.699754863764101e-06,0.2038285340624376,0.00011447100028979997,9.482077868513927e-07,2.5,2,0,0.0,0.0,0,0.0,0
YNL311C,2,0.0,7.257005268092956e-05,0.20326665565708862,0.00011556586392991964,1.3792611259099755e-06,3.5,2,3,321.0,559.0,614,0.8347476765626411,0
YIL085C,1,0.0,0.0,0.1993911834194357,3.616814571206053e-05,0.0013885834358667627,83.0,1,0,0.0,0.0,0,0.0,0
YIL086C,1,0.0,0.0,0.192007954410304,6.592329862916186e-05,6.832800288985889e-07,5.0,1,0,0.0,0.0,0,0.0,0
YNR040W,3,0.0,0.00018453700292699447,0.2421123173815275,0.0001299407007172652,3.786667701105424e-05,56.0,3,0,0.0,0.0,0,0.0,0
YIL096C,1,0.0,0.0,0.24844476220825013,6.329793281441496e-05,7.483014955808876e-05,294.0,1,0,0.0,0.0,0,0.0,0
YIL097W,2,0.0,5.1792137010513396e-05,0.20867786986898829,8.566130667452728e-05,3.3286271878650306e-07,23.5,2,1,8.0,8.0,7,1.0,0
YPL227C,2,0.0,4.139460195117642e-06,0.19051130806746663,9.645901032472333e-05,2.928737540852613e-08,5.5,2,0,0.0,0.0,0,0.0,0
YIL098C,1,0.0,0.0,0.18906245843416922,6.841518636388743e-05,4.1487310291403374e-08,6.0,1,0,0.0,0.0,0,0.0,0
YIL103W,1,0.0,0.0,0.15314944313122358,7.785990123328226e-05,7.344390832148922e-10,2.0,1,0,0.0,0.0,0,0.0,0
YKL191W,2,0.0,0.00020198186801602362,0.18229692985663806,0.00010816210476728735,5.8664617120723275e-08,17.5,1,0,0.0,0.0,0,0.0,0
YNL326C,2,0.0,2.7603345913973545e-06,0.17349322982248633,0.00010931911079561203,4.3986317430314806e-08,4.0,2,0,0.0,0.0,0,0.0,0
YNL161W,2,0.0,7.809303966075503e-06,0.18761120492598507,9.409095754867215e-05,2.6418590417378573e-08,9.5,2,1,2.0,2.0,1,0.0,1
YOR032C,1,0.0,0.0,0.17386069739953913,7.37923843125963e-05,4.3838308837655264e-07,3.0,1,0,0.0,0.0,0,0.0,0
YPL187W,4,0.5,3.440996428750964e-05,0.21399489577120845,0.00013694540816837017,1.9919861809209234e-06,11.75,3,0,0.0,0.0,0,0.0,0
YIL113W,1,0.0,0.0,0.17768087527174467,9.00188774909657e-05,2.2851612985745764e-07,2.0,1,0,0.0,0.0,0,0.0,0
YIL117C,3,0.0,0.0002413525356774452,0.2332341302218768,0.0001637984124629361,3.6570421667355814e-05,48.333333333333336,2,0,0.0,0.0,0,0.0,0
YOL116W,1,0.0,0.0,0.1875626743275994,7.862057853627388e-05,4.573266620520857e-07,3.0,1,0,0.0,0.0,0,0.0,0
YLR114C,1,0.0,0.0,0.18614223134642596,6.139119478106139e-05,9.755383456762544e-08,8.0,1,0,0.0,0.0,0,0.0,0
YIL119C,1,0.0,0.0,0.16355939061726635,8.321628263200182e-05,8.771053233575508e-09,3.0,1,0,0.0,0.0,0,0.0,0
YIL124W,2,0.0,0.000178705448789948,0.24281499308079854,9.122785889191705e-05,3.731740555289567e-05,121.0,2,0,0.0,0.0,0,0.0,0
YPL191C,1,0.0,0.0,0.18284089396606992,5.920746219901305e-05,2.4652060059968735e-08,9.0,1,0,0.0,0.0,0,0.0,0
YIL130W,3,0.0,4.567108996363594e-05,0.20866786085801084,0.00010542980129775136,1.5151050525190303e-06,13.0,3,0,0.0,0.0,0,0.0,0
YIL137C,1,0.0,0.0,0.24844476220825013,6.329793281441496e-05,7.483014955808876e-05,294.0,1,2,452.5,559.0,558,1.0,1
YIL139C,2,0.0,0.00020198186801602362,0.21467069135639336,0.00011904962846443227,9.012570153583846e-07,28.5,1,4,22.75,56.0,56,0.964935064935065,0
YPL167C,1,0.0,0.0,0.1753674714216651,8.251962392743774e-05,1.1810818582370155e-08,2.0,1,4,22.75,56.0,56,0.964935064935065,0
YPL260W,1,0.0,0.0,0.2020864098396817,5.649539226030202e-05,5.4196635078092565e-08,20.0,1,0,0.0,0.0,0,0.0,0
YIL153W,1,0.0,0.0,0.1612496749825303,8.995252908860359e-05,6.639738900600919e-10,2.0,1,1,3.0,3.0,2,1.0,0
YOL044W,2,0.0,0.0021168037107316046,0.19389055312544198,0.00013692048236355623,5.079166441431876e-08,5.0,1,0,0.0,0.0,0,0.0,0
YIL157C,1,0.0,0.0,0.2321637350460893,6.212498816978347e-05,3.6550413758734205e-05,140.0,1,0,0.0,0.0,0,0.0,0
YIL158W,1,0.0,0.0,0.17886429433164774,6.595838998267462e-05,1.0801792406647046e-08,5.0,1,0,0.0,0.0,0,0.0,0
YLL016W,3,0.3333333333333333,2.1352519933541738e-05,0.22314917065186027,0.00011013288800445635,1.8187989795581548e-06,11.666666666666666,3,0,0.0,0.0,0,0.0,0
YIL173W,1,0.0,0.0,0.21798357706326624,5.80587052109513e-05,6.914308239007457e-07,58.0,1,0,0.0,0.0,0,0.0,0
YMR057C,1,0.0,0.0,0.1781319342844314,8.434795892298436e-05,1.015233552606133e-08,2.0,1,0,0.0,0.0,0,0.0,0
YLR067C,3,0.3333333333333333,3.2589618016224988e-06,0.22909511485143064,8.751283098396224e-05,1.989734621421366e-05,37.333333333333336,3,4,73.75,266.0,266,0.9926798127393957,0
YNL036W,4,0.0,0.00122580058622531,0.23387357440214318,0.0001533745188883107,3.916297623201125e-06,15.25,3,0,0.0,0.0,0,0.0,1
YNL165W,1,0.0,0.0,0.21414236222822738,5.3634176035740884e-05,9.920803218795339e-07,33.0,1,0,0.0,0.0,0,0.0,0
YOR011W,1,0.0,0.0,0.21414236222822738,5.3634176035740884e-05,9.920803218795339e-07,33.0,1,0,0.0,0.0,0,0.0,0
YIR010W,1,0.0,0.0,0.18377545013427396,9.195075280236326e-05,6.802815548463613e-07,2.0,1,3,34.0,55.0,54,1.0,1
YJR004C,1,0.0,0.0,0.17549480560825606,6.428197780063815e-05,1.7360795107638478e-05,3.0,1,0,0.0,0.0,0,0.0,0
YIR013C,1,0.0,0.0,0.14771547708232607,9.64509464486604e-05,2.2807945205022056e-10,2.0,1,0,0.0,0.0,0,0.0,0
YJL102W,2,0.0,0.00020198186801602362,0.1746493870344708,0.00015050202386425807,1.8237220320858106e-08,5.0,1,0,0.0,0.0,0,0.0,0
YLR437C,2,0.0,1.0412585486936287e-05,0.2086378395851078,7.371936049227322e-05,1.698915892167344e-06,19.5,2,0,0.0,0.0,0,0.0,0
YIR022W,3,0.3333333333333333,1.1396621516483313e-05,0.21812565710848172,0.00013804035098107545,1.9148505011087882e-06,5.666666666666667,3,3,12.0,29.0,29,0.9359605911330049,1
YIR023W,2,1.0,0.0,0.1912567033467564,0.00010041174320280693,2.4659873351676314e-08,5.5,2,0,0.0,0.0,0,0.0,0
YNL314W,3,0.3333333333333333,0.00011120908929638383,0.22198776564081377,0.0001315903418997253,6.423114429941885e-07,14.666666666666666,2,0,0.0,0.0,0,0.0,0
YIR025W,2,0.0,9.449701883461513e-05,0.2582368511324668,8.246301150661616e-05,9.46814544065948e-05,165.0,2,3,29.666666666666668,58.0,57,1.0,0
YIR027C,1,0.0,0.0,0.19024471886604286,4.0733788090214e-05,6.544230058383165e-08,40.0,1,0,0.0,0.0,0,0.0,0
YIR032C,1,0.0,0.0,0.15882433670519377,9.101016344960771e-05,3.876783773423496e-10,2.0,1,0,0.0,0.0,0,0.0,0
YIR035C,1,0.0,0.0,0.2211639586715809,6.105855883461762e-05,7.669917941614675e-07,102.0,1,0,0.0,0.0,0,0.0,0
YIR036C,1,0.0,0.0,0.2321637350460893,6.212498816978347e-05,3.6550413758734205e-05,140.0,1,0,0.0,0.0,0,0.0,0
YIR037W,2,0.0,4.048848859202316e-05,0.23955268052577872,8.696937985139195e-05,1.975464295216698e-05,80.0,2,0,0.0,0.0,0,0.0,0
YML048W,1,0.0,0.0,0.19708780606272844,6.859478327148923e-05,2.856256477675478e-07,21.0,1,0,0.0,0.0,0,0.0,0
YIR042C,1,0.0,0.0,0.1943669852579488,5.837540341316081e-05,4.722245988316048e-08,18.0,1,0,0.0,0.0,0,0.0,0
YJL006C,1,0.0,0.0,0.17359707238452846,7.653185375020838e-05,1.1435320375921968e-08,3.0,1,3,74.33333333333333,195.0,214,0.8490632267122987,0
YJL019W,4,0.0,4.1430383738248576e-05,0.20782058999850328,0.00015689425404264473,7.468288326097313e-07,6.25,3,0,0.0,0.0,0,0.0,1
YOR081C,1,0.0,0.0,0.19523048963510448,5.698925924330131e-05,1.2749465221694825e-07,17.0,1,0,0.0,0.0,0,0.0,0
YJL024C,2,1.0,0.0,0.1990718509668101,9.944598081297655e-05,9.494091451803764e-07,6.5,2,3,40.0,95.0,94,1.0,0
YJL029C,1,0.0,0.0,0.19032794780946136,6.225929164792468e-05,2.835744680499641e-08,11.0,1,1,4.0,4.0,3,1.0,0
YJL034W,5,0.0,0.003088849756436469,0.249399004301116,0.00022342682582366353,7.513974027527302e-05,61.4,3,3,13.666666666666666,29.0,30,0.871264367816092,1
YMR214W,1,0.0,0.0,0.1978766592844841,7.017853884600263e-05,9.395414874235327e-07,5.0,1,0,0.0,0.0,0,0.0,0
YMR297W,3,0.0,8.921430474903664e-05,0.22243040191362892,0.00013210681441892295,1.93665945603448e-05,12.333333333333334,3,0,0.0,0.0,0,0.0,0
YLR316C,1,0.0,0.0,0.16730824255003915,8.975111968614615e-05,6.236348320646378e-09,2.0,1,0,0.0,0.0,0,0.0,1
YJL044C,2,0.0,3.563860701270855e-05,0.2323249082040301,9.667113338786846e-05,3.664557663215755e-05,71.0,2,0,0.0,0.0,0,0.0,0
YPL207W,2,0.0,4.082386345776495e-06,0.21746057337941957,8.165485296357289e-05,7.144363477629724e-06,37.5,2,0,0.0,0.0,0,0.0,1
YJL045W,1,0.0,0.0,0.18661331579070337,7.357051181731179e-05,1.6569359190788493e-08,7.0,1,0,0.0,0.0,0,0.0,0
YJL048C,4,0.0,0.000192309897077831,0.2391181835236159,0.00014863996079216967,1.91596775457762e-06,19.75,4,0,0.0,0.0,0,0.0,0
YJL052W,1,0.0,0.0,0.23791513896033403,5.789570613470542e-05,2.7165527833566224e-06,150.0,1,0,0.0,0.0,0,0.0,0
YOR132W,3,1.0,0.0,0.19166958459021358,0.0001340712094425656,2.5858988905405813e-07,6.0,3,4,31.75,95.0,94,1.0,0
YJL055W,1,0.0,0.0,0.20621492302358949,6.317801112203946e-05,1.478440914735178e-07,27.0,1,0,0.0,0.0,0,0.0,0
YJL057C,4,0.16666666666666666,0.00010035708312028488,0.2257545654625431,0.00014777577082539201,1.1568541282811983e-06,14.75,4,0,0.0,0.0,0,0.0,0
YJL059W,1,0.0,0.0,0.2273828584659315,6.197174085650316e-05,5.440038946594504e-05,87.0,1,0,0.0,0.0,0,0.0,0
YJL143W,5,0.2,9.458221415791068e-05,0.2010683658098936,0.00018623262124998994,7.668947568144359e-07,8.0,4,5,9.2,18.0,24,0.644927536231884,1
YNR029C,2,0.0,1.1567449872459175e-05,0.19050296584615614,0.00011668853678417315,6.740402437241283e-07,3.0,2,0,0.0,0.0,0,0.0,0
YJL066C,1,0.0,0.0,0.22862558363701024,6.227758591752623e-05,1.8563983634330408e-05,113.0,1,0,0.0,0.0,0,0.0,0
YJL078C,3,0.0,2.1680998969847564e-05,0.23959225856529728,0.00010456528943385675,4.3113657652693986e-05,66.0,3,0,0.0,0.0,0,0.0,0
YJL079C,1,0.0,0.0,0.22862558363701024,6.227758591752623e-05,1.8563983634330408e-05,113.0,1,0,0.0,0.0,0,0.0,0
YPR069C,2,0.0,0.00040396373603204724,0.18053432778772793,0.00013300437436104207,2.4600541882729996e-07,5.0,1,0,0.0,0.0,0,0.0,0
YJL082W,1,0.0,0.0,0.17639134897132128,7.275229158143366e-05,2.427867164509515e-08,5.0,1,0,0.0,0.0,0,0.0,0
YLR014C,5,0.0,0.000260799850345622,0.21620694916154795,0.0002412842858538565,1.9407704555182984e-06,4.6,2,0,0.0,0.0,0,0.0,0
YJL087C,1,0.0,0.0,0.2211639586715809,6.105855883461762e-05,7.669917941614675e-07,102.0,1,3,74.0,131.0,130,1.0,1
YMR280C,2,0.0,1.804963575214541e-05,0.2216258905261675,8.993367869258826e-05,6.431829371247036e-07,20.5,2,0,0.0,0.0,0,0.0,0
YJL094C,1,0.0,0.0,0.00021079258010118043,0.00021303792074989342,2.5939109905631997e-48,1.0,1,0,0.0,0.0,0,0.0,0
YLR193C,1,0.0,0.0,0.00021079258010118043,0.00021303792074989342,2.5939109905631997e-48,1.0,1,0,0.0,0.0,0,0.0,0
YPL084W,4,0.0,0.00011164306775393963,0.2235619851504968,0.00014008170288195117,1.7981784696695106e-05,19.75,4,0,0.0,0.0,0,0.0,0
YOL075C,3,0.0,7.993977269682396e-05,0.21689681080011305,0.00010433330004630604,1.051888502161133e-06,15.666666666666666,3,0,0.0,0.0,0,0.0,0
YJL100W,3,0.0,0.0022670683321112544,0.23843671111633605,0.00014937303163180927,3.7852443549231194e-05,58.333333333333336,2,0,0.0,0.0,0,0.0,0
YPL040C,1,0.0,0.0,0.19091259570952554,7.453057925064881e-05,4.73354240508676e-07,3.0,1,0,0.0,0.0,0,0.0,0
YJL106W,3,0.0,0.000263305030628439,0.2573813069294603,0.00012409684357587324,7.5863434553389e-05,133.33333333333334,3,2,18.0,19.0,28,0.8518518518518519,0
YLL001W,2,0.0,3.3893347689366903e-05,0.21352226900754198,0.00010529452980437469,6.502322270829916e-07,22.0,2,0,0.0,0.0,0,0.0,0
YJR143C,1,0.0,0.0,0.21231351476397772,6.0515880956947507e-05,2.444590563744967e-07,37.0,1,0,0.0,0.0,0,0.0,0
YML088W,2,0.0,5.4440487088156885e-05,0.2239532704122654,8.891238793096255e-05,3.291794394404068e-07,29.0,2,2,35.5,58.0,57,1.0,0
YNL032W,4,0.0,0.000692982923909575,0.2540595790135872,0.0001824708432095393,7.512357914329229e-05,84.25,3,1,6.0,6.0,5,1.0,0
YNL163C,1,0.0,0.0,0.21231351476397772,6.0515880956947507e-05,2.444590563744967e-07,37.0,1,0,0.0,0.0,0,0.0,1
YOR109W,1,0.0,0.0,0.21231351476397772,6.0515880956947507e-05,2.444590563744967e-07,37.0,1,0,0.0,0.0,0,0.0,0
YOR375C,1,0.0,0.0,0.21231351476397772,6.0515880956947507e-05,2.444590563744967e-07,37.0,1,0,0.0,0.0,0,0.0,0
YMR212C,1,0.0,0.0,0.16210284786603577,7.83988417654151e-05,4.010771575150905e-10,3.0,1,0,0.0,0.0,0,0.0,1
YJL149W,0,0.0,0.0,0.0,3.195568811248403e-05,4.8315357241094107e-57,0.0,0,2,35.5,58.0,57,1.0,0
YJL158C,2,0.0,0.0,0.00047428330522765596,0.0002765764510257033,7.479259605461646e-45,1.5,1,0,0.0,0.0,0,0.0,0
YLR226W,1,0.0,0.0,0.00031618887015177064,0.00014949939047408366,4.6224366468594254e-45,2.0,1,1,2.0,2.0,1,0.0,0
YNL321W,1,0.0,0.0,0.1865572997868211,8.340617873230053e-05,6.731193711322653e-07,5.0,1,0,0.0,0.0,0,0.0,0
YJL165C,0,0.0,0.0,0.0,3.195568811248403e-05,4.8315357241094107e-57,0.0,0,0,0.0,0.0,0,0.0,0
YOR380W,4,0.0,0.00010613562394917194,0.2314966333756541,0.00014015879477525397,1.653437931181703e-06,29.25,3,0,0.0,0.0,0,0.0,0
YMR204C,2,0.0,1.630887057912945e-05,0.2308823558365795,9.282035620175008e-05,7.557738854141446e-07,35.5,2,0,0.0,0.0,0,0.0,0
YJL192C,1,0.0,0.0,0.24844476220825013,6.329793281441496e-05,7.483014955808876e-05,294.0,1,0,0.0,0.0,0,0.0,0
YLR198C,2,0.0,8.25131011909518e-06,0.2264360709430421,8.895191251342718e-05,2.0247479231007933e-06,8.5,2,0,0.0,0.0,0,0.0,1
YJL200C,1,0.0,0.0,0.17463536572851107,6.880619838735076e-05,1.8234367294813587e-08,9.0,1,0,0.0,0.0,0,0.0,0
YKR090W,2,0.0,3.532582087201197e-05,0.22454277321438285,7.918104934384677e-05,1.3734227540417301e-06,39.5,2,0,0.0,0.0,0,0.0,0
YMR285C,1,0.0,0.0,0.21617471955421952,4.795872633429133e-05,1.2255786625682124e-06,52.0,1,0,0.0,0.0,0,0.0,0
YOL136C,1,0.0,0.0,0.21617471955421952,4.795872633429133e-05,1.2255786625682124e-06,52.0,1,0,0.0,0.0,0,0.0,0
YKL222C,1,0.0,0.0,0.16819439538500996,7.56758494680152e-05,1.738017248684371e-05,2.0,1,2,452.5,559.0,558,1.0,0
YJL215C,2,0.0,7.740534000735756e-05,0.21820223849075474,8.731358501077487e-05,2.59500715759301e-07,25.5,2,0,0.0,0.0,0,0.0,0
YJL219W,1,0.0,0.0,0.2211639586715809,6.105855883461762e-05,7.669917941614675e-07,102.0,1,0,0.0,0.0,0,0.0,0
YJL225C,1,0.0,0.0,0.2321637350460893,6.212498816978347e-05,3.6550413758734205e-05,140.0,1,0,0.0,0.0,0,0.0,0
YJR001W,1,0.0,0.0,0.19145870840244103,6.683059899438405e-05,1.425392266094907e-07,16.0,1,0,0.0,0.0,0,0.0,0
YJR003C,1,0.0,0.0,0.13236730553529888,0.00010077351279362955,3.2441576513732378e-12,3.0,1,0,0.0,0.0,0,0.0,1
YML053C,1,0.0,0.0,0.19029464749491154,6.988507164709315e-05,4.603629616874269e-07,5.0,1,0,0.0,0.0,0,0.0,0
YJR011C,2,0.0,4.243494619158314e-06,0.2244964255652339,8.76607299500958e-05,6.712536211409323e-07,20.0,2,0,0.0,0.0,0,0.0,0
YJR017C,1,0.0,0.0,0.22862558363701024,6.227758591752623e-05,1.8563983634330408e-05,113.0,1,0,0.0,0.0,0,0.0,1
YJR019C,2,0.0,0.00017760990049498195,0.24254425104692354,8.50793624009656e-05,1.983277400512783e-05,87.0,2,0,0.0,0.0,0,0.0,0
YKR021W,3,0.0,5.9584307730724906e-05,0.22154688756065935,0.0001211568757508012,1.807557454935352e-05,21.666666666666668,3,0,0.0,0.0,0,0.0,0
YKR104W,2,0.0,1.798731645940015e-05,0.2203797290425342,9.662645652756648e-05,1.1441719173936377e-06,30.5,2,0,0.0,0.0,0,0.0,0
YLR430W,2,0.0,8.144562378010952e-05,0.21838844591278891,0.00010447686833689438,6.921436401043537e-07,30.0,2,0,0.0,0.0,0,0.0,1
YNL050C,1,0.0,0.0,0.21798357706326624,5.80587052109513e-05,6.914308239007457e-07,58.0,1,0,0.0,0.0,0,0.0,0
YNL329C,2,0.0,0.00020198186801602362,0.21800542348309618,0.00013368870839583854,6.915469224658337e-07,29.5,1,0,0.0,0.0,0,0.0,0
YNR050C,3,0.0,0.0005107118181461956,0.23461771186046854,0.0001538595928378024,1.6703967496079692e-06,46.333333333333336,2,0,0.0,0.0,0,0.0,0
YOL031C,2,0.0,0.00020198186801602362,0.21800542348309618,0.00013368870839583854,6.915469224658337e-07,29.5,1,0,0.0,0.0,0,0.0,0
YOL140W,1,0.0,0.0,0.21798357706326624,5.80587052109513e-05,6.914308239007457e-07,58.0,1,0,0.0,0.0,0,0.0,0
YJR023C,1,0.0,0.0,0.20764204997273136,5.8494775971861805e-05,8.462686832938072e-07,36.0,1,0,0.0,0.0,0,0.0,1
YJR024C,1,0.0,0.0,0.2294939194507922,5.563481324126866e-05,7.481791274035426e-07,68.0,1,0,0.0,0.0,0,0.0,0
YJR025C,2,0.0,2.574119285993251e-05,0.2297969697352983,0.00010730136792112168,5.464116746314947e-05,45.0,2,0,0.0,0.0,0,0.0,0
YJR034W,1,0.0,0.0,0.19973904921852384,5.462377373205567e-05,5.523126414962726e-07,24.0,1,0,0.0,0.0,0,0.0,0
YJR035W,1,0.0,0.0,0.20501961503433871,5.650938805145455e-05,3.187929432281539e-07,18.0,1,1,2.0,2.0,1,0.0,0
YPL193W,1,0.0,0.0,0.14508007573377357,9.924296612505665e-05,2.2025192537300312e-10,3.0,1,0,0.0,0.0,0,0.0,0
YJR062C,0,0.0,0.0,0.0,3.195568811248403e-05,4.8315357241094107e-57,0.0,0,0,0.0,0.0,0,0.0,0
YNL148C,3,0.0,2.0363060643754475e-05,0.19559035341584624,0.000108664723148341,2.2011755558853979e-07,7.333333333333333,3,0,0.0,0.0,0,0.0,0
YJR072C,3,0.0,0.000245191075465944,0.19339925454672896,0.00016391060644836884,7.370100740547395e-07,3.0,2,0,0.0,0.0,0,0.0,1
YOR262W,1,0.0,0.0,0.16090972485958752,7.803535625747981e-05,9.266704443218775e-09,3.0,1,0,0.0,0.0,0,0.0,1
YOR084W,2,0.0,4.677153910118424e-06,0.19855397887036957,8.384239485654982e-05,2.5803130700022935e-07,12.5,2,0,0.0,0.0,0,0.0,0
YMR315W,3,0.0,6.135935841526583e-05,0.23368513890684148,0.00013228240632032204,1.9268120943716856e-05,40.666666666666664,3,0,0.0,0.0,0,0.0,0
YJR079W,1,0.0,0.0,0.23795417770763375,6.094378851223021e-05,1.9721117380842046e-05,150.0,1,0,0.0,0.0,0,0.0,0
YNL051W,1,0.0,0.0,0.19145870840244103,6.683059899438405e-05,1.425392266094907e-07,16.0,1,3,41.333333333333336,95.0,94,1.0,0
YOR354C,1,0.0,0.0,0.19145870840244103,6.683059899438405e-05,1.425392266094907e-07,16.0,1,0,0.0,0.0,0,0.0,0
YPR096C,3,0.0,0.0016030435561472471,0.24972827225926572,0.00014786394332037275,7.499160114439895e-05,104.33333333333333,2,2,452.5,559.0,558,1.0,0
YJR119C,2,0.0,0.00010628820876463313,0.2487857397511676,0.00010409453628336458,7.485442822973384e-05,149.5,2,0,0.0,0.0,0,0.0,0
YKL111C,1,0.0,0.0,0.24844476220825013,6.329793281441496e-05,7.483014955808876e-05,294.0,1,0,0.0,0.0,0,0.0,1
YKL117W,5,0.5,0.00038052631812460604,0.2525405602268919,0.00016971172677534692,7.49863627158437e-05,68.8,5,0,0.0,0.0,0,0.0,0
YKL146W,2,0.0,0.00023277689794719733,0.25108306290925536,9.452025582397039e-05,7.497799364956229e-05,160.5,2,0,0.0,0.0,0,0.0,0
YKL160W,2,0.0,0.00015224409436979852,0.24919900509959145,0.00010540412468081753,7.484544657795064e-05,148.5,2,0,0.0,0.0,0,0.0,0
YKR087C,1,0.0,0.0,0.24844476220825013,6.329793281441496e-05,7.483014955808876e-05,294.0,1,0,0.0,0.0,0,0.0,0
YLL030C,2,0.0,0.0001083037362906806,0.2490991257388301,0.00010426939115312333,7.484338529328235e-05,149.0,2,0,0.0,0.0,0,0.0,0
YLR037C,3,0.0,0.0003174111385042976,0.25550691437297635,0.00011165302418352885,7.523431619043763e-05,108.0,3,0,0.0,0.0,0,0.0,0
YLR059C,1,0.0,0.0,0.24844476220825013,6.329793281441496e-05,7.483014955808876e-05,294.0,1,0,0.0,0.0,0,0.0,1
YLR066W,1,0.0,0.0,0.24844476220825013,6.329793281441496e-05,7.483014955808876e-05,294.0,1,1,4.0,4.0,3,1.0,1
YLR092W,1,0.0,0.0,0.24844476220825013,6.329793281441496e-05,7.483014955808876e-05,294.0,1,0,0.0,0.0,0,0.0,0
YLR104W,2,0.0,0.0004403050482457983,0.25760991420112905,9.33139855584341e-05,0.00012923053902403378,190.5,2,0,0.0,0.0,0,0.0,0
YLR118C,2,0.0,0.00025596259115424197,0.25017344629262034,9.380844417706939e-05,7.508698116149806e-05,156.5,2,0,0.0,0.0,0,0.0,0
YLR172C,3,0.0,0.0004198749035643143,0.25618397309084134,0.00011810184221787157,7.567806433325269e-05,115.33333333333333,2,0,0.0,0.0,0,0.0,0
YLR205C,1,0.0,0.0,0.24844476220825013,6.329793281441496e-05,7.483014955808876e-05,294.0,1,0,0.0,0.0,0,0.0,0
YLR230W,1,0.0,0.0,0.24844476220825013,6.329793281441496e-05,7.483014955808876e-05,294.0,1,0,0.0,0.0,0,0.0,1
YLR236C,2,0.0,0.00016259334217233243,0.24965661833057892,9.264861044319076e-05,7.485917781702222e-05,152.0,2,0,0.0,0.0,0,0.0,0
YLR248W,1,0.0,0.0,0.24844476220825013,6.329793281441496e-05,7.483014955808876e-05,294.0,1,0,0.0,0.0,0,0.0,0
YLR379W,1,0.0,0.0,0.24844476220825013,6.329793281441496e-05,7.483014955808876e-05,294.0,1,0,0.0,0.0,0,0.0,1
YLR392C,2,0.0,0.00012782959161995112,0.2514167955980506,8.836434087961839e-05,7.492044920292396e-05,153.5,2,0,0.0,0.0,0,0.0,0
YLR397C,2,0.0,0.0004415198813873714,0.2632050475545204,9.228603321416113e-05,9.45512669389308e-05,222.0,2,0,0.0,0.0,0,0.0,1
YML013W,1,0.0,0.0,0.24844476220825013,6.329793281441496e-05,7.483014955808876e-05,294.0,1,2,31.5,58.0,57,1.0,0
YML041C,5,0.0,0.0006755678911474721,0.26685372207745006,0.00017637633836287516,7.716820775630233e-05,97.4,4,2,48.0,83.0,82,1.0,0
YML123C,2,0.0,0.00023060751155490238,0.24861513406644195,0.00010851755039529971,7.484213216311253e-05,149.0,2,0,0.0,0.0,0,0.0,0
YML126C,2,0.0,0.00011166973558575068,0.2504182484906849,9.82538424247933e-05,7.55303717422908e-05,150.5,2,0,0.0,0.0,0,0.0,1
YMR067C,1,0.0,0.0,0.24844476220825013,6.329793281441496e-05,7.483014955808876e-05,294.0,1,0,0.0,0.0,0,0.0,0
YMR160W,1,0.0,0.0,0.24844476220825013,6.329793281441496e-05,7.483014955808876e-05,294.0,1,0,0.0,0.0,0,0.0,0
YMR278W,1,0.0,0.0,0.24844476220825013,6.329793281441496e-05,7.483014955808876e-05,294.0,1,0,0.0,0.0,0,0.0,0
YNL008C,1,0.0,0.0,0.24844476220825013,6.329793281441496e-05,7.483014955808876e-05,294.0,1,0,0.0,0.0,0,0.0,0
YNL144C,1,0.0,0.0,0.24844476220825013,6.329793281441496e-05,7.483014955808876e-05,294.0,1,0,0.0,0.0,0,0.0,0
YNL215W,1,0.0,0.0,0.24844476220825013,6.329793281441496e-05,7.483014955808876e-05,294.0,1,0,0.0,0.0,0,0.0,0
YNL230C,2,0.0,8.477632227967814e-05,0.25888225117695135,8.697705794319959e-05,7.55783286854923e-05,181.0,2,4,21.0,58.0,74,0.650129581636431,0
YNL241C,1,0.0,0.0,0.24844476220825013,6.329793281441496e-05,7.483014955808876e-05,294.0,1,0,0.0,0.0,0,0.0,1
YNL285W,2,0.0,0.0004683706640994993,0.24858672253177921,0.00011437426231519207,7.484187376514685e-05,148.0,2,0,0.0,0.0,0,0.0,0
YOL072W,1,0.0,0.0,0.24844476220825013,6.329793281441496e-05,7.483014955808876e-05,294.0,1,2,30.5,59.0,58,1.0,0
YOL101C,1,0.0,0.0,0.24844476220825013,6.329793281441496e-05,7.483014955808876e-05,294.0,1,0,0.0,0.0,0,0.0,0
YOR008C,3,0.0,0.0001285034435642535,0.25043266354067856,0.00012110731630927325,7.493514329602298e-05,103.33333333333333,3,0,0.0,0.0,0,0.0,0
YOR033C,3,0.3333333333333333,0.00023862094145196285,0.2502166118955926,0.00011014912988785406,7.488629171804984e-05,106.66666666666667,3,0,0.0,0.0,0,0.0,0
YPL052W,1,0.0,0.0,0.24844476220825013,6.329793281441496e-05,7.483014955808876e-05,294.0,1,0,0.0,0.0,0,0.0,0
YPL088W,3,0.0,0.0005988469810910138,0.2648877393466067,0.00014365579241940057,7.75588624914616e-05,148.66666666666666,2,0,0.0,0.0,0,0.0,0
YPL092W,1,0.0,0.0,0.24844476220825013,6.329793281441496e-05,7.483014955808876e-05,294.0,1,0,0.0,0.0,0,0.0,0
YPL158C,2,0.0,2.4407799659722027e-05,0.2512570736949851,9.197588427320146e-05,7.5122931179087e-05,150.0,2,0,0.0,0.0,0,0.0,0
YPL159C,2,0.0,8.477632227967814e-05,0.25888225117695135,8.697705794319959e-05,7.55783286854923e-05,181.0,2,0,0.0,0.0,0,0.0,0
YPL219W,2,0.0,0.0001073213149772934,0.2506779735539423,9.082170370544105e-05,7.490266979937578e-05,157.5,2,4,11.75,25.0,30,0.7655172413793103,0
YPL270W,2,0.0,0.0002019641222144901,0.24847314130039794,0.0001416830880791967,7.484185283693756e-05,147.5,1,0,0.0,0.0,0,0.0,0
YPR003C,1,0.0,0.0,0.24844476220825013,6.329793281441496e-05,7.483014955808876e-05,294.0,1,0,0.0,0.0,0,0.0,0
YPR114W,1,0.0,0.0,0.24844476220825013,6.329793281441496e-05,7.483014955808876e-05,294.0,1,0,0.0,0.0,0,0.0,0
YPR188C,2,0.0,3.347190403044717e-05,0.24904208775709358,9.653836405231411e-05,7.487584786062596e-05,150.5,2,0,0.0,0.0,0,0.0,0
YKL059C,4,0.5,1.0626256212719229e-06,0.21385814437539538,0.000100369004155573,1.3850159282263954e-06,15.25,4,6,42.0,131.0,197,0.5292137159432301,1
YJR097W,1,0.0,0.0,0.2202012568218185,6.20547350226864e-05,1.930609085001749e-06,29.0,1,0,0.0,0.0,0,0.0,0
YJR099W,2,0.0,0.0005573778492212056,0.22045790164328913,0.00010110553267453899,6.259695208299923e-07,18.5,2,0,0.0,0.0,0,0.0,0
YJR100C,1,0.0,0.0,0.2321637350460893,6.212498816978347e-05,3.6550413758734205e-05,140.0,1,0,0.0,0.0,0,0.0,0
YJR102C,5,0.2,0.00014008557255598518,0.23366003711416658,0.00020944281083815758,3.684123533599784e-05,30.8,4,1,3.0,3.0,2,1.0,0
YLR417W,4,0.3333333333333333,1.9768823467550368e-05,0.2129578653398927,0.00016534252666703178,7.888565200792704e-07,8.0,4,1,3.0,3.0,2,1.0,0
YMR077C,4,0.16666666666666666,4.831347070461627e-05,0.2202793028368946,0.0001541237457113234,2.1830159939468846e-06,8.0,4,1,4.0,4.0,3,1.0,0
YJR105W,1,0.0,0.0,0.1825340367134626,6.814137287837859e-05,2.8655018803160535e-08,3.0,1,0,0.0,0.0,0,0.0,0
YKL048C,1,0.0,0.0,0.19026967990503685,4.7813327810442736e-05,4.4930695337094846e-08,16.0,1,0,0.0,0.0,0,0.0,0
YJR120W,1,0.0,0.0,0.2321637350460893,6.212498816978347e-05,3.6550413758734205e-05,140.0,1,0,0.0,0.0,0,0.0,0
YJR125C,1,0.0,0.0,0.1496565610948974,9.642011994584793e-05,2.4854567010334146e-10,2.0,1,2,24.0,34.0,33,1.0,0
YJR127C,1,0.0,0.0,0.19734707330590462,6.246619947513846e-05,2.568316034092869e-07,19.0,1,0,0.0,0.0,0,0.0,0
YJR136C,2,0.0,0.00020198186801602362,0.2379802106574404,0.0001381061563319949,1.972420775637389e-05,75.5,1,0,0.0,0.0,0,0.0,1
YKL033W,1,0.0,0.0,0.19061982346881076,9.113687537141689e-05,2.468420462612602e-07,2.0,1,0,0.0,0.0,0,0.0,1
YJR146W,2,0.0,0.00040396373603204724,0.22743040572056394,0.00014120565977908278,5.4408897658292165e-05,44.5,1,0,0.0,0.0,0,0.0,0
YLR246W,2,0.0,0.00020198186801602362,0.1838065077117186,0.00019130771103414857,6.803879850903895e-07,1.5,1,1,2.0,2.0,1,0.0,0
YJR154W,1,0.0,0.0,0.2321637350460893,6.212498816978347e-05,3.6550413758734205e-05,140.0,1,0,0.0,0.0,0,0.0,0
YKL001C,2,0.0,5.799090546973885e-05,0.22816993921585293,0.00011081949516093044,5.4417639978450955e-05,44.5,2,0,0.0,0.0,0,0.0,0
YNL107W,1,0.0,0.0,0.183465450640099,7.308015254783595e-05,1.8598242597343374e-08,4.0,1,4,60.5,133.0,209,0.5794994479205006,0
YKL073W,1,0.0,0.0,0.19552881937207495,6.238358543185211e-05,1.2084726800245202e-07,23.0,1,0,0.0,0.0,0,0.0,0
YLR109W,1,0.0,0.0,0.19552881937207495,6.238358543185211e-05,1.2084726800245202e-07,23.0,1,0,0.0,0.0,0,0.0,0
YNL014W,1,0.0,0.0,0.19552881937207495,6.238358543185211e-05,1.2084726800245202e-07,23.0,1,3,356.0,559.0,558,1.0,0
YPR122W,1,0.0,0.0,0.19552881937207495,6.238358543185211e-05,1.2084726800245202e-07,23.0,1,0,0.0,0.0,0,0.0,0
YKL017C,3,0.3333333333333333,0.00019707147972877073,0.2238610801187953,8.663845892364544e-05,5.652819106637049e-06,51.666666666666664,3,1,7.0,7.0,6,1.0,0
YML097C,3,0.3333333333333333,0.00011643731292055081,0.18545190464336364,0.00012486954713483817,2.5236772723619873e-07,7.666666666666667,2,0,0.0,0.0,0,0.0,0
YKL021C,0,0.0,0.0,0.0,3.195568811248403e-05,4.8315357241094107e-57,0.0,0,0,0.0,0.0,0,0.0,1
YKL024C,1,0.0,0.0,0.2273828584659315,6.197174085650316e-05,5.440038946594504e-05,87.0,1,0,0.0,0.0,0,0.0,1
YKL029C,2,0.0,1.1514067706294967e-05,0.22500730442351527,0.00010700381849024294,1.2242646435899951e-06,52.0,2,0,0.0,0.0,0,0.0,0
YMR090W,2,0.0,2.5714857694153616e-05,0.23391129797455068,0.00010767891768808844,3.656595693305394e-05,71.0,2,0,0.0,0.0,0,0.0,0
YKL035W,1,0.0,0.0,0.22273787789415664,5.6832186063083046e-05,1.2237962021231927e-06,78.0,1,0,0.0,0.0,0,0.0,1
YKL038W,1,0.0,0.0,0.22015668392432913,5.766910140780143e-05,6.254093475843698e-07,34.0,1,0,0.0,0.0,0,0.0,0
YKL041W,2,1.0,0.0,0.19289333293556213,0.00010509424736798872,3.403255197908461e-08,7.5,2,3,34.0,95.0,96,0.9592105263157895,0
YKL044W,1,0.0,0.0,0.2273828584659315,6.197174085650316e-05,5.440038946594504e-05,87.0,1,0,0.0,0.0,0,0.0,0
YKL047W,1,0.0,0.0,0.15524251466702355,0.00010036436543247806,1.4882390059592207e-10,2.0,1,0,0.0,0.0,0,0.0,0
YPL130W,2,0.0,0.002120623283252146,0.18527025939139205,0.00016254395041051124,1.1640277006410628e-08,2.5,1,0,0.0,0.0,0,0.0,0
YLR285W,3,0.0,0.00021583497347101968,0.18701441048139397,0.00018658302942145584,3.450936305500042e-08,2.6666666666666665,2,0,0.0,0.0,0,0.0,0
YNL122C,1,0.0,0.0,0.20293479946957121,5.8477640507461105e-05,2.9283874597335803e-07,9.0,1,2,452.5,559.0,558,1.0,0
YKL067W,3,0.3333333333333333,0.00014710319285687795,0.24409561976259148,0.0001066719639444874,3.88955606514064e-05,74.0,3,0,0.0,0.0,0,0.0,0
YNL273W,3,0.0,4.0534443060962385e-05,0.2313120071793209,0.00010276960741591545,2.6478113077482947e-06,21.0,3,1,3.0,3.0,2,1.0,0
YKL069W,1,0.0,0.0,0.23791513896033403,5.789570613470542e-05,2.7165527833566224e-06,150.0,1,0,0.0,0.0,0,0.0,0
YKL072W,2,0.0,1.2935178080075602e-05,0.20323816831863348,9.672226006071419e-05,1.1556798407602056e-07,11.0,2,0,0.0,0.0,0,0.0,0
YOR148C,1,0.0,0.0,0.1780153128617647,6.493752983742317e-05,8.320904233315126e-08,4.0,1,6,156.5,559.0,619,0.8502282102357388,1
YKL078W,0,0.0,0.0,0.0,3.195568811248403e-05,4.8315357241094107e-57,0.0,0,4,72.25,131.0,130,1.0,1
YKL087C,1,0.0,0.0,0.15646524837362588,8.479209723444978e-05,4.3356458746150644e-10,3.0,1,0,0.0,0.0,0,0.0,0
YKL088W,3,0.0,0.0003653592686126579,0.2597168068192149,0.00010721254578275322,5.841624712621036e-05,118.0,3,0,0.0,0.0,0,0.0,1
YKL093W,1,0.0,0.0,0.18344224283305227,8.04430205131684e-05,1.0336620667656512e-08,4.0,1,0,0.0,0.0,0,0.0,0
YOR239W,4,0.0,0.0023715995797210184,0.22689664290334138,0.00022733583686941863,8.075435092001914e-07,29.0,2,0,0.0,0.0,0,0.0,0
YKL106W,1,0.0,0.0,0.2211639586715809,6.105855883461762e-05,7.669917941614675e-07,102.0,1,0,0.0,0.0,0,0.0,0
YKL107W,1,0.0,0.0,0.2273828584659315,6.197174085650316e-05,5.440038946594504e-05,87.0,1,0,0.0,0.0,0,0.0,0
YKL114C,1,0.0,0.0,0.20621492302358949,6.317801112203946e-05,1.478440914735178e-07,27.0,1,0,0.0,0.0,0,0.0,0
YLR389C,1,0.0,0.0,0.15606673235143737,0.00010026747392611054,3.7689998346993233e-10,2.0,1,0,0.0,0.0,0,0.0,0
YKR069W,3,0.3333333333333333,1.3079708104940516e-05,0.22433435935794707,8.93403397890124e-05,4.0052302601249775e-06,31.0,3,0,0.0,0.0,0,0.0,0
YOR247W,3,0.3333333333333333,1.2366230530509836e-05,0.21078082514673777,0.00010604456504866407,2.471536416174704e-06,17.666666666666668,3,0,0.0,0.0,0,0.0,0
YML106W,1,0.0,0.0,0.20499063426606362,6.035219508649907e-05,8.472038306591008e-08,21.0,1,0,0.0,0.0,0,0.0,0
YKL133C,1,0.0,0.0,0.20764204997273136,5.8494775971861805e-05,8.462686832938072e-07,36.0,1,0,0.0,0.0,0,0.0,0
YLR170C,3,1.0,0.0,0.20003293167633768,0.00013307938425993277,3.0408497415629e-07,6.0,3,6,28.833333333333332,95.0,104,0.8676250933532487,0
YPL259C,4,0.5,3.06796786677901e-05,0.20193632709936257,0.0001734932857977873,3.050834130628526e-07,4.75,3,6,28.833333333333332,95.0,104,0.8676250933532487,0
YMR165C,1,0.0,0.0,0.18779747177020928,4.958295419294417e-05,1.9341957375119878e-08,19.0,1,0,0.0,0.0,0,0.0,0
YMR210W,1,0.0,0.0,0.18779747177020928,4.958295419294417e-05,1.9341957375119878e-08,19.0,1,0,0.0,0.0,0,0.0,0
YMR243C,2,0.0,0.00012554565795023178,0.21098526823611385,5.5421175702666755e-05,1.425008718558556e-06,38.5,2,0,0.0,0.0,0,0.0,0
YMR307W,2,0.0,2.1254129234312525e-05,0.24009471473668145,9.592855709287498e-05,2.0409710187532775e-05,77.0,2,0,0.0,0.0,0,0.0,0
YKL161C,0,0.0,0.0,0.0,3.195568811248403e-05,4.8315357241094107e-57,0.0,0,0,0.0,0.0,0,0.0,0
YKL163W,1,0.0,0.0,0.2273828584659315,6.197174085650316e-05,5.440038946594504e-05,87.0,1,0,0.0,0.0,0,0.0,0
YKL164C,1,0.0,0.0,0.2211639586715809,6.105855883461762e-05,7.669917941614675e-07,102.0,1,0,0.0,0.0,0,0.0,0
YKL166C,1,0.0,0.0,0.17108483349831563,7.692908088614467e-05,9.43571231818857e-09,4.0,1,1,4.0,4.0,3,1.0,1
YKL168C,1,0.0,0.0,0.00021079258010118043,0.00021303792074989342,2.5939109905631997e-48,1.0,1,0,0.0,0.0,0,0.0,0
YLR012C,1,0.0,0.0,0.00021079258010118043,0.00021303792074989342,2.5939109905631997e-48,1.0,1,0,0.0,0.0,0,0.0,0
YKL176C,1,0.0,0.0,0.22248727784743108,4.116044731888024e-05,2.82137635783581e-06,73.0,1,1,34.0,34.0,33,1.0,0
YKL182W,1,0.0,0.0,0.160446846064122,7.334844239769656e-05,4.111734257631005e-10,3.0,1,1,2.0,2.0,1,0.0,1
YNL104C,1,0.0,0.0,0.18849723704630275,7.14869306904706e-05,6.861377442268605e-07,3.0,1,0,0.0,0.0,0,0.0,0
YKL186C,1,0.0,0.0,0.18426582935318372,6.195780459845746e-05,1.8400289370013253e-08,7.0,1,2,30.5,59.0,58,1.0,1
YML057W,3,0.3333333333333333,1.579683082048353e-05,0.2152016339052566,0.00012706377748827736,6.426698549807153e-07,8.0,2,2,3.5,4.0,3,1.0,0
YPL163C,1,0.0,0.0,0.17859262032137388,7.450533588334877e-05,2.2206848610739022e-07,3.0,1,0,0.0,0.0,0,0.0,0
YKL197C,1,0.0,0.0,0.17758658792671514,8.907776681204248e-05,8.925866288404966e-09,2.0,1,0,0.0,0.0,0,0.0,0
YOR003W,1,0.0,0.0,0.1510595913551621,9.215629366102717e-05,2.3958863470031656e-10,2.0,1,0,0.0,0.0,0,0.0,0
YKL204W,1,0.0,0.0,0.18386865436915886,6.495675387835614e-05,1.2431064185741125e-07,10.0,1,1,3.0,3.0,2,1.0,0
YNR034W,1,0.0,0.0,0.18887367504682936,5.959491083953842e-05,4.82206129240103e-08,6.0,1,0,0.0,0.0,0,0.0,0
YKL208W,1,0.0,0.0,0.22862558363701024,6.227758591752623e-05,1.8563983634330408e-05,113.0,1,0,0.0,0.0,0,0.0,0
YKL214C,2,0.0,2.0966017661309968e-05,0.1965624285469059,0.00010892250393749572,5.5970473504108674e-08,6.5,2,0,0.0,0.0,0,0.0,0
YKL215C,0,0.0,0.0,0.0,3.195568811248403e-05,4.8315357241094107e-57,0.0,0,0,0.0,0.0,0,0.0,0
YKL221W,2,0.0,0.0021168037107316038,0.2379802106574404,0.0001381061563319949,1.972420775637389e-05,75.5,1,0,0.0,0.0,0,0.0,0
YOR221C,1,0.0,0.0,0.19061982346881076,9.113687537141689e-05,2.468420462612602e-07,2.0,1,0,0.0,0.0,0,0.0,0
YKR005C,1,0.0,0.0,0.2211639586715809,6.105855883461762e-05,7.669917941614675e-07,102.0,1,0,0.0,0.0,0,0.0,0
YKR016W,1,0.0,0.0,0.1968114105871372,3.756644999482181e-05,1.1763394836695798e-06,57.0,1,0,0.0,0.0,0,0.0,0
YKR017C,1,0.0,0.0,0.18676552893572027,5.701890065973557e-05,1.7495282313108788e-05,4.0,1,0,0.0,0.0,0,0.0,0
YMR269W,1,0.0,0.0,0.20306741182919472,5.609126200121943e-05,1.1165662428578322e-07,24.0,1,2,452.5,559.0,558,1.0,0
YOR190W,4,0.0,0.0002534697305537354,0.23554500438704212,0.00015099467278473436,1.3712096836647398e-06,33.25,3,0,0.0,0.0,0,0.0,0
YOR198C,3,0.0,0.0003751228130505989,0.2284695006316914,0.00013213906495324884,1.907476001431299e-06,30.666666666666668,3,2,287.0,559.0,558,1.0,0
YKR031C,1,0.0,0.0,0.20764204997273136,5.8494775971861805e-05,8.462686832938072e-07,36.0,1,0,0.0,0.0,0,0.0,0
YKR064W,1,0.0,0.0,0.21342799406537813,5.684210302259332e-05,6.383729497034715e-07,42.0,1,0,0.0,0.0,0,0.0,0
YKR065C,2,0.0,0.0002019641222144901,0.17178062982818715,0.0001663741611253522,5.031165373219662e-08,2.0,1,3,8.0,11.0,10,1.0,0
YLR036C,1,0.0,0.0,0.14565810335572077,0.00010219519409721597,6.719601243611252e-10,2.0,1,0,0.0,0.0,0,0.0,0
YKR070W,1,0.0,0.0,0.19827345871063112,6.104901055905017e-05,1.0617092572486959e-07,19.0,1,0,0.0,0.0,0,0.0,0
YKR072C,1,0.0,0.0,0.18454722283145278,6.515423102521436e-05,1.4352089262115084e-08,7.0,1,0,0.0,0.0,0,0.0,0
YKR074W,1,0.0,0.0,0.19652691110035994,6.077772378789441e-05,2.9133186451755652e-08,8.0,1,0,0.0,0.0,0,0.0,0
YKR080W,1,0.0,0.0,0.21464950814232622,4.879880459362541e-05,9.011006814976101e-07,56.0,1,0,0.0,0.0,0,0.0,0
YPL023C,1,0.0,0.0,0.19734707330590462,6.246619947513846e-05,2.568316034092869e-07,19.0,1,0,0.0,0.0,0,0.0,0
YPL067C,1,0.0,0.0,0.19734707330590462,6.246619947513846e-05,2.568316034092869e-07,19.0,1,0,0.0,0.0,0,0.0,0
YPR177C,1,0.0,0.0,0.19734707330590462,6.246619947513846e-05,2.568316034092869e-07,19.0,1,0,0.0,0.0,0,0.0,1
YKR095W,1,0.0,0.0,0.20664590467052998,6.029057801110994e-05,1.6640634726177156e-06,9.0,1,2,309.0,559.0,613,0.8374063056435189,0
YOL143C,3,0.0,9.610581991019726e-05,0.23005215118336778,0.00013612030436895204,3.6198183904847413e-05,22.0,2,0,0.0,0.0,0,0.0,0
YLL006W,1,0.0,0.0,0.19061982346881076,9.113687537141689e-05,2.468420462612602e-07,2.0,1,1,3.0,3.0,2,1.0,0
YOR112W,2,0.0,0.00020198186801602362,0.2379802106574404,0.0001381061563319949,1.972420775637389e-05,75.5,1,1,59.0,59.0,58,1.0,0
YLL010C,1,0.0,0.0,0.18341904089669328,6.575905888043417e-05,2.2562296920738498e-07,6.0,1,1,2.0,2.0,1,0.0,0
YLL012W,2,0.0,4.21674045962471e-07,0.00042158516020236085,0.0003224813268138062,7.350650256042896e-46,1.0,1,0,0.0,0.0,0,0.0,0
YNR075W,1,0.0,0.0,0.00028105677346824053,0.00015831621771793706,5.197694642178564e-46,2.0,1,0,0.0,0.0,0,0.0,0
YOR095C,1,0.0,0.0,0.00028105677346824053,0.00015831621771793706,5.197694642178564e-46,2.0,1,0,0.0,0.0,0,0.0,1
YOR282W,1,0.0,0.0,0.15620121467143,7.085909673515779e-05,4.588551209846786e-09,5.0,1,0,0.0,0.0,0,0.0,1
YOL112W,1,0.0,0.0,0.20318121758960714,5.7303172173991864e-05,2.4323530996654737e-07,15.0,1,0,0.0,0.0,0,0.0,0
YLL023C,1,0.0,0.0,0.2273828584659315,6.197174085650316e-05,5.440038946594504e-05,87.0,1,2,452.5,559.0,558,1.0,0
YLR459W,2,0.0,7.77447966405159e-05,0.22082717786044706,6.215781344643561e-05,0.0013895808071995224,47.0,2,1,5.0,5.0,4,1.0,1
YNL180C,2,0.0,5.130679641661689e-06,0.19447993880324846,0.00010879278849582974,1.994482576271781e-08,3.5,2,0,0.0,0.0,0,0.0,0
YLL038C,2,0.0,1.126756791087224e-05,0.2071082657825701,8.820768072598836e-05,5.176982859473438e-07,16.0,2,0,0.0,0.0,0,0.0,0
YNL327W,1,0.0,0.0,0.19477597739204278,6.075363416761571e-05,4.482873904404789e-07,23.0,1,0,0.0,0.0,0,0.0,0
YNR006W,1,0.0,0.0,0.19477597739204278,6.075363416761571e-05,4.482873904404789e-07,23.0,1,1,2.0,2.0,1,0.0,0
YLL052C,1,0.0,0.0,0.1827564054202339,6.569629215767299e-05,8.287667619862844e-09,7.0,1,0,0.0,0.0,0,0.0,0
YLL057C,0,0.0,0.0,0.0,3.195568811248403e-05,4.8315357241094107e-57,0.0,0,0,0.0,0.0,0,0.0,0
YLL059C,1,0.0,0.0,0.18232748967053636,7.616776927166268e-05,8.949755679319734e-09,5.0,1,0,0.0,0.0,0,0.0,0
YLR001C,1,0.0,0.0,0.00021079258010118043,0.00021303792074989342,2.5939109905631997e-48,1.0,1,0,0.0,0.0,0,0.0,0
YNL019C,1,0.0,0.0,0.00021079258010118043,0.00021303792074989342,2.5939109905631997e-48,1.0,1,0,0.0,0.0,0,0.0,0
YLR007W,2,0.0,0.00020198186801602362,0.17776073510781515,0.00014861302331217697,1.1943836691479985e-08,2.5,1,1,8.0,8.0,7,1.0,1
YLR383W,1,0.0,0.0,0.14993507826815095,9.506557767773689e-05,1.516315090649626e-10,2.0,1,1,8.0,8.0,7,1.0,1
YLR008C,1,0.0,0.0,0.1881711172590254,7.368947293921949e-05,6.845694118159346e-07,5.0,1,4,7.5,11.0,10,1.0,1
YLR011W,2,0.0,0.00031619056581052766,0.23977712913517787,9.107461157863673e-05,5.51673812601065e-05,94.5,2,0,0.0,0.0,0,0.0,0
YLR021W,1,0.0,0.0,0.2273828584659315,6.197174085650316e-05,5.440038946594504e-05,87.0,1,0,0.0,0.0,0,0.0,0
YLR028C,1,0.0,0.0,0.20284964009085968,6.566394758146192e-05,1.2379738118805623e-07,32.0,1,0,0.0,0.0,0,0.0,0
YLR034C,1,0.0,0.0,0.17368023597862858,6.75400265641872e-05,1.9481665628617036e-08,6.0,1,0,0.0,0.0,0,0.0,0
YML125C,2,0.0,0.0006685065628033256,0.21357467997195229,8.469906995090272e-05,7.943672546640112e-07,17.5,2,0,0.0,0.0,0,0.0,1
YLR042C,1,0.0,0.0,0.19061982346881076,9.113687537141689e-05,2.468420462612602e-07,2.0,1,0,0.0,0.0,0,0.0,0
YLR434C,2,0.0,0.00020198186801602362,0.2379802106574404,0.0001381061563319949,1.972420775637389e-05,75.5,1,0,0.0,0.0,0,0.0,0
YLR050C,1,0.0,0.0,0.2273828584659315,6.197174085650316e-05,5.440038946594504e-05,87.0,1,0,0.0,0.0,0,0.0,0
YLR057W,1,0.0,0.0,0.20284964009085968,6.566394758146192e-05,1.2379738118805623e-07,32.0,1,0,0.0,0.0,0,0.0,0
YLR070C,1,0.0,0.0,0.22273787789415664,5.6832186063083046e-05,1.2237962021231927e-06,78.0,1,0,0.0,0.0,0,0.0,0
YLR076C,1,0.0,0.0,0.21722170116979567,4.577637457082519e-05,1.4696404060738464e-06,45.0,1,0,0.0,0.0,0,0.0,1
YLR080W,2,0.0,1.8288438946687746e-05,0.20640080800022145,0.00010930066691159027,1.8158760153260244e-05,8.0,2,0,0.0,0.0,0,0.0,0
YLR097C,0,0.0,0.0,0.0,3.195568811248403e-05,4.8315357241094107e-57,0.0,0,2,35.5,58.0,57,1.0,1
YLR110C,1,0.0,0.0,0.22063679029458708,6.349331199239502e-05,9.786882235304224e-07,80.0,1,0,0.0,0.0,0,0.0,0
YLR124W,4,0.0,0.00028775063635650615,0.24361721531127045,0.00014615761343963227,5.732084091273495e-05,32.5,4,0,0.0,0.0,0,0.0,0
YMR030W,1,0.0,0.0,0.1881711172590254,7.368947293921949e-05,6.845694118159346e-07,5.0,1,0,0.0,0.0,0,0.0,0
YPL224C,1,0.0,0.0,0.188399282480022,7.021302432657386e-05,4.578239410491166e-07,4.0,1,0,0.0,0.0,0,0.0,0
YMR088C,1,0.0,0.0,0.21464950814232622,4.879880459362541e-05,9.011006814976101e-07,56.0,1,0,0.0,0.0,0,0.0,0
YNR072W,1,0.0,0.0,0.21464950814232622,4.879880459362541e-05,9.011006814976101e-07,56.0,1,0,0.0,0.0,0,0.0,0
YPR014C,1,0.0,0.0,0.21464950814232622,4.879880459362541e-05,9.011006814976101e-07,56.0,1,0,0.0,0.0,0,0.0,0
YPR066W,3,0.0,4.746275459023775e-05,0.23468099207188844,0.00013595245137733612,1.9049928905204543e-05,39.666666666666664,3,1,2.0,2.0,1,0.0,0
YPL262W,1,0.0,0.0,0.2042975454815059,6.900056065785036e-05,9.43246872876897e-07,6.0,1,2,35.0,56.0,55,1.0,0
YOR342C,1,0.0,0.0,0.1308386584171504,0.00011270344361262593,5.057335225929755e-12,2.0,1,0,0.0,0.0,0,0.0,0
YLR168C,1,0.0,0.0,0.2321637350460893,6.212498816978347e-05,3.6550413758734205e-05,140.0,1,0,0.0,0.0,0,0.0,0
YPR201W,1,0.0,0.0,0.00021079258010118043,0.00021303792074989342,2.5939109905631997e-48,1.0,1,0,0.0,0.0,0,0.0,0
YLR174W,1,0.0,0.0,0.00021079258010118043,0.00021303792074989342,2.5939109905631997e-48,1.0,1,0,0.0,0.0,0,0.0,0
YNR065C,1,0.0,0.0,0.00021079258010118043,0.00021303792074989342,2.5939109905631997e-48,1.0,1,0,0.0,0.0,0,0.0,0
YML035C,2,0.0,6.906030901947207e-06,0.20906897164826121,0.00011470645668268227,9.746064284285783e-07,8.5,2,0,0.0,0.0,0,0.0,0
YLR199C,1,0.0,0.0,0.21037312529152166,5.951063952486596e-05,1.2040560790423005e-06,9.0,1,0,0.0,0.0,0,0.0,0
YLR201C,1,0.0,0.0,0.22862558363701024,6.227758591752623e-05,1.8563983634330408e-05,113.0,1,0,0.0,0.0,0,0.0,0
YLR203C,2,0.0,2.333322640682461e-05,0.22118644725347847,0.00010579435610330872,7.791878645901933e-07,52.0,2,4,74.0,266.0,267,0.985075047168483,0
YLR204W,1,0.0,0.0,0.00021079258010118043,0.00021303792074989342,2.5939109905631997e-48,1.0,1,0,0.0,0.0,0,0.0,0
YMR299C,1,0.0,0.0,0.00021079258010118043,0.00021303792074989342,2.5939109905631997e-48,1.0,1,1,4.0,4.0,3,1.0,0
YLR207W,4,0.3333333333333333,0.0001628391148319799,0.19679360523945663,0.00019317052474390512,6.882146494823579e-07,7.0,2,4,17.0,58.0,58,0.9661222020568663,0
YLR450W,4,0.16666666666666666,0.00017949095828633682,0.20627358736089646,0.0001863134804666805,3.49951832121448e-05,7.25,2,1,3.0,3.0,2,1.0,0
YML075C,4,0.16666666666666666,9.274924957175882e-05,0.1989444041992257,0.0002094232955649146,2.736491455483899e-07,2.75,2,0,0.0,0.0,0,0.0,0
YOL013C,3,0.6666666666666666,1.7692136395929584e-05,0.179240121581603,0.00015726868452436833,4.494490882564397e-07,4.0,2,3,21.666666666666668,58.0,57,1.0,0
YLR209C,1,0.0,0.0,0.23791513896033403,5.789570613470542e-05,2.7165527833566224e-06,150.0,1,0,0.0,0.0,0,0.0,0
YLR211C,2,0.0,2.7378318739929857e-05,0.23939449903861046,8.671774181011579e-05,2.7456859698083782e-06,79.0,2,0,0.0,0.0,0,0.0,0
YNR041C,2,0.0,0.00017907380590681678,0.2235619851504968,7.396198108591549e-05,6.651502386015096e-06,53.5,2,0,0.0,0.0,0,0.0,0
YLR227C,2,0.0,2.9760108924025093e-06,0.19172871319151502,0.00011418997051173855,3.443224854569745e-08,4.5,2,0,0.0,0.0,0,0.0,0
YLR239C,3,0.0,0.0003569670429931962,0.22910717947383577,0.00014462401196887976,5.444404158790172e-05,32.0,2,0,0.0,0.0,0,0.0,0
YLR245C,4,0.3333333333333333,5.528962068509365e-05,0.24711821817828275,0.00012747779661898304,4.510756100214993e-06,71.75,4,0,0.0,0.0,0,0.0,0
YOL110W,1,0.0,0.0,0.154213471022958,0.00011118960703506364,8.508192347132681e-09,2.0,1,1,2.0,2.0,1,0.0,0
YLR247C,0,0.0,0.0,0.0,3.195568811248403e-05,4.8315357241094107e-57,0.0,0,0,0.0,0.0,0,0.0,0
YLR251W,1,0.0,0.0,0.22063679029458708,6.349331199239502e-05,9.786882235304224e-07,80.0,1,0,0.0,0.0,0,0.0,0
YLR259C,1,0.0,0.0,0.20699986825087635,6.276062952239813e-05,5.733619845829716e-07,9.0,1,0,0.0,0.0,0,0.0,1
YLR266C,1,0.0,0.0,0.2012171606784454,4.645383485133972e-05,4.710709564489375e-07,28.0,1,0,0.0,0.0,0,0.0,0
YLR281C,1,0.0,0.0,0.20415374148421717,4.983130483889809e-05,1.7679687229765914e-05,27.0,1,0,0.0,0.0,0,0.0,0
YLR290C,1,0.0,0.0,0.2273828584659315,6.197174085650316e-05,5.440038946594504e-05,87.0,1,0,0.0,0.0,0,0.0,0
YNL158W,1,0.0,0.0,0.2273828584659315,6.197174085650316e-05,5.440038946594504e-05,87.0,1,1,8.0,8.0,7,1.0,1
YNL190W,1,0.0,0.0,0.2273828584659315,6.197174085650316e-05,5.440038946594504e-05,87.0,1,0,0.0,0.0,0,0.0,0
YOL046C,1,0.0,0.0,0.2273828584659315,6.197174085650316e-05,5.440038946594504e-05,87.0,1,0,0.0,0.0,0,0.0,0
YOL093W,1,0.0,0.0,0.2273828584659315,6.197174085650316e-05,5.440038946594504e-05,87.0,1,0,0.0,0.0,0,0.0,0
YOR104W,2,0.0,0.000835201913012927,0.2500440387969808,9.095984125624934e-05,7.412150684678708e-05,118.5,2,0,0.0,0.0,0,0.0,0
YOR368W,5,0.0,0.002296724737680656,0.23956587175267996,0.00023103720498728292,5.617098384650827e-05,28.6,3,1,3.0,3.0,2,1.0,0
YLR289W,1,0.0,0.0,0.19051965101942928,6.439305158454755e-05,2.417510990569145e-07,17.0,1,0,0.0,0.0,0,0.0,0
YLR455W,2,1.0,0.0,0.24319504897024247,9.244688597482568e-05,5.511439739306461e-05,126.5,2,0,0.0,0.0,0,0.0,0
YML079W,1,0.0,0.0,0.2321637350460893,6.212498816978347e-05,3.6550413758734205e-05,140.0,1,0,0.0,0.0,0,0.0,0
YMR003W,2,0.0,0.00021960734934287256,0.2335095395324281,9.499032715135078e-05,3.656694372867724e-05,74.0,2,0,0.0,0.0,0,0.0,0
YMR141C,1,0.0,0.0,0.2321637350460893,6.212498816978347e-05,3.6550413758734205e-05,140.0,1,0,0.0,0.0,0,0.0,0
YMR177W,1,0.0,0.0,0.2321637350460893,6.212498816978347e-05,3.6550413758734205e-05,140.0,1,0,0.0,0.0,0,0.0,0
YNL009W,1,0.0,0.0,0.2321637350460893,6.212498816978347e-05,3.6550413758734205e-05,140.0,1,0,0.0,0.0,0,0.0,0
YNL328C,1,0.0,0.0,0.2321637350460893,6.212498816978347e-05,3.6550413758734205e-05,140.0,1,2,9.0,11.0,10,1.0,0
YOL008W,1,0.0,0.0,0.2321637350460893,6.212498816978347e-05,3.6550413758734205e-05,140.0,1,0,0.0,0.0,0,0.0,0
YPR118W,1,0.0,0.0,0.2321637350460893,6.212498816978347e-05,3.6550413758734205e-05,140.0,1,0,0.0,0.0,0,0.0,0
YLR299W,1,0.0,0.0,0.00021079258010118043,0.00021303792074989342,2.5939109905631997e-48,1.0,1,0,0.0,0.0,0,0.0,0
YOL137W,1,0.0,0.0,0.00021079258010118043,0.00021303792074989342,2.5939109905631997e-48,1.0,1,0,0.0,0.0,0,0.0,0
YLR303W,1,0.0,0.0,0.23791513896033403,5.789570613470542e-05,2.7165527833566224e-06,150.0,1,0,0.0,0.0,0,0.0,0
YNL192W,1,0.0,0.0,0.17909992305910286,6.276605075697137e-05,1.2689004779806683e-08,11.0,1,0,0.0,0.0,0,0.0,0
YLR305C,2,0.0,0.00016399230301153192,0.22232809847857052,9.259354802977962e-05,6.396565654716991e-07,22.5,2,0,0.0,0.0,0,0.0,1
YLR312C,2,0.0,0.00040396373603204724,0.2380062493040466,0.00013982515210676024,1.972420824172212e-05,76.0,1,0,0.0,0.0,0,0.0,0
YLR317W,1,0.0,0.0,0.00021079258010118043,0.00021303792074989342,2.5939109905631997e-48,1.0,1,0,0.0,0.0,0,0.0,1
YNL140C,1,0.0,0.0,0.00021079258010118043,0.00021303792074989342,2.5939109905631997e-48,1.0,1,0,0.0,0.0,0,0.0,0
YLR320W,0,0.0,0.0,0.0,3.195568811248403e-05,4.8315357241094107e-57,0.0,0,0,0.0,0.0,0,0.0,0
YLR327C,1,0.0,0.0,0.16790877001268498,7.229740047296004e-05,3.706092101880737e-09,6.0,1,2,452.5,559.0,558,1.0,0
YLR332W,2,0.0,8.682139554383423e-06,0.2114775535207402,8.342849746725606e-05,5.97615426415611e-07,10.0,2,0,0.0,0.0,0,0.0,0
YLR377C,5,0.1,0.00047989964547640317,0.2524672836019422,0.000166600034465082,4.130406552786365e-05,61.6,4,0,0.0,0.0,0,0.0,0
YLR351C,1,0.0,0.0,0.18564182765217271,6.181076828876006e-05,1.7390627171214872e-05,7.0,1,0,0.0,0.0,0,0.0,0
YLR358C,3,0.0,0.0030405413873439936,0.2063812253808666,0.0001735858194023063,6.399001992122632e-07,9.333333333333334,2,0,0.0,0.0,0,0.0,0
YNL145W,1,0.0,0.0,0.1697961217324435,8.074122963314727e-05,8.009444557653415e-09,3.0,1,0,0.0,0.0,0,0.0,0
YLR359W,1,0.0,0.0,0.21342799406537813,5.684210302259332e-05,6.383729497034715e-07,42.0,1,0,0.0,0.0,0,0.0,1
YLR363C,1,0.0,0.0,0.2011148405616063,5.0845542843215005e-05,4.494571116987686e-07,14.0,1,0,0.0,0.0,0,0.0,0
YLR366W,1,0.0,0.0,0.19862650006979263,3.564837917066834e-05,0.0013881428854873267,81.0,1,0,0.0,0.0,0,0.0,0
YPR093C,1,0.0,0.0,0.1828178438890897,6.477810120108608e-05,2.25186900680795e-07,9.0,1,0,0.0,0.0,0,0.0,0
YLR372W,1,0.0,0.0,0.17178741287378746,7.477889416552601e-05,6.097273449955855e-09,3.0,1,0,0.0,0.0,0,0.0,0
YMR140W,1,0.0,0.0,0.20284964009085968,6.566394758146192e-05,1.2379738118805623e-07,32.0,1,0,0.0,0.0,0,0.0,0
YPL107W,1,0.0,0.0,0.20284964009085968,6.566394758146192e-05,1.2379738118805623e-07,32.0,1,0,0.0,0.0,0,0.0,0
YPL253C,4,0.0,0.0002339789652805033,0.19618128747423647,0.0002198864892403883,4.938421916222033e-07,4.25,2,1,6.0,6.0,5,1.0,0
YLR385C,1,0.0,0.0,0.19980326219475833,5.3730031127036674e-05,8.175009555411554e-08,21.0,1,2,48.0,83.0,82,1.0,0
YLR387C,1,0.0,0.0,0.00021079258010118043,0.00021303792074989342,2.5939109905631997e-48,1.0,1,0,0.0,0.0,0,0.0,0
YOL056W,1,0.0,0.0,0.00021079258010118043,0.00021303792074989342,2.5939109905631997e-48,1.0,1,0,0.0,0.0,0,0.0,0
YLR393W,1,0.0,0.0,0.00021079258010118043,0.00021303792074989342,2.5939109905631997e-48,1.0,1,0,0.0,0.0,0,0.0,0
YMR279C,1,0.0,0.0,0.00021079258010118043,0.00021303792074989342,2.5939109905631997e-48,1.0,1,0,0.0,0.0,0,0.0,0
YOR338W,1,0.0,0.0,0.17322381967066167,7.83275570858835e-05,1.0113200503717338e-08,5.0,1,0,0.0,0.0,0,0.0,0
YLR401C,1,0.0,0.0,0.23795417770763375,6.094378851223021e-05,1.9721117380842046e-05,150.0,1,0,0.0,0.0,0,0.0,0
YOR025W,1,0.0,0.0,0.1284778285697439,0.00012275106383737814,7.105883737459999e-13,2.0,1,2,47.5,83.0,82,1.0,0
YLR411W,1,0.0,0.0,0.1638550800733934,5.860874535140025e-05,7.225247417659606e-09,10.0,1,0,0.0,0.0,0,0.0,0
YLR412W,1,0.0,0.0,0.17758658792671514,8.907776681204248e-05,8.925866288404966e-09,2.0,1,0,0.0,0.0,0,0.0,0
YLR414C,1,0.0,0.0,0.00021079258010118043,0.00021303792074989342,2.5939109905631997e-48,1.0,1,0,0.0,0.0,0,0.0,0
YOR013W,1,0.0,0.0,0.00021079258010118043,0.00021303792074989342,2.5939109905631997e-48,1.0,1,0,0.0,0.0,0,0.0,0
YLR416C,1,0.0,0.0,0.15662296976018533,8.552659558184881e-05,6.327844495677325e-10,2.0,1,0,0.0,0.0,0,0.0,0
YPR135W,2,0.0,0.00020198186801602362,0.18723977753512663,0.0001260502669928041,4.762475894965824e-08,7.5,1,0,0.0,0.0,0,0.0,0
YLR422W,1,0.0,0.0,0.18145296258878327,6.912092727886477e-05,1.1628072666469635e-08,12.0,1,0,0.0,0.0,0,0.0,0
YMR017W,4,0.0,0.00012898167737341397,0.23632550551516474,0.00014437765344107396,1.820752106536446e-05,23.5,3,0,0.0,0.0,0,0.0,0
YNL090W,3,0.3333333333333333,7.824855748156892e-05,0.23574922678165536,0.00010914913275198099,1.5061896710036367e-06,34.666666666666664,3,0,0.0,0.0,0,0.0,0
YLR425W,1,0.0,0.0,0.1796917199218813,9.118301648084043e-05,9.825332166686128e-09,2.0,1,0,0.0,0.0,0,0.0,0
YML107C,1,0.0,0.0,0.1722703821584172,6.187305872031185e-05,4.7389799489468155e-08,5.0,1,3,321.3333333333333,559.0,613,0.8374063056435189,0
YOR119C,1,0.0,0.0,0.19884438187433923,3.7727233834492696e-05,1.1778947997556983e-06,58.0,1,0,0.0,0.0,0,0.0,1
YNL028W,2,0.0,0.00020198186801602362,0.22118644725347847,0.0001382591213055853,7.671183863863077e-07,51.5,1,0,0.0,0.0,0,0.0,1
YNL134C,1,0.0,0.0,0.2211639586715809,6.105855883461762e-05,7.669917941614675e-07,102.0,1,0,0.0,0.0,0,0.0,0
YNL169C,3,0.0,0.00014198274611096798,0.2289865904010036,0.00013577437366610158,1.71767829120116e-06,37.333333333333336,3,0,0.0,0.0,0,0.0,0
YNL323W,1,0.0,0.0,0.2211639586715809,6.105855883461762e-05,7.669917941614675e-07,102.0,1,0,0.0,0.0,0,0.0,0
YPR006C,1,0.0,0.0,0.2211639586715809,6.105855883461762e-05,7.669917941614675e-07,102.0,1,0,0.0,0.0,0,0.0,0
YML027W,1,0.0,0.0,0.22063679029458708,6.349331199239502e-05,9.786882235304224e-07,80.0,1,0,0.0,0.0,0,0.0,0
YNL072W,1,0.0,0.0,0.22063679029458708,6.349331199239502e-05,9.786882235304224e-07,80.0,1,1,3.0,3.0,2,1.0,0
YNL133C,1,0.0,0.0,0.22063679029458708,6.349331199239502e-05,9.786882235304224e-07,80.0,1,0,0.0,0.0,0,0.0,0
YNR009W,2,0.0,0.0006688273961791126,0.22089445194357288,0.00010787197419027847,9.821185823511466e-07,42.0,2,0,0.0,0.0,0,0.0,0
YNR066C,1,0.0,0.0,0.22063679029458708,6.349331199239502e-05,9.786882235304224e-07,80.0,1,0,0.0,0.0,0,0.0,0
YOR230W,1,0.0,0.0,0.22063679029458708,6.349331199239502e-05,9.786882235304224e-07,80.0,1,0,0.0,0.0,0,0.0,0
YPL154C,4,0.0,0.000249599742279946,0.22793085508611452,0.00018244356804295823,1.2831354722411064e-06,25.5,3,0,0.0,0.0,0,0.0,0
YPR071W,1,0.0,0.0,0.17989233505742094,8.345835139843338e-05,9.978010626995018e-09,3.0,1,0,0.0,0.0,0,0.0,0
YPL074W,1,0.0,0.0,0.18454722283145278,6.515423102521436e-05,1.4352089262115084e-08,7.0,1,0,0.0,0.0,0,0.0,0
YOL128C,1,0.0,0.0,0.1565271724483222,9.246542695358887e-05,2.0850067503923665e-10,3.0,1,0,0.0,0.0,0,0.0,0
YML029W,0,0.0,0.0,0.0,3.195568811248403e-05,4.8315357241094107e-57,0.0,0,2,31.5,58.0,57,1.0,0
YML037C,1,0.0,0.0,0.2202012568218185,6.20547350226864e-05,1.930609085001749e-06,29.0,1,0,0.0,0.0,0,0.0,0
YNL046W,1,0.0,0.0,0.21131320337228812,6.327104158665678e-05,9.799576126384146e-07,10.0,1,0,0.0,0.0,0,0.0,0
YML054C,2,1.0,0.0,0.1704079996485965,0.00011557606376156633,4.813580204246118e-09,5.5,2,2,35.0,56.0,55,1.0,0
YPL063W,2,1.0,0.0,0.1704079996485965,0.00011557606376156633,4.813580204246118e-09,5.5,2,2,8.5,11.0,10,1.0,1
YML060W,1,0.0,0.0,0.20699001955603138,3.9549550383190145e-05,5.245173156343256e-06,50.0,1,0,0.0,0.0,0,0.0,0
YMR063W,1,0.0,0.0,0.17151650822111839,8.420891957224244e-05,6.083870115673357e-09,2.0,1,0,0.0,0.0,0,0.0,0
YML062C,1,0.0,0.0,0.14745513255926884,0.00010410791126011317,1.805093555377612e-10,2.0,1,3,10.0,19.0,21,0.7857142857142857,0
YNL097C,2,0.0,0.00020198186801602362,0.1742855632973587,0.0001717749251100906,1.4249605732637462e-08,2.0,1,4,46.25,133.0,133,0.9859876965140123,0
YML070W,1,0.0,0.0,0.00028105677346824053,0.00015831621771793706,5.197694642178564e-46,2.0,1,0,0.0,0.0,0,0.0,0
YOR102W,2,0.0,0.001410699813477323,0.23820172092798225,0.00010532245071011366,1.972454773966277e-05,77.0,2,0,0.0,0.0,0,0.0,1
YOL144W,2,0.0,0.00014200137659728217,0.24288277305876887,9.290728773684375e-05,2.0867044937814678e-05,78.5,2,1,5.0,5.0,4,1.0,1
YML129C,1,0.0,0.0,0.20467238572773183,5.3259404858309244e-05,3.1443904031177024e-07,18.0,1,1,3.0,3.0,2,1.0,0
YMR014W,1,0.0,0.0,0.20621492302358949,6.317801112203946e-05,1.478440914735178e-07,27.0,1,0,0.0,0.0,0,0.0,0
YMR019W,1,0.0,0.0,0.19745455594012018,5.592565659176455e-05,9.128931243092542e-08,17.0,1,0,0.0,0.0,0,0.0,0
YMR150C,1,0.0,0.0,0.16413326156450117,8.020880553140416e-05,6.648015975594031e-09,3.0,1,3,4.333333333333333,8.0,8,0.7857142857142857,0
YMR036C,1,0.0,0.0,0.21019017446268565,6.170762743423514e-05,9.80651123246545e-07,15.0,1,0,0.0,0.0,0,0.0,0
YMR041C,1,0.0,0.0,0.198717226100976,3.58578265245257e-05,0.001388357134954867,82.0,1,0,0.0,0.0,0,0.0,0
YNL068C,1,0.0,0.0,0.19755318458944093,6.433465499179359e-05,2.8410655767064937e-07,10.0,1,0,0.0,0.0,0,0.0,0
YMR157C,1,0.0,0.0,0.23795417770763375,6.094378851223021e-05,1.9721117380842046e-05,150.0,1,0,0.0,0.0,0,0.0,0
YNL300W,1,0.0,0.0,0.23795417770763375,6.094378851223021e-05,1.9721117380842046e-05,150.0,1,0,0.0,0.0,0,0.0,0
YNR061C,1,0.0,0.0,0.23795417770763375,6.094378851223021e-05,1.9721117380842046e-05,150.0,1,0,0.0,0.0,0,0.0,0
YOL146W,1,0.0,0.0,0.23795417770763375,6.094378851223021e-05,1.9721117380842046e-05,150.0,1,3,27.0,56.0,56,0.9766233766233766,1
YOR251C,1,0.0,0.0,0.23795417770763375,6.094378851223021e-05,1.9721117380842046e-05,150.0,1,0,0.0,0.0,0,0.0,0
YOR286W,1,0.0,0.0,0.23795417770763375,6.094378851223021e-05,1.9721117380842046e-05,150.0,1,0,0.0,0.0,0,0.0,0
YPL214C,2,0.0,1.085810965146059e-05,0.25001529975453524,6.598326044236931e-05,1.420575541438899e-05,118.0,2,0,0.0,0.0,0,0.0,0
YNL335W,2,0.0,2.2578159566878035e-05,0.2394735636609604,8.398286985048623e-05,2.760686062281962e-06,79.5,2,0,0.0,0.0,0,0.0,0
YMR282C,1,0.0,0.0,0.17702295861933054,9.308151336771689e-05,7.152245629759481e-09,2.0,1,3,97.66666666666667,266.0,265,1.0,0
YPL263C,1,0.0,0.0,0.18106027264144614,6.228776902360625e-05,2.436340448660225e-07,6.0,1,0,0.0,0.0,0,0.0,0
YMR097C,1,0.0,0.0,0.18411766181508604,7.088571614062247e-05,1.6351043992737053e-08,4.0,1,0,0.0,0.0,0,0.0,0
YOR154W,2,0.0,1.4160629888834618e-05,0.23445334290949923,0.00010548208805820805,1.9502898724696104e-05,58.0,2,0,0.0,0.0,0,0.0,0
YOR120W,2,1.0,0.0,0.18687784497545823,8.914077412991287e-05,2.769952756497201e-08,10.5,2,0,0.0,0.0,0,0.0,0
YMR106C,2,0.0,8.479739890128087e-05,0.22318351362174463,0.00010029514466298946,1.6058677163194345e-06,8.0,2,4,59.25,195.0,194,1.0,0
YPR167C,1,0.0,0.0,0.1680969139920663,6.915743070552772e-05,9.381867698204969e-09,5.0,1,0,0.0,0.0,0,0.0,0
YMR123W,1,0.0,0.0,0.19006187116770065,6.444253608934122e-05,4.703700970579013e-08,11.0,1,0,0.0,0.0,0,0.0,0
YMR131C,1,0.0,0.0,0.2006695678518758,3.586236697327973e-05,0.001388574609426347,82.0,1,0,0.0,0.0,0,0.0,1
YMR133W,1,0.0,0.0,0.17702295861933054,9.308151336771689e-05,7.152245629759481e-09,2.0,1,0,0.0,0.0,0,0.0,0
YMR134W,2,0.0,5.15187638415094e-07,0.22300047316770044,8.198646780306802e-05,2.923128401372705e-06,11.0,2,0,0.0,0.0,0,0.0,1
YMR137C,0,0.0,0.0,0.0,3.195568811248403e-05,4.8315357241094107e-57,0.0,0,0,0.0,0.0,0,0.0,0
YOR070C,1,0.0,0.0,0.18719949358987384,8.596431330798007e-05,4.573257514717135e-07,3.0,1,0,0.0,0.0,0,0.0,0
YPL164C,2,1.0,0.0,0.18307941888771065,7.868365766103527e-05,3.470153684513977e-08,11.0,2,1,2.0,2.0,1,0.0,0
YMR178W,1,0.0,0.0,0.17447428237532256,9.14192702433672e-05,2.344505287679821e-08,2.0,1,0,0.0,0.0,0,0.0,0
YMR179W,4,0.0,0.00022923630142422207,0.20983534611627203,0.00017159712745272492,3.0527991790845497e-07,8.25,3,0,0.0,0.0,0,0.0,1
YNL003C,1,0.0,0.0,0.1721272494966832,6.844570412660103e-05,3.835347960421969e-09,4.0,1,0,0.0,0.0,0,0.0,0
YMR184W,1,0.0,0.0,0.22862558363701024,6.227758591752623e-05,1.8563983634330408e-05,113.0,1,0,0.0,0.0,0,0.0,0
YMR195W,1,0.0,0.0,0.18772454071321112,7.89041160986506e-05,6.789344526803767e-07,5.0,1,0,0.0,0.0,0,0.0,0
YMR271C,2,0.0,3.771465211623359e-05,0.21506333635022332,8.90394824126591e-05,6.537251290853022e-07,22.0,2,0,0.0,0.0,0,0.0,0
YPL101W,2,1.0,0.0,0.1679671144368429,0.00011095675354387915,4.397372451024798e-09,5.5,2,1,6.0,6.0,5,1.0,0
YMR317W,1,0.0,0.0,0.18145296258878327,6.912092727886477e-05,1.1628072666469635e-08,12.0,1,0,0.0,0.0,0,0.0,0
YPR199C,1,0.0,0.0,0.00021079258010118043,0.00021303792074989342,2.5939109905631997e-48,1.0,1,0,0.0,0.0,0,0.0,0
YNR018W,1,0.0,0.0,0.17316865943671805,6.982263015614098e-05,8.58244187652807e-09,6.0,1,0,0.0,0.0,0,0.0,0
YNL045W,1,0.0,0.0,0.1796917199218813,9.118301648084043e-05,9.825332166686128e-09,2.0,1,0,0.0,0.0,0,0.0,0
YNL056W,1,0.0,0.0,0.20079923525471557,7.107477142982493e-05,9.394664975010819e-07,4.0,1,1,6.0,6.0,5,1.0,0
YNL035C,0,0.0,0.0,0.0,3.195568811248403e-05,4.8315357241094107e-57,0.0,0,0,0.0,0.0,0,0.0,0
YPL061W,1,0.0,0.0,0.18264898740621638,6.368748869278368e-05,1.650121608987156e-08,6.0,1,0,0.0,0.0,0,0.0,0
YOR004W,1,0.0,0.0,0.2202012568218185,6.20547350226864e-05,1.930609085001749e-06,29.0,1,2,302.5,559.0,558,1.0,1
YNL224C,1,0.0,0.0,0.20764204997273136,5.8494775971861805e-05,8.462686832938072e-07,36.0,1,0,0.0,0.0,0,0.0,0
YOR093C,1,0.0,0.0,0.20764204997273136,5.8494775971861805e-05,8.462686832938072e-07,36.0,1,0,0.0,0.0,0,0.0,0
YPR062W,1,0.0,0.0,0.23791513896033403,5.789570613470542e-05,2.7165527833566224e-06,150.0,1,0,0.0,0.0,0,0.0,0
YPL249C,3,0.0,2.337598435998285e-05,0.21626068653520245,0.000111348743285536,7.048249592624843e-05,12.333333333333334,3,1,2.0,2.0,1,0.0,0
YPL075W,2,0.0,5.35862060449976e-06,0.20379988902556181,9.402896576806864e-05,7.202982836932558e-08,7.0,2,3,90.66666666666667,195.0,194,1.0,1
YNL246W,2,0.0,0.00020198186801602362,0.19829153286365853,0.0001382851569586867,1.061888345429974e-07,10.0,1,1,2.0,2.0,1,0.0,1
YPR058W,1,0.0,0.0,0.16428201159386252,9.117496750512212e-05,1.3736002927687031e-09,2.0,1,0,0.0,0.0,0,0.0,0
YPL150W,1,0.0,0.0,0.1722703821584172,8.016275955975106e-05,1.0026703679378466e-08,2.0,1,0,0.0,0.0,0,0.0,0
YNL279W,1,0.0,0.0,0.18145296258878327,6.912092727886477e-05,1.1628072666469635e-08,12.0,1,0,0.0,0.0,0,0.0,0
YNL289W,1,0.0,0.0,0.20271731191597164,5.947945900351013e-05,7.252024128701218e-08,21.0,1,4,11.75,25.0,30,0.7655172413793103,0
YNL292W,1,0.0,0.0,0.18845641026764862,7.589428189829095e-05,2.146556651788683e-08,3.0,1,0,0.0,0.0,0,0.0,0
YNR043W,1,0.0,0.0,0.19740079999222596,4.540231838571248e-05,1.113570767933729e-06,20.0,1,0,0.0,0.0,0,0.0,1
YNL320W,1,0.0,0.0,0.19458432019986885,4.6720053069493095e-05,1.1651805928400705e-06,13.0,1,0,0.0,0.0,0,0.0,0
YNR004W,1,0.0,0.0,0.16440617606487296,0.00010181493007548937,1.1709801561193083e-08,2.0,1,0,0.0,0.0,0,0.0,0
YPL157W,2,0.0,0.00020198186801602362,0.19847245579510348,0.00016656912909191623,9.363318146223661e-07,2.0,1,0,0.0,0.0,0,0.0,0
YNR019W,1,0.0,0.0,0.13706730406517542,0.00011152048132454613,4.71042364740807e-12,2.0,1,0,0.0,0.0,0,0.0,0
YNR033W,1,0.0,0.0,0.2026606526775361,5.6905416835068386e-05,3.4966269333784107e-05,20.0,1,0,0.0,0.0,0,0.0,0
YNR063W,1,0.0,0.0,0.19163581318952813,7.157437758437303e-05,7.023200581547037e-07,5.0,1,0,0.0,0.0,0,0.0,0
YOL009C,1,0.0,0.0,0.19054468426019042,5.9953929746366376e-05,2.81415687633182e-08,6.0,1,1,3.0,3.0,2,1.0,0
YOL045W,0,0.0,0.0,0.0,3.195568811248403e-05,4.8315357241094107e-57,0.0,0,0,0.0,0.0,0,0.0,0
YPL196W,1,0.0,0.0,0.16686545838557335,8.166525127446983e-05,1.0888999488862464e-09,6.0,1,0,0.0,0.0,0,0.0,0
YOL066C,1,0.0,0.0,0.22862558363701024,6.227758591752623e-05,1.8563983634330408e-05,113.0,1,0,0.0,0.0,0,0.0,1
YOL078W,1,0.0,0.0,0.21955671112938016,5.0658824172045865e-05,1.2206517720658557e-06,19.0,1,1,8.0,8.0,7,1.0,1
YOL087C,0,0.0,0.0,0.0,3.195568811248403e-05,4.8315357241094107e-57,0.0,0,0,0.0,0.0,0,0.0,0
YOL095C,1,0.0,0.0,0.1972933758572703,9.295973018680107e-05,9.358163253122088e-07,2.0,1,0,0.0,0.0,0,0.0,0
YOL100W,0,0.0,0.0,0.0,3.195568811248403e-05,4.8315357241094107e-57,0.0,0,0,0.0,0.0,0,0.0,1
YOL147C,1,0.0,0.0,0.22862558363701024,6.227758591752623e-05,1.8563983634330408e-05,113.0,1,0,0.0,0.0,0,0.0,0
YPL008W,1,0.0,0.0,0.18506534928656915,8.767577248888403e-05,2.3230357291386405e-07,4.0,1,0,0.0,0.0,0,0.0,0
YOR051C,1,0.0,0.0,0.19051965101942928,6.439305158454755e-05,2.417510990569145e-07,17.0,1,0,0.0,0.0,0,0.0,0
YOR074C,2,1.0,0.0,0.2419507386145747,7.143466137104417e-05,2.914229366639253e-05,105.0,2,0,0.0,0.0,0,0.0,1
YOR079C,1,0.0,0.0,0.22862558363701024,6.227758591752623e-05,1.8563983634330408e-05,113.0,1,0,0.0,0.0,0,0.0,0
YOR080W,0,0.0,0.0,0.0,3.195568811248403e-05,4.8315357241094107e-57,0.0,0,2,35.5,58.0,57,1.0,0
YOR090C,0,0.0,0.0,0.0,3.195568811248403e-05,4.8315357241094107e-57,0.0,0,1,7.0,7.0,6,1.0,0
YPR169W,1,0.0,0.0,0.16791525072479324,6.769041829988508e-05,1.916907701682507e-09,5.0,1,0,0.0,0.0,0,0.0,1
YOR125C,0,0.0,0.0,0.0,3.195568811248403e-05,4.8315357241094107e-57,0.0,0,0,0.0,0.0,0,0.0,0
YOR393W,1,0.0,0.0,0.20302003038073022,6.816362799621969e-05,6.556819359751469e-08,24.0,1,1,5.0,5.0,4,1.0,0
YPR085C,2,0.0,0.00020198186801602362,0.20303898030656028,0.00014954486857299084,6.557866572118823e-08,12.5,1,0,0.0,0.0,0,0.0,1
YOR131C,1,0.0,0.0,0.17935835385177554,9.718619655951462e-05,1.2541798558777245e-08,3.0,1,0,0.0,0.0,0,0.0,0
YOR146W,1,0.0,0.0,0.164089926867147,8.170496365784974e-05,8.976106263393084e-09,3.0,1,0,0.0,0.0,0,0.0,1
YOR172W,1,0.0,0.0,0.18344224283305227,8.04430205131684e-05,1.0336620667656512e-08,4.0,1,0,0.0,0.0,0,0.0,0
YOR202W,0,0.0,0.0,0.0,3.195568811248403e-05,4.8315357241094107e-57,0.0,0,0,0.0,0.0,0,0.0,0
YOR227W,0,0.0,0.0,0.0,3.195568811248403e-05,4.8315357241094107e-57,0.0,0,2,452.5,559.0,558,1.0,0
YOR288C,1,0.0,0.0,0.16752729142549455,9.600975013236937e-05,8.276312230272479e-10,2.0,1,0,0.0,0.0,0,0.0,0
YOR386W,0,0.0,0.0,0.0,3.195568811248403e-05,4.8315357241094107e-57,0.0,0,0,0.0,0.0,0,0.0,0
YPL097W,1,0.0,0.0,0.22862558363701024,6.227758591752623e-05,1.8563983634330408e-05,113.0,1,0,0.0,0.0,0,0.0,0
YPL135W,0,0.0,0.0,0.0,3.195568811248403e-05,4.8315357241094107e-57,0.0,0,0,0.0,0.0,0,0.0,0
YPL236C,0,0.0,0.0,0.0,3.195568811248403e-05,4.8315357241094107e-57,0.0,0,0,0.0,0.0,0,0.0,0
YPR015C,0,0.0,0.0,0.0,3.195568811248403e-05,4.8315357241094107e-57,0.0,0,0,0.0,0.0,0,0.0,1
YPR070W,1,0.0,0.0,0.16527433161222763,7.610305116961816e-05,5.640879280378962e-10,4.0,1,2,49.5,74.0,78,0.9683649683649683,0
YPR073C,0,0.0,0.0,0.0,3.195568811248403e-05,4.8315357241094107e-57,0.0,0,0,0.0,0.0,0,0.0,0
YPR157W,1,0.0,0.0,0.22862558363701024,6.227758591752623e-05,1.8563983634330408e-05,113.0,1,0,0.0,0.0,0,0.0,0
YPR133C,1,0.0,0.0,0.18643737865989576,9.066690946768946e-05,6.7259635643806e-07,2.0,1,1,19.0,19.0,18,1.0,1
