protein,degree,clustering_coeff,betweenness,closeness,pagerank,eigenvector_centrality,avg_neighbor_degree,k_core,n_complexes,mean_complex_size,max_complex_size,co_complex_degree,co_complex_clustering,label
YER142C,22,0.021645021645021644,0.0005319190215665758,0.29115003930067757,0.0003664611725424575,0.010346772498733354,30.454545454545453,11,0,0.0,0.0,0,0.0,0
Q0080,2,1.0,0.0,0.26736936664799565,5.429023413770579e-05,0.005388124111736276,118.0,2,4,26.5,56.0,57,0.9523809523809523,0
YBL099W,109,0.026843357118586476,0.010135066079052499,0.3490391648233504,0.0015935194173607107,0.10456018741316733,38.75229357798165,17,4,24.0,56.0,57,0.9523809523809523,0
YJR121W,127,0.021872265966754154,0.01152640684538604,0.35432352147507995,0.0018507059897713038,0.11541860334168895,36.92125984251968,17,4,24.0,56.0,57,0.9523809523809523,0
Q0085,7,0.7619047619047619,3.5187570916812333e-07,0.2679701966854069,0.00013676134458586657,0.006297405783417944,38.42857142857143,6,4,26.5,56.0,57,0.9523809523809523,0
YDR298C,5,0.8,2.009622854946143e-06,0.2813054918024183,0.00010054076949893108,0.007634572325143119,69.4,5,5,21.8,56.0,57,0.9523809523809523,0
YDR377W,6,0.8666666666666667,2.0839824387640322e-07,0.26795585982827325,0.0001194157790716672,0.00611485782761391,44.166666666666664,6,4,26.5,56.0,57,0.9523809523809523,0
YKL016C,7,0.7142857142857143,6.545628775848587e-06,0.28133709561005815,0.0001352977207995529,0.00792531903679958,51.0,6,5,21.8,56.0,57,0.9523809523809523,0
YML081C-A,6,0.8,2.5967555513122325e-06,0.27003628490053677,0.00012216752872291648,0.006044594817909453,44.0,6,4,26.5,56.0,57,0.9523809523809523,0
YPL078C,9,0.3055555555555556,0.0005186212632664303,0.2890663151362262,0.00015831985376804186,0.009399348203677617,48.55555555555556,6,5,21.8,56.0,57,0.9523809523809523,0
Q0250,3,0.3333333333333333,2.5159008597783514e-05,0.21029404501386695,0.00011818117589422272,1.991284638765967e-05,4.333333333333333,3,3,26.333333333333332,56.0,56,0.9707792207792207,0
YBR024W,4,0.16666666666666666,0.00021897848867945792,0.24981858420043174,0.00012631109356051032,0.00039637120614543234,19.25,3,0,0.0,0.0,0,0.0,1
YBR037C,3,0.3333333333333333,1.0294439276884016e-05,0.20949357828461349,0.00011078616569488119,2.161222397056075e-05,6.333333333333333,3,0,0.0,0.0,0,0.0,0
YER154W,6,0.0,0.00045405711808890834,0.24856632964664527,0.00021552796498919104,0.00039397758882409435,23.333333333333332,3,0,0.0,0.0,0,0.0,0
Q0275,1,0.0,0.0,0.1987524495436428,5.985133015766139e-05,9.651320893541014e-06,6.0,1,3,26.333333333333332,56.0,56,0.9707792207792207,0
YBL056W,26,0.06461538461538462,0.0003891599286877669,0.30870087377035593,0.00041045263250893163,0.026098955071081727,42.84615384615385,15,0,0.0,0.0,0,0.0,0
YBR217W,91,0.03076923076923077,0.009188606884231756,0.339964904700669,0.0013901986096445337,0.08794968859729027,41.8021978021978,17,1,3.0,3.0,2,1.0,0
YDR523C,45,0.044444444444444446,0.0010234641793572842,0.3232453192235869,0.0006371823567836752,0.059533314068052456,54.0,17,0,0.0,0.0,0,0.0,0
YOR101W,6,0.13333333333333333,0.00021138580324963355,0.25580279769397085,0.0001707330494437152,0.0021622979095993968,21.833333333333332,4,1,11.0,11.0,10,1.0,0
YOR351C,40,0.052564102564102565,0.0012021818084982636,0.31845634743118556,0.0005882231647687733,0.058393483150812456,62.3,17,0,0.0,0.0,0,0.0,0
YAL001C,1,0.0,0.0,0.19868937104971854,5.541020995039515e-05,1.2936037009227666e-05,8.0,1,4,84.75,195.0,255,0.7764397097421646,1
YBR123C,8,0.07142857142857142,0.002437200764366507,0.2484676775338719,0.00024581523598205446,0.0005280661595273638,8.625,5,4,84.75,195.0,255,0.7764397097421646,1
YAL002W,8,0.32142857142857145,0.00014308365453383532,0.2829903365380413,0.0001511376105679011,0.009151354243604698,50.5,5,2,6.5,7.0,7,0.9047619047619048,0
YCL018W,156,0.024400330851943756,0.012121959323459637,0.3644301081314309,0.002146659392386727,0.15529227474612248,40.782051282051285,17,0,0.0,0.0,0,0.0,0
YDR171W,61,0.023497267759562842,0.0030556303929600904,0.33840290378717935,0.0008709286805445465,0.06515761258116473,47.01639344262295,17,1,11.0,11.0,10,1.0,0
YGL206C,64,0.020833333333333332,0.0038140946409460745,0.3360866310596064,0.0009508275456166492,0.05933728532038655,41.765625,17,5,29.8,95.0,104,0.8676250933532487,0
YKR026C,83,0.02879811930649427,0.005378291290339883,0.33284794151992125,0.001308175610702124,0.07412576731978311,37.71084337349398,17,5,63.2,266.0,270,0.9641470466749277,0
YLR148W,19,0.08187134502923976,0.002658027109391608,0.29733810116660264,0.00034009095513466974,0.016985174051827454,39.473684210526315,9,5,23.6,95.0,98,0.9229960025247212,0
YLR396C,7,0.47619047619047616,8.913902477602236e-06,0.23919968363980584,0.00014987533489149005,0.0010234219973287698,10.0,5,5,23.6,95.0,98,0.9229960025247212,0
YMR231W,7,0.6190476190476191,4.991911168140682e-06,0.23913115813838115,0.00015645976593167384,0.0008680988586666738,8.857142857142858,5,5,23.6,95.0,98,0.9229960025247212,0
YPL045W,7,0.5238095238095238,1.947823482236469e-05,0.23484774341415435,0.0001604526391544409,0.0008158866434824468,8.428571428571429,5,5,23.6,95.0,98,0.9229960025247212,1
YAL003W,3,1.0,0.0,0.2760493290001794,6.870039325999793e-05,0.005962477930282885,99.33333333333333,3,6,198.5,559.0,589,0.9439786101197695,1
YBR118W,105,0.029853479853479855,0.008386866615098463,0.34962394248169315,0.0015436299553876333,0.09158709854480696,37.68571428571428,17,6,198.5,559.0,589,0.9439786101197695,0
YKL081W,29,0.05665024630541872,0.0005704776736976822,0.31198922170623905,0.00044451419642713505,0.03022846223607548,47.6551724137931,16,6,198.5,559.0,589,0.9439786101197695,0
YML064C,164,0.015935956905581326,0.018668040892092758,0.3521807872899413,0.002660768795324478,0.12159370639284153,31.378048780487806,17,0,0.0,0.0,0,0.0,1
YGL181W,44,0.02536997885835095,0.005838461154162094,0.3187400863011681,0.0009927423191842583,0.012986203229672949,25.886363636363637,12,0,0.0,0.0,0,0.0,0
YML109W,34,0.0873440285204991,0.0034788720924773457,0.3100961535539753,0.0006042548739030849,0.014545357188359396,31.38235294117647,13,0,0.0,0.0,0,0.0,0
YAL005C,15,0.10476190476190476,0.000176315505662036,0.2937284016216207,0.00025076650107040146,0.008453392200153,35.86666666666667,12,1,11.0,11.0,10,1.0,0
YAR002W,13,0.3076923076923077,0.0003317399696920599,0.30803634762594595,0.00022880897043976305,0.009679857090185429,75.92307692307692,12,1,59.0,59.0,58,1.0,0
YCL028W,22,0.047619047619047616,0.0006905590825175351,0.314971572608657,0.00034587511222138176,0.0194327946936082,48.40909090909091,13,0,0.0,0.0,0,0.0,1
YDR192C,31,0.06451612903225806,0.002786376688987407,0.3120669808742137,0.0005616442396757351,0.012269908150737224,35.483870967741936,12,3,32.0,59.0,59,0.9812974868497955,0
YHR069C,12,0.5151515151515151,5.7879958676544216e-05,0.27422048708115715,0.00022386251603581138,0.0028163837933150326,29.583333333333332,9,6,32.166666666666664,131.0,136,0.9196078431372549,1
YLR310C,71,0.018108651911468814,0.007904429435922981,0.32045319444943726,0.0013765133483098623,0.02261174009985363,18.535211267605632,13,0,0.0,0.0,0,0.0,1
YLR335W,19,0.26900584795321636,0.0002613010012391414,0.2987926844082004,0.0003249304443586934,0.008535389893406492,43.94736842105263,12,3,32.0,59.0,59,0.9812974868497955,0
YLR347C,60,0.04689265536723164,0.003370922438501013,0.3240400476222991,0.0010496218000002014,0.01789681761062364,23.483333333333334,12,1,59.0,59.0,58,1.0,1
YNL007C,16,0.03333333333333333,0.00019545061960469566,0.2953392484992484,0.00026986804060315987,0.012666485144570088,34.25,12,4,282.5,559.0,558,1.0,1
YNL064C,102,0.022325761987963502,0.005881294758068352,0.35553084234047383,0.001411175143160829,0.10282024421282612,42.27450980392157,17,1,4.0,4.0,3,1.0,0
YNL077W,5,0.0,1.915638412032437e-05,0.25817634806176887,0.0001043351551331567,0.0018546447051667133,20.2,5,0,0.0,0.0,0,0.0,0
YOR098C,45,0.028282828282828285,0.005679845780583949,0.32239220959448056,0.0008692608913306799,0.01449992014760762,28.68888888888889,12,3,32.0,59.0,59,0.9812974868497955,1
YOR151C,48,0.07358156028368794,0.003129205111019792,0.32559894526396144,0.0007175039981987041,0.041320277249960805,41.541666666666664,16,6,57.166666666666664,195.0,208,0.9184318097361576,1
YOR160W,9,0.1111111111111111,0.00015605536511968364,0.28056484096410594,0.0001761707335691477,0.0026404345493189173,40.77777777777778,8,0,0.0,0.0,0,0.0,1
YPL240C,63,0.06451612903225806,0.005213266787635173,0.33004039380891304,0.0009321570893763053,0.06317689916559571,43.285714285714285,17,0,0.0,0.0,0,0.0,0
YPR010C,22,0.06926406926406926,0.0002514572924450183,0.2948524064553312,0.0003552894076810617,0.012888345456365004,33.0,12,3,77.33333333333333,195.0,194,1.0,1
YAL007C,25,0.13333333333333333,0.0011737736804565203,0.29263003073621124,0.000392880137478521,0.004569386855565372,31.08,14,4,33.75,95.0,94,1.0,0
YAR002C-A,6,0.2,0.0005860114049317191,0.28244772028255444,0.0001550315415706115,0.0019783302297859263,72.66666666666667,5,4,33.75,95.0,94,1.0,0
YBR036C,40,0.23717948717948717,0.0007986208270320351,0.2808322853005638,0.0006104718252440835,0.003930122658458103,34.1,17,2,2.0,2.0,2,0.0,0
YBR183W,34,0.29411764705882354,0.0004216089091839969,0.27063454966228545,0.0005346134379697701,0.003348959295335514,38.35294117647059,17,0,0.0,0.0,0,0.0,0
YCL025C,36,0.16984126984126985,0.0018362342376244912,0.28757251814712076,0.0005758902150625478,0.0038470447038711874,35.166666666666664,17,0,0.0,0.0,0,0.0,0
YDL054C,16,0.13333333333333333,0.0005184666663111,0.26613332143313967,0.0002873487400685995,0.0018683428722718893,37.25,10,0,0.0,0.0,0,0.0,0
YDR087C,12,0.2727272727272727,0.00021889952562852372,0.28635580194684135,0.00019295629736968504,0.007487234208264393,53.583333333333336,12,3,195.33333333333334,559.0,558,1.0,1
YDR101C,18,0.20261437908496732,0.0002111568436192297,0.28516557399363746,0.0002988107306727947,0.0046845005211910516,25.61111111111111,11,3,356.0,559.0,558,1.0,0
YDR127W,25,0.09,0.0009472694441559771,0.3133948423784654,0.00035781580720700554,0.029721166499904264,53.72,16,0,0.0,0.0,0,0.0,0
YEL002C,38,0.155049786628734,0.0014882400368245855,0.2818754488997217,0.0005978665803712782,0.004118936778360409,32.21052631578947,16,2,19.0,29.0,28,1.0,1
YEL063C,48,0.16046099290780141,0.0015835454043110972,0.28795279572530647,0.0008015587764813702,0.004055689061892134,30.6875,17,0,0.0,0.0,0,0.0,0
YER110C,57,0.02694235588972431,0.005426064247895435,0.34031140694776485,0.0008574883527171924,0.04147877058682816,42.70175438596491,16,1,59.0,59.0,58,1.0,0
YGL200C,45,0.16767676767676767,0.0023834880467171926,0.29142109717504106,0.0007380154781923725,0.005025534583378977,31.155555555555555,17,4,33.75,95.0,94,1.0,0
YGR060W,51,0.21490196078431373,0.002418109602706961,0.2900708314635848,0.0008346435860779378,0.005058167063759549,31.627450980392158,17,0,0.0,0.0,0,0.0,1
YHR110W,17,0.3235294117647059,5.204224967522607e-05,0.26776962019088185,0.000270503530034354,0.0020149274991109662,40.23529411764706,13,0,0.0,0.0,0,0.0,0
YHR140W,60,0.2497175141242938,0.0029619088066291295,0.29588013091807497,0.0009446231713709042,0.006226208642773544,34.61666666666667,17,0,0.0,0.0,0,0.0,0
YJL117W,46,0.2492753623188406,0.0054087859716685,0.3133360220251661,0.0007036023023364433,0.0104032004550738,42.32608695652174,17,0,0.0,0.0,0,0.0,0
YLR342W,23,0.007905138339920948,0.0015239297146745498,0.2960725334624175,0.0004146561996954826,0.005879073784886451,23.043478260869566,11,4,3.5,5.0,6,0.6,0
YML012W,10,0.24444444444444444,0.00023676316758740117,0.2647266227628445,0.00022001441553288342,0.0010203026856035562,16.6,7,4,33.75,95.0,94,1.0,0
YMR290C,29,0.21921182266009853,0.0009252482451113958,0.313964579742368,0.0004152510644118044,0.02247274167502452,55.724137931034484,14,0,0.0,0.0,0,0.0,1
YNL130C,13,0.20512820512820512,0.00025575910289723456,0.2547100125133629,0.0002579910464908799,0.0009719340662050915,33.23076923076923,9,0,0.0,0.0,0,0.0,0
YPL076W,62,0.23638286620835536,0.0019444118497637087,0.2914041412724882,0.0009745862781051415,0.005771289815764115,31.516129032258064,17,1,6.0,6.0,5,1.0,1
YPL211W,11,0.16363636363636364,0.0002909402334031879,0.2811949343692244,0.00020726044537178038,0.005530150162590263,37.36363636363637,9,3,356.0,559.0,558,1.0,1
YPL264C,36,0.28095238095238095,0.0014271965732014715,0.2772719357831066,0.0005555861497420627,0.0037687357831825375,37.94444444444444,17,0,0.0,0.0,0,0.0,0
YPR201W,11,0.10909090909090909,0.0002753507277233342,0.24976875005237656,0.00023846273006251882,0.0007675749503226218,32.36363636363637,6,0,0.0,0.0,0,0.0,0
YAL009W,6,0.0,7.747281939997401e-05,0.2562740099293995,0.00013924738125801922,0.0010140056684005948,21.666666666666668,4,1,2.0,2.0,1,0.0,0
YDL040C,4,0.16666666666666666,4.301258088335974e-06,0.24943288889139176,9.309920238109737e-05,0.0009952975170276278,15.25,4,5,214.6,559.0,558,1.0,0
YDR211W,17,0.16911764705882354,0.00023857591430261096,0.29084570128050263,0.00027842443536170355,0.009977593758851514,29.764705882352942,11,5,63.2,266.0,270,0.9641470466749277,1
YHR004C,2,0.0,6.704548868987054e-07,0.22486252305707605,6.642099745810375e-05,0.00015684143927165511,8.0,2,1,2.0,2.0,1,0.0,0
YJL176C,13,0.20512820512820512,0.00018114074186977098,0.2686745869883727,0.0002454916965631169,0.0017744393867415889,22.46153846153846,8,6,64.5,195.0,269,0.6211507518171225,0
YAL010C,4,0.0,0.00035510741105022046,0.2673550940079141,9.43366089312156e-05,0.0029607736975018908,34.75,4,2,3.5,4.0,5,0.4,0
YFL048C,10,0.15555555555555556,7.877874236638508e-05,0.2552552355155321,0.00018966742227569263,0.0009857995955231708,39.9,7,0,0.0,0.0,0,0.0,0
YJL066C,46,0.02705314009661836,0.0022205447564584446,0.3210489087211702,0.0006676499141885753,0.048010403225229405,43.21739130434783,17,0,0.0,0.0,0,0.0,0
YMR203W,7,0.09523809523809523,2.94182944865983e-05,0.24197328128564377,0.0001960425937838047,0.00035390754704981743,5.0,4,4,10.5,18.0,18,0.9281045751633987,1
YPL235W,76,0.04,0.007727879733835223,0.34488107533743667,0.0011349411913992534,0.07151905053854199,43.28947368421053,17,3,36.0,83.0,82,1.0,1
YAL011W,12,0.12121212121212122,0.0005358207119470143,0.2857023945265405,0.00022987385985330568,0.003379068532424956,34.0,9,2,48.0,83.0,82,1.0,0
YBL007C,139,0.029715358148264,0.023420471113045866,0.34925822706068727,0.0026847054361176757,0.03699082013879475,19.74820143884892,14,4,33.5,73.0,73,0.9729832572298326,0
YDL181W,8,0.07142857142857142,0.00035983340466856363,0.2829263911450828,0.00016051074756831145,0.006700426751871447,44.25,7,4,24.25,56.0,57,0.9523809523809523,0
YDR225W,37,0.06456456456456457,0.0015966246676362944,0.3117949932173476,0.0005936033738481295,0.014112423384509168,30.81081081081081,12,2,9.5,11.0,10,1.0,0
YDR334W,16,0.325,0.00013456020195391254,0.2925958389934133,0.00027458834601738497,0.007885319731445309,30.125,10,2,48.0,83.0,82,1.0,0
YER081W,96,0.002412280701754386,0.015855299044423135,0.32852495743196164,0.002546292555657346,0.021501750230412644,13.3125,13,1,3.0,3.0,2,1.0,0
YGR002C,22,0.2943722943722944,0.00033439555731556905,0.2952870099669981,0.0003722226594876282,0.008256207714706996,26.545454545454547,10,4,60.5,133.0,209,0.5794994479205006,1
YHR158C,20,0.11578947368421053,0.0010207143818620334,0.3039608530709629,0.00037373769223529964,0.008034679494477991,37.05,11,2,2.5,3.0,2,1.0,0
YIR018W,5,0.0,0.002188798123171718,0.25134813690907637,0.0001530866185962177,0.0007070677847603919,19.0,4,0,0.0,0.0,0,0.0,0
YNL107W,20,0.3473684210526316,0.00029785105100668305,0.2952173873298117,0.00032322835868824545,0.00894959690054608,29.25,10,4,60.5,133.0,209,0.5794994479205006,0
YOL012C,20,0.24210526315789474,0.000770730128555477,0.2985433342900724,0.0003487332049366513,0.008945904762617155,29.95,10,3,32.0,83.0,83,0.9761974728181017,0
YOR127W,12,0.09090909090909091,0.000593876411346103,0.29273265392777226,0.00023409803379377257,0.004120767724428917,42.166666666666664,9,0,0.0,0.0,0,0.0,0
YOR269W,13,0.02564102564102564,0.00013650542109462101,0.2894840168805419,0.0002299393527769258,0.011728658596591054,41.76923076923077,8,0,0.0,0.0,0,0.0,0
YAL012W,5,0.0,0.000292872656359681,0.27960936668435993,0.00014905124864860274,0.0035012546271992314,83.2,3,0,0.0,0.0,0,0.0,1
YBR055C,106,0.020844564240790654,0.009972147563303831,0.330127412566756,0.0016801208601321237,0.07316870991269321,30.641509433962263,17,7,133.57142857142858,559.0,619,0.8502282102357388,1
YJR091C,280,0.0012544802867383513,0.07413795955488443,0.36528064882577893,0.007268652585703791,0.036698074998567184,9.478571428571428,14,0,0.0,0.0,0,0.0,0
YMR101C,1,0.0,0.0,0.21811527637184283,5.495799483152069e-05,8.576544496898698e-05,5.0,1,0,0.0,0.0,0,0.0,0
YMR300C,3,0.0,4.2983394247985276e-05,0.25073156325658347,8.921453856858451e-05,0.0008107070505686768,26.666666666666668,3,0,0.0,0.0,0,0.0,0
YPL149W,26,0.027692307692307693,0.0006783784016018272,0.3063781107267544,0.00038768049029312067,0.0321587271094705,50.92307692307692,16,1,3.0,3.0,2,1.0,0
YAL013W,2,0.0,1.1934192120526119e-05,0.22976250004818127,6.51240192997689e-05,0.00014471502271189363,20.0,2,3,58.0,133.0,132,1.0,0
YGL061C,19,0.03508771929824561,0.0004158652626490694,0.2751696596917892,0.0004205388956107949,0.0023403311992649545,10.210526315789474,6,8,25.0,55.0,75,0.6731531531531532,1
YNL330C,21,0.08571428571428572,0.0018862664362922115,0.28359926251700196,0.0004180869644602091,0.0035672957065238904,17.285714285714285,8,10,47.2,195.0,256,0.7707720588235294,0
YAL014C,2,0.0,6.424668443599293e-05,0.25722166175595784,6.47331498215662e-05,0.0020029786901578487,70.5,2,0,0.0,0.0,0,0.0,0
YER133W,124,0.038683451350642536,0.013751287322163257,0.3428976431637858,0.001929575162595595,0.07855696694925335,32.87096774193548,17,11,5.636363636363637,20.0,29,0.4753694581280788,1
YIL034C,17,0.007352941176470588,0.000982790750217401,0.2756391291166899,0.00044246064285631645,0.0032085139960719863,11.058823529411764,6,5,27.2,73.0,73,0.9729832572298326,0
YAL015C,24,0.14492753623188406,0.0001697103755815251,0.31000018420712155,0.00032752514040508107,0.038854777728061354,64.08333333333333,16,0,0.0,0.0,0,0.0,0
YBR020W,100,0.03575757575757576,0.007441787500584181,0.3530994765968877,0.0013720824312185706,0.11500360777037671,46.37,17,0,0.0,0.0,0,0.0,0
YBR127C,113,0.020701643489254108,0.006640540413649682,0.35578340385382223,0.0015492999400958437,0.1216797469737178,44.38053097345133,17,5,12.8,15.0,15,0.9904761904761905,0
YCL064C,24,0.057971014492753624,0.0002646128003236332,0.3052390892278312,0.00034663446450516433,0.03034321748605472,52.125,15,0,0.0,0.0,0,0.0,0
YDL029W,89,0.08605720122574055,0.003972629846814588,0.34447781663458665,0.0012147868190729727,0.10862435768469256,51.08988764044944,17,7,35.285714285714285,95.0,163,0.5252594107399834,1
YDL059C,67,0.0407055630936228,0.001998246969921845,0.32874059573680703,0.0009475440253673859,0.08497796873886615,51.37313432835821,17,0,0.0,0.0,0,0.0,0
YDR214W,16,0.041666666666666664,0.00024519357889433123,0.2875229907601042,0.00025820013942590907,0.021102143893412015,49.5,12,0,0.0,0.0,0,0.0,0
YEL030W,18,0.05228758169934641,0.00012460269134568195,0.2942633945975473,0.00027647121475363195,0.018372496981945714,45.166666666666664,13,0,0.0,0.0,0,0.0,0
YEL060C,20,0.06315789473684211,0.0003311576775472289,0.3016904388922508,0.0003075178418020726,0.022816909386917033,50.7,14,0,0.0,0.0,0,0.0,0
YFL037W,84,0.029546758462421115,0.0038998499381812275,0.34353268235477435,0.0011884507084283917,0.09387051283948512,45.166666666666664,17,5,22.8,73.0,72,1.0,1
YFL039C,126,0.028317460317460318,0.01298922457726188,0.35522824143912723,0.0018744777367695113,0.10684914331404484,37.507936507936506,17,8,46.125,133.0,283,0.3806230108011929,1
YGR282C,27,0.042735042735042736,0.0004771817417268091,0.30837774620098857,0.00038542272750000925,0.03702115700330952,55.22222222222222,16,0,0.0,0.0,0,0.0,0
YJL088W,58,0.014519056261343012,0.00236772725180167,0.3240400476222991,0.0008754091489558323,0.04291695458740979,32.258620689655174,16,1,2.0,2.0,1,0.0,0
YJR045C,174,0.024516643412397846,0.018457161229973415,0.3683703277471503,0.002440599787091539,0.16163268342901846,37.98275862068966,17,5,10.2,18.0,24,0.644927536231884,1
YJR068W,32,0.09274193548387097,0.0010848011844433174,0.31576590227919143,0.00046728448811547707,0.033173403200060125,47.21875,16,7,16.285714285714285,56.0,60,0.8497175141242937,1
YJR077C,48,0.02925531914893617,0.001981745545419939,0.32969277704234445,0.0006734792317833329,0.05868278782116788,53.291666666666664,17,0,0.0,0.0,0,0.0,0
YML085C,79,0.039272963323596234,0.003081497966632155,0.3431090618654693,0.0010993612406016583,0.09235848433065251,47.29113924050633,17,5,22.8,73.0,72,1.0,1
YMR012W,35,0.011764705882352941,0.00145998285621924,0.3213991513861423,0.0005228925095202897,0.029646604566695905,46.97142857142857,15,1,7.0,7.0,6,1.0,0
YMR058W,36,0.15555555555555556,0.004919732192034483,0.3048118176647955,0.0005514443165900603,0.011654830126725324,42.388888888888886,17,1,2.0,2.0,1,0.0,0
YMR146C,12,0.3787878787878788,0.0002468587671995619,0.2776716181210986,0.00020610834640892505,0.006361878963738188,39.083333333333336,10,6,54.0,266.0,268,0.9781988931745765,1
YMR214W,29,0.07389162561576355,0.000927376262444686,0.31048062587875863,0.00040443908568593543,0.03978844402227684,50.51724137931034,17,0,0.0,0.0,0,0.0,0
YNL037C,20,0.06842105263157895,0.00011174737010867653,0.3042008610331787,0.0002876095261222915,0.028532865284258677,60.0,16,1,2.0,2.0,1,0.0,0
YPR110C,129,0.026526162790697673,0.010903564112009,0.34502362744903936,0.0019308331962902751,0.11752240735169116,39.70542635658915,17,6,46.666666666666664,195.0,199,0.9538094512968884,1
YAL016W,22,0.12987012987012986,0.00045441218476752405,0.30300459653035605,0.0003691188948847509,0.012035395991394054,38.18181818181818,12,3,4.0,6.0,5,1.0,0
YAL024C,5,0.2,2.9951857077549793e-05,0.2833265246393763,0.00010663629229361454,0.0046864785146930755,78.6,5,1,3.0,3.0,2,1.0,0
YDL134C,28,0.13227513227513227,0.0013331427086251074,0.32065836327871533,0.00044528084071082197,0.03207156247838201,55.642857142857146,15,4,3.75,6.0,6,0.7333333333333333,0
YDL188C,47,0.08233117483811286,0.0015575006662568575,0.3160847570874254,0.0007089081353191603,0.03611974987778797,34.723404255319146,16,1,6.0,6.0,5,1.0,0
YDR482C,5,0.0,0.0005276900242166356,0.29044090559326463,0.00011924563732396487,0.00518208231812881,97.0,4,5,172.8,559.0,619,0.8502282102357388,0
YFR024C-A,86,0.01969904240766074,0.011268174732430143,0.3278797365663014,0.001634587825043343,0.021087047823101158,17.453488372093023,13,0,0.0,0.0,0,0.0,0
YFR040W,29,0.046798029556650245,0.0033641672939586885,0.3195943447163713,0.00045664988018487084,0.029344316388426384,57.241379310344826,14,1,2.0,2.0,1,0.0,0
YGL190C,66,0.042890442890442894,0.005331186979208722,0.3370819071241254,0.000968078535274609,0.06524555724706048,53.15151515151515,17,2,4.5,6.0,5,1.0,0
YGR161C,8,0.2857142857142857,1.8688503738217332e-05,0.27569982252836367,0.00013947436589619393,0.0072372306968893725,41.5,7,0,0.0,0.0,0,0.0,0
YGR281W,5,0.0,0.00018936122060478304,0.2677553047875036,0.00012283152863809635,0.0014284537085129802,48.6,4,0,0.0,0.0,0,0.0,0
YHR082C,57,0.04887218045112782,0.0035442400821391403,0.3298664938451067,0.0008439414339887843,0.041482138855332654,36.73684210526316,16,0,0.0,0.0,0,0.0,1
YHR135C,84,0.020367183017785426,0.0034327213327531615,0.32973618908751434,0.0013091267309356842,0.07275429557488483,38.333333333333336,17,2,6.0,8.0,7,1.0,0
YJL020C,95,0.030907054871220606,0.007690366516624241,0.3396191073472744,0.0018481580556156982,0.033604745787659394,23.768421052631577,14,0,0.0,0.0,0,0.0,0
YLR191W,97,0.02147766323024055,0.01660351873897392,0.3414715331049468,0.0018188170975644775,0.03328821569735526,23.52577319587629,14,1,3.0,3.0,2,1.0,0
YMR109W,78,0.07625707625707626,0.010155405554331356,0.33973429494303725,0.0013459781680802327,0.033447301326012084,31.846153846153847,14,3,37.666666666666664,73.0,72,1.0,0
YMR273C,16,0.23333333333333334,0.0002826551675323911,0.29249331168897125,0.00028341784546651077,0.007186261384434757,39.125,10,1,59.0,59.0,58,1.0,0
YNL127W,15,0.02857142857142857,0.00037186614870787104,0.28697931331940496,0.0002848138893427766,0.008610452386884012,26.0,9,1,6.0,6.0,5,1.0,0
YNR032W,8,0.14285714285714285,3.3887589563059115e-05,0.27470178675133033,0.00014933565608443987,0.005161232631313896,29.75,7,0,0.0,0.0,0,0.0,0
YOL113W,14,0.054945054945054944,0.00019195993346265454,0.2982055954778359,0.0002433443368739406,0.01362167259104124,50.642857142857146,9,0,0.0,0.0,0,0.0,0
YOR014W,37,0.06456456456456457,0.0016280541707988613,0.3186386929666786,0.0005925386887108875,0.014273268020004871,36.810810810810814,13,2,4.5,6.0,5,1.0,0
YPL152W,6,0.2,0.00015287351767651007,0.27867588337693383,0.00012784869684657582,0.002895910014252119,67.0,6,2,4.5,6.0,6,0.7333333333333333,0
YAL017W,12,0.15151515151515152,0.00014202136850852978,0.29486976603180776,0.00019562764944773957,0.011047699760435778,48.333333333333336,11,0,0.0,0.0,0,0.0,0
YCL027W,67,0.009045680687471733,0.013999616000624656,0.33008389745272887,0.0014815006255834951,0.016259309869880244,20.253731343283583,13,0,0.0,0.0,0,0.0,0
YDR099W,71,0.026559356136820925,0.004290338523043157,0.33507479601594004,0.0011595216548240925,0.050205173052366076,35.67605633802817,17,0,0.0,0.0,0,0.0,0
YDR190C,31,0.06451612903225806,0.0004973477461662512,0.3103651841141634,0.0004380613119138076,0.03382525587812426,46.193548387096776,16,3,36.0,83.0,82,1.0,1
YER054C,17,0.14705882352941177,0.00015966208771914987,0.29452296242577214,0.00027794196037596276,0.010574898957779091,40.1764705882353,11,2,6.5,7.0,8,0.7857142857142857,0
YFR053C,95,0.01522956326987682,0.010078369757733895,0.35447398797156593,0.0013957370737854326,0.08778976761763702,42.589473684210525,17,0,0.0,0.0,0,0.0,0
YGL112C,35,0.1495798319327731,0.0009347359294453155,0.2941596955274436,0.0006068904210003134,0.00644897996299308,20.571428571428573,12,15,42.86666666666667,195.0,266,0.731961980422755,1
YKL035W,30,0.01839080459770115,0.00038794058561304756,0.31861842204022234,0.00043299799706986137,0.03618719097338017,54.4,17,0,0.0,0.0,0,0.0,1
YLR258W,17,0.21323529411764705,0.00016682209105720972,0.29797495097871585,0.00029714873630518757,0.010036244318140892,39.11764705882353,11,0,0.0,0.0,0,0.0,0
YMR205C,68,0.12467076382791922,0.0027880106507266293,0.34703180266423606,0.0009483576439436934,0.09404851258474642,60.14705882352941,17,1,2.0,2.0,1,0.0,0
YOL045W,7,0.047619047619047616,2.1544447982247055e-05,0.2850357393460961,0.00012467646450319366,0.009764282670879169,59.142857142857146,6,0,0.0,0.0,0,0.0,0
YPR160W,18,0.0457516339869281,0.00029574008629706065,0.2980636181664141,0.0002774675627399397,0.017320281643635638,47.77777777777778,12,0,0.0,0.0,0,0.0,0
YAL018C,11,0.10909090909090909,0.0007115464446173459,0.29047459552547583,0.00019397890975675523,0.004432484128262192,52.63636363636363,9,0,0.0,0.0,0,0.0,0
YBR290W,36,0.2396825396825397,0.0005408212960106541,0.26580845855271495,0.0005760431781468629,0.003291139098263772,34.333333333333336,17,0,0.0,0.0,0,0.0,0
YDL017W,81,0.03827160493827161,0.009098255390295875,0.32861117879733975,0.001467185596668958,0.07620686868857433,39.81481481481482,17,3,22.0,56.0,55,1.0,1
YDR331W,58,0.15910465819721717,0.004219726919223036,0.2962651863975306,0.0009336071706690882,0.005835554601608372,28.637931034482758,17,1,5.0,5.0,4,1.0,1
YHR114W,176,0.008441558441558441,0.04146676727086755,0.34804468214386763,0.003873440837546268,0.03337841676845114,13.653409090909092,14,0,0.0,0.0,0,0.0,0
YLL028W,40,0.14871794871794872,0.003095446435796434,0.2968622474097715,0.0006505976737295209,0.006855743833024188,35.8,16,0,0.0,0.0,0,0.0,0
YLR034C,11,0.2,0.00011831645000353743,0.2602017340009484,0.0002091996047232423,0.0009326851409715319,32.54545454545455,8,0,0.0,0.0,0,0.0,0
YLR264W,9,0.2777777777777778,0.00010462673188627264,0.2723120365403575,0.00019068983535067572,0.0028123826128921233,28.88888888888889,6,7,227.28571428571428,559.0,589,0.9439786101197695,0
YMR001C,59,0.054354178842782,0.005336803129566154,0.3314382222255479,0.0010064609300629085,0.038999460138463685,37.66101694915254,16,0,0.0,0.0,0,0.0,1
YAL019W,6,0.0,8.68769891785128e-05,0.2795313376151284,0.0001295320612851403,0.0027601303068798965,58.833333333333336,6,0,0.0,0.0,0,0.0,0
YBL088C,7,0.09523809523809523,0.00010291090842267999,0.28377601994732027,0.00015233425992722296,0.0028828439544346177,49.857142857142854,6,0,0.0,0.0,0,0.0,0
YBR084W,21,0.03333333333333333,0.0002653564202056724,0.28785349595093135,0.000370883716471368,0.004008203100897896,17.61904761904762,9,0,0.0,0.0,0,0.0,0
YBR160W,229,0.008465486861257948,0.04991704709105013,0.3618497923596745,0.004516984714112447,0.07386309262385908,17.37117903930131,16,14,69.42857142857143,559.0,588,0.9025252349662182,1
YDL117W,44,0.02536997885835095,0.004626481026681328,0.3122810185840039,0.0009518857443412204,0.010937169903487582,20.886363636363637,13,0,0.0,0.0,0,0.0,0
YJL124C,45,0.06262626262626263,0.002201821287434456,0.31107844571740717,0.0008708677892603208,0.011216552427623488,18.733333333333334,12,3,192.66666666666666,559.0,560,0.9943713263480706,0
YAL021C,40,0.07564102564102564,0.0009410672125027928,0.31437844303874557,0.000571306668069171,0.04907032408328939,52.025,17,9,59.666666666666664,195.0,275,0.6880159256801592,0
YBR072W,113,0.020227560050568902,0.009070575083010285,0.3595895301586915,0.0015520250980681405,0.11762981844957382,44.97345132743363,17,0,0.0,0.0,0,0.0,0
YCR093W,25,0.17333333333333334,0.0007537268850030483,0.2962827127336876,0.00042278935757724637,0.013050571503049153,30.44,12,7,63.142857142857146,195.0,255,0.7764397097421646,1
YDL165W,16,0.175,0.0006640251037614566,0.28785349595093135,0.00031244656462401656,0.003761680522636489,24.875,10,7,63.142857142857146,195.0,255,0.7764397097421646,1
YDR188W,18,0.0196078431372549,0.00011646147160076539,0.2956530682438167,0.000260518663577998,0.019369900626468577,43.72222222222222,13,3,9.666666666666666,11.0,12,0.9090909090909091,1
YDR443C,14,0.27472527472527475,9.547587105919842e-05,0.27369599300782854,0.0002452682431626841,0.004307116674992031,26.071428571428573,10,4,46.75,133.0,172,0.7451380388956889,0
YER068W,9,0.6388888888888888,1.6939795454687066e-05,0.2623140929162654,0.00016410274376442273,0.0030630817636071173,19.555555555555557,8,7,63.142857142857146,195.0,255,0.7764397097421646,0
YFL028C,2,1.0,0.0,0.2402784003094538,5.6402454589757635e-05,0.001307573201688275,27.0,2,5,85.6,195.0,255,0.7764397097421646,0
YGL048C,52,0.13499245852187028,0.0017154374035453584,0.32949756421383253,0.0007040444063270129,0.056166596747366085,48.15384615384615,17,6,25.5,46.0,48,0.9547872340425532,1
YGL178W,9,0.1111111111111111,0.00024367967608274587,0.2980281449598486,0.00016960631941568877,0.006998252313381321,70.77777777777777,8,0,0.0,0.0,0,0.0,0
YGL195W,24,0.014492753623188406,0.0006167096265620391,0.2999738246316636,0.0003779569786394593,0.014049994622442722,31.125,12,4,267.5,559.0,558,1.0,0
YGR086C,17,0.014705882352941176,0.0003925453862506434,0.2984721678218269,0.00027787318878749886,0.01800562233760639,50.64705882352941,12,1,2.0,2.0,1,0.0,0
YGR092W,56,0.07467532467532467,0.0021366755926817077,0.3350299669576731,0.0007876354438869782,0.07021742175006862,56.57142857142857,17,4,71.25,195.0,194,1.0,0
YGR134W,9,0.5277777777777778,0.0002896666777387989,0.26326550546942046,0.00017992277097922987,0.0026744816537380743,22.88888888888889,8,3,51.333333333333336,133.0,132,1.0,0
YGR155W,24,0.057971014492753624,0.000441806297399525,0.31684462428356136,0.00034695395115455225,0.03419971020922639,71.95833333333333,16,0,0.0,0.0,0,0.0,1
YGR184C,13,0.05128205128205128,0.0003206501414635924,0.28458224763056167,0.00022733878348553553,0.012989350797890736,42.07692307692308,11,1,46.0,46.0,45,1.0,0
YJL130C,50,0.03836734693877551,0.0010783077200777864,0.32636276398085856,0.0006972708946929048,0.05977241372710599,47.82,17,0,0.0,0.0,0,0.0,0
YKR036C,33,0.054924242424242424,0.002852201956632223,0.309177293416276,0.000511377953747491,0.03931578781228584,47.81818181818182,16,5,85.6,195.0,255,0.7764397097421646,0
YLL013C,17,0.07352941176470588,0.0005343957683678202,0.3010557210898206,0.0002800291207022662,0.01553841904027862,45.705882352941174,11,0,0.0,0.0,0,0.0,0
YLR180W,95,0.027099664053751398,0.004892440099989256,0.3483593918098529,0.0013345599023803863,0.09508111807083876,42.16842105263158,17,0,0.0,0.0,0,0.0,0
YLR259C,168,0.014970059880239521,0.015810637867490318,0.36656393003368626,0.0023738169672915775,0.14540841303018742,36.43452380952381,17,0,0.0,0.0,0,0.0,1
YNL025C,35,0.06554621848739496,0.0022858450190581304,0.31495176556724025,0.0006063349252374549,0.01741832520142406,37.42857142857143,13,4,46.75,133.0,172,0.7451380388956889,0
YNL071W,41,0.024390243902439025,0.0016881780347462172,0.32770810547996176,0.0006297314016767431,0.037478675099446294,45.390243902439025,15,4,5.5,7.0,7,0.9047619047619048,0
YNL288W,13,0.38461538461538464,0.0003745566797923903,0.2818278642760821,0.00024057788425472485,0.004657715164168348,34.69230769230769,10,3,51.333333333333336,133.0,132,1.0,0
YNR052C,24,0.10869565217391304,0.001925987006717338,0.29957907501197845,0.0004279391532864182,0.008083886240400363,25.583333333333332,11,10,67.7,195.0,389,0.4481488352370604,1
YOR027W,20,0.08947368421052632,0.00013862623123141326,0.29893535729081144,0.00031406744628169147,0.01905306744381389,38.1,12,0,0.0,0.0,0,0.0,0
YPL042C,32,0.08870967741935484,0.003418091512468355,0.3087960402028642,0.0005341507082524961,0.01305148992913539,32.0,12,4,46.75,133.0,172,0.7451380388956889,0
YPR072W,13,0.34615384615384615,0.00010237619472561836,0.27705719843172294,0.00022142373537155076,0.004641227507701964,29.923076923076923,10,7,63.142857142857146,195.0,255,0.7764397097421646,0
YAL022C,5,0.2,8.604355906190311e-05,0.2446445377124978,0.00011898187335080275,0.0004684792885835639,41.6,4,0,0.0,0.0,0,0.0,0
YDR497C,8,0.03571428571428571,0.000282548545927383,0.2752301465104278,0.0001640865816322502,0.0026629405745197724,32.25,6,0,0.0,0.0,0,0.0,0
YJR117W,37,0.14714714714714713,0.0006865408835203749,0.27950013818015823,0.0005905782521671615,0.0033408759696469535,29.864864864864863,17,0,0.0,0.0,0,0.0,0
YAL023C,1,0.0,0.0,0.21910766366481121,4.882236551947592e-05,4.496773732622379e-05,37.0,1,1,2.0,2.0,1,0.0,0
YAR027W,37,0.04354354354354354,0.004704895489697174,0.2812423054835049,0.0008453725906079466,0.001824214828340668,17.83783783783784,10,0,0.0,0.0,0,0.0,0
YHR030C,96,0.046052631578947366,0.006120759161074779,0.339365969375949,0.0014205736070842202,0.09230957933793106,40.3125,17,0,0.0,0.0,0,0.0,0
YIR009W,26,0.012307692307692308,0.0019387776933584993,0.2976031241339506,0.0005429492037502367,0.00507059769962491,19.23076923076923,10,5,148.0,559.0,558,1.0,0
YAL025C,3,0.0,0.00019560439393178353,0.23999055901338134,0.00010757101384779326,0.0008187755847828763,20.333333333333332,2,0,0.0,0.0,0,0.0,1
YJR044C,1,0.0,0.0,0.1932313351614744,5.991059586856445e-05,2.0055958896883178e-05,3.0,1,0,0.0,0.0,0,0.0,0
YOR005C,23,0.1225296442687747,0.0007270338855200778,0.2990603078790383,0.00038626132070735753,0.01771242754216354,40.52173913043478,14,5,48.0,195.0,195,0.989796457837695,0
YOR267C,37,0.10960960960960961,0.0006098614994971314,0.2947656392237217,0.0005678689896526989,0.015692356081931282,26.945945945945947,14,0,0.0,0.0,0,0.0,0
YAL026C,3,0.0,9.217051413643876e-06,0.2384253535204349,9.107022890626323e-05,0.0005513051504780293,11.0,3,0,0.0,0.0,0,0.0,0
YAL053W,7,0.0,0.0005509737912068693,0.2565759721337221,0.00019348046973273827,0.0007760013029066228,13.428571428571429,4,0,0.0,0.0,0,0.0,0
YDL192W,23,0.07509881422924901,0.0007166690697458291,0.30553702879759975,0.0003844329800046923,0.020406640438813493,42.65217391304348,13,5,29.0,95.0,103,0.8431372549019608,0
YPL146C,3,0.0,1.0536089804927306e-05,0.246389677574175,8.44620192583799e-05,0.0013233763669445397,22.0,3,0,0.0,0.0,0,0.0,1
YAL027W,9,0.08333333333333333,3.636229566975158e-05,0.2818278642760821,0.00015516160111257978,0.0067334167989613405,38.111111111111114,9,0,0.0,0.0,0,0.0,0
YBR196C,120,0.015406162464985995,0.012157002928677765,0.3561375934046971,0.0017324128790805642,0.1045250994933524,39.291666666666664,17,0,0.0,0.0,0,0.0,1
YCL024W,11,0.2545454545454545,8.053060733088261e-05,0.28630669273710946,0.0001791657152768019,0.008859018164623754,44.0,10,0,0.0,0.0,0,0.0,0
YDR174W,15,0.02857142857142857,0.0008869967952242119,0.2961775858101866,0.00027462364817142353,0.009066601642128844,48.2,9,0,0.0,0.0,0,0.0,0
YDR381W,22,0.03896103896103896,0.00036296188778925614,0.29873921718164365,0.0003609552510731303,0.011794878799423918,33.5,12,2,5.0,7.0,6,1.0,1
YDR507C,18,0.17647058823529413,0.0002691134690179085,0.29666881744166895,0.00029457902318053426,0.010595521631782389,39.77777777777778,11,0,0.0,0.0,0,0.0,0
YLR044C,64,0.04365079365079365,0.0029722313683477786,0.3419611481667524,0.0009014354131688194,0.06945885474348396,50.8125,17,0,0.0,0.0,0,0.0,0
YML095C,24,0.04710144927536232,0.0004050857746850822,0.3056489061424542,0.00037394428097223373,0.022394143069465296,43.125,13,4,61.75,195.0,194,1.0,0
YOL086C,22,0.0,0.0010831319506728148,0.29123469070478897,0.0003927374114152935,0.00618928602567402,18.772727272727273,9,1,3.0,3.0,2,1.0,0
YPL022W,47,0.02497687326549491,0.005230195188559511,0.3186995212249606,0.0008723707839049139,0.032009427844323694,34.02127659574468,14,4,61.75,195.0,194,1.0,0
YAL028W,4,0.16666666666666666,9.662376478063787e-05,0.2754269124532696,9.48875276714735e-05,0.002667038329925202,84.0,4,0,0.0,0.0,0,0.0,0
YBL050W,37,0.03453453453453453,0.0048147928088461585,0.30230958991068113,0.0008232562441103855,0.0049464686201024476,13.864864864864865,9,2,48.5,95.0,94,1.0,1
YDL239C,36,0.03333333333333333,0.0030249083747484213,0.31576590227919143,0.0006784776960445265,0.011077653889975154,24.86111111111111,11,0,0.0,0.0,0,0.0,0
YLR233C,34,0.023172905525846704,0.0022151370832097306,0.31208642672297204,0.0005557210778645911,0.018985948337953258,30.323529411764707,14,5,125.2,559.0,611,0.8418716964932521,0
YAL029C,16,0.06666666666666667,0.00033080825612968694,0.30129116140589873,0.0002662801034041995,0.009956211327999651,37.9375,11,4,28.75,73.0,72,1.0,0
YBR081C,22,0.3203463203463203,0.0004802492870576211,0.2869957581829268,0.00036066047138720337,0.0043381710951427765,22.90909090909091,11,9,55.22222222222222,195.0,255,0.7764397097421646,0
YBR109C,84,0.011474469305794608,0.011370172410539111,0.3295409248618407,0.0016436132340321068,0.04520216570961388,26.13095238095238,16,4,17.0,32.0,31,1.0,1
YBR130C,17,0.0661764705882353,0.0009117730366340977,0.3125343510795791,0.000313232949404741,0.01648077028067904,59.470588235294116,11,0,0.0,0.0,0,0.0,0
YGL106W,8,0.32142857142857145,2.179506032947761e-05,0.27186857974434125,0.0001528699669734663,0.0029416020830313663,28.375,7,0,0.0,0.0,0,0.0,1
YHR023W,11,0.05454545454545454,0.0002997367529401669,0.2900372351198897,0.00021079569914317484,0.0048606261962574155,32.90909090909091,7,4,28.5,73.0,72,1.0,1
YKL130C,28,0.023809523809523808,0.003949690483294926,0.3129053464982041,0.0005599683427397499,0.02165014819473338,40.535714285714285,11,0,0.0,0.0,0,0.0,0
YLR249W,10,0.022222222222222223,0.0002310518937863222,0.28393689982710213,0.0001931144252505635,0.005056590246208121,31.9,8,4,295.0,559.0,589,0.9439786101197695,1
YMR139W,37,0.02252252252252252,0.005364219464827803,0.3137678847293732,0.0007400771361048354,0.014042832060124478,26.027027027027028,12,0,0.0,0.0,0,0.0,0
YMR186W,52,0.03619909502262444,0.002114990537263626,0.3295409248618407,0.0007631788919832068,0.04419371781253111,42.30769230769231,17,1,4.0,4.0,3,1.0,0
YMR309C,20,0.18421052631578946,0.00026719440653361575,0.29338427602660977,0.0003210228823125966,0.007029052198019014,29.5,11,6,54.0,266.0,268,0.9781988931745765,1
YOR181W,71,0.05150905432595573,0.010309518403401248,0.34785129712809104,0.001134089361967015,0.0673998938725459,54.32394366197183,17,3,43.666666666666664,73.0,72,1.0,1
YAL030W,2,0.0,2.7624056462839114e-06,0.22894327006995133,6.851408489992543e-05,6.662586240339106e-05,12.5,2,4,31.25,95.0,95,0.9791713325867861,0
YDR468C,13,0.1282051282051282,0.00030096757604683926,0.26844417516483116,0.0002873545340440825,0.0008052984480879017,18.53846153846154,6,4,33.0,95.0,94,1.0,1
YGR009C,12,0.06060606060606061,0.0016024393212984965,0.2801567923057703,0.0002845609886908494,0.0019121196351488978,34.25,6,2,3.0,3.0,4,0.3333333333333333,1
YAL031C,3,0.3333333333333333,3.384057673512608e-05,0.2820500634144425,7.811793737583139e-05,0.004132153152974744,140.0,3,0,0.0,0.0,0,0.0,0
YAL032C,22,0.15584415584415584,0.000633417877404555,0.29486976603180776,0.0003913309209908554,0.006971256422465061,30.90909090909091,10,2,325.0,559.0,558,1.0,1
YBR017C,94,0.013498055364905056,0.00695720089748093,0.3397112511734555,0.0014320014492462366,0.07583222726835225,37.3936170212766,17,0,0.0,0.0,0,0.0,0
YDL209C,6,0.2,1.2529880351380546e-05,0.2630028344299877,0.00012410702520787093,0.0015492632812824352,27.166666666666668,5,6,156.5,559.0,619,0.8502282102357388,1
YDR364C,3,0.6666666666666666,1.1850483035441277e-06,0.24590577778024525,7.337251318331322e-05,0.0008743852796791759,27.666666666666668,3,6,156.5,559.0,619,0.8502282102357388,1
YDR416W,16,0.21666666666666667,0.0006289915268715892,0.29091327695459196,0.00030098153907583673,0.004547074956604263,34.125,10,3,219.33333333333334,559.0,558,1.0,1
YGL120C,28,0.07936507936507936,0.0014677450196470547,0.30777133755609015,0.0004762845929443724,0.011313781141768267,35.32142857142857,12,7,134.57142857142858,559.0,619,0.8502282102357388,1
YGL128C,4,0.8333333333333334,2.692388492838605e-07,0.2560120112482879,9.054100016888677e-05,0.0008449482262817183,28.25,4,6,156.5,559.0,619,0.8502282102357388,1
YGR278W,9,0.08333333333333333,7.980373859973206e-05,0.2850357393460961,0.00016306774643828746,0.006238380639710485,37.888888888888886,8,6,156.5,559.0,619,0.8502282102357388,1
YJL203W,21,0.09047619047619047,0.0013036063581675149,0.30271157304625296,0.00041548126956059226,0.009608861928875691,33.476190476190474,11,11,92.54545454545455,559.0,621,0.8449742870500234,1
YKL095W,38,0.044096728307254626,0.0008792730674880987,0.31235892329114723,0.0005767663519476924,0.025972465636992705,33.578947368421055,14,0,0.0,0.0,0,0.0,1
YKL173W,27,0.21652421652421652,0.0006027268220449086,0.2916077424192288,0.00044899469561383496,0.006901401337304783,29.48148148148148,12,6,127.66666666666667,559.0,558,1.0,1
YLL036C,14,0.3956043956043956,5.985908146408278e-05,0.27142656492793493,0.00025718821430802043,0.0025161328365160105,20.214285714285715,9,8,121.5,559.0,674,0.7241855194641998,1
YLR117C,23,0.18181818181818182,0.0009492177538876611,0.2872920883410919,0.0004559810607790195,0.0032675653765135986,19.695652173913043,10,3,219.33333333333334,559.0,558,1.0,1
YLR345W,7,0.047619047619047616,0.00016250779181731283,0.27987499167646024,0.00014377080481170238,0.002670910242678344,45.0,6,0,0.0,0.0,0,0.0,0
YLR423C,72,0.01643192488262911,0.011655083013225733,0.3322297164875791,0.0013659897254787031,0.01842288991251156,21.555555555555557,12,0,0.0,0.0,0,0.0,0
YML049C,16,0.2833333333333333,8.078207171331403e-05,0.2771185180130723,0.0002670259603312867,0.003858082225119497,25.125,11,7,109.28571428571429,559.0,561,0.9900942195059842,1
YMR213W,23,0.18972332015810275,0.001912178157605498,0.2806591748977447,0.0004316472717586309,0.0027506542643545863,15.869565217391305,10,3,219.33333333333334,559.0,558,1.0,1
YMR288W,10,0.3333333333333333,3.291159778434204e-05,0.26807059765831265,0.0001775910443321989,0.0021321429544122633,24.8,10,7,109.28571428571429,559.0,561,0.9900942195059842,1
YNL189W,216,0.011498708010335918,0.05299314607197532,0.36432406896415614,0.004025503576580683,0.07843770700300565,19.675925925925927,17,1,59.0,59.0,58,1.0,1
YOR036W,17,0.04411764705882353,0.0008655442424073571,0.2903230523477048,0.0003293002032386651,0.003950154032584138,25.0,9,4,33.0,95.0,94,1.0,1
YPL151C,22,0.08658008658008658,0.0005494305342254886,0.30505317188757797,0.00034735575145224834,0.019776629121230894,45.27272727272727,12,2,325.0,559.0,558,1.0,1
YPL213W,12,0.12121212121212122,0.00018350571078362934,0.2765370755921956,0.00022192232687648903,0.0029276452553949773,29.583333333333332,10,6,126.5,559.0,561,0.9900942195059842,1
YAL033W,2,0.0,1.989992752234201e-05,0.2254699039323934,8.622656519546845e-05,0.0001613915322024619,7.5,2,7,106.71428571428571,559.0,619,0.8502282102357388,1
YBR167C,8,0.0,0.0005477562087940399,0.2383232441613255,0.00035783541307851023,0.00018633182117171865,8.75,2,7,106.71428571428571,559.0,619,0.8502282102357388,1
YJR115W,7,0.19047619047619047,0.00021846608754415433,0.2872426574931323,0.00015760527310753898,0.006401696514262496,81.85714285714286,6,0,0.0,0.0,0,0.0,0
YAL034C,5,0.1,7.693868663780762e-05,0.2703277905786287,0.00010177960114298771,0.002406235742804973,38.6,5,1,16.0,16.0,15,1.0,0
YBR198C,49,0.07738095238095238,0.004511987436108675,0.32092547584584485,0.0007517723944894638,0.03530238438354992,38.714285714285715,14,14,45.57142857142857,195.0,266,0.731961980422755,1
YGR274C,30,0.15632183908045977,0.0008220494836231904,0.29101469936375685,0.0005077269261223906,0.007387338169802699,21.266666666666666,12,8,59.25,195.0,266,0.731961980422755,1
YOL004W,35,0.04873949579831933,0.005639422591787261,0.303647567360874,0.0006999131471711275,0.007871870270509883,22.742857142857144,9,11,43.18181818181818,195.0,256,0.7707720588235294,0
YAL034W-A,5,0.0,0.00010331442694303059,0.28500329915496814,0.00011307504396495412,0.002294907991646326,80.4,5,3,34.0,55.0,54,1.0,1
YDL028C,34,0.0392156862745098,0.0022045262800860412,0.3052018876325567,0.0006651532959357586,0.00907696007567003,24.441176470588236,11,2,49.0,55.0,54,1.0,1
YGL172W,25,0.16666666666666666,0.0005430919463235036,0.3000996450386635,0.00043567369281008147,0.007674467314505003,33.6,11,3,29.0,59.0,59,0.9812974868497955,1
YGR120C,19,0.10526315789473684,0.0005739638565744597,0.2837117190307741,0.00038172705252379743,0.0022367524288956506,17.0,7,3,41.333333333333336,95.0,94,1.0,1
YKL103C,44,0.05391120507399577,0.002093739108551949,0.33069415490592635,0.0006809004374976773,0.037992699020588834,46.70454545454545,16,0,0.0,0.0,0,0.0,0
YAL035W,18,0.0718954248366013,0.0004093341243392863,0.2891497590237432,0.0003048428234294447,0.007665802901778607,31.38888888888889,10,4,282.5,559.0,558,1.0,1
YDL014W,33,0.11742424242424243,0.0005858638239608602,0.29647563938023175,0.0004918717771075469,0.013626203088156572,29.848484848484848,14,10,123.2,559.0,619,0.8502282102357388,1
YDR496C,19,0.23391812865497075,0.00019751883264343927,0.2917266411958443,0.00027811499124140123,0.01038622389852776,42.10526315789474,14,0,0.0,0.0,0,0.0,0
YER036C,8,0.0,0.0004637023894237413,0.27788730932975947,0.00021873198831385266,0.001557466187814697,43.625,6,2,452.5,559.0,558,1.0,1
YGL130W,20,0.05263157894736842,0.0002440190260856897,0.29310955557150203,0.00032330161171335484,0.006322492475926565,25.2,11,2,98.5,195.0,194,1.0,1
YGR102C,2,0.0,7.3656096970178785e-06,0.25940658704357256,5.972937694703368e-05,0.00100321920558328,57.5,2,0,0.0,0.0,0,0.0,0
YIL018W,12,0.06060606060606061,0.00019285726727468963,0.26199848169335926,0.0002491854309654286,0.0020322758327794587,16.416666666666668,7,6,258.8333333333333,559.0,589,0.9439786101197695,0
YIR001C,14,0.10989010989010989,3.5624432953799754e-05,0.28154269357750605,0.00022432859695609947,0.005586237909459067,26.285714285714285,10,0,0.0,0.0,0,0.0,0
YLR175W,56,0.05519480519480519,0.003485862250440382,0.3372407902531988,0.0007971846759407895,0.05087768302680094,49.714285714285715,17,6,116.66666666666667,559.0,629,0.7997934239972456,1
YLR241W,16,0.041666666666666664,0.0010494251588814704,0.27583648047861736,0.000348010753493335,0.0020632751647047926,24.3125,9,0,0.0,0.0,0,0.0,0
YLR427W,35,0.03361344537815126,0.0008219760405627094,0.3074690267082236,0.0005353734894795523,0.023175343844678894,36.114285714285714,14,0,0.0,0.0,0,0.0,0
YMR106C,110,0.02835696413678065,0.008686810014306726,0.3429915748562016,0.0016859484058977313,0.11216721818079134,42.50909090909091,17,4,59.25,195.0,194,1.0,0
YNL030W,75,0.02702702702702703,0.005535399208897073,0.331000130596144,0.001246605500966351,0.03334962775674353,26.213333333333335,14,2,9.5,11.0,10,1.0,0
YOR119C,60,0.0768361581920904,0.003686681396614609,0.3165842589159453,0.0009549061495877846,0.018495895044402796,28.35,12,0,0.0,0.0,0,0.0,1
YOR361C,19,0.21052631578947367,0.00033789953827272767,0.28679854412473543,0.0003462100383793064,0.005639565874005014,27.94736842105263,10,6,54.0,266.0,268,0.9781988931745765,1
YPR041W,23,0.1225296442687747,0.00041660259948819305,0.285588354681545,0.000390286357516877,0.005263687238578758,23.869565217391305,10,8,180.0,559.0,591,0.9376925062376322,1
YAL036C,18,0.058823529411764705,0.00032113536204250346,0.304071578899293,0.0002924682639566186,0.022563843624957253,54.333333333333336,13,0,0.0,0.0,0,0.0,0
YCR038C,5,0.1,0.00011564697576924155,0.2558550690191701,0.00012285065243254585,0.0010640077810337776,14.4,4,0,0.0,0.0,0,0.0,0
YDL065C,27,0.037037037037037035,0.002223493997057284,0.3022001433687477,0.000556668125705809,0.007398412253513207,24.40740740740741,10,0,0.0,0.0,0,0.0,0
YDL126C,98,0.03871239217336419,0.010338968921336676,0.353523185999171,0.0014368141385100756,0.09482865481987073,43.673469387755105,17,3,22.0,58.0,58,0.9661222020568663,1
YDR152W,3,0.0,0.00010112977551495975,0.2729799409195103,7.954215365105292e-05,0.0019152203603092057,103.66666666666667,3,0,0.0,0.0,0,0.0,0
YGR162W,41,0.08170731707317073,0.0012588915702357877,0.31347330387746475,0.0006251641074921175,0.0203289886090647,33.51219512195122,14,8,151.5,559.0,589,0.9439786101197695,0
YGR250C,6,0.0,3.1794589519017635e-05,0.2685449316917027,0.00011964152994633562,0.0029653729872896263,35.833333333333336,6,0,0.0,0.0,0,0.0,0
YHR027C,42,0.2183507549361208,0.0013567195313648258,0.3188009532813657,0.0005905676972300933,0.036832509587922724,43.11904761904762,16,6,25.5,46.0,48,0.9547872340425532,1
YIL075C,32,0.125,0.0007405306125248618,0.31586547528066694,0.0004497385727934328,0.034812035837803325,50.375,16,6,25.5,46.0,48,0.9547872340425532,1
YJL138C,44,0.09513742071881606,0.0031876898443709877,0.33404675355500935,0.0006565138836362767,0.05018565197543189,55.70454545454545,17,6,200.83333333333334,559.0,589,0.9439786101197695,0
YKL152C,89,0.015066394279877425,0.005994634431095103,0.34082088982989145,0.001320078688995697,0.07831808471287192,37.40449438202247,17,0,0.0,0.0,0,0.0,1
YNR022C,2,0.0,8.366930959647606e-08,0.2469241717719398,5.8933228921679105e-05,0.0008712751983643491,23.5,2,7,202.14285714285714,559.0,589,0.9439786101197695,0
YPL061W,49,0.017006802721088437,0.0024161602845240516,0.3296276804034655,0.0006852610824420154,0.05447361308103436,52.142857142857146,17,0,0.0,0.0,0,0.0,0
YAL038W,2,0.0,2.2089950296982277e-05,0.2380853287721171,8.626544827648452e-05,0.00039562933266771525,24.5,2,1,2.0,2.0,1,0.0,1
YNL307C,47,0.025901942645698426,0.004075742254670728,0.313218447532849,0.0008706984826579949,0.016071803882345536,21.95744680851064,13,0,0.0,0.0,0,0.0,0
YOR226C,2,0.0,5.847363000156168e-06,0.2250848490427511,9.754647949022243e-05,7.883357042447394e-05,2.5,2,0,0.0,0.0,0,0.0,0
YAL040C,12,0.13636363636363635,0.00016999463942095428,0.30796058390519926,0.0002146468449963559,0.012042971845835335,69.91666666666667,8,3,12.333333333333334,25.0,24,1.0,0
YJL013C,6,0.0,1.5042245225293052e-05,0.26282341394050457,0.00012540176567429304,0.0014934201848787498,15.666666666666666,6,1,4.0,4.0,3,1.0,0
YJL157C,29,0.12807881773399016,0.001418215006160318,0.3288269303427388,0.0004455741833047782,0.039195903614639115,70.58620689655173,16,1,4.0,4.0,3,1.0,1
YJR132W,16,0.008333333333333333,0.0003894941129813925,0.2900372351198897,0.00028554332939945116,0.007704412451317894,30.0625,10,1,59.0,59.0,58,1.0,0
YLL021W,17,0.0661764705882353,0.0005676370703881603,0.30011762799917635,0.00032807631645239945,0.009004254797853526,39.588235294117645,10,2,4.0,5.0,4,1.0,0
YLR182W,11,0.10909090909090909,0.0004375153714308551,0.29314386748904037,0.00021116416971146175,0.007565445254883727,52.72727272727273,7,4,68.5,195.0,194,1.0,1
YPL014W,4,0.3333333333333333,8.778201436758096e-05,0.28367957949874,9.664714282984124e-05,0.0031129720887241473,110.25,4,0,0.0,0.0,0,0.0,0
YAL041W,29,0.054187192118226604,0.002053658817435958,0.30617208558810705,0.0005421933373694924,0.010823837318848187,25.75862068965517,12,1,4.0,4.0,3,1.0,1
YBL085W,67,0.02125734961555857,0.007546108351956259,0.3232244579574221,0.0012676121684959214,0.01814246719460694,20.53731343283582,13,0,0.0,0.0,0,0.0,0
YBR079C,23,0.16205533596837945,0.0005089395241040245,0.2977800687347794,0.0003724716299676429,0.008167394947620286,28.956521739130434,11,7,174.42857142857142,559.0,592,0.9345532080303653,1
YBR200W,66,0.02564102564102564,0.010211552117022885,0.322371458293657,0.0013653146113680528,0.020142970241336804,21.181818181818183,13,3,43.666666666666664,73.0,72,1.0,1
YDR379W,3,0.0,1.9213589676360902e-05,0.27091269411209257,7.774294542301509e-05,0.0022158947179668517,92.0,3,0,0.0,0.0,0,0.0,0
YER114C,46,0.028019323671497585,0.0038629494644772683,0.3218949145864294,0.0008687873644267609,0.012636496367398293,25.782608695652176,13,0,0.0,0.0,0,0.0,0
YGL127C,71,0.013682092555331992,0.009467741591977608,0.31900401121339206,0.0016405707916452457,0.008832938388686502,13.788732394366198,12,2,49.5,74.0,78,0.9683649683649683,0
YGL233W,6,0.26666666666666666,4.9081481949197144e-05,0.25727451461705736,0.00013904348814317314,0.00108214086812917,26.0,5,2,7.5,8.0,7,1.0,1
YGR152C,6,0.26666666666666666,0.00011862370168858936,0.26483861118133656,0.00013174112681243279,0.0021760560707754337,28.333333333333332,5,0,0.0,0.0,0,0.0,0
YGR221C,3,0.3333333333333333,1.3258224191881308e-05,0.27470178675133033,7.698212261314756e-05,0.0023112143323181693,93.66666666666667,3,0,0.0,0.0,0,0.0,0
YGR268C,15,0.06666666666666667,0.0006956444338717775,0.3050717534293875,0.00029196656771932376,0.010654885325739147,66.46666666666667,11,0,0.0,0.0,0,0.0,0
YHL007C,33,0.07765151515151515,0.0018468935781545616,0.33141629010390783,0.0005195955659738285,0.032806609222963475,62.09090909090909,14,1,2.0,2.0,1,0.0,0
YIL079C,10,0.08888888888888889,9.86770546678834e-05,0.28846693791327355,0.0001745091219534133,0.008509438765037508,44.5,8,2,3.5,4.0,3,1.0,0
YJL008C,75,0.031711711711711714,0.0033266031818956904,0.3395500322745935,0.0010162692563309929,0.08049863715925695,44.29333333333334,17,3,9.666666666666666,11.0,12,0.9090909090909091,1
YJL187C,34,0.08199643493761141,0.002872183786783647,0.32266221982027155,0.0005602376469045846,0.01938838227956332,42.26470588235294,13,0,0.0,0.0,0,0.0,0
YKL172W,10,0.4222222222222222,1.6996302441715174e-05,0.2721936400027312,0.00016339669416970282,0.005453002837925474,40.0,9,0,0.0,0.0,0,0.0,1
YLL008W,13,0.3076923076923077,3.0908335690320847e-05,0.2760493290001794,0.00020428490120932716,0.005758515996898582,38.07692307692308,11,3,78.33333333333333,131.0,130,1.0,1
YLR206W,7,0.14285714285714285,9.95210380737758e-05,0.28092679919510066,0.00013924833012252528,0.004102821003754143,66.71428571428571,7,0,0.0,0.0,0,0.0,0
YLR229C,28,0.08465608465608465,0.0006546663918615023,0.3092727538625575,0.0004428097576598782,0.023335836672036654,42.32142857142857,13,1,2.0,2.0,1,0.0,1
YLR357W,6,0.2,1.627888380891296e-05,0.2519804274527196,0.00012814485381340787,0.0008066360356404239,16.5,6,3,36.666666666666664,83.0,83,0.9782544813399942,0
YMR298W,4,0.16666666666666666,2.836534637528138e-05,0.2555417611128249,9.019394422146451e-05,0.0006318267216349232,24.75,4,0,0.0,0.0,0,0.0,1
YNL118C,40,0.04358974358974359,0.003084293644465275,0.30488603981556306,0.0008231540523107941,0.010771208589263512,21.25,12,4,145.0,559.0,559,0.9964285943280692,1
YNL175C,26,0.10153846153846154,0.00042469850541794994,0.3073558131973154,0.0003990751505434686,0.015921812684225753,40.73076923076923,14,0,0.0,0.0,0,0.0,0
YOR212W,59,0.030391583869082407,0.002670912430756709,0.31963513791883685,0.0008564902437458773,0.06890781225332722,47.49152542372882,17,4,6.25,16.0,17,0.7941176470588235,0
YPL161C,21,0.05238095238095238,0.0005906586852566151,0.2715295731119683,0.00044755747388999133,0.004561913251002787,13.857142857142858,10,0,0.0,0.0,0,0.0,0
YPR129W,1,0.0,0.0,0.23394819581699625,4.533071670092911e-05,0.00026513677473728834,29.0,1,0,0.0,0.0,0,0.0,0
YAL042W,3,0.3333333333333333,1.5771160272100626e-05,0.24848000476534307,7.78217757335413e-05,0.00033024292541382073,19.0,3,4,33.25,95.0,95,0.9789473684210527,0
YML067C,14,0.2087912087912088,0.00011044708575033865,0.2573273892026027,0.00024004933881113368,0.0012658550730946286,39.714285714285715,10,1,2.0,2.0,1,0.0,0
YML130C,7,0.09523809523809523,0.00010254956524056629,0.25939315185675654,0.0001471500454830636,0.0011249243960766333,21.0,5,0,0.0,0.0,0,0.0,1
YAL043C,19,0.52046783625731,0.0023137753319082926,0.27429557895012074,0.00032588411547001747,0.0049774889586070336,22.526315789473685,11,7,28.714285714285715,131.0,141,0.8656534954407294,1
YDR195W,17,0.5220588235294118,0.0001614848518723256,0.2818595855732036,0.0002756883004696211,0.005901893363700031,30.529411764705884,11,3,17.333333333333332,20.0,22,0.9264069264069265,0
YDR228C,24,0.12318840579710146,0.0017930313111606188,0.31656424853361076,0.00037679132655799643,0.01883602439900646,53.666666666666664,12,5,36.8,131.0,141,0.8656534954407294,1
YDR301W,17,0.5735294117647058,9.678052523514782e-05,0.28098984380892367,0.00026957421270635667,0.0061557441666741175,27.176470588235293,11,6,33.0,131.0,141,0.8656534954407294,1
YDR311W,32,0.012096774193548387,0.004502621915762401,0.3087199023639435,0.000610789017276545,0.007945375977739196,20.9375,11,12,44.0,195.0,266,0.7317349978720386,1
YGR156W,14,0.5824175824175825,0.00026412050292415036,0.2726975376266065,0.0002520580610515427,0.00439336057931463,25.928571428571427,11,2,17.5,20.0,19,1.0,1
YJL033W,19,0.29239766081871343,0.0002278006580147719,0.2818913140119466,0.0002925754972458007,0.007479405504403262,30.42105263157895,11,0,0.0,0.0,0,0.0,1
YJR093C,18,0.38562091503267976,0.0005863969554478697,0.28823451749828816,0.0003289987104949949,0.006115623735123182,34.27777777777778,11,6,32.833333333333336,131.0,141,0.8656534954407294,1
YKL018W,17,0.3088235294117647,0.00041455064535601897,0.2874239871477908,0.0002756586380391707,0.008728928154606306,32.0,11,4,31.5,83.0,101,0.6914851485148514,1
YKL059C,16,0.6083333333333333,5.3905580637716584e-05,0.27345689194923584,0.0002628528722434238,0.004809726392952078,24.625,11,6,42.0,131.0,197,0.5292137159432301,1
YKR002W,19,0.4678362573099415,0.0003186926803017907,0.2847926177669882,0.0003171927736429024,0.0065149559142280685,31.842105263157894,11,2,17.5,20.0,19,1.0,1
YLR115W,19,0.5087719298245614,0.00030693780394090605,0.2786913903539177,0.0003253644351114146,0.005086994098541858,23.105263157894736,11,6,33.0,131.0,141,0.8656534954407294,1
YLR277C,18,0.49019607843137253,0.0003486469796308684,0.27029861169249586,0.0003224693980228846,0.004643629565216475,21.444444444444443,11,7,28.714285714285715,131.0,141,0.8656534954407294,1
YMR061W,22,0.24675324675324675,0.0004964810337016345,0.2925958389934133,0.0003570160363813975,0.00811843079439657,29.181818181818183,11,5,36.8,131.0,141,0.8656534954407294,1
YMR182C,2,0.0,2.0794291998103625e-05,0.21501579770962326,8.669714337564636e-05,0.00012307351058413066,10.5,2,0,0.0,0.0,0,0.0,0
YNL222W,5,0.6,2.98979793274917e-05,0.25880337825807437,9.931561846336534e-05,0.0021036959766586477,27.4,5,3,17.333333333333332,20.0,22,0.9264069264069265,1
YNL317W,26,0.2153846153846154,0.0004666345944107493,0.29749705827444345,0.0003827991256852891,0.021116108096026442,38.5,12,3,17.333333333333332,20.0,22,0.9264069264069265,1
YOR179C,5,0.9,2.567766625909091e-07,0.2572480854717888,0.00010002630215246884,0.0025123158470522476,38.2,5,2,17.5,20.0,19,1.0,0
YPR107C,14,0.6043956043956044,0.00013482571000430444,0.26922340353976537,0.00023322978769642274,0.0040521498040152065,24.571428571428573,11,3,17.333333333333332,20.0,22,0.9264069264069265,1
YDR328C,72,0.03990610328638498,0.006976530295119367,0.316184531316304,0.0013421994393212715,0.026410271423430803,17.833333333333332,14,12,16.0,58.0,113,0.47945638432364096,1
YJR063W,27,0.04843304843304843,0.0017262284529466242,0.29290385262589946,0.0006903210456115773,0.008542390004739858,19.925925925925927,10,3,77.33333333333333,195.0,194,1.0,0
YCL032W,36,0.012698412698412698,0.0021432541749586906,0.3011281250631466,0.000724017413947979,0.006553183917618139,15.583333333333334,10,0,0.0,0.0,0,0.0,0
YEL061C,7,0.0,0.0001726656734717084,0.26521727261439604,0.0001618403455288031,0.0012814165485363622,26.714285714285715,5,7,33.0,73.0,124,0.532520325203252,0
YGL212W,22,0.03463203463203463,0.0012165805563400009,0.27897081134352225,0.00045117360971267913,0.0014973063301924442,12.772727272727273,7,4,31.5,95.0,94,1.0,0
YGR218W,66,0.018648018648018648,0.008823395412903712,0.32708744618928,0.001356863595943596,0.01649413668335003,21.484848484848484,12,1,59.0,59.0,58,1.0,1
YHR172W,8,0.25,0.000567370650719537,0.29345303662332306,0.00018572059603593003,0.002330288073002742,77.75,5,3,17.0,32.0,31,1.0,1
YIL061C,67,0.03844414292175486,0.006772131499009903,0.33082521804942566,0.001228896715234829,0.030501632385001302,27.70149253731343,13,12,90.16666666666667,559.0,624,0.8370374943408652,1
YLR045C,5,0.2,0.0001055719927983896,0.27976555558318933,0.0001222481459196107,0.002322435409264424,74.8,4,7,37.57142857142857,73.0,136,0.4761437908496732,1
YLR212C,9,0.25,0.0001536053322868102,0.27130893694746777,0.0002084379174430925,0.0017742746693057245,12.444444444444445,5,6,26.666666666666668,73.0,94,0.687256920613132,1
YLR429W,12,0.10606060606060606,0.00011943742449737834,0.30163592965853137,0.000202142617945624,0.013001071561503806,52.666666666666664,8,4,34.75,73.0,77,0.8855092276144908,0
YMR047C,152,0.009498082955733705,0.03274121730015168,0.34179778721423976,0.0035537544259478917,0.02554012988379085,13.69078947368421,12,4,25.5,59.0,59,0.9812974868497955,1
YNL126W,5,0.5,1.9064701261062825e-05,0.24954474220479597,0.00012997595865389184,0.0003450957475996992,10.0,4,6,28.333333333333332,73.0,94,0.687256920613132,1
YNL188W,3,0.0,2.7915141702131555e-05,0.24254748297981768,8.094685825958334e-05,0.00030073322364662603,12.333333333333334,3,3,20.333333333333332,32.0,31,1.0,1
YPL093W,39,0.11875843454790823,0.001870514311713962,0.31063468188614124,0.000581283123998965,0.0179775294654971,34.30769230769231,14,3,195.66666666666666,559.0,558,1.0,1
YAL048C,1,0.0,0.0,0.24301824329420424,4.546162588815865e-05,0.000309564807312383,46.0,1,0,0.0,0.0,0,0.0,0
YAL049C,2,0.0,1.2375685527340013e-06,0.25842946212849616,5.667526941665059e-05,0.0014265683809821601,33.0,2,0,0.0,0.0,0,0.0,0
YDL025C,23,0.10276679841897234,0.0005113172367777081,0.30858675145103237,0.00036596399648949944,0.01876673355913941,51.0,14,0,0.0,0.0,0,0.0,0
YNL094W,43,0.07419712070874862,0.003429006636333586,0.3362897318236927,0.0006938668721480695,0.039468097725783545,62.2093023255814,14,0,0.0,0.0,0,0.0,0
YAL051W,1,0.0,0.0,0.18325513999452087,8.128481648571586e-05,2.6951089348905826e-06,2.0,1,3,90.66666666666667,195.0,194,1.0,0
YOR363C,2,0.0,0.0001955625368152366,0.2247918750471389,0.00012263473965590878,0.00011002122377805396,3.5,1,3,90.66666666666667,195.0,194,1.0,0
YER100W,23,0.023715415019762844,0.0004946392035908349,0.3042378189800908,0.00037092274800922984,0.020244354739186607,38.56521739130435,12,0,0.0,0.0,0,0.0,0
YLR083C,21,0.05238095238095238,0.0020655918558280368,0.283150326551914,0.0004473653379162408,0.0016082532327787314,23.80952380952381,9,0,0.0,0.0,0,0.0,0
YLR292C,21,0.05238095238095238,0.0017533628243622677,0.29321251542943944,0.00044541338576576186,0.0025267515489674846,30.476190476190474,8,4,12.25,29.0,28,1.0,0
YML072C,2,0.0,6.813790291942296e-06,0.2382212222246126,6.612881815509577e-05,0.0008364608813588162,14.5,2,0,0.0,0.0,0,0.0,0
YOR153W,1,0.0,0.0,0.20384057696582236,5.295084464749501e-05,1.9018179321976518e-05,7.0,1,0,0.0,0.0,0,0.0,0
YAL054C,3,0.0,4.361265123284265e-05,0.27119141087558235,8.844610538752282e-05,0.002042953708226603,83.33333333333333,3,0,0.0,0.0,0,0.0,0
YHR041C,31,0.10752688172043011,0.0019004325530245648,0.28707801077898976,0.0006594953253102651,0.003982857668730734,18.193548387096776,12,6,59.5,195.0,211,0.9097269239449334,0
YLR049C,3,0.0,1.8807297424961963e-05,0.2597429196167542,8.853898994085277e-05,0.000977227467050058,40.333333333333336,3,0,0.0,0.0,0,0.0,0
YAL055W,6,0.4,7.879058083029766e-05,0.25493041718671766,0.00015080982021639837,0.0006912854255105444,17.0,5,0,0.0,0.0,0,0.0,0
YDR265W,6,0.5333333333333333,0.0001097519961898833,0.26254785993134067,0.00015035159050299265,0.0011405314180379118,25.666666666666668,5,1,3.0,3.0,2,1.0,0
YGR133W,3,0.3333333333333333,1.8184116769529506e-06,0.2157661113238952,9.938634558844946e-05,5.134322661800802e-05,5.0,3,0,0.0,0.0,0,0.0,0
YMR026C,9,0.19444444444444445,0.00016303352943861107,0.2823840198494731,0.0001891066875571556,0.003573688215023868,34.22222222222222,6,1,3.0,3.0,2,1.0,0
YOL044W,12,0.13636363636363635,0.0004806448165998142,0.2692668266693685,0.00028238499842206545,0.0015558304494485522,15.833333333333334,6,0,0.0,0.0,0,0.0,0
YAL056W,2,1.0,0.0,0.22752875595358238,6.352828123756013e-05,0.00038160828691134106,11.5,2,0,0.0,0.0,0,0.0,0
YER020W,16,0.016666666666666666,0.00055711333493565,0.28772120273741913,0.00030267498415909955,0.01156459727766247,32.4375,8,0,0.0,0.0,0,0.0,0
YGL121C,7,0.09523809523809523,6.814560728013798e-05,0.2626442380853875,0.0001490444611558265,0.004013623279686185,24.428571428571427,5,0,0.0,0.0,0,0.0,0
YAL058W,2,0.0,0.0001955625368152366,0.19925852301771455,0.00012246835896558827,1.4890209477777792e-05,3.5,1,0,0.0,0.0,0,0.0,0
YIL120W,6,0.2,0.000422425426418885,0.24933354786928139,0.00016220261157163217,0.0006028927930710877,44.666666666666664,4,0,0.0,0.0,0,0.0,0
YOR236W,1,0.0,0.0,0.16592224535531738,8.130421269070287e-05,3.685187643782061e-07,2.0,1,0,0.0,0.0,0,0.0,1
YAL059W,8,0.0,0.00019269563600449633,0.27765622441790966,0.00015802945325286218,0.004052116574003449,36.75,7,0,0.0,0.0,0,0.0,0
YBR115C,2,0.0,1.6766041014036145e-06,0.21983859959837831,7.287623571279928e-05,0.00010668043867668076,6.0,2,1,2.0,2.0,1,0.0,0
YDR395W,12,0.10606060606060606,8.963566105856114e-05,0.2796562050393799,0.00022545147043562526,0.0037666663834554936,32.583333333333336,8,1,59.0,59.0,58,1.0,1
YER165W,66,0.033566433566433566,0.004015052591769278,0.3323178937064731,0.0009888521634131894,0.03259034592771194,33.04545454545455,14,7,192.71428571428572,559.0,651,0.7999338296112489,1
YMR308C,59,0.04032729398012858,0.006021713396690749,0.3318774750546853,0.0010365870341059534,0.02305156832661374,30.16949152542373,13,1,15.0,15.0,14,1.0,1
YAL060W,1,0.0,0.0,0.2467781707834568,5.1808217430176554e-05,0.0005267800474026121,96.0,1,0,0.0,0.0,0,0.0,0
YAL061W,1,0.0,0.0,0.24866506012860606,4.436923401762205e-05,0.000564672376190151,59.0,1,0,0.0,0.0,0,0.0,0
YAL062W,2,0.0,1.8999164454337184e-05,0.26801321646333043,6.810655370245768e-05,0.002044160199513272,111.0,2,0,0.0,0.0,0,0.0,0
YLR267W,6,0.4,0.0002060510722214875,0.2723416517699976,0.00016132053464497684,0.005009806376618325,52.5,4,0,0.0,0.0,0,0.0,0
YPR154W,76,0.002105263157894737,0.01233386304338434,0.31548743156222075,0.0016936516706756138,0.017533397518007036,12.894736842105264,13,0,0.0,0.0,0,0.0,0
YKR011C,2,0.0,6.427504168255335e-06,0.22558161319026462,7.453960089650715e-05,8.9357789797319e-05,5.5,2,0,0.0,0.0,0,0.0,0
YMR149W,33,0.17992424242424243,0.0018542955321336548,0.27728728690345783,0.0005637663525520608,0.0026288535627142845,30.87878787878788,16,2,19.0,29.0,28,1.0,1
YAL066W,1,0.0,0.0,0.26695607782369035,5.134682951460989e-05,0.000899077839957782,280.0,1,0,0.0,0.0,0,0.0,0
YAL067C,3,0.0,4.126655976191951e-05,0.25255221501942693,8.441461181887393e-05,0.0005486846411342136,39.0,3,0,0.0,0.0,0,0.0,0
YER118C,72,0.027386541471048513,0.012814058532316795,0.331000130596144,0.0013564513528972798,0.01883265289239626,24.34722222222222,14,0,0.0,0.0,0,0.0,0
YGR260W,38,0.13655761024182078,0.0036644555573081437,0.2756087924306766,0.0006759529748921569,0.003182798649685426,30.5,17,0,0.0,0.0,0,0.0,0
YHR042W,7,0.0,9.151762199563104e-05,0.2503180215938752,0.00019732944905873377,0.00034717752785232164,12.142857142857142,4,0,0.0,0.0,0,0.0,1
YMR032W,69,0.026427962489343565,0.008286817413269398,0.3216675000674538,0.0014549604441693692,0.017142662576036066,17.63768115942029,13,0,0.0,0.0,0,0.0,1
YGR132C,1,0.0,0.0,0.21983859959837831,5.1491091161245354e-05,4.850451804762972e-05,6.0,1,1,2.0,2.0,1,0.0,0
YDL229W,48,0.0398936170212766,0.0011012600910240212,0.3249019121667373,0.0006796377026940096,0.052285629694931876,46.625,17,2,287.0,559.0,558,1.0,0
YGL097W,9,0.3055555555555556,0.0004223031324698107,0.2831343194103825,0.00019791159219186038,0.0036738589325406154,46.666666666666664,7,0,0.0,0.0,0,0.0,1
YLR293C,29,0.10344827586206896,0.0020274986676005456,0.3217915045007874,0.0005064400133895079,0.015867098834964954,46.06896551724138,12,0,0.0,0.0,0,0.0,1
YOR133W,20,0.03684210526315789,0.0005112167900772165,0.30883412320714404,0.0003165005217042533,0.020279000055366793,60.1,13,5,236.4,559.0,589,0.9439786101197695,0
YAR003W,19,0.1286549707602339,0.0012845375731309996,0.29990197461378776,0.0003408254897718034,0.011099162124465276,34.63157894736842,10,2,45.5,83.0,82,1.0,0
YBL026W,72,0.04773082942097027,0.00888484896421903,0.3271515432784803,0.0013195601780391546,0.043056010940502605,31.34722222222222,16,6,127.5,559.0,558,1.0,1
YBR175W,22,0.09090909090909091,0.0012281908369968526,0.30109191872371377,0.00039648056413328083,0.011430090818627753,31.181818181818183,10,2,45.5,83.0,82,1.0,0
YBR258C,6,1.0,0.0,0.25084458459632647,0.00012717522540525033,0.000954662509847524,14.333333333333334,6,2,45.5,83.0,82,1.0,0
YCL040W,55,0.020875420875420877,0.0027397687043074098,0.33739982323162593,0.0008274432724575938,0.05209328398842807,48.32727272727273,17,3,43.666666666666664,73.0,72,1.0,0
YDR069C,7,0.0,0.0002947866858770573,0.28445294349123956,0.00015754680414283207,0.002492129552222184,53.857142857142854,5,3,28.333333333333332,46.0,47,0.9777983348751156,0
YDR140W,3,0.0,9.920712482416075e-05,0.23350100126114295,9.84537329618353e-05,0.0002888163557603507,9.666666666666666,3,0,0.0,0.0,0,0.0,0
YDR469W,10,0.3333333333333333,0.00013890601560775093,0.26554069116432083,0.00019982759591249486,0.0014616544599459266,14.2,7,2,45.5,83.0,82,1.0,0
YHR119W,15,0.2,0.000713294875764544,0.2996866309268941,0.0002652772335768456,0.011799458114450784,47.06666666666667,10,2,45.5,83.0,82,1.0,0
YIL148W,43,0.03765227021040975,0.004317766756165111,0.3154476901209457,0.0007440008366375993,0.02578221749928965,31.27906976744186,14,6,258.8333333333333,559.0,589,0.9439786101197695,0
YJL026W,16,0.03333333333333333,0.0006517953497838363,0.28861654907222123,0.00025271255632344157,0.014496136687033237,43.875,12,2,3.5,4.0,3,1.0,1
YJL141C,34,0.03208556149732621,0.0018668255033801333,0.31662428727084685,0.000587708311351245,0.025323316384997612,38.11764705882353,13,0,0.0,0.0,0,0.0,0
YJR113C,8,0.10714285714285714,0.0002887975141342587,0.27937541005468036,0.00017795540294300943,0.001994547483702468,38.25,7,9,161.77777777777777,559.0,593,0.9319709675949136,0
YLR015W,10,0.4222222222222222,0.00013031886302387264,0.2653015666940489,0.00019030732543217642,0.0017553918020141652,17.4,7,2,45.5,83.0,82,1.0,0
YPL138C,10,0.4222222222222222,0.0002901062267524525,0.26223168626892795,0.00022344215454939002,0.0014255842164074153,16.5,7,2,45.5,83.0,82,1.0,0
YAR007C,37,0.05855855855855856,0.0020362658937971147,0.31674443309197164,0.0005382395189431519,0.043296894866900276,50.7027027027027,17,3,29.666666666666668,56.0,55,1.0,1
YBR089C-A,17,0.10294117647058823,0.0005271488182582467,0.28262304475200356,0.00031091657905477456,0.004669734900040164,19.352941176470587,8,0,0.0,0.0,0,0.0,1
YBR136W,21,0.07142857142857142,0.00046599927150541123,0.30329818785503876,0.0003389166292014147,0.015648819872742595,38.857142857142854,12,0,0.0,0.0,0,0.0,1
YCR012W,10,0.044444444444444446,0.00020818297203306602,0.27813422424891737,0.00018834051605475855,0.006753155639692477,35.7,8,1,11.0,11.0,10,1.0,1
YDL007W,18,0.5751633986928104,4.960068798763461e-05,0.28599605847705883,0.0002513028905636877,0.014891678989278484,38.666666666666664,15,6,25.5,46.0,48,0.9547872340425532,1
YDR034C,61,0.004371584699453552,0.012705422098836263,0.3150904671941023,0.0014232029814277426,0.01021378453749922,14.131147540983607,12,0,0.0,0.0,0,0.0,0
YDR097C,22,0.09956709956709957,0.0009572774178360892,0.29929263631231356,0.0003523943028215518,0.01311991500572471,34.81818181818182,11,4,58.75,195.0,194,1.0,0
YER078C,7,0.0,0.00039509460162675137,0.27238608669441755,0.00017114758503647957,0.002987976151948393,33.42857142857143,4,0,0.0,0.0,0,0.0,0
YER095W,32,0.03225806451612903,0.0015744164802332919,0.3165042325613154,0.0005128566905263103,0.02501202392688907,38.625,15,3,77.66666666666667,195.0,194,1.0,0
YHR164C,5,0.0,7.872466890930147e-05,0.27422048708115715,0.00011482833933498099,0.0033979901673959743,58.8,5,3,29.333333333333332,56.0,55,1.0,1
YIR002C,9,0.027777777777777776,0.000854026572849338,0.26135589292126776,0.00022380902922145552,0.0029562359595479808,18.22222222222222,5,0,0.0,0.0,0,0.0,0
YJL034W,65,0.01730769230769231,0.005033117349472912,0.3427568420510714,0.0009329609054944846,0.06452904635082263,46.76923076923077,17,3,13.666666666666666,29.0,30,0.871264367816092,1
YJL173C,42,0.03484320557491289,0.0012793716381599958,0.31827421047599486,0.0006037874723437551,0.052956193162658136,53.214285714285715,17,3,29.666666666666668,56.0,55,1.0,1
YLR304C,24,0.018115942028985508,0.0006338518142570702,0.3133752331404239,0.00036101464719246173,0.02821663932775312,61.0,15,0,0.0,0.0,0,0.0,0
YML032C,12,0.21212121212121213,8.92871175020483e-05,0.28846693791327355,0.00019419513902299828,0.013587571872877768,45.25,11,3,77.66666666666667,195.0,194,1.0,0
YML124C,37,0.024024024024024024,0.000473258614317719,0.31845634743118556,0.0005221486999314036,0.050822637111164526,54.7027027027027,17,4,28.0,73.0,72,1.0,0
YMR116C,25,0.04666666666666667,0.0006380047999381684,0.3070919722883227,0.0004058596390473574,0.01689925543993505,35.76,12,7,227.28571428571428,559.0,589,0.9439786101197695,0
YMR234W,4,0.16666666666666666,4.00582767367473e-05,0.2547747978456738,8.500500722743057e-05,0.002764767989360908,24.5,4,2,43.0,56.0,55,1.0,0
YNL312W,16,0.06666666666666667,6.637450657459863e-05,0.29069377073830494,0.00024246384908518568,0.013224051241097396,33.5,11,3,29.666666666666668,56.0,55,1.0,1
YOL090W,20,0.07368421052631578,0.0016479543067217154,0.2877873341406801,0.0003533666763164802,0.008676213527097708,21.05,10,6,40.0,195.0,194,1.0,0
YAR008W,5,0.3,0.00031721834677629607,0.28166936483045135,0.0001196200386712419,0.002866445328626647,76.0,5,4,56.5,131.0,130,1.0,1
YBL051C,7,0.047619047619047616,9.353436485613236e-05,0.28709446695616253,0.0001490252779128048,0.005162588936195523,46.714285714285715,5,0,0.0,0.0,0,0.0,0
YLR105C,8,0.14285714285714285,0.0005021442949752407,0.2858328373502029,0.00016283985469917476,0.005431735436330006,53.25,6,4,56.5,131.0,130,1.0,1
YMR059W,80,0.019936708860759492,0.004883238259524055,0.3262564638167061,0.0012509284914291197,0.06708096646342179,35.2125,17,4,56.5,131.0,130,1.0,1
YPL083C,5,0.3,4.1482855924810676e-05,0.27510919945346085,0.00011515997070846254,0.0026361742761275364,53.2,5,4,56.5,131.0,130,1.0,1
YAR014C,65,0.016346153846153847,0.003990140172186625,0.32076104624377194,0.0012120603020643686,0.017069521742771307,18.076923076923077,13,1,2.0,2.0,1,0.0,0
YBR186W,3,0.0,3.9252158965288384e-05,0.2580167418499951,8.775789687902625e-05,0.0007597967352868157,55.666666666666664,3,0,0.0,0.0,0,0.0,0
YCL031C,17,0.15441176470588236,0.0010144010181840437,0.31906497904378256,0.000300375129914186,0.012283278758729905,87.11764705882354,13,3,5.0,6.0,7,0.7142857142857143,1
YDL070W,7,0.047619047619047616,5.461532884883254e-05,0.27649127614277663,0.00014865459388315556,0.0034169819976053533,42.42857142857143,6,0,0.0,0.0,0,0.0,0
YDL240W,4,0.0,1.686399041786017e-05,0.2680275594589669,9.459199636979571e-05,0.0015270372842029767,52.0,4,0,0.0,0.0,0,0.0,0
YDR010C,4,0.16666666666666666,0.0001432631348490993,0.2857023945265405,9.659140021724228e-05,0.0027725772738702442,118.0,4,0,0.0,0.0,0,0.0,0
YDR085C,7,0.047619047619047616,9.024307671700578e-05,0.28244772028255444,0.00013695116570676733,0.005903320063386207,62.57142857142857,7,0,0.0,0.0,0,0.0,0
YDR100W,9,0.05555555555555555,0.0002781518898056892,0.2892666614329592,0.0001823759607937966,0.003778690965057821,56.55555555555556,7,0,0.0,0.0,0,0.0,0
YDR107C,5,0.0,0.00016179772976478092,0.25270513023110425,0.00014199219495858746,0.0005815194104941564,23.8,3,0,0.0,0.0,0,0.0,0
YDR122W,19,0.0935672514619883,0.00016319276669452925,0.29364229456204594,0.0003217982009074643,0.007654967429732251,29.894736842105264,11,0,0.0,0.0,0,0.0,0
YDR259C,26,0.036923076923076927,0.0036446136346842376,0.3147736142323082,0.00048795327051343046,0.006702535710911452,37.46153846153846,12,0,0.0,0.0,0,0.0,0
YDR277C,21,0.14285714285714285,0.0021708140691822585,0.318780661705191,0.0003809308824419599,0.014285660193770068,71.04761904761905,13,0,0.0,0.0,0,0.0,0
YDR480W,22,0.12121212121212122,0.001060288798877007,0.32406101430283113,0.00037135530664322483,0.019479932379627703,67.4090909090909,13,1,3.0,3.0,2,1.0,0
YER032W,21,0.07142857142857142,0.0011339484554009325,0.3200436434309064,0.0003783000038084721,0.011509925189532071,61.23809523809524,13,0,0.0,0.0,0,0.0,0
YER115C,7,0.047619047619047616,0.0006106304281557325,0.2815901819436779,0.00014422696100657224,0.002973450174739608,52.857142857142854,7,0,0.0,0.0,0,0.0,0
YER155C,24,0.043478260869565216,0.000963182448237474,0.3022913433154427,0.00039540277266269874,0.012375342598275295,37.958333333333336,12,1,4.0,4.0,3,1.0,0
YER158C,7,0.0,0.00030038053015923037,0.2814635818843574,0.00017621368382527555,0.003146181929004306,62.142857142857146,5,0,0.0,0.0,0,0.0,0
YER167W,14,0.2087912087912088,0.00024203860616191285,0.3015269702619058,0.0002402611496386913,0.012030019587711771,63.285714285714285,11,0,0.0,0.0,0,0.0,0
YGL237C,57,0.02506265664160401,0.002854707859232282,0.33511963707261655,0.000936388482050395,0.049715526485566,44.6140350877193,17,3,110.66666666666667,195.0,255,0.7764397097421646,0
YGR037C,8,0.10714285714285714,0.00010972532865795573,0.28650323071050027,0.00015893846329024795,0.004135301758853649,66.375,8,0,0.0,0.0,0,0.0,0
YGR225W,2,0.0,3.0340420008726616e-06,0.2440128124750429,6.017993255677373e-05,0.0005027621866519692,39.0,2,2,37.0,58.0,57,1.0,0
YGR285C,11,0.12727272727272726,0.00032810436183872333,0.2779644231352123,0.0002231225560856269,0.0024621840827283173,29.90909090909091,8,3,302.3333333333333,559.0,559,0.9964221824686941,0
YHR064C,12,0.045454545454545456,0.00026854694771613684,0.2900036465576291,0.00021122492009703451,0.008478182916944795,44.5,10,1,2.0,2.0,1,0.0,0
YIL045W,13,0.16666666666666666,0.0007197157552774928,0.30536936626121913,0.00023016464242367297,0.00826282642504031,69.07692307692308,11,0,0.0,0.0,0,0.0,0
YIL144W,34,0.0427807486631016,0.003408640697040446,0.32226774184738793,0.0006051915847368899,0.01083728187992959,37.470588235294116,12,7,28.142857142857142,55.0,75,0.6731531531531532,1
YKR075C,1,0.0,0.0,0.24237141773375218,4.5226902046003285e-05,0.0004181732787574138,65.0,1,0,0.0,0.0,0,0.0,1
YLR096W,58,0.04779189352692075,0.0030242200096195215,0.33216361427578295,0.0008985214253661538,0.03339902736683245,35.08620689655172,14,0,0.0,0.0,0,0.0,0
YLR098C,5,0.0,0.0004533600141301099,0.2627406870239353,0.00015311542416978144,0.0009722743171829267,35.0,4,0,0.0,0.0,0,0.0,0
YLR108C,6,0.13333333333333333,7.906037044217588e-05,0.2779027286677536,0.0001389073466340424,0.0015778326794965683,49.333333333333336,6,0,0.0,0.0,0,0.0,0
YLR245C,5,0.2,2.395429088796044e-05,0.28594707256924096,0.00010272868504542683,0.007188337659220844,109.6,5,0,0.0,0.0,0,0.0,0
YLR273C,5,0.1,7.564495735160718e-05,0.26748360265169063,0.00011285937162819131,0.001656078969395856,49.8,5,1,7.0,7.0,6,1.0,0
YLR430W,9,0.1388888888888889,0.0004469064896210979,0.3028580139112448,0.00016597920535942146,0.009159143793164909,93.33333333333333,9,0,0.0,0.0,0,0.0,1
YML052W,2,0.0,2.221511859405929e-06,0.26217677726274696,6.112502118656559e-05,0.0012336160238398822,81.0,2,0,0.0,0.0,0,0.0,0
YMR018W,2,0.0,2.498062588224481e-06,0.24600240562160494,6.402524025269538e-05,0.0004379561071764772,39.0,2,0,0.0,0.0,0,0.0,0
YMR071C,3,0.0,3.791551748179233e-05,0.2569840923623713,8.176073867206518e-05,0.0008990996479835391,60.666666666666664,3,0,0.0,0.0,0,0.0,1
YMR104C,17,0.04411764705882353,0.0009693496960963689,0.3117755836684671,0.00033251273021223067,0.012273948217471173,51.11764705882353,11,0,0.0,0.0,0,0.0,0
YMR258C,3,0.0,0.0002046246600577133,0.25541144250345527,0.00011336459298670921,0.0010657549609600745,46.0,2,0,0.0,0.0,0,0.0,0
YNL044W,21,0.09047619047619047,0.0031910172762868922,0.30549975454741096,0.0003639792850601206,0.007474600325014692,46.904761904761905,12,0,0.0,0.0,0,0.0,1
YNL206C,8,0.10714285714285714,0.00011700833762175385,0.29228847248615436,0.00017642938080401785,0.005968028101122414,70.75,6,0,0.0,0.0,0,0.0,0
YNL229C,14,0.10989010989010989,0.0004511210896685433,0.29767387673404194,0.00025184839676049126,0.009319548465531765,53.714285714285715,10,0,0.0,0.0,0,0.0,0
YNL333W,8,0.2857142857142857,0.00021699820206361317,0.2817327432103423,0.0001882013717721776,0.005522607450474663,59.25,5,0,0.0,0.0,0,0.0,0
YOL033W,2,0.0,1.2294576630061601e-06,0.2592454565997337,5.71270471299406e-05,0.002493480985818194,72.0,2,0,0.0,0.0,0,0.0,0
YOL154W,2,0.0,1.7764779665803586e-05,0.2642517266949958,6.502094592654256e-05,0.0010438354386073593,108.5,2,0,0.0,0.0,0,0.0,0
YOR047C,42,0.025551684088269456,0.0063027407279184515,0.32593797839712707,0.0008122109861568629,0.0158602332619567,35.69047619047619,12,0,0.0,0.0,0,0.0,0
YOR062C,3,0.3333333333333333,1.960288815510286e-05,0.2700508452523593,8.342168419103282e-05,0.0012184369241399135,77.66666666666667,3,0,0.0,0.0,0,0.0,0
YOR178C,13,0.15384615384615385,0.0004217657784177854,0.29570543638485297,0.00025014768319285053,0.007316442603606496,49.23076923076923,8,3,5.0,7.0,8,0.7857142857142857,0
YOR229W,18,0.0718954248366013,0.0007021679965639082,0.3143981780320311,0.0003051614161781156,0.019795327639169247,60.111111111111114,13,0,0.0,0.0,0,0.0,1
YOR284W,18,0.12418300653594772,0.001474862757078021,0.3159252492304456,0.00032597043713141497,0.014693770019034758,70.0,11,0,0.0,0.0,0,0.0,0
YOR329C,11,0.10909090909090909,0.0011337643945496265,0.3091009674782605,0.00021608723634642212,0.009063209329340691,96.0909090909091,10,0,0.0,0.0,0,0.0,1
YOR355W,15,0.0,0.0006061296139121279,0.2916247220245869,0.0003271202449158753,0.0038225162294444203,34.53333333333333,7,0,0.0,0.0,0,0.0,0
YOR358W,9,0.16666666666666666,0.0001606033250045419,0.28110023999833056,0.00018883386001965753,0.004056292959558286,33.55555555555556,7,3,110.66666666666667,195.0,255,0.7764397097421646,0
YPL049C,20,0.12631578947368421,0.0010792305360551228,0.3162444260939733,0.0003322274825394682,0.016814563009368316,67.0,13,1,3.0,3.0,2,1.0,0
YPL204W,120,0.022829131652661063,0.010570076562675647,0.3482382823008104,0.0018855813593002641,0.07394563899786025,32.28333333333333,17,4,17.75,55.0,61,0.7934426229508197,1
YAR018C,19,0.03508771929824561,0.0005252915550885329,0.3002975762111917,0.0003242260197659892,0.008513943445760988,32.526315789473685,11,0,0.0,0.0,0,0.0,0
YBL106C,13,0.01282051282051282,0.00037513062897334687,0.29044090559326463,0.00025607407811351486,0.002591132969257831,18.76923076923077,7,0,0.0,0.0,0,0.0,0
YDR216W,32,0.1028225806451613,0.0023095175696144837,0.3204942072086936,0.0004968077984501177,0.022630228954815878,45.9375,13,0,0.0,0.0,0,0.0,0
YGR032W,5,0.0,5.94759925144004e-05,0.26427961458763416,0.00010721427315240812,0.001280275492176069,28.2,5,4,3.5,5.0,7,0.42857142857142855,0
YIL070C,21,0.03333333333333333,0.001124497547834437,0.29319535043029243,0.0003385647526333039,0.011077343511808262,33.04761904761905,12,0,0.0,0.0,0,0.0,0
YJL098W,59,0.04850964348334307,0.0046516706812108335,0.3288053424402741,0.0009134165240926126,0.05099268309728586,40.71186440677966,17,1,2.0,2.0,1,0.0,0
YML006C,11,0.07272727272727272,6.783147528067416e-05,0.2829263911450828,0.00019335712413945174,0.0054814605823720886,35.0,8,0,0.0,0.0,0,0.0,0
YOL054W,27,0.03418803418803419,0.0005687955010110028,0.3095212271213309,0.00041790536939601713,0.016504341771929134,37.77777777777778,12,0,0.0,0.0,0,0.0,0
YOL083W,13,0.02564102564102564,0.0002920528259064561,0.28395299784841,0.00023463951784693875,0.0045910280848898335,30.53846153846154,8,0,0.0,0.0,0,0.0,0
YOR167C,11,0.03636363636363636,0.00089423516955421,0.29546121031504075,0.0002615060063859096,0.0026996322349480905,46.0,7,7,227.28571428571428,559.0,589,0.9439786101197695,0
YAR019C,14,0.2857142857142857,0.00010393898643693735,0.3082638626238847,0.00021252706388091153,0.024686389454120064,77.14285714285714,13,0,0.0,0.0,0,0.0,1
YDL047W,86,0.03392612859097127,0.009736937399682816,0.3367645895676611,0.0012789332731357806,0.08626490486931288,42.13953488372093,17,4,2.25,3.0,5,0.1,0
YDL185W,38,0.049786628733997154,0.0017285500039252622,0.3186589664726255,0.00056718411939921,0.030460934604294276,35.78947368421053,14,5,12.8,15.0,15,0.9904761904761905,0
YHR169W,30,0.034482758620689655,0.0014945298838180522,0.3131401135457206,0.0004519285992834435,0.03517756962873315,51.266666666666666,15,0,0.0,0.0,0,0.0,1
YNL223W,4,0.16666666666666666,2.2339712970405053e-05,0.26545624508667276,8.53283207854199e-05,0.005182214508712932,46.25,4,6,36.666666666666664,95.0,163,0.5252594107399834,0
YAR023C,2,0.0,9.318861227875558e-06,0.23253612109064234,6.830857568172847e-05,0.00014101129227860735,27.0,2,0,0.0,0.0,0,0.0,0
YDL217C,7,0.23809523809523808,0.00041746376922603316,0.26655825089415375,0.0002030492176453116,0.0011773627716582713,31.857142857142858,4,4,9.0,18.0,18,0.9019607843137255,1
YAR028W,11,0.18181818181818182,0.00016468688581705945,0.2596755833489011,0.00022905394312520814,0.0007587036591125703,29.363636363636363,7,0,0.0,0.0,0,0.0,0
YBR106W,105,0.05549450549450549,0.015737945811056975,0.3044782646999973,0.0019081184182036532,0.006921577020667676,19.98095238095238,17,1,9.0,9.0,8,1.0,1
YBR135W,24,0.07246376811594203,0.0025476093716150536,0.30159960111105955,0.0004714913111919089,0.007786502267680333,26.958333333333332,10,1,14.0,14.0,13,1.0,1
YDL198C,3,0.0,2.2185928904087972e-05,0.2501304987289744,8.097112175643464e-05,0.0004681989478348006,35.666666666666664,3,0,0.0,0.0,0,0.0,0
YDR406W,1,0.0,0.0,0.21910766366481121,4.882236551947592e-05,4.496773732622379e-05,37.0,1,0,0.0,0.0,0,0.0,0
YEL041W,5,0.0,0.00011611217862867688,0.24883802732897375,0.00013907662813727567,0.0003822622188319731,12.8,4,0,0.0,0.0,0,0.0,0
YGL129C,8,0.14285714285714285,0.0013216607265679962,0.2852792763756126,0.00017804226900568662,0.0016791870599203865,61.375,7,9,161.77777777777777,559.0,593,0.9319709675949136,0
YGR014W,10,0.044444444444444446,0.000686778481071056,0.28725913255235186,0.0001992097841488147,0.0027986913325853627,41.6,7,0,0.0,0.0,0,0.0,0
YGR284C,38,0.16358463726884778,0.0006245686042025438,0.280188138520294,0.0005792897701026017,0.003716289905121701,32.473684210526315,17,0,0.0,0.0,0,0.0,0
YHR048W,3,0.0,1.827463999813177e-05,0.23353366483494614,8.633392857390177e-05,0.00016550064110846301,26.0,3,0,0.0,0.0,0,0.0,0
YIL004C,19,0.19883040935672514,0.0008690643978795788,0.29193069340465466,0.0003490271038270029,0.006741117360084869,27.63157894736842,9,3,40.666666666666664,95.0,94,1.0,1
YIL016W,41,0.16463414634146342,0.0006745888026371181,0.2805962785618385,0.0006464367676065876,0.0041176620066693806,31.73170731707317,17,0,0.0,0.0,0,0.0,0
YIL111W,4,0.0,0.00019207149722745285,0.2566285599533847,0.00012501847700523494,0.0004981627241844009,42.5,3,1,12.0,12.0,11,1.0,0
YIR033W,3,0.0,0.00019435581416550336,0.27110333311953316,7.819569747730889e-05,0.0016916145881176838,68.33333333333333,3,0,0.0,0.0,0,0.0,0
YJL002C,20,0.17894736842105263,0.0015548173980575463,0.2788776087783426,0.0003504472185609866,0.0022135008919647605,26.25,11,2,19.0,29.0,28,1.0,1
YJL093C,2,0.0,5.656246306944039e-06,0.22244561297136378,7.085471434251512e-05,5.3087456171170935e-05,23.5,2,0,0.0,0.0,0,0.0,0
YJR040W,5,0.0,5.768490612223261e-05,0.23192234202594372,0.00014756246123269988,9.106214601168007e-05,13.8,3,0,0.0,0.0,0,0.0,0
YKL196C,11,0.2909090909090909,0.0002711045982580722,0.2675121769068612,0.00022493360607391436,0.0014451036951890848,19.363636363636363,7,3,38.666666666666664,95.0,94,1.0,1
YKR105C,4,0.0,0.00042669172224387255,0.2845660781846736,0.00010209368567800565,0.0019450088222029169,103.0,4,0,0.0,0.0,0,0.0,0
YLR018C,20,0.4052631578947368,5.803391049105804e-05,0.2626029244992793,0.0003118216566408793,0.0022097233866959047,42.75,16,1,59.0,59.0,58,1.0,0
YLR214W,7,0.0,0.00023086228867838867,0.2480124282485023,0.00017812700085882504,0.0003736105142389053,13.857142857142858,5,0,0.0,0.0,0,0.0,0
YML038C,12,0.045454545454545456,0.0019035072973496827,0.27194238888256805,0.00030042985943222537,0.0013274514033323002,26.833333333333332,8,0,0.0,0.0,0,0.0,0
YMR264W,15,0.19047619047619047,0.00032292466755334836,0.26415416540349446,0.0002809506897786558,0.0012943589352639204,33.06666666666667,12,2,31.5,58.0,57,1.0,0
YMR279C,8,0.39285714285714285,0.00022517694962869382,0.24904838269767554,0.0001818011156689069,0.0006556473341707876,45.5,7,0,0.0,0.0,0,0.0,0
YNL125C,9,0.25,0.0005019017899279913,0.2691221373482136,0.00017888341375265496,0.0014689159937769226,41.888888888888886,8,0,0.0,0.0,0,0.0,0
YOL030W,7,0.09523809523809523,0.002153163529486346,0.24757108136679462,0.00023246425433577067,0.00048052536332388176,34.0,4,0,0.0,0.0,0,0.0,0
YOL156W,9,0.2222222222222222,0.000717729638980486,0.2674407527126745,0.00017223026129796845,0.001449758371497814,59.55555555555556,8,0,0.0,0.0,0,0.0,0
YOR273C,2,0.0,0.0001955625368152366,0.21912683654402584,0.00011610982564831896,4.4995284911005364e-05,19.0,1,0,0.0,0.0,0,0.0,0
YPL094C,11,0.07272727272727272,0.0010263561277232902,0.28007845744604937,0.00024140885652399675,0.0016900354785978815,31.363636363636363,8,4,12.25,29.0,28,1.0,1
YPR128C,6,0.06666666666666667,0.00022087719170402849,0.22685885654981452,0.0001735167104198267,0.0001125421422725902,12.5,4,0,0.0,0.0,0,0.0,0
YGL104C,26,0.11076923076923077,0.00298072984319195,0.3054066086987167,0.0004749880630950445,0.005400064019443039,50.46153846153846,14,0,0.0,0.0,0,0.0,0
YGR055W,3,0.0,1.6646454153165808e-05,0.22734284957105108,9.472218705662485e-05,9.868119529453618e-05,12.333333333333334,3,0,0.0,0.0,0,0.0,0
YJL219W,6,0.26666666666666666,0.00022503123583407858,0.25647086112506423,0.00012895833860123294,0.0009588129558515534,55.666666666666664,5,0,0.0,0.0,0,0.0,0
YML129C,3,0.0,5.09773835884367e-05,0.22941518831250307,8.784981877100532e-05,0.00012970311745498302,10.333333333333334,3,1,3.0,3.0,2,1.0,0
YAR031W,9,0.027777777777777776,0.0005090480489329173,0.29067689936449537,0.0001670258636303295,0.0039125706099312225,59.666666666666664,9,0,0.0,0.0,0,0.0,0
YBR069C,28,0.11904761904761904,0.002784631638999708,0.3166643257492574,0.0004468117329901675,0.014000031278105304,48.32142857142857,16,0,0.0,0.0,0,0.0,0
YCR030C,15,0.08571428571428572,0.002921123895363121,0.29410787339539934,0.0003167323058176131,0.004804687599700424,37.06666666666667,9,0,0.0,0.0,0,0.0,0
YJR015W,14,0.16483516483516483,0.0005119136888463414,0.26739791650028055,0.00024726052256496993,0.001570686026768885,37.42857142857143,10,0,0.0,0.0,0,0.0,0
YAR033W,7,0.38095238095238093,1.5833011479878892e-05,0.244656488498376,0.00013228417454041417,0.000633058597275694,34.857142857142854,6,1,2.0,2.0,1,0.0,0
YGL051W,32,0.1431451612903226,0.0007732033372021767,0.2766287200248691,0.0005250265861537236,0.0028897307836044757,30.0,16,1,2.0,2.0,1,0.0,0
YKL174C,6,0.06666666666666667,4.991726499205694e-05,0.24232451016306636,0.00013060705918186606,0.0003856491622136614,14.5,5,0,0.0,0.0,0,0.0,0
YPR198W,19,0.2222222222222222,0.0005803727038327343,0.26855933165586654,0.000314613716569677,0.0020411723748357305,38.473684210526315,14,0,0.0,0.0,0,0.0,0
YAR035W,5,0.0,0.00017756495140364213,0.26698453947706463,0.00014634822972994275,0.0015317397414526931,59.4,3,0,0.0,0.0,0,0.0,0
YLR295C,125,0.0016774193548387097,0.02347823014975636,0.3332244162375419,0.003379013114897496,0.017547452848418407,10.552,12,4,26.5,56.0,57,0.9523809523809523,0
YLR381W,3,0.0,3.5262055400600464e-05,0.24425081570593782,9.541218439323672e-05,0.0002841585390028687,16.0,3,6,26.166666666666668,55.0,54,1.0,0
YLR447C,95,0.0035834266517357225,0.013523056235148533,0.3219362972327734,0.002145585303313399,0.01813258537143671,10.778947368421052,12,5,12.6,15.0,16,0.9083333333333333,0
YAR042W,5,0.1,0.00011744386096478518,0.2775331362102546,0.00011726230891308405,0.001783134303456882,55.4,5,1,2.0,2.0,1,0.0,0
YER120W,14,0.0,0.0004203616410846715,0.2918286316309437,0.00026931282398710106,0.0055631494801728215,32.857142857142854,8,0,0.0,0.0,0,0.0,0
YGR192C,9,0.027777777777777776,0.00014611888305522886,0.29257874611813617,0.0001631154560924636,0.005895484092774628,54.55555555555556,8,0,0.0,0.0,0,0.0,0
YLR397C,5,0.1,0.000202148220710513,0.28767162412695324,0.00011899017731151272,0.002504091086372852,102.4,5,0,0.0,0.0,0,0.0,1
YAR047C,1,0.0,0.0,0.22612140394827104,5.1078336361688436e-05,0.00020924359923085243,27.0,1,0,0.0,0.0,0,0.0,0
YAR064W,2,0.0,5.947366719138612e-05,0.2564577283040737,6.76767068127576e-05,0.0012753472780201414,70.0,2,0,0.0,0.0,0,0.0,0
YGL070C,56,0.02857142857142857,0.01175960033851255,0.3063218945596486,0.001434549362535085,0.0068577546222084685,11.375,10,6,57.166666666666664,195.0,208,0.9184318097361576,0
YAR066W,4,0.0,0.0002690677681452006,0.26817107389431655,0.00014250114415602177,0.0009445544814576792,69.25,3,0,0.0,0.0,0,0.0,0
YDR074W,8,0.07142857142857142,0.00011957276153991194,0.27072232302974353,0.00020542046910754385,0.0020986328200922437,22.875,5,2,4.0,4.0,4,0.8333333333333334,0
YLR145W,1,0.0,0.0,0.21109175487019535,6.001666396191798e-05,2.3139536854604086e-05,4.0,1,2,284.5,559.0,558,1.0,1
YPR086W,116,0.005547226386806597,0.021151077727300256,0.3219569925463008,0.00284399379733762,0.010895782818418139,8.89655172413793,11,3,112.33333333333333,195.0,263,0.7308797492235799,1
YAR068W,1,0.0,0.0,0.24288860213628782,4.7275225828631454e-05,0.0004199466907811517,69.0,1,0,0.0,0.0,0,0.0,0
YAR069C,1,0.0,0.0,0.20684603213357514,5.930778103899023e-05,5.6441565895116435e-05,5.0,1,0,0.0,0.0,0,0.0,0
YPL215W,5,0.0,0.00237603072226483,0.26135589292126776,0.00017579083409386962,0.002304265170525174,30.4,3,0,0.0,0.0,0,0.0,0
YAR071W,1,0.0,0.0,0.24272380420908476,5.004292547451199e-05,0.00034113569791538386,78.0,1,0,0.0,0.0,0,0.0,0
YLR453C,78,0.002997002997002997,0.016071420625678904,0.321378527723964,0.0018922786783506715,0.013925590434417866,12.243589743589743,11,1,11.0,11.0,10,1.0,0
YAR073W,3,0.0,1.2972000347608918e-06,0.25817634806176887,6.945845885517978e-05,0.0026871470605786276,46.666666666666664,3,0,0.0,0.0,0,0.0,0
YDL213C,64,0.052083333333333336,0.004986468082017773,0.3268313087999384,0.0010255549243604657,0.027954380970992652,32.625,14,0,0.0,0.0,0,0.0,0
YLR383W,37,0.018018018018018018,0.001488099431025648,0.3155073060381917,0.0006036206511185069,0.03302413113648629,43.75675675675676,15,1,8.0,8.0,7,1.0,1
YOL115W,39,0.018893387314439947,0.001662342860083255,0.3178903824849416,0.0005822052572657935,0.04871503423628038,56.30769230769231,17,3,3.3333333333333335,4.0,3,1.0,0
YBL001C,4,0.16666666666666666,0.00221387521750086,0.2733673367201711,0.00013761389708301852,0.0021667893523885564,61.75,3,0,0.0,0.0,0,0.0,0
YDR510W,27,0.022792022792022793,0.003285673699283529,0.32208122032477526,0.0005556593412141251,0.00922966337298486,41.2962962962963,12,0,0.0,0.0,0,0.0,1
YER067W,3,0.0,1.7388821241944607e-05,0.2432543093909493,8.764708360787732e-05,0.0007327741261776086,13.666666666666666,3,0,0.0,0.0,0,0.0,0
YPL068C,1,0.0,0.0,0.2142981890398466,5.867391954185545e-05,5.307631462694491e-05,4.0,1,0,0.0,0.0,0,0.0,0
YBL002W,34,0.035650623885918005,0.0014390476110944879,0.30109191872371377,0.0005517616643077909,0.01006494785184552,24.294117647058822,12,2,9.5,11.0,10,1.0,0
YBR114W,36,0.007936507936507936,0.0020441033443765813,0.3116591771033139,0.0005891735086028257,0.027580622570132742,38.0,14,8,39.625,195.0,251,0.6484462151394422,0
YBR245C,20,0.15789473684210525,0.000700023983008757,0.273382258518027,0.00039936664678761675,0.004427413463338263,17.6,8,4,23.0,83.0,82,1.0,0
YDR121W,5,0.5,5.501439158035159e-05,0.26146504703995066,0.00011474721479517896,0.0009751342992216939,32.2,5,4,24.0,83.0,86,0.9102599179206566,0
YGL241W,6,0.2,2.191027407072496e-05,0.2697744667950582,0.00011334675456760432,0.00211192150334257,31.666666666666668,6,1,59.0,59.0,58,1.0,0
YGR054W,8,0.03571428571428571,0.00013113218472461422,0.26332087150632255,0.00015122954432212954,0.0027960557677255992,27.75,7,4,282.5,559.0,558,1.0,0
YGR067C,11,0.0,8.399414432074559e-05,0.2935906545547954,0.00017150103958419582,0.012627110555398115,54.45454545454545,10,0,0.0,0.0,0,0.0,0
YHR197W,44,0.08562367864693446,0.00395380322215146,0.3115622380124576,0.000789368681213818,0.020188938102189847,27.386363636363637,14,1,3.0,3.0,2,1.0,1
YIL035C,97,0.05262027491408935,0.007256497828323982,0.33799183263937477,0.0014769912997602938,0.045780953438559494,30.371134020618555,14,3,6.0,8.0,9,0.7777777777777778,0
YIL126W,7,0.19047619047619047,2.252348504603945e-05,0.2582961823646341,0.00014060231230491487,0.0010381197666497993,18.714285714285715,7,3,36.666666666666664,83.0,83,0.9782544813399942,1
YJR090C,30,0.08735632183908046,0.0032262241457372155,0.32708744618928,0.00047169496312971144,0.03164997360850969,60.5,15,5,17.2,58.0,57,1.0,0
YKR001C,16,0.13333333333333333,0.00021778240939778208,0.2760645450363937,0.00027253491562250815,0.0033997520381868623,21.9375,8,0,0.0,0.0,0,0.0,0
YKR048C,37,0.03303303303303303,0.0016036805877230108,0.31680454020179993,0.0006010456123899773,0.019491684991245102,29.83783783783784,12,1,11.0,11.0,10,1.0,0
YLR074C,60,0.060451977401129946,0.0036527461255219367,0.3181529015404812,0.000976139746041449,0.023461772336846768,26.0,14,0,0.0,0.0,0,0.0,0
YMR036C,17,0.08823529411764706,0.0002255192876607027,0.30938738423834045,0.00027850087813995365,0.01266137050283576,54.11764705882353,12,0,0.0,0.0,0,0.0,0
YMR091C,4,0.3333333333333333,2.7417106389414748e-06,0.24369224289851377,9.357225090322435e-05,0.0005494541261648507,20.5,4,2,50.0,83.0,82,1.0,0
YNL068C,6,0.0,0.00011407099045165091,0.2773026397237282,0.00013109855460434106,0.0025964107792011124,54.333333333333336,5,0,0.0,0.0,0,0.0,0
YNL157W,9,0.0,0.00021947316041794158,0.2884337120508094,0.00018700833491246222,0.006609857141108948,38.111111111111114,7,0,0.0,0.0,0,0.0,0
YNL262W,13,0.14102564102564102,0.00018856455285838739,0.28228852305547597,0.00023854928857665499,0.0038013003061889497,24.615384615384617,6,6,19.666666666666668,56.0,56,0.9662337662337662,1
YOL006C,15,0.009523809523809525,0.0003407926279435771,0.280188138520294,0.0002866190741116328,0.0035617957577898695,22.066666666666666,8,3,29.333333333333332,56.0,55,1.0,0
YOL087C,22,0.04329004329004329,0.000248340914203252,0.3050717534293875,0.00032964535525921077,0.020538202170034714,41.04545454545455,12,0,0.0,0.0,0,0.0,0
YOL108C,24,0.018115942028985508,0.0015136631103109981,0.3045708450529223,0.0004543460347132098,0.012275032798531402,30.583333333333332,11,1,2.0,2.0,1,0.0,0
YOR116C,27,0.1339031339031339,0.0017455032931969628,0.31032672260054867,0.000472659184453009,0.01033904820872383,33.111111111111114,10,4,60.75,195.0,199,0.9538094512968884,1
YOR207C,13,0.1794871794871795,0.0001745763353143946,0.28303831455497347,0.0002237721100103444,0.006858528902262621,30.46153846153846,8,5,50.8,195.0,209,0.8665807876334192,1
YOR304W,11,0.18181818181818182,0.00021187885635446074,0.2884835537152385,0.00019636902005780766,0.007699526825319418,42.81818181818182,8,3,30.0,83.0,83,0.9761974728181017,0
YPL082C,13,0.1282051282051282,0.00030995876422506446,0.27774861224768493,0.00024918460294666623,0.0038712791977759237,26.076923076923077,8,3,90.66666666666667,195.0,194,1.0,1
YPR175W,10,0.13333333333333333,0.0003342904389201685,0.2863230606020041,0.00020324759693360304,0.00568395267318531,48.9,6,6,19.666666666666668,56.0,56,0.9662337662337662,1
YPR190C,8,0.35714285714285715,3.3941261895369966e-05,0.27130893694746777,0.0001474378889556585,0.0043113357862750645,36.75,8,4,60.75,195.0,199,0.9538094512968884,1
YBL003C,6,0.0,8.004640870207403e-05,0.2736212290237246,0.00011328051076308333,0.00467047334339182,50.5,6,2,9.5,11.0,10,1.0,1
YCR057C,64,0.06597222222222222,0.004382261396125641,0.3214197776954342,0.0010628676226959919,0.02770633854236678,25.203125,14,5,127.6,559.0,558,1.0,1
YPL153C,36,0.04126984126984127,0.0020922615225939553,0.31817311327426817,0.0005943188984998206,0.026622789850862767,41.583333333333336,13,1,2.0,2.0,1,0.0,1
YBL004W,23,0.11067193675889328,0.001049487795886159,0.29333272672193134,0.00037795248606078437,0.008958383660611953,38.56521739130435,13,2,302.5,559.0,558,1.0,1
YBL038W,22,0.03896103896103896,0.0007123360993281549,0.2753511999587803,0.0004878300101349331,0.0020105016377073587,10.136363636363637,8,7,202.14285714285714,559.0,589,0.9439786101197695,0
YBR143C,21,0.01904761904761905,0.0005359684640757471,0.29733810116660264,0.00037030423727188954,0.0066933473073601075,24.095238095238095,11,2,134.0,266.0,265,1.0,1
YBR247C,35,0.13109243697478992,0.0006227956223631388,0.30561160459179004,0.0005438998194191448,0.01830479617358875,33.142857142857146,14,3,195.33333333333334,559.0,558,1.0,1
YBR251W,36,0.05238095238095238,0.002868388410435514,0.28863318211446837,0.0008973710671475689,0.004411005990474873,12.0,8,9,161.77777777777777,559.0,593,0.9319709675949136,0
YCL059C,34,0.1319073083778966,0.000683489533065962,0.29040722347502346,0.0005322469576431531,0.01029067127339295,20.08823529411765,13,2,302.5,559.0,558,1.0,1
YDR060W,29,0.21428571428571427,0.0004719252683364499,0.2894003799867245,0.00044909160506183347,0.01075764071971162,26.310344827586206,14,5,119.4,559.0,558,1.0,1
YDR280W,18,0.33986928104575165,0.0008674937995815595,0.28432375680103633,0.0003232902923404946,0.0036677999237084706,25.72222222222222,9,6,32.166666666666664,131.0,136,0.9196078431372549,1
YER082C,49,0.06207482993197279,0.0012463407499271346,0.31503100868349826,0.000759587815462079,0.024262742151714072,28.306122448979593,14,5,168.0,559.0,619,0.8502282102357388,1
YGR090W,59,0.07130333138515488,0.0027509160266905724,0.3135518046735275,0.0009338844663799046,0.018915952134584232,25.10169491525424,14,5,124.0,559.0,565,0.975886524822695,1
YGR220C,32,0.0,0.0021596611977576516,0.27915740349201573,0.000826774979917765,0.0028230758439734332,8.6875,8,7,202.14285714285714,559.0,589,0.9439786101197695,0
YHR089C,22,0.14285714285714285,0.0007177418760027436,0.2983299366243898,0.000360714956135592,0.008996369356366624,34.86363636363637,12,6,136.0,559.0,619,0.8502282102357388,1
YJL095W,58,0.050816696914700546,0.002672856541146581,0.3155470625031663,0.0009421345318213159,0.024115956340390755,27.0,14,0,0.0,0.0,0,0.0,0
YKR086W,19,0.005847953216374269,0.0048896883457928385,0.27126485273521395,0.0005534405383998093,0.001981495804628255,8.526315789473685,7,6,156.5,559.0,619,0.8502282102357388,1
YNL110C,33,0.23295454545454544,0.0005468743253294225,0.2965809780334136,0.0004821548135236003,0.013388536049217798,30.424242424242426,14,0,0.0,0.0,0,0.0,1
YNL284C,28,0.03968253968253968,0.0013392854920273103,0.2854093330322689,0.00061499254296185,0.007298827540197713,16.714285714285715,8,7,202.14285714285714,559.0,589,0.9439786101197695,0
YOL139C,54,0.07966457023060797,0.0015347730190218565,0.3324943886377385,0.0007706502722017667,0.049378112803807515,45.333333333333336,17,7,172.71428571428572,559.0,589,0.9439786101197695,1
YPL043W,41,0.17317073170731706,0.0005068977948787912,0.30065812078582393,0.000575951652260758,0.01752627665865272,29.682926829268293,14,0,0.0,0.0,0,0.0,1
YPR137W,11,0.09090909090909091,0.00013504464089022882,0.2847116693792425,0.00019272090968004127,0.008171247554540446,38.18181818181818,8,4,171.0,559.0,558,1.0,1
YBL005W,5,0.2,6.666914686838615e-05,0.2779798510323725,0.0001040527047584324,0.005388669418582122,69.2,5,0,0.0,0.0,0,0.0,0
YCR009C,41,0.06219512195121951,0.0006052620520381524,0.3230785044542804,0.0005963409225510211,0.04959321177559579,51.46341463414634,17,1,2.0,2.0,1,0.0,0
YCR088W,54,0.07756813417190776,0.0034591970948064715,0.33509721504417606,0.0009380628622702085,0.040361544588656775,43.351851851851855,14,3,43.666666666666664,73.0,72,1.0,1
YDR176W,26,0.19384615384615383,0.003464304036805773,0.3032247366985685,0.00048709201739372004,0.004812995860444519,31.03846153846154,12,10,50.3,195.0,255,0.7764397097421646,0
YDR388W,159,0.025873736167502586,0.020169104112559084,0.3545743699858588,0.0026548704027926943,0.10506272957520679,29.9874213836478,17,4,33.25,73.0,73,0.9726027397260274,0
YBL006C,1,0.0,0.0,0.20206418849553195,6.228084963319207e-05,1.1045374456930644e-05,7.0,1,2,50.0,83.0,82,1.0,0
YDR489W,7,0.0,0.002410939742695504,0.2537678848829679,0.0002740247322257735,0.00045087852796287756,13.285714285714286,3,3,27.0,56.0,56,0.9766233766233766,1
YBL037W,6,0.26666666666666666,0.00011914630658657652,0.2779335724778166,0.00013511309035366557,0.00239947514228406,40.333333333333336,4,5,33.6,95.0,104,0.8676250933532487,0
YBL047C,14,0.0989010989010989,0.0003395284364875743,0.2950782405025779,0.0002520473932668219,0.007199615595613388,40.785714285714285,11,0,0.0,0.0,0,0.0,0
YBL105C,23,0.07905138339920949,0.0020927847100151455,0.31776936590636734,0.00040276896765069006,0.009659093400145336,49.69565217391305,12,0,0.0,0.0,0,0.0,1
YBR059C,21,0.06666666666666667,0.0036196037920234,0.3073558131973154,0.00039007607017691755,0.013247643858527676,39.42857142857143,11,0,0.0,0.0,0,0.0,0
YBR098W,8,0.10714285714285714,0.0001607664262565293,0.31000018420712155,0.00014377155790929757,0.01275962269772366,117.75,8,1,2.0,2.0,1,0.0,0
YBR108W,16,0.19166666666666668,0.000633732783484689,0.30769570412546876,0.0002896491158484142,0.011676083724206192,81.75,13,0,0.0,0.0,0,0.0,0
YBR150C,3,0.6666666666666666,9.001422511379433e-06,0.27990627485889763,7.256841417702396e-05,0.006358891543413896,142.33333333333334,3,0,0.0,0.0,0,0.0,0
YBR205W,12,0.045454545454545456,0.0003066580644665578,0.2950260942536672,0.00021428878469831862,0.007515492166668114,61.333333333333336,10,0,0.0,0.0,0,0.0,0
YBR250W,3,0.0,0.00012742645497993923,0.26594960578006877,8.173537180453254e-05,0.001320721950906175,53.666666666666664,3,0,0.0,0.0,0,0.0,0
YCL008C,11,0.14545454545454545,0.0003487779020103747,0.29244207497665864,0.0002329000797113165,0.0051016701064136106,68.0,8,1,4.0,4.0,3,1.0,0
YCL034W,4,0.8333333333333334,1.4355806027268303e-06,0.28064344817047265,9.321458919585413e-05,0.003940232926515891,114.5,4,0,0.0,0.0,0,0.0,0
YCL045C,2,0.0,5.4717764388167994e-05,0.28201829923139,6.769724031764283e-05,0.0018052954920759249,209.5,2,0,0.0,0.0,0,0.0,0
YCR095C,5,0.1,0.00026530299893784333,0.26607676651172796,0.00015730955589669617,0.0012229279362870437,42.0,3,1,6.0,6.0,5,1.0,0
YCR100C,3,0.0,4.70089643925789e-05,0.26504884504923026,9.131803119999667e-05,0.0009974973991574293,61.333333333333336,3,0,0.0,0.0,0,0.0,0
YDL002C,17,0.10294117647058823,0.0012788847190941337,0.29888183899565884,0.000331160916569257,0.0070992274982446665,33.23529411764706,8,2,47.5,83.0,82,1.0,0
YDL091C,2,0.0,6.50180599444842e-06,0.2617109774808097,7.034623390757088e-05,0.0010246435594401773,72.5,2,0,0.0,0.0,0,0.0,0
YDL139C,6,0.2,9.960798915056445e-05,0.2854255984527415,0.00012759548064085778,0.0054355518665465015,84.33333333333333,6,0,0.0,0.0,0,0.0,1
YDL146W,8,0.39285714285714285,0.00025975848654664115,0.28384035001701646,0.0001843112993783737,0.004757312202647979,83.375,7,0,0.0,0.0,0,0.0,0
YDL203C,8,0.03571428571428571,5.033354386279806e-05,0.28246364988157774,0.0001662957760984048,0.0027342842275651243,34.5,6,0,0.0,0.0,0,0.0,0
YDL206W,4,0.5,9.937634709836956e-05,0.2688332246940556,8.670162042568315e-05,0.0012979002931493985,77.75,4,0,0.0,0.0,0,0.0,0
YDR172W,13,0.02564102564102564,0.0002864873536140819,0.27649127614277663,0.00026707754546942186,0.0020133421806225638,19.692307692307693,6,2,134.0,266.0,265,1.0,1
YDR382W,10,0.044444444444444446,0.00042267786045858935,0.28810187390993186,0.00021246502476298363,0.0052253462195720685,42.4,6,6,258.8333333333333,559.0,589,0.9439786101197695,0
YDR423C,2,0.0,5.342184286925045e-05,0.2744308480027537,6.558508275030433e-05,0.0015318798119680886,145.5,2,0,0.0,0.0,0,0.0,0
YDR520C,3,0.0,0.00022284673382715943,0.2589639594648529,0.0001212868557076697,0.0009217096000925788,49.0,2,0,0.0,0.0,0,0.0,0
YEL068C,6,0.06666666666666667,0.0009365077113104942,0.2908119252148563,0.00018336029318125643,0.0020247998543632983,84.33333333333333,4,0,0.0,0.0,0,0.0,0
YER014W,1,0.0,0.0,0.2582961823646341,4.579103886976504e-05,0.0009062176521181429,139.0,1,0,0.0,0.0,0,0.0,0
YER025W,26,0.13538461538461538,0.0005834896532927924,0.31730632134124775,0.00038284082756281777,0.03001453920757962,59.38461538461539,15,7,174.28571428571428,559.0,592,0.9345646407829149,1
YER027C,8,0.21428571428571427,4.5980957012404474e-05,0.27488270999178127,0.0001488500641195393,0.004366144412132646,36.75,7,4,7.5,16.0,15,1.0,0
YER151C,6,0.2,6.92270612515445e-05,0.2772412386410327,0.00012980296004453764,0.002772938976496809,43.666666666666664,5,1,2.0,2.0,1,0.0,0
YFL010C,8,0.07142857142857142,0.0006122401863969651,0.29563561631841423,0.00016639613365086368,0.00771286151274583,89.0,6,0,0.0,0.0,0,0.0,0
YFR013W,7,0.19047619047619047,0.00032255710523843196,0.28166936483045135,0.00014947121796188344,0.004145012154185167,54.857142857142854,6,3,29.666666666666668,83.0,82,1.0,0
YGL035C,16,0.041666666666666664,0.0005070241515666421,0.30752566474580956,0.0002859799952631276,0.01407861416710197,62.25,12,0,0.0,0.0,0,0.0,0
YGL201C,20,0.09473684210526316,0.0016800836660313494,0.3115041034985853,0.0003411756001686353,0.011052472753960362,59.05,13,6,22.333333333333332,56.0,57,0.9505012531328321,1
YGL215W,6,0.06666666666666667,0.00010740631334578885,0.2871273849710632,0.00012253278269493828,0.0038792892308751057,69.33333333333333,6,1,14.0,14.0,13,1.0,0
YGL238W,7,0.14285714285714285,0.0003013987711437987,0.2986679573051616,0.00014061558943962132,0.005229126754325131,100.28571428571429,7,1,59.0,59.0,58,1.0,1
YGR166W,5,0.2,0.000525469265307141,0.2855232299213417,0.00013548253351188268,0.0019349339852264428,90.4,4,2,52.5,95.0,94,1.0,0
YGR227W,5,0.3,6.605053409284538e-05,0.28092679919510066,0.00011214195497707318,0.0033595953851476286,108.8,5,0,0.0,0.0,0,0.0,0
YGR240C,44,0.09090909090909091,0.0025604464501486385,0.3373770950522233,0.0006551035077435257,0.056087813649719605,62.86363636363637,17,1,2.0,2.0,1,0.0,0
YHL002W,56,0.024675324675324677,0.005437084346017786,0.3154278231546955,0.0010690684632419232,0.01493163015934091,19.089285714285715,13,1,2.0,2.0,1,0.0,0
YHL016C,1,0.0,0.0,0.2582961823646341,4.579103886976504e-05,0.0009062176521181429,139.0,1,0,0.0,0.0,0,0.0,0
YHR016C,72,0.04107981220657277,0.004386028300462716,0.32131667261501606,0.0012984187598731344,0.023064650580530012,20.458333333333332,14,0,0.0,0.0,0,0.0,0
YIL076W,10,0.37777777777777777,0.0006091720395312677,0.30553702879759975,0.000191077828572349,0.008148442180664904,83.4,9,6,30.166666666666668,95.0,107,0.8236642567448422,0
YIL095W,32,0.08669354838709678,0.0025791484158336213,0.32725842760391105,0.0005112599968067195,0.02940993923359962,57.46875,14,0,0.0,0.0,0,0.0,0
YIL156W,16,0.225,0.0005837811150707359,0.3083207938962235,0.0002934794066657087,0.01059794808960807,82.0625,13,0,0.0,0.0,0,0.0,0
YIL173W,4,0.0,0.0002400602913767549,0.2796562050393799,9.698638249221631e-05,0.0022010588299923766,81.75,4,0,0.0,0.0,0,0.0,0
YIR003W,17,0.19852941176470587,0.0013328387542038019,0.3201254698657881,0.0003106030489729588,0.011595306267412219,87.58823529411765,13,2,452.5,559.0,558,1.0,0
YIR006C,12,0.19696969696969696,0.0019111113845443758,0.28798591087633,0.0002466493627934496,0.005053929038781277,38.25,8,4,33.5,73.0,73,0.9729832572298326,1
YJL004C,17,0.08823529411764706,0.0026852259729681495,0.2895007500607084,0.0003309927184989246,0.003271707760130681,34.05882352941177,9,0,0.0,0.0,0,0.0,0
YJL145W,1,0.0,0.0,0.2582961823646341,4.579103886976504e-05,0.0009062176521181429,139.0,1,0,0.0,0.0,0,0.0,0
YJL151C,8,0.32142857142857145,0.00018407425356347797,0.29098088403731437,0.00016223100169562017,0.005349260331797985,80.5,7,0,0.0,0.0,0,0.0,0
YJL201W,3,0.6666666666666666,2.6865790409333333e-07,0.2650067715778748,7.710774677669854e-05,0.001987888325938213,99.0,3,0,0.0,0.0,0,0.0,0
YKL054C,3,0.0,3.829304621800781e-05,0.2749279780452465,7.272737136640865e-05,0.004371162911834495,93.0,3,1,2.0,2.0,1,0.0,0
YKL074C,10,0.13333333333333333,0.00041693799485463545,0.27673571533043734,0.00019811674612538999,0.0030549864836574973,29.8,7,8,121.375,559.0,619,0.8502282102357388,0
YKR022C,5,0.0,0.00030479105864618665,0.2697889989253531,0.000145495149566862,0.0016460388895634687,39.0,4,3,217.66666666666666,559.0,558,1.0,1
YKR030W,8,0.10714285714285714,0.00019552165779164967,0.2802979055322507,0.00017783226673726284,0.0029896087020842765,64.25,6,0,0.0,0.0,0,0.0,0
YKR095W,5,0.1,0.00019427045407412286,0.29123469070478897,0.0001018596733231684,0.005255794333006487,101.8,5,2,309.0,559.0,613,0.8374063056435189,0
YLL005C,6,0.26666666666666666,0.00016823930447015854,0.27704187277631676,0.000138261219042049,0.0024791462615870712,76.66666666666667,5,0,0.0,0.0,0,0.0,0
YLL018C,6,0.06666666666666667,0.0004806277751606448,0.28305431084267296,0.00016384257568784888,0.005118676303544064,69.16666666666667,4,0,0.0,0.0,0,0.0,1
YLR078C,26,0.15076923076923077,0.0017605127821412603,0.3104421357497214,0.00047642518667675814,0.010194070240284002,37.53846153846154,10,3,40.666666666666664,95.0,94,1.0,1
YLR088W,5,0.1,0.0002889161092064362,0.27308413173665513,0.0001203025955464398,0.001522760653910974,48.4,4,1,5.0,5.0,4,1.0,1
YLR095C,3,0.3333333333333333,6.76671562856886e-06,0.26347324825347235,8.073459322714761e-05,0.0011594925156368165,52.333333333333336,3,3,30.0,83.0,82,1.0,0
YLR106C,12,0.16666666666666666,0.00026048908543911204,0.2942633945975473,0.00020314379181802947,0.008759211694189152,52.916666666666664,10,0,0.0,0.0,0,0.0,1
YLR144C,10,0.24444444444444444,0.0001940019323320701,0.29836548171394345,0.00019414140757512705,0.008143047753980608,100.4,10,0,0.0,0.0,0,0.0,0
YLR150W,5,0.0,0.00015597991562408707,0.27756389802983017,0.0001133525598009139,0.0023199377269818057,56.4,5,4,269.75,559.0,568,0.9653662717042999,0
YLR315W,5,0.0,0.00021314816921980643,0.2759580679954959,0.00012158680955052882,0.0016520075085994456,52.4,5,1,55.0,55.0,54,1.0,0
YLR337C,16,0.24166666666666667,0.0022377791462901064,0.3084157260946028,0.00028743644399041677,0.014006803237838534,72.25,13,3,43.666666666666664,73.0,72,1.0,0
YML075C,19,0.19298245614035087,0.0007659089768606159,0.2791262874686649,0.00037027731385091446,0.0024535416830978956,39.26315789473684,12,0,0.0,0.0,0,0.0,0
YML097C,3,0.0,0.00025779859190020675,0.26323783118102884,0.0001109789445105071,0.001009425108552782,51.666666666666664,2,0,0.0,0.0,0,0.0,0
YML116W,3,0.0,0.00023421209467150195,0.2655125365026907,0.00011935922373397905,0.0011571347269075623,67.0,2,0,0.0,0.0,0,0.0,0
YMR147W,7,0.0,0.00031364784601305916,0.27876895113270933,0.00015845334710855175,0.002429705810541162,38.57142857142857,5,0,0.0,0.0,0,0.0,0
YMR192W,11,0.14545454545454545,0.0004179814135889688,0.29314386748904037,0.0002087567914576867,0.007724630521236543,70.81818181818181,9,1,2.0,2.0,1,0.0,0
YMR253C,4,0.3333333333333333,0.0002247548568122651,0.2917266411958443,0.00010238737512439095,0.0031397347570123716,170.25,4,0,0.0,0.0,0,0.0,0
YMR313C,4,0.3333333333333333,1.7184197608464135e-05,0.2732927521581499,9.78969655663899e-05,0.00235409437940009,98.75,4,0,0.0,0.0,0,0.0,0
YNL020C,15,0.12380952380952381,0.0005376519889297298,0.2943671668067624,0.0002732501966212527,0.005056071134624536,33.4,11,0,0.0,0.0,0,0.0,1
YNL084C,18,0.12418300653594772,0.0012669116473787963,0.30418238542667814,0.0003149706397547261,0.011120811415688011,51.388888888888886,11,1,3.0,3.0,2,1.0,0
YNL106C,21,0.02857142857142857,0.0013979916244188993,0.3130226860031409,0.0003694801560649734,0.023651634400156454,57.42857142857143,12,0,0.0,0.0,0,0.0,0
YNL116W,16,0.058333333333333334,0.0019532630686625832,0.30576086544873354,0.0002946167973864816,0.009911399813983313,42.3125,10,0,0.0,0.0,0,0.0,0
YNL138W,20,0.11052631578947368,0.0005550296475791911,0.3118144051830566,0.00033916784543572216,0.01416173749855406,52.95,12,4,33.25,73.0,73,0.9726027397260274,1
YNL144C,2,0.0,5.4717764388167994e-05,0.28201829923139,6.769724031764283e-05,0.0018052954920759249,209.5,2,0,0.0,0.0,0,0.0,0
YNL152W,7,0.3333333333333333,0.0001015410634741067,0.29240792713978603,0.00014674925171912666,0.005874359981574809,93.71428571428571,7,0,0.0,0.0,0,0.0,1
YNL161W,44,0.0412262156448203,0.0025535531038745705,0.3285896192133746,0.0006845842652479455,0.04314762356128492,47.5,16,1,2.0,2.0,1,0.0,1
YNL176C,7,0.09523809523809523,0.0003414405214348541,0.29656341639331213,0.0001500125881011458,0.005311166611314839,103.71428571428571,6,0,0.0,0.0,0,0.0,0
YNL285W,3,0.0,7.910481883034797e-05,0.2820818347536049,9.308898698617165e-05,0.001831201981499079,140.66666666666666,3,0,0.0,0.0,0,0.0,0
YNR041C,4,0.0,9.648241342164992e-05,0.27644549186124934,9.66869658517127e-05,0.0020735790664958963,56.75,4,0,0.0,0.0,0,0.0,0
YOL028C,3,0.3333333333333333,0.00013030841669105114,0.2666150107027019,8.080230664604921e-05,0.001766577746750071,75.66666666666667,3,0,0.0,0.0,0,0.0,0
YOR109W,9,0.08333333333333333,0.00018903770980481426,0.2939007673288102,0.0001712525666094018,0.005898635342513976,77.0,8,0,0.0,0.0,0,0.0,0
YOR211C,3,0.0,5.114926629314348e-05,0.26439122504620466,7.333382738634533e-05,0.0010453989138444976,65.66666666666667,3,1,3.0,3.0,2,1.0,0
YOR322C,3,0.0,9.751804652783575e-05,0.2706491746041748,8.861797588550918e-05,0.001669098143673745,68.0,3,0,0.0,0.0,0,0.0,0
YPL012W,20,0.10526315789473684,0.00025976128045674025,0.30027957167997216,0.00029891159538075307,0.010510611179705684,42.4,14,2,452.5,559.0,558,1.0,1
YPL027W,3,0.6666666666666666,4.849096957208445e-06,0.2705760656969343,8.850780582271285e-05,0.0017516220255758808,80.33333333333333,3,0,0.0,0.0,0,0.0,0
YPL084W,9,0.05555555555555555,0.0004692307075784082,0.28737451090488036,0.00019449021492436792,0.0036630731605571854,58.22222222222222,7,0,0.0,0.0,0,0.0,0
YPL157W,3,0.0,0.0001979985434223944,0.2650207945840965,0.00011341325917775804,0.0012073315075193174,51.333333333333336,2,0,0.0,0.0,0,0.0,0
YPL246C,8,0.25,0.00013975162563329742,0.28777079844002845,0.00016090488964217445,0.0048973367216835,74.625,7,0,0.0,0.0,0,0.0,0
YPL249C,8,0.14285714285714285,0.0002102739473060429,0.28393689982710213,0.00017543995822891294,0.005376505115722957,74.375,6,1,2.0,2.0,1,0.0,0
YPR030W,8,0.07142857142857142,0.00011948535561292477,0.29991993389126625,0.0001517661937531847,0.007569332840730724,82.0,7,0,0.0,0.0,0,0.0,0
YPR048W,7,0.0,0.00013856804931970462,0.2743256272142332,0.0001496548233488276,0.0013607344992164175,31.857142857142858,6,0,0.0,0.0,0,0.0,1
YPR091C,4,0.6666666666666666,5.419185935300912e-06,0.2844044847274421,9.225576999322146e-05,0.005118612376420865,122.5,4,2,452.5,559.0,558,1.0,0
YPR159W,11,0.09090909090909091,0.00018509657903097618,0.3003876312631353,0.00019899016803766383,0.008355041176644267,57.0,9,2,3.5,5.0,4,1.0,0
YPR171W,18,0.16993464052287582,0.0012835242255375059,0.31672440245685546,0.0003458802611657675,0.012413233557708249,82.77777777777777,13,0,0.0,0.0,0,0.0,0
YBL008W,8,0.25,6.840499076444244e-05,0.27696526992480536,0.0001527603188132954,0.004762146355019962,34.875,6,3,32.333333333333336,83.0,82,1.0,0
YBR289W,16,0.21666666666666667,0.0002049264765879542,0.27569982252836367,0.000294258738592621,0.0023815406112270925,20.625,8,6,64.5,195.0,269,0.6211507518171225,0
YJL115W,11,0.09090909090909091,0.00030433915373362234,0.26520322880859176,0.00021961388355834762,0.0018720720661587083,12.272727272727273,6,3,31.666666666666668,83.0,83,0.9759036144578314,0
YOR038C,5,0.6,1.775891773693888e-06,0.24920948281088,0.00010676009221270041,0.0006573729376021686,18.6,5,3,32.333333333333336,83.0,82,1.0,0
YOR290C,19,0.15789473684210525,0.0003735802224555472,0.28707801077898976,0.0003514661602231961,0.003805055584277988,22.31578947368421,8,6,64.5,195.0,269,0.6211507518171225,0
YBL009W,10,0.022222222222222223,9.636089477887845e-05,0.2744308480027537,0.00017971951124183086,0.0026566716858633524,27.8,8,0,0.0,0.0,0,0.0,0
YDL053C,9,0.0,0.0005217754514103316,0.2801567923057703,0.0001803061849489708,0.0030967565147499597,29.444444444444443,7,0,0.0,0.0,0,0.0,0
YHR121W,8,0.03571428571428571,4.3616621026111386e-05,0.2715295731119683,0.00015530368331949485,0.002359991801462459,21.5,7,2,452.5,559.0,558,1.0,0
YKL203C,16,0.125,0.00010009359219594786,0.28884958625354723,0.0002647115199487275,0.006670678731575966,26.0625,10,2,6.5,8.0,10,0.6,1
YLR196W,43,0.02547065337763012,0.001751240759640829,0.32642657733495767,0.0006406848072301601,0.03191454058163147,40.651162790697676,14,0,0.0,0.0,0,0.0,1
YOL041C,30,0.03908045977011494,0.00032599860344107936,0.29340146315467225,0.00045048948353460904,0.012637588546389869,29.166666666666668,14,0,0.0,0.0,0,0.0,0
YOR017W,9,0.0,0.0001833470213162806,0.2874899819786611,0.00016588589044590126,0.004788830522919963,44.111111111111114,8,0,0.0,0.0,0,0.0,0
YOR233W,9,0.16666666666666666,3.5976852210923394e-05,0.28239994226389936,0.0001532906365236506,0.006861982044093456,46.0,8,0,0.0,0.0,0,0.0,1
YBL010C,1,0.0,0.0,0.21209295231855066,5.4257986788752537e-05,4.0324076304659845e-05,5.0,1,0,0.0,0.0,0,0.0,0
YBL013W,1,0.0,0.0,0.2651189971970915,4.6172988944721244e-05,0.0018093998068774671,229.0,1,0,0.0,0.0,0,0.0,0
YBL014C,3,0.3333333333333333,2.3769812595232634e-05,0.23475967826241,0.00010068666647044847,0.00018641585484688875,15.0,2,5,68.8,195.0,255,0.7764397097421646,1
YHL004W,36,0.05238095238095238,0.004229504677529314,0.30388708064136005,0.000831105385884725,0.006349391110364337,17.88888888888889,10,9,161.77777777777777,559.0,593,0.9319709675949136,0
YJL025W,2,0.0,3.9209411701513555e-06,0.22241597726486612,7.556882905073023e-05,0.00011999935416014614,6.5,2,5,68.8,195.0,255,0.7764397097421646,1
YOR158W,7,0.14285714285714285,0.00010371981879796728,0.26671439855417267,0.00016185035023549507,0.00114016518418414,28.0,6,9,161.77777777777777,559.0,593,0.9319709675949136,0
YBL015W,4,0.0,2.392997505716417e-06,0.2647966044226634,8.009682851650845e-05,0.006364955894442314,70.25,4,0,0.0,0.0,0,0.0,0
YJR035W,40,0.041025641025641026,0.0016845662156536449,0.31674443309197164,0.0005880931821162165,0.0420512481355448,45.75,17,1,2.0,2.0,1,0.0,0
YBL016W,30,0.04367816091954023,0.0021156987878090216,0.3019450760264216,0.000527307383180168,0.009609312110469939,23.366666666666667,12,3,8.333333333333334,16.0,15,1.0,0
YBR083W,7,0.2857142857142857,1.9971608829092595e-05,0.2772565863623923,0.00012437780471203784,0.005836278002711954,45.0,7,0,0.0,0.0,0,0.0,0
YDL159W,14,0.07692307692307693,7.896159354253574e-05,0.2861921700600146,0.00023875689602311184,0.00626835979238008,27.214285714285715,10,3,8.333333333333334,16.0,15,1.0,0
YDR103W,11,0.10909090909090909,0.00012738933516983223,0.2749279780452465,0.00020448580927523796,0.005421018431954034,30.545454545454547,8,3,8.333333333333334,16.0,15,1.0,0
YER075C,13,0.05128205128205128,0.0001866799839195505,0.3015632813132379,0.00021691227696696945,0.019053922043829642,73.15384615384616,11,0,0.0,0.0,0,0.0,0
YFR028C,97,0.055412371134020616,0.011385564888527122,0.3542733943587929,0.0015203938262557813,0.07748308397925423,43.08247422680412,17,3,32.666666666666664,83.0,82,1.0,1
YGL057C,2,0.0,6.046723245482404e-06,0.2324174196505757,7.623820344942943e-05,0.00025009886667194176,16.0,2,0,0.0,0.0,0,0.0,0
YGL158W,36,0.0761904761904762,0.0010182132367971889,0.3138268673507272,0.000561396968117736,0.03190987279646686,39.77777777777778,16,0,0.0,0.0,0,0.0,0
YGR097W,22,0.1774891774891775,0.0003229159890706302,0.3013274156819839,0.000336909444118845,0.016598482623578485,47.45454545454545,13,1,74.0,74.0,73,1.0,0
YHR005C,15,0.009523809523809525,0.0008356123726409114,0.28395299784841,0.00034194473497630324,0.003916574243856341,18.4,8,2,9.5,16.0,15,1.0,1
YHR084W,11,0.2727272727272727,6.04862263106881e-05,0.2822567051425978,0.0001925108843560409,0.007746024745086294,35.72727272727273,8,1,3.0,3.0,2,1.0,1
YHR168W,3,0.0,3.667253739187801e-05,0.23743069005642625,9.368813776032699e-05,0.0003201582083183807,13.0,3,0,0.0,0.0,0,0.0,0
YJL076W,34,0.13368983957219252,0.0010809385534894904,0.31708534194683474,0.0005340523301052394,0.021253997457517698,41.911764705882355,13,3,32.666666666666664,83.0,82,1.0,1
YLR362W,20,0.07368421052631578,0.00044224049841519474,0.29737341028679815,0.000335381651195717,0.009670180820770745,30.7,10,3,8.333333333333334,16.0,15,1.0,0
YML117W,8,0.0,7.554491090705769e-05,0.26759793631386275,0.00015829122188373216,0.0012111566218208853,23.875,7,0,0.0,0.0,0,0.0,0
YMR295C,5,0.0,9.727569380719612e-05,0.2688765220406,0.0001183422171430333,0.0021069470043508388,43.0,4,2,452.5,559.0,558,1.0,0
YNL053W,16,0.1,0.0005222967148975413,0.3030962827432979,0.00026158114088324104,0.01820118341389677,57.875,10,0,0.0,0.0,0,0.0,0
YOL130W,7,0.0,0.00023093612897829858,0.26359805137106607,0.00017079784565106785,0.0022265976851889267,24.428571428571427,5,0,0.0,0.0,0,0.0,1
YPR115W,30,0.052873563218390804,0.0008655890336063353,0.30509033723503015,0.00046511706501344084,0.016559039675595535,34.96666666666667,13,0,0.0,0.0,0,0.0,0
YBL017C,5,0.1,3.422784565347814e-05,0.27884655509438533,0.00010528559630362984,0.0027642021277188883,37.6,5,0,0.0,0.0,0,0.0,0
YDR432W,13,0.02564102564102564,8.955407104219344e-05,0.273382258518027,0.00021743403940630666,0.004202252954775909,25.615384615384617,10,4,198.5,559.0,619,0.8502282102357388,1
YMR197C,13,0.2564102564102564,0.0006201576907977779,0.28390470925969363,0.00026602896331278443,0.0018098637076016187,35.53846153846154,7,3,40.666666666666664,95.0,94,1.0,1
YBL018C,2,0.0,1.7460929694954318e-05,0.22507473377899764,8.51339194814692e-05,0.00010213375821795306,19.5,2,7,106.71428571428571,559.0,619,0.8502282102357388,1
YBL019W,1,0.0,0.0,0.21995445656786364,4.583693395561483e-05,8.863084316099873e-05,16.0,1,0,0.0,0.0,0,0.0,0
YEL009C,16,0.25,0.0005084267398078172,0.2826389941337616,0.00030866581075093515,0.0036181962740022113,29.6875,12,0,0.0,0.0,0,0.0,0
YBL020W,1,0.0,0.0,0.2430536239954506,5.0162931813981754e-05,0.00026691631167308726,116.0,1,0,0.0,0.0,0,0.0,1
YBL021C,12,0.06060606060606061,0.0005037059087134899,0.302364342915374,0.00019766303632909692,0.01756780440630958,67.91666666666667,10,3,110.66666666666667,195.0,255,0.7764397097421646,0
YBL075C,33,0.032196969696969696,0.0006109201815397164,0.3130031233079342,0.0004682257073603326,0.03711218410153736,50.81818181818182,17,1,4.0,4.0,3,1.0,0
YDR502C,31,0.015053763440860216,0.0005122767789714279,0.3140236363439874,0.00044106770558918534,0.03408115338461236,48.483870967741936,15,0,0.0,0.0,0,0.0,0
YER103W,21,0.02857142857142857,0.002696203898726411,0.29414241945441094,0.00037714759323195573,0.017637027447745066,36.714285714285715,12,0,0.0,0.0,0,0.0,0
YHL006C,7,0.047619047619047616,0.00045709392534248406,0.25256495088503556,0.00018984208660694632,0.0008943361058155896,7.857142857142857,4,0,0.0,0.0,0,0.0,0
YML048W,60,0.1367231638418079,0.004909611246698297,0.30064007299659373,0.000950602397837254,0.008059877221933744,30.5,17,0,0.0,0.0,0,0.0,0
YBL022C,5,0.1,3.501094591268076e-05,0.27761005354748935,0.00010366299267213056,0.005921827133914646,54.2,4,2,6.0,8.0,7,1.0,0
YGR040W,79,0.020772476468679,0.0030400957359760887,0.3331579176511844,0.0011117328128329314,0.08471624539381047,45.67088607594937,17,2,10.5,16.0,15,1.0,0
YML029W,4,0.0,1.0595000507793276e-05,0.24822138950539005,0.00010326979150646426,0.0007957397765563136,11.75,3,2,31.5,58.0,57,1.0,0
YOR136W,26,0.06461538461538462,0.0010083171200109156,0.3116397844596015,0.0003943033475015472,0.030657983090196607,54.46153846153846,16,1,2.0,2.0,1,0.0,0
YBL023C,14,0.10989010989010989,0.0005335001641618852,0.27702654881632033,0.00029863136878691815,0.004122222796988671,18.642857142857142,7,6,22.333333333333332,56.0,57,0.9505012531328321,1
YDL171C,5,0.0,0.00014669099170302755,0.270824797277362,0.0001090887873141119,0.003692471411474701,53.4,5,1,1.0,1.0,0,0.0,0
YDR052C,7,0.23809523809523808,0.00014447553596697873,0.28825110653526653,0.00014066213022228264,0.006015205967329912,72.0,7,3,22.0,56.0,55,1.0,1
YEL032W,9,0.3888888888888889,0.00010179140805744423,0.2802979055322507,0.00018362134327349545,0.0032753609725808003,38.55555555555556,6,6,22.333333333333332,56.0,57,0.9505012531328321,1
YIL150C,7,0.3333333333333333,0.00014537750950699673,0.26814235871347336,0.0001545985273146398,0.0015436682458062922,25.857142857142858,6,0,0.0,0.0,0,0.0,1
YJL194W,16,0.16666666666666666,0.0006446803623753431,0.2975500817520351,0.00031481284129915266,0.008177055703135101,53.0,7,4,27.0,56.0,57,0.9505012531328321,1
YLR103C,8,0.07142857142857142,0.00026890209935162963,0.2766440000027759,0.00017174732548714479,0.004696048039918535,34.875,6,5,25.6,56.0,57,0.9505012531328321,1
YLR274W,6,0.6,9.011425240257394e-06,0.2578971666349256,0.00012894589260496397,0.001360023522387782,17.666666666666668,5,6,22.333333333333332,56.0,57,0.9505012531328321,1
YOR080W,45,0.031313131313131314,0.003078831312727506,0.31473405241313734,0.0006922897967580015,0.029270256133173432,35.37777777777778,14,2,35.5,58.0,57,1.0,0
YOR196C,2,0.0,0.0001955625368152366,0.21655912898561228,0.00011442098909934806,0.00010103399314829674,7.5,1,0,0.0,0.0,0,0.0,0
YPL001W,9,0.2222222222222222,2.753869318141291e-05,0.27010910236491503,0.00016182655529220282,0.003169478432656746,26.333333333333332,7,4,39.25,133.0,132,1.0,0
YPR019W,12,0.19696969696969696,0.0003477034940673852,0.2742505188944395,0.00023653492374378177,0.004862775082951694,21.416666666666668,6,6,22.333333333333332,56.0,57,0.9505012531328321,1
YPR120C,25,0.05,0.0010678288753150711,0.3066031818824766,0.0004986198143320928,0.006655223770029419,32.52,9,3,12.333333333333334,25.0,24,1.0,1
YBL024W,4,0.0,1.0213615140654474e-05,0.24260622825277345,0.00010652492156084035,0.00041538091507679756,15.5,3,0,0.0,0.0,0,0.0,0
YGR237C,3,0.0,8.096830446900643e-06,0.23740818051053542,9.066612914761365e-05,0.00042493502311507077,14.666666666666666,3,0,0.0,0.0,0,0.0,0
YBL025W,10,0.1111111111111111,0.000140963031281359,0.279484541074233,0.00020743393619861877,0.004536921448466644,26.8,8,6,58.333333333333336,195.0,257,0.7645914396887159,0
YBR274W,34,0.0427807486631016,0.001336064273409219,0.3135518046735275,0.0005744948789254439,0.026744087652833235,37.205882352941174,13,0,0.0,0.0,0,0.0,0
YDL113C,9,0.05555555555555555,0.00019853220804041147,0.29159076479100227,0.00017419612711714182,0.006829961554782433,63.44444444444444,8,1,3.0,3.0,2,1.0,0
YDR247W,36,0.044444444444444446,0.004624491682608565,0.306190803695681,0.0006949846625170028,0.014775488887453765,24.055555555555557,11,0,0.0,0.0,0,0.0,0
YER178W,28,0.021164021164021163,0.0013575652983839686,0.3165842589159453,0.0004720020353975235,0.023261970967851573,46.82142857142857,14,4,5.5,7.0,7,0.9047619047619048,0
YHR200W,37,0.3003003003003003,0.0008131450672344912,0.3039977527192871,0.0005209296993976239,0.023933007215778006,33.62162162162162,16,6,25.5,46.0,48,0.9547872340425532,0
YKL135C,12,0.12121212121212122,0.0002975446224831403,0.2881184476816577,0.00023932694018510855,0.00592959650685594,39.916666666666664,8,6,28.833333333333332,95.0,104,0.8676250933532487,0
YMR270C,10,0.15555555555555556,0.0003390760092512757,0.2827666540227109,0.0002045702851706701,0.004712469945032022,37.5,8,6,58.333333333333336,195.0,257,0.7645914396887159,1
YBL066C,7,0.047619047619047616,0.00015052697640769634,0.27668985006630875,0.00014722090547109786,0.003726944162994179,41.714285714285715,6,0,0.0,0.0,0,0.0,0
YBR019C,45,0.014141414141414142,0.0017089179059416205,0.32481762604904696,0.0006545689442727797,0.049789857882087146,48.08888888888889,17,0,0.0,0.0,0,0.0,0
YCR020C-A,4,0.3333333333333333,0.00018812033651488557,0.255138205606228,0.00013211724512176773,0.0017242147749078477,38.0,2,2,281.0,559.0,560,0.9928699207768975,0
YCR066W,7,0.09523809523809523,0.00014087996597314753,0.27507897929643843,0.00015739588996405797,0.004811156930088076,35.857142857142854,6,1,2.0,2.0,1,0.0,0
YCR077C,37,0.07807807807807808,0.004045149464327161,0.3257471854341629,0.0006566943139328851,0.025315149265826047,44.810810810810814,13,5,229.2,559.0,558,1.0,0
YDL055C,49,0.026360544217687076,0.0018934851854046425,0.32969277704234445,0.0006890867899959679,0.0547408433598718,50.816326530612244,17,0,0.0,0.0,0,0.0,1
YDL097C,32,0.3971774193548387,0.0003900518159862388,0.30085678957471346,0.00044442606001502235,0.026469206542853944,38.4375,16,6,25.666666666666668,46.0,48,0.9547872340425532,1
YDL160C,20,0.08421052631578947,0.0007905525099675706,0.30743127960531924,0.00035239281749430487,0.015720606572056293,47.3,12,5,171.6,559.0,749,0.621923705760979,0
YDL175C,17,0.058823529411764705,0.0003857059833434437,0.30154512469445816,0.0002911544845925246,0.010712734257655688,42.8235294117647,11,2,3.5,4.0,3,1.0,0
YDR166C,3,0.3333333333333333,7.891770882030046e-06,0.2552422268907479,8.146663771337398e-05,0.0012637888306558465,31.333333333333332,3,2,7.5,8.0,7,1.0,1
YDR378C,21,0.2904761904761905,0.0011314816384802974,0.28625760036867026,0.00044119964059217563,0.005350469841890573,31.523809523809526,12,6,127.5,559.0,558,1.0,1
YDR440W,2,0.0,3.6460870301745962e-06,0.25045571716008674,5.9524039561275596e-05,0.0012873093753721205,45.5,2,0,0.0,0.0,0,0.0,0
YEL015W,23,0.09881422924901186,0.0010598733960472965,0.315726090654369,0.0004174148391040716,0.013173320538528398,45.73913043478261,12,2,287.5,559.0,558,1.0,0
YER112W,45,0.08585858585858586,0.0031900423872332755,0.31475383207957863,0.0008629249138804267,0.014242331260731968,25.177777777777777,12,10,105.4,559.0,619,0.8502282102357388,1
YER146W,36,0.12063492063492064,0.0012604640759129287,0.3042932727413728,0.0007006004402660805,0.011376482819362786,23.555555555555557,12,6,127.5,559.0,558,1.0,1
YGL173C,52,0.032428355957767725,0.002934954429588675,0.3222470065660954,0.0007759967110388381,0.03126309992934866,36.25,14,2,287.5,559.0,558,1.0,0
YGL185C,4,0.0,4.259199279273472e-05,0.2602558187513123,9.94855862453581e-05,0.001566986977012167,31.75,4,0,0.0,0.0,0,0.0,0
YGL234W,16,0.025,0.000500498510321085,0.29064316249131006,0.0002726761838817787,0.01459216818894702,44.0,13,0,0.0,0.0,0,0.0,0
YGR077C,2,0.0,3.854899469379357e-06,0.2501429915118497,6.483490986182385e-05,0.0011242998977334983,40.0,2,0,0.0,0.0,0,0.0,0
YGR091W,31,0.1935483870967742,0.0014899890639079743,0.2889162374416068,0.0005847449964287985,0.008008946782422009,24.967741935483872,12,8,128.25,559.0,619,0.8502282102357388,1
YGR158C,11,0.34545454545454546,0.0003627490569834232,0.27380073125138066,0.0002104880282354469,0.0033406567221405926,35.18181818181818,9,3,12.0,14.0,13,1.0,1
YHR165C,40,0.11282051282051282,0.003412744353394016,0.3165842589159453,0.0007295079172391134,0.013457922409997304,32.025,12,10,105.5,559.0,619,0.8502282102357388,1
YIL048W,7,0.19047619047619047,0.0004541211354505929,0.26907876086876137,0.00014758036306008278,0.0019502338134645895,44.714285714285715,6,0,0.0,0.0,0,0.0,1
YIL066C,33,0.056818181818181816,0.001297007068983057,0.3138662014194557,0.0004841857013501154,0.04369138479965954,58.42424242424242,17,1,4.0,4.0,3,1.0,0
YIL132C,8,0.03571428571428571,0.0016420167494573792,0.2922714155024659,0.0001825487854372875,0.004273453185206641,64.75,5,0,0.0,0.0,0,0.0,0
YJR022W,75,0.05333333333333334,0.01476922872779404,0.32775099640404787,0.0014936071920471589,0.027078624999501498,23.053333333333335,14,5,149.0,559.0,558,1.0,1
YLR039C,4,0.16666666666666666,3.0479353266437683e-05,0.25563306329370433,0.00010578418771214359,0.001525914097497145,27.75,3,2,4.5,7.0,6,1.0,0
YLR120C,1,0.0,0.0,0.24600240562160494,4.49853327094918e-05,0.0010547359531252114,72.0,1,0,0.0,0.0,0,0.0,0
YLR126C,1,0.0,0.0,0.24600240562160494,4.49853327094918e-05,0.0010547359531252114,72.0,1,0,0.0,0.0,0,0.0,0
YLR128W,4,0.0,4.152505524922047e-05,0.2580167418499951,0.00010367934969694663,0.0021563674139592347,37.25,3,0,0.0,0.0,0,0.0,0
YLR147C,43,0.13953488372093023,0.0020670019345863837,0.303647567360874,0.0008106923992076109,0.013355832826242368,25.86046511627907,12,17,69.17647058823529,559.0,625,0.8344615384615385,1
YLR275W,17,0.3602941176470588,0.00014566061997018853,0.2723416517699976,0.0002880885143649608,0.004121815975266711,30.235294117647058,12,12,73.0,559.0,565,0.9764513901964477,1
YLR438C-A,29,0.20935960591133004,0.001860829016104457,0.2953740844568445,0.0005535033488510897,0.008046334432466447,24.82758620689655,12,6,127.5,559.0,558,1.0,1
YMR066W,26,0.018461538461538463,0.0011171232735397581,0.3039239623794074,0.0004103427680358897,0.017044023255412332,33.11538461538461,13,0,0.0,0.0,0,0.0,0
YMR207C,1,0.0,0.0,0.24600240562160494,4.49853327094918e-05,0.0010547359531252114,72.0,1,0,0.0,0.0,0,0.0,0
YMR237W,1,0.0,0.0,0.24600240562160494,4.49853327094918e-05,0.0010547359531252114,72.0,1,4,229.0,559.0,563,0.9823644305101673,0
YMR268C,7,0.7142857142857143,1.8854719306433287e-05,0.26168362903235565,0.0001499365738305598,0.002564721563086391,37.285714285714285,6,8,125.75,559.0,619,0.8502282102357388,1
YNL147W,22,0.27705627705627706,0.00033599764676498146,0.29334990781059306,0.0003886030770329622,0.008770316923514897,31.59090909090909,12,6,127.5,559.0,558,1.0,1
YNL264C,1,0.0,0.0,0.24600240562160494,4.49853327094918e-05,0.0010547359531252114,72.0,1,0,0.0,0.0,0,0.0,0
YNL287W,17,0.15441176470588236,0.0020945595054493267,0.292254360509439,0.0003083277900983499,0.010054897594135222,36.1764705882353,9,6,30.166666666666668,95.0,107,0.8236642567448422,1
YOL102C,7,0.0,0.00020674402740961006,0.2693971801436316,0.00014800546063210984,0.003700887775760216,41.142857142857146,6,3,74.0,131.0,130,1.0,1
YOL149W,20,0.29473684210526313,0.000755484234205087,0.3039608530709629,0.0003669198813104991,0.007572196636524439,41.15,12,4,145.0,559.0,559,0.9964285943280692,1
YOR043W,9,0.0,8.266624183297323e-05,0.2736212290237246,0.00018701909796862835,0.003247204124865538,21.555555555555557,6,1,2.0,2.0,1,0.0,0
YOR191W,10,0.022222222222222223,0.00034031252882537455,0.29093017577985797,0.00019044463023400223,0.00664589269683126,47.3,9,0,0.0,0.0,0,0.0,0
YPL115C,15,0.08571428571428572,0.0006137211519003374,0.3020361220630958,0.00028588700922874073,0.008361924717146882,50.06666666666667,10,0,0.0,0.0,0,0.0,1
YPL119C,1,0.0,0.0,0.24600240562160494,4.49853327094918e-05,0.0010547359531252114,72.0,1,0,0.0,0.0,0,0.0,0
YPR032W,6,0.0,0.00020410684472405688,0.27893973690059903,0.00012911973473539546,0.004741821710615262,62.666666666666664,6,1,3.0,3.0,2,1.0,0
YPR132W,8,0.2857142857142857,0.0002366989566781301,0.26503481907446974,0.00019965026392320377,0.002418624855836535,29.25,6,7,227.28571428571428,559.0,589,0.9439786101197695,0
YPR184W,6,0.06666666666666667,2.712134940771165e-05,0.27518477890386017,0.00013285212453531715,0.003108372341481463,43.166666666666664,5,0,0.0,0.0,0,0.0,0
YBL027W,5,0.2,0.0001755457558610236,0.28239994226389936,0.00012878122483556546,0.004638417265382124,100.2,4,6,258.8333333333333,559.0,589,0.9439786101197695,0
YBL029W,1,0.0,0.0,0.23569876116759636,4.254038615700292e-05,0.0009631113467650891,33.0,1,0,0.0,0.0,0,0.0,0
YBL030C,31,0.017204301075268817,0.003407008046541136,0.32332879122338637,0.00048657040353215525,0.036998410225237775,56.87096774193548,17,0,0.0,0.0,0,0.0,1
YDL132W,67,0.04296698326549073,0.004268922314891905,0.32355856166743685,0.0011451407321099929,0.043327303672059454,29.850746268656717,17,7,13.571428571428571,58.0,57,1.0,1
YEL020W-A,3,0.6666666666666666,7.684278239620844e-06,0.2481107191147456,9.27366067364891e-05,0.0010411749229488699,16.333333333333332,3,5,7.8,18.0,19,0.8245614035087719,1
YER161C,42,0.06155632984901278,0.0014827589704308362,0.32852495743196164,0.0006094563012351676,0.039849461819669994,53.73809523809524,14,0,0.0,0.0,0,0.0,0
YER171W,63,0.033282130056323606,0.002282970115379068,0.32243372021182354,0.0008836841535891652,0.07695089285523224,50.38095238095238,17,12,44.0,195.0,266,0.7317349978720386,1
YGL137W,111,0.04717444717444717,0.008180273555542192,0.3414948163132589,0.001646800298663441,0.10996993563429734,40.126126126126124,17,6,30.166666666666668,95.0,107,0.8236642567448422,1
YGR082W,8,0.03571428571428571,0.0011558728454349424,0.2774101570870862,0.0002076182981021079,0.0019186655745742217,42.625,4,4,10.5,18.0,18,0.9281045751633987,1
YGR262C,60,0.02937853107344633,0.0057566957872227245,0.33242818107329447,0.0009140207384421471,0.06712043224536804,51.55,17,1,5.0,5.0,4,1.0,0
YHR005C-A,8,0.17857142857142858,0.00023590713806511958,0.2542058154527589,0.0002315406146997838,0.001176951318565509,9.0,4,8,24.75,131.0,149,0.773263196081988,1
YHR133C,31,0.2645161290322581,0.002294053228297884,0.2978686199625464,0.0005205798585061956,0.006121445082491072,43.41935483870968,17,0,0.0,0.0,0,0.0,0
YHR166C,25,0.16333333333333333,0.0008406739053760586,0.30568621679994235,0.00039318322263942157,0.01784645669042851,36.48,11,4,25.0,58.0,57,1.0,1
YLR268W,25,0.13,0.0011638260573385419,0.2960200352296386,0.0004665369520832751,0.0104408585551725,23.2,9,3,40.666666666666664,95.0,94,1.0,0
YML058W,23,0.023715415019762844,0.0009364267565610549,0.3119115012798315,0.00037936335083760015,0.019687760169099663,41.91304347826087,13,0,0.0,0.0,0,0.0,0
YPL150W,31,0.008602150537634409,0.0004465570011420057,0.3118726555856688,0.00044450233293577963,0.04875177573713874,65.16129032258064,17,0,0.0,0.0,0,0.0,0
YPL194W,14,0.13186813186813187,0.0005452326342172522,0.30455232447858044,0.0002662870896236371,0.017063101488005133,64.42857142857143,11,2,2.5,3.0,2,1.0,0
YBL031W,1,0.0,0.0,0.2459661612832853,4.6882828681105916e-05,0.00040405069913186355,66.0,1,0,0.0,0.0,0,0.0,0
YBL032W,15,0.09523809523809523,0.0002977420397579151,0.28095831796534587,0.00029522753918080803,0.004804868484947721,23.8,8,0,0.0,0.0,0,0.0,0
YFR012W,1,0.0,0.0,0.21893525861384225,4.6108820640782515e-05,0.00011769759274147847,15.0,1,0,0.0,0.0,0,0.0,0
YGL049C,22,0.10822510822510822,0.0005664526195253628,0.29733810116660264,0.0003356466036300782,0.012096073783508755,35.72727272727273,12,6,201.0,559.0,589,0.9439786101197695,0
YML105C,3,0.0,3.6450903473581517e-05,0.25326740713275625,8.7834301731043e-05,0.00063459752700136,48.333333333333336,3,4,150.25,559.0,579,0.9308496333614213,1
YMR125W,39,0.1349527665317139,0.0015864774987274163,0.3033165562045939,0.0006367625146021995,0.01024908409199004,27.05128205128205,12,8,117.125,559.0,619,0.8502282102357388,0
YMR310C,4,0.0,1.655107490884252e-05,0.260404667813147,0.00010399171042651251,0.0009130237411366748,24.25,3,0,0.0,0.0,0,0.0,0
YNL005C,9,0.05555555555555555,8.1590016458977e-05,0.26219050235840513,0.00019322973403228323,0.0013641493192463627,22.555555555555557,7,7,202.14285714285714,559.0,589,0.9439786101197695,0
YNL112W,7,0.047619047619047616,7.65166639332989e-05,0.27222322948419697,0.0001410608694488483,0.0020093940632058293,34.42857142857143,7,0,0.0,0.0,0,0.0,1
YPL237W,12,0.2878787878787879,0.0001368901512418062,0.2801097861325646,0.00020362421541476915,0.007293169012675774,37.583333333333336,9,7,174.28571428571428,559.0,592,0.9345646407829149,1
YBL033C,2,0.0,9.966634141752297e-07,0.22149137520123188,9.29812552018103e-05,5.050691310456279e-05,3.5,2,0,0.0,0.0,0,0.0,0
YPR172W,5,0.0,0.00013685235160942,0.264782605130862,0.00014290822764514776,0.0011612563423665013,43.2,4,0,0.0,0.0,0,0.0,0
YBL034C,4,0.0,0.00021004973727138844,0.27408542527500984,0.00011837870948784655,0.004485681373980429,56.0,3,5,33.0,73.0,94,0.687256920613132,1
YDR330W,1,0.0,0.0,0.21473922634524953,5.454340629797849e-05,0.00010988639178566173,4.0,1,0,0.0,0.0,0,0.0,0
YER177W,99,0.02865388579674294,0.007991250797796801,0.3486989470201389,0.0015137186968841503,0.07838183440524889,38.81818181818182,17,0,0.0,0.0,0,0.0,0
YBL035C,10,0.2,5.757682738850282e-05,0.2580167418499951,0.0001957767288623068,0.002796309741031074,15.6,6,5,20.4,56.0,59,0.8766803039158387,1
YBR087W,13,0.2948717948717949,0.00020375426478794597,0.26086582509767464,0.00023839863208214847,0.005801317825882184,18.153846153846153,6,7,16.285714285714285,56.0,60,0.8497175141242937,1
YDL058W,3,0.0,3.4855001937702376e-06,0.25287099747804986,7.51374670690814e-05,0.0010493562207199315,35.333333333333336,3,0,0.0,0.0,0,0.0,1
YIR008C,5,0.4,6.183249950254481e-05,0.25560697029959456,0.00011536359200178096,0.000771411233437566,27.0,5,5,20.4,56.0,59,0.8766803039158387,1
YKL045W,5,0.2,1.958230720918436e-05,0.2668565098065993,0.00010682133045699507,0.0017797859657682862,34.0,5,5,20.4,56.0,59,0.8766803039158387,1
YNL102W,10,0.1111111111111111,0.00098460432776986,0.27673571533043734,0.00021130342021151603,0.0028841587862926403,33.5,6,5,20.4,56.0,59,0.8766803039158387,1
YNL290W,34,0.11229946524064172,0.0008457337416439016,0.3062469717531035,0.0005184904326206442,0.04420487428352379,51.23529411764706,17,7,16.285714285714285,56.0,60,0.8497175141242937,1
YOL094C,37,0.0960960960960961,0.0007468026938531581,0.3108081777367665,0.0005246700494625458,0.043780388968800786,47.729729729729726,17,7,16.285714285714285,56.0,60,0.8497175141242937,1
YOR217W,4,0.8333333333333334,1.3518632313669097e-06,0.24244181314988164,8.801826707297894e-05,0.0017893825573023342,21.5,4,4,24.25,56.0,56,0.9668831168831169,1
YBL036C,13,0.0,9.18568696072193e-05,0.29321251542943944,0.00020845164097161716,0.013520473117890765,46.53846153846154,9,0,0.0,0.0,0,0.0,0
YDR023W,9,0.0,0.00014733728462993132,0.28798591087633,0.00015899680905368178,0.008337764934275568,58.44444444444444,9,0,0.0,0.0,0,0.0,1
YDR226W,8,0.07142857142857142,0.0007630499329343833,0.2937111761699657,0.00016538987181740987,0.008420789272404644,85.625,7,0,0.0,0.0,0,0.0,1
YDR342C,17,0.014705882352941176,0.002038840734508058,0.3072992377009605,0.00029627814363988414,0.012221499505927035,43.588235294117645,12,0,0.0,0.0,0,0.0,0
YDR343C,13,0.02564102564102564,0.00043685863437910495,0.2940906034087055,0.0002138636667273919,0.009768244099189787,45.30769230769231,11,0,0.0,0.0,0,0.0,0
YGR087C,8,0.07142857142857142,2.731221184528361e-05,0.276460751603569,0.00014350530921300605,0.00783323654891155,47.125,7,0,0.0,0.0,0,0.0,0
YMR319C,18,0.006535947712418301,0.0004954521696220536,0.2928182282536398,0.0002865628794393336,0.012742596888757559,31.5,11,0,0.0,0.0,0,0.0,0
YOL055C,93,0.014025245441795231,0.007245393933599464,0.3462640331893152,0.00134761977804656,0.0802321932433818,38.32258064516129,17,0,0.0,0.0,0,0.0,0
YOL078W,11,0.10909090909090909,9.829282866278393e-05,0.28409796222419054,0.00018448707438415893,0.008990731770775334,44.18181818181818,9,1,8.0,8.0,7,1.0,1
YJR005W,7,0.14285714285714285,0.000166611610457356,0.2563264740288784,0.0001744607912970918,0.0012182123856344384,11.857142857142858,4,5,33.6,95.0,104,0.8676250933532487,0
YJR058C,5,0.3,0.0001424565285708822,0.27450605514114856,0.0001357117139168085,0.0019056684093384712,64.6,4,5,33.6,95.0,104,0.8676250933532487,0
YOL062C,28,0.015873015873015872,0.000659984249961616,0.30711080304453364,0.000411614574461371,0.0374007655048894,56.464285714285715,17,5,33.6,95.0,104,0.8676250933532487,0
YCL014W,12,0.09090909090909091,0.0010721448381713961,0.30490460100147665,0.0002359396568618681,0.006856917727031447,74.25,8,0,0.0,0.0,0,0.0,0
YDR164C,7,0.047619047619047616,0.0023000036191365442,0.27347182352573196,0.00018275793144268204,0.002917665802356624,27.428571428571427,5,0,0.0,0.0,0,0.0,1
YDR237W,4,0.16666666666666666,3.1581506620414725e-06,0.2311729968174593,0.00010837729982038065,0.00030379958704355,22.75,4,7,202.14285714285714,559.0,589,0.9439786101197695,0
YDR322W,6,0.06666666666666667,3.293391114777862e-05,0.2507441161535123,0.0001409602442822954,0.0006825213356191158,24.333333333333332,6,7,202.14285714285714,559.0,589,0.9439786101197695,0
YDR462W,4,0.16666666666666666,9.433273780621472e-06,0.24075195770082464,0.00010382832205478424,0.0004933629234419666,28.25,4,7,202.14285714285714,559.0,589,0.9439786101197695,0
YGR033C,5,0.0,5.645635943333421e-05,0.2632931855772398,0.0001162084970100966,0.0010443075612943627,24.0,4,2,8.5,11.0,10,1.0,0
YJL005W,19,0.08771929824561403,0.0006600143849703293,0.308131104715778,0.00030395959174457177,0.017833143757167675,47.89473684210526,12,1,2.0,2.0,1,0.0,1
YJL063C,5,0.0,0.00021434533101583728,0.24881330299817453,0.00014849022814708408,0.0004974220654068612,22.0,4,7,202.14285714285714,559.0,589,0.9439786101197695,0
YJR138W,17,0.07352941176470588,0.0006480692044547756,0.3010014409550006,0.00029475240762234957,0.008231583793549989,43.1764705882353,12,0,0.0,0.0,0,0.0,0
YKR085C,2,0.0,4.37250880751956e-07,0.22445941720298726,6.953727901520795e-05,0.00011840181176014383,27.0,2,7,202.14285714285714,559.0,589,0.9439786101197695,0
YLR189C,2,0.0,4.37250880751956e-07,0.22445941720298726,6.953727901520795e-05,0.00011840181176014383,27.0,2,0,0.0,0.0,0,0.0,0
YLR439W,6,0.06666666666666667,7.6609132476284e-05,0.258669712635588,0.00013984105675656752,0.0012471559325768255,31.5,6,7,202.14285714285714,559.0,589,0.9439786101197695,0
YML025C,6,0.0,8.944525058314836e-05,0.264894640929299,0.00013515992284182584,0.001519846745174366,29.166666666666668,6,7,202.14285714285714,559.0,589,0.9439786101197695,1
YMR024W,7,0.09523809523809523,0.0001244873736740278,0.2706491746041748,0.00014410741023477278,0.0037813163493194374,33.857142857142854,6,7,202.14285714285714,559.0,589,0.9439786101197695,0
YOR150W,4,0.16666666666666666,6.245452809398962e-05,0.2559073617112184,0.00010620238384669126,0.000804135000249884,39.75,4,7,202.14285714285714,559.0,589,0.9439786101197695,0
YPR100W,1,0.0,0.0,0.2155154256228863,4.801091464329797e-05,4.9249480186477436e-05,22.0,1,7,202.14285714285714,559.0,589,0.9439786101197695,0
YBL039C,37,0.08408408408408409,0.0008420478953653963,0.3207815907288961,0.0005269266897113079,0.043057768337967026,48.16216216216216,17,0,0.0,0.0,0,0.0,0
YDR260C,22,0.08225108225108226,0.0026384583122457134,0.3083207938962235,0.00034222572860203844,0.03336944714796737,62.5,14,3,29.666666666666668,58.0,57,1.0,0
YDR394W,86,0.14062927496580027,0.004939779682205375,0.3430855580250894,0.0011632144573577067,0.1031655499732767,51.18604651162791,17,6,25.5,46.0,48,0.9547872340425532,1
YEL056W,20,0.03684210526315789,0.00028173532439147454,0.3004957686476423,0.0002968513258974466,0.026864296915062365,55.3,14,4,39.25,133.0,132,1.0,0
YER179W,50,0.04,0.0017237579050495457,0.32295350632255965,0.0007670949472413574,0.06327635717163953,54.54,17,3,83.66666666666667,195.0,194,1.0,0
YFR004W,29,0.4014778325123153,0.0004802462400232326,0.297232224097938,0.00042018759486977793,0.020831451479919307,34.275862068965516,16,6,25.666666666666668,46.0,48,0.9547872340425532,1
YGL081W,23,0.04743083003952569,0.00010854881577707358,0.3057982034467124,0.00032145299417408096,0.03079948620721839,55.391304347826086,16,0,0.0,0.0,0,0.0,0
YIL094C,25,0.056666666666666664,0.00036309500937699394,0.30933005843062533,0.0003867981194908367,0.026251025042143557,49.12,14,0,0.0,0.0,0,0.0,0
YJR103W,3,0.0,1.597983965767549e-05,0.2539866613951141,8.988175633666462e-05,0.0013892032627379292,27.333333333333332,2,0,0.0,0.0,0,0.0,0
YJR109C,15,0.0761904761904762,9.952789698615138e-05,0.2938662780056478,0.00023258682159339394,0.020050089793049234,56.2,13,1,2.0,2.0,1,0.0,0
YLR291C,70,0.030227743271221533,0.004996991619924085,0.3337796052016165,0.0010700591886577454,0.05974210784054973,38.5,17,5,63.2,266.0,270,0.9641470466749277,1
YMR117C,36,0.047619047619047616,0.0015227442950118285,0.31503100868349826,0.0005453582462940298,0.03618729556695359,43.52777777777778,17,8,26.5,55.0,75,0.6731531531531532,1
YNR031C,35,0.0773109243697479,0.00048359716416143786,0.3178903824849416,0.0004938547610670392,0.04828966352350262,57.68571428571428,17,0,0.0,0.0,0,0.0,0
YOL126C,28,0.037037037037037035,0.0005644804459970256,0.3102306105085639,0.00041303980055500957,0.03726959713888379,55.464285714285715,16,0,0.0,0.0,0,0.0,0
YOR117W,27,0.245014245014245,0.00035212864529501214,0.3006039839175473,0.0003929655803731452,0.02001224583425971,36.2962962962963,16,6,25.5,46.0,48,0.9547872340425532,1
YOR261C,29,0.32019704433497537,0.0004996887930170238,0.3003876312631353,0.00040343452185533476,0.02367416679242266,38.41379310344828,16,6,25.666666666666668,46.0,48,0.9547872340425532,1
YPL070W,33,0.06818181818181818,0.0009327097007203935,0.31461542660030495,0.0005851195000439858,0.016594401316079706,30.666666666666668,11,0,0.0,0.0,0,0.0,0
YPL140C,52,0.07767722473604827,0.0022020328300780003,0.3371953797919784,0.00073434246005368,0.06490864928103836,57.78846153846154,17,0,0.0,0.0,0,0.0,0
YPL259C,44,0.019027484143763214,0.001342700525393036,0.3170451969393084,0.000660171794529256,0.040954130278045967,43.59090909090909,16,6,28.833333333333332,95.0,104,0.8676250933532487,0
YBL040C,8,0.17857142857142858,2.4222805143134055e-05,0.2512976907200329,0.0001492793255534212,0.0007551657724981177,39.25,7,0,0.0,0.0,0,0.0,1
YDR414C,42,0.0627177700348432,0.006246330820497192,0.2889495745716411,0.000881330291942843,0.003154598819153364,21.857142857142858,13,0,0.0,0.0,0,0.0,0
YJR010C-A,40,0.19487179487179487,0.003352005707936931,0.299310522682738,0.0006273895630374127,0.004978911830892422,41.75,17,3,12.0,29.0,29,0.9359605911330049,0
YMR215W,44,0.3012684989429176,0.0006388787260552926,0.28110023999833056,0.0006660027081916306,0.004426280612374799,35.93181818181818,17,0,0.0,0.0,0,0.0,0
YOL020W,8,0.0,0.0005453764645988434,0.26051302866321224,0.00017921774378165675,0.0006813383592692079,33.375,5,0,0.0,0.0,0,0.0,0
YPR156C,23,0.2845849802371542,0.0004351874958199836,0.2647966044226634,0.0004065936028346018,0.0024229081538106193,40.56521739130435,16,0,0.0,0.0,0,0.0,0
YBL041W,9,0.25,6.627065095772414e-05,0.2649647114617636,0.00016416655729418708,0.004028101202996112,26.444444444444443,8,7,21.142857142857142,46.0,48,0.9485815602836879,1
YCR073C,9,0.08333333333333333,7.596342567851852e-05,0.27366608251189856,0.00016704676749291627,0.005182795887842137,26.333333333333332,8,0,0.0,0.0,0,0.0,0
YDL020C,2,1.0,0.0,0.23179353802241195,5.89277402849336e-05,0.0004991970416716095,13.0,2,4,26.75,46.0,48,0.9547872340425532,0
YDL147W,48,0.19237588652482268,0.003588999255209319,0.32589556064876724,0.0007067438776813163,0.033803597808108016,39.520833333333336,16,6,25.666666666666668,46.0,48,0.9547872340425532,1
YER012W,44,0.20084566596194503,0.0010823321243997482,0.3139252210135549,0.0006395007821546605,0.03901199645700362,41.95454545454545,16,7,21.142857142857142,46.0,48,0.9485815602836879,1
YER105C,10,0.022222222222222223,0.00010111601259115913,0.2790018927107267,0.0001904722278061388,0.002196813468976694,22.2,8,3,32.0,59.0,59,0.9812974868497955,0
YIL007C,17,0.07352941176470588,0.000309794077657798,0.29440177380967875,0.00028091943418839734,0.016350421694667834,43.23529411764706,11,0,0.0,0.0,0,0.0,0
YPR103W,24,0.21739130434782608,0.00037335790330084964,0.2890663151362262,0.0004045771370638441,0.007341027268659629,22.041666666666668,11,7,21.142857142857142,46.0,48,0.9485815602836879,1
YBL042C,2,0.0,7.530845451523766e-06,0.23003688113403709,6.407784231552071e-05,0.0004087242966096366,15.0,2,0,0.0,0.0,0,0.0,0
YER021W,20,0.5157894736842106,0.000451552485493198,0.2919987742566613,0.0002973080569786332,0.016354829327263624,39.4,15,6,25.666666666666668,46.0,48,0.9547872340425532,1
YNL121C,10,0.0,0.00030721158240417,0.25084458459632647,0.0002604703996353365,0.00033075516243651526,7.1,4,4,10.5,18.0,18,0.9281045751633987,0
YBL043W,2,0.0,1.8685177363751857e-05,0.2506186437174867,7.516635742868961e-05,0.0012457525052072646,38.0,2,0,0.0,0.0,0,0.0,0
YBL044W,3,0.0,1.6793898090989492e-05,0.25117166379389444,9.080653609516056e-05,0.0008179803436534396,29.666666666666668,3,0,0.0,0.0,0,0.0,0
YJL159W,5,0.0,0.00046615214100297753,0.2621493313818506,0.0001812854797733512,0.0008973372203695426,37.2,3,0,0.0,0.0,0,0.0,0
YMR304W,24,0.014492753623188406,0.003469239130238872,0.29493922478359663,0.00047273886231487695,0.009032805789627316,24.25,12,0,0.0,0.0,0,0.0,0
YBL045C,17,0.07352941176470588,0.0005690636086449504,0.30477472013936924,0.0002878831039427584,0.017552144473166508,62.470588235294116,12,3,23.333333333333332,56.0,57,0.9323308270676691,0
YDL179W,15,0.05714285714285714,0.00015996509087311484,0.30438574061324025,0.0002473341003574675,0.02394433137483361,73.2,12,1,14.0,14.0,13,1.0,0
YDR339C,6,0.0,0.001587800980260178,0.28624123998686946,0.00011952486856590123,0.012125290401556521,84.0,5,2,302.5,559.0,558,1.0,1
YLR090W,4,0.16666666666666666,0.00029115415823000024,0.26520322880859176,0.00012181791972717317,0.0013119820464379335,49.0,3,0,0.0,0.0,0,0.0,0
YLR442C,32,0.036290322580645164,0.0007835673220768088,0.30805529438124335,0.00048057724302177343,0.028187901006361895,39.5,15,4,27.25,83.0,90,0.8404494382022472,0
YOR125C,13,0.0,0.0002511224348137739,0.29857893025219123,0.0002161871220839911,0.021358966225144327,69.6923076923077,9,0,0.0,0.0,0,0.0,0
YPR054W,27,0.045584045584045586,0.0006672521678516329,0.3099618130987904,0.0004400699917830894,0.03185584213449278,50.111111111111114,15,1,2.0,2.0,1,0.0,0
YPR191W,17,0.08088235294117647,0.00048014836125490876,0.2982588718467279,0.00028457913289643824,0.014623482698319234,52.411764705882355,12,3,23.333333333333332,56.0,57,0.9323308270676691,0
YBL046W,4,0.3333333333333333,4.0437809600796555e-06,0.2480124282485023,9.277017580120044e-05,0.0012587898080311211,16.75,4,1,3.0,3.0,2,1.0,0
YDL112W,4,0.0,2.2617753901063187e-05,0.2583628050580477,9.5486001740836e-05,0.0012483598077290075,29.0,4,0,0.0,0.0,0,0.0,0
YDR075W,30,0.027586206896551724,0.0004349513952035506,0.31076960635705236,0.00043067950749001193,0.041267776318674884,58.266666666666666,16,1,3.0,3.0,2,1.0,0
YML010W,15,0.1523809523809524,0.0002061137417642833,0.27172108159994873,0.00026814989268720657,0.0030992652853796673,19.133333333333333,9,3,11.666666666666666,19.0,31,0.6946236559139785,1
YNL201C,18,0.026143790849673203,0.0005007105327747173,0.2933670909120346,0.00033298242506105873,0.005770660394172695,22.11111111111111,9,1,3.0,3.0,2,1.0,0
YDR348C,5,0.0,0.000334993051717304,0.2782114751722173,0.0001347664753835839,0.0028004898293056053,62.6,4,0,0.0,0.0,0,0.0,0
YNL243W,16,0.225,0.00037368887137879145,0.3048118176647955,0.0002861626729443821,0.012550365956414997,48.0,11,3,43.666666666666664,73.0,72,1.0,1
YOL016C,6,0.2,0.00016830168348961607,0.265554770734372,0.00014614426992515974,0.00171764510520284,32.333333333333336,5,0,0.0,0.0,0,0.0,0
YBL049W,22,0.04329004329004329,0.0018452492060338046,0.30986592687312103,0.000378861743240442,0.020384279839467057,50.63636363636363,13,0,0.0,0.0,0,0.0,0
YCL039W,24,0.043478260869565216,0.001706956718682368,0.31325762922505973,0.0004066598041354065,0.02479692899084901,53.083333333333336,13,1,8.0,8.0,7,1.0,0
YDL143W,25,0.0033333333333333335,0.0006252153902702123,0.30525769342660175,0.000362613804538215,0.02896360340298529,48.12,14,3,9.666666666666666,11.0,12,0.9090909090909091,1
YDR255C,3,0.3333333333333333,2.7764538529872977e-06,0.2505810264697181,7.432831240532584e-05,0.0012443112287702683,20.333333333333332,3,1,8.0,8.0,7,1.0,0
YGL227W,3,0.3333333333333333,1.4294318954351147e-06,0.2558942865343478,7.120918465244657e-05,0.0023230771718500873,27.333333333333332,3,1,8.0,8.0,7,1.0,0
YGR172C,21,0.09523809523809523,0.0011935141060343195,0.2952173873298117,0.0004454795505147816,0.0029953462152484647,30.428571428571427,8,0,0.0,0.0,0,0.0,1
YHL010C,4,0.0,6.290004396151913e-05,0.24315982793854712,0.00010282531360907235,0.0007273058043086903,10.25,4,0,0.0,0.0,0,0.0,0
YIL017C,2,1.0,0.0,0.247473217514095,5.841535621003508e-05,0.0011068093640948574,23.0,2,1,8.0,8.0,7,1.0,0
YIL097W,4,0.16666666666666666,4.929708191677699e-05,0.2597563910611615,8.374683864040218e-05,0.0016632343017137874,24.25,4,1,8.0,8.0,7,1.0,0
YIL142W,38,0.10384068278805121,0.0006924495590870722,0.3188009532813657,0.0005423242074079134,0.04043636239578694,43.0,16,3,9.666666666666666,11.0,12,0.9090909090909091,1
YJL014W,19,0.0,0.00011482147161836123,0.29486976603180776,0.000278626376824052,0.018985134597277662,39.68421052631579,13,3,9.666666666666666,11.0,12,0.9090909090909091,1
YJL111W,23,0.003952569169960474,0.0002524751877843041,0.30470055217194475,0.0003256636542565221,0.0254141990225851,47.0,14,3,9.666666666666666,11.0,12,0.9090909090909091,1
YMR135C,3,0.3333333333333333,1.6418426830748826e-06,0.2561298443310962,7.242329251951337e-05,0.0017589724851840988,27.333333333333332,3,1,8.0,8.0,7,1.0,0
YBR272C,23,0.24110671936758893,0.0005145355984297632,0.2895509612100512,0.00034278387966286847,0.012572220782105216,30.08695652173913,14,0,0.0,0.0,0,0.0,0
YCR082W,5,0.1,0.0001816852646101143,0.2713824424844354,0.00012211947913333385,0.0010924156908299306,52.2,5,0,0.0,0.0,0,0.0,0
YDL133W,3,0.0,1.2937634176926681e-05,0.24267676015361253,9.116151196998654e-05,0.0002274496887872884,17.0,3,0,0.0,0.0,0,0.0,0
YDL173W,2,0.0,5.182932696459512e-06,0.24566453995439522,6.189661136673925e-05,0.0005428714993932021,29.5,2,0,0.0,0.0,0,0.0,0
YDR160W,3,0.0,6.800298435426344e-05,0.2629890241572283,8.351573121123314e-05,0.0010734362085448867,58.333333333333336,3,0,0.0,0.0,0,0.0,1
YDR189W,9,0.2777777777777778,4.971929677717381e-05,0.26026934345217767,0.00019753470606834284,0.00104151913679752,17.0,6,0,0.0,0.0,0,0.0,1
YER101C,1,0.0,0.0,0.23168631059121317,4.833431886073565e-05,0.00012117707582884233,37.0,1,0,0.0,0.0,0,0.0,0
YGL095C,7,0.38095238095238093,1.9434266328023868e-05,0.25372931638128854,0.00016043125775466553,0.00042525600518237406,15.714285714285714,6,0,0.0,0.0,0,0.0,0
YIL084C,7,0.14285714285714285,0.0001114886567297642,0.2602422954559758,0.0001516198255613538,0.001161650893106587,21.857142857142858,6,4,46.25,133.0,133,0.9859876965140123,0
YKL090W,3,0.0,9.770489681300794e-06,0.23997905970533084,9.448293452546405e-05,0.0002469424478405941,15.666666666666666,3,0,0.0,0.0,0,0.0,0
YLL009C,2,0.0,8.579563351230284e-05,0.27060530451968096,7.024052030861345e-05,0.0010202549157866244,158.5,2,0,0.0,0.0,0,0.0,0
YLR026C,21,0.1380952380952381,0.0011877304926709033,0.2771491879835236,0.0004170277143289405,0.00163555762131051,15.428571428571429,7,4,33.0,95.0,94,1.0,1
YLR093C,8,0.35714285714285715,0.0003739683210974466,0.24680249229045756,0.00018209311538675395,0.0003018118370505973,14.0,6,4,31.0,95.0,94,1.0,0
YLR130C,1,0.0,0.0,0.23168631059121317,4.833431886073565e-05,0.00012117707582884233,37.0,1,0,0.0,0.0,0,0.0,0
YNL204C,3,0.0,7.21255564539733e-05,0.261287717865727,8.706069823822e-05,0.0007836763902689177,65.33333333333333,3,0,0.0,0.0,0,0.0,0
YOL018C,12,0.09090909090909091,0.0007036602909988064,0.2856860975443645,0.00026423686369041,0.0016350100175018514,35.833333333333336,7,4,33.0,95.0,94,1.0,0
YOL032W,1,0.0,0.0,0.23168631059121317,4.833431886073565e-05,0.00012117707582884233,37.0,1,0,0.0,0.0,0,0.0,0
YOL036W,6,0.13333333333333333,0.00029347848811942315,0.28694642924545977,0.00012997831563712697,0.004192521851156806,81.5,6,0,0.0,0.0,0,0.0,0
YOL135C,33,0.18371212121212122,0.0037298372339112473,0.30849171395443514,0.0005725038252462154,0.008413338121100148,31.424242424242426,12,5,70.0,195.0,211,0.9097269239449334,1
YOR106W,10,0.28888888888888886,8.771061158734016e-05,0.25293485056564086,0.0002113417335836987,0.0007803922851258541,13.6,6,4,31.5,95.0,94,1.0,1
YOR245C,4,0.0,0.0002086107566646813,0.24086774280047396,0.0001483884549424617,0.0001610291482276587,13.0,3,0,0.0,0.0,0,0.0,0
YOR307C,6,0.13333333333333333,0.00010092908901790051,0.2617246538487801,0.00013002087991028407,0.0009594014741158829,30.833333333333332,5,0,0.0,0.0,0,0.0,0
YPL192C,4,0.0,6.237145573019963e-05,0.26776962019088185,0.00010046994419925131,0.0031954162130237154,55.25,4,0,0.0,0.0,0,0.0,0
YKR096W,6,0.2,2.2952552992104764e-05,0.2681854337911783,0.0001251329872506301,0.0028625771007617755,35.666666666666664,5,2,452.5,559.0,558,1.0,0
YBL052C,5,0.0,1.9281155067480995e-05,0.2542832542673769,0.00012034981524232765,0.0009849271157266434,16.0,4,2,69.0,133.0,132,1.0,0
YGL207W,19,0.1111111111111111,0.00042845292443205923,0.2870451040835772,0.00032427993655472057,0.005443930668878187,28.157894736842106,11,3,9.333333333333334,19.0,23,0.6640316205533597,1
YNL258C,9,0.027777777777777776,0.00026424811763545993,0.2586029315872492,0.00022233129931072544,0.0016743170822460913,11.333333333333334,5,1,6.0,6.0,5,1.0,1
YOR064C,3,0.0,7.111925426317438e-05,0.26715543692592175,9.038418149195216e-05,0.000916704653308187,91.0,3,2,69.0,133.0,132,1.0,0
YPL129W,15,0.11428571428571428,0.00039160654518760005,0.28678212185354185,0.00026857974977268655,0.00542830613028766,28.8,9,18,41.22222222222222,195.0,336,0.5164356787491116,0
YEL069C,3,0.0,1.783709833770007e-05,0.2609201863011334,9.447466049926345e-05,0.0029345714805834363,45.0,3,0,0.0,0.0,0,0.0,0
YPR165W,19,0.017543859649122806,0.0003779150001802588,0.28881627219019984,0.00037382774291756793,0.0036149944685400885,16.94736842105263,9,2,3.0,4.0,3,1.0,1
YBL054W,1,0.0,0.0,0.23319658127532966,4.6923659385830305e-05,0.0002638470769829437,40.0,1,0,0.0,0.0,0,0.0,0
YBR039W,23,0.09486166007905138,0.0005134284491013057,0.3102498281639259,0.00033801632373652783,0.02940196718630063,54.78260869565217,15,4,24.25,56.0,57,0.9523809523809523,0
YBR097W,2,0.0,5.322539134688596e-06,0.23705982752166685,7.196812306804759e-05,0.0006466412741351138,14.5,2,3,34.333333333333336,95.0,98,0.9206816747317483,0
YDL060W,18,0.1503267973856209,0.0001585045819906296,0.28845032402524073,0.0003010835851660327,0.006727879118259642,29.27777777777778,11,0,0.0,0.0,0,0.0,1
YDL145C,51,0.0815686274509804,0.0024246390141485848,0.3285465085312421,0.0007424872631288648,0.05239734467464171,45.94117647058823,17,5,34.0,95.0,104,0.8676250933532487,1
YDR071C,6,0.13333333333333333,3.1204233823589534e-05,0.266529880051634,0.00012707079896896666,0.0036810178089342407,33.666666666666664,5,0,0.0,0.0,0,0.0,0
YDR076W,9,0.05555555555555555,2.083921588595549e-05,0.28888290800312943,0.00013950851948412056,0.01794252674212243,79.66666666666667,9,4,58.75,195.0,194,1.0,0
YDR148C,41,0.06585365853658537,0.003434032462468666,0.33828861709221586,0.0006344375903824925,0.042559472816925695,58.34146341463415,16,1,3.0,3.0,2,1.0,0
YGR205W,5,0.0,3.252985687331228e-05,0.2624928184512712,0.00011673405192829444,0.0014564748318896933,35.0,5,0,0.0,0.0,0,0.0,0
YHL030W,21,0.2,0.00017807512379826385,0.3013455460920731,0.0003039987722103128,0.01827877587102432,47.714285714285715,15,3,30.0,46.0,46,0.9758454106280193,0
YMR246W,18,0.13071895424836602,0.0002806392843094095,0.30130928745339036,0.00028228286547745524,0.02141938461504946,53.27777777777778,13,1,3.0,3.0,2,1.0,0
YNL250W,32,0.07258064516129033,0.0010232719505489066,0.31394489914437756,0.0004693330556460388,0.033561280009740006,45.65625,15,4,59.5,195.0,194,1.0,0
YOR020C,9,0.2222222222222222,0.0009412836067113831,0.30218190998251815,0.00018075486818401804,0.010716426734493394,93.11111111111111,8,0,0.0,0.0,0,0.0,1
YOR086C,2,0.0,4.596132988214419e-07,0.2563658362024086,5.573234602187916e-05,0.002793838630376712,58.5,2,0,0.0,0.0,0,0.0,0
YBL058W,6,0.2,4.6857652483097136e-05,0.2754269124532696,0.00011786928969402248,0.004282908974401833,35.5,6,0,0.0,0.0,0,0.0,0
YBR223C,15,0.02857142857142857,6.845357008098065e-05,0.30324309615223144,0.00022460179477736832,0.02793251455325053,80.46666666666667,13,0,0.0,0.0,0,0.0,0
YDL190C,13,0.08974358974358974,8.881979898186555e-05,0.2779952806422211,0.0002518379038874608,0.0061505079999186595,23.923076923076923,7,1,58.0,58.0,57,1.0,0
YKL213C,6,0.2,3.490225371229611e-05,0.2779027286677536,0.00011740923588422064,0.0038529020747874324,38.833333333333336,6,0,0.0,0.0,0,0.0,0
YBL059W,2,0.0,1.3175551636702865e-05,0.2677839371250738,7.133349628225374e-05,0.000973378015798456,144.0,2,0,0.0,0.0,0,0.0,0
YBL061C,5,0.0,7.912453077507211e-05,0.257446436519495,0.0001193053970152375,0.001138370607220389,16.6,4,0,0.0,0.0,0,0.0,0
YBR023C,4,0.0,2.1450526144272074e-05,0.23085332915649945,0.00010103368067066932,0.00015028392239649216,15.0,4,0,0.0,0.0,0,0.0,0
YNL233W,3,0.0,1.3328592097183788e-05,0.26116509235283175,7.984997042333295e-05,0.0020208648453861333,46.333333333333336,3,1,2.0,2.0,1,0.0,0
YBL063W,1,0.0,0.0,0.24807385091140002,4.499698923862123e-05,0.0007471772586286042,67.0,1,5,26.6,73.0,73,0.974124809741248,0
YBL064C,4,0.0,4.366344624700448e-05,0.25907112435600327,9.348634114795005e-05,0.002256801457733987,32.25,4,0,0.0,0.0,0,0.0,0
YDR488C,16,0.025,0.0008430202078399689,0.2994178858163601,0.00031107693802156366,0.018733833819767117,50.6875,9,5,25.2,73.0,73,0.9733637747336378,0
YER022W,109,0.01529051987767584,0.03364103173300187,0.33211956074603816,0.0027635553670183233,0.013432863136784044,14.0,12,6,59.5,195.0,211,0.9097269239449334,1
YGR117C,3,0.0,4.229996993150003e-06,0.2683147421006244,7.491049662046838e-05,0.003419132700952461,49.666666666666664,3,0,0.0,0.0,0,0.0,0
YPL026C,11,0.0,0.00023202977522476174,0.2945056436581357,0.0002151328900557407,0.009983664687953722,43.63636363636363,6,0,0.0,0.0,0,0.0,0
YBL067C,2,0.0,8.143146754925152e-06,0.24752213976723608,6.24000783317849e-05,0.000601173855779216,38.5,2,0,0.0,0.0,0,0.0,0
YBL068W,3,0.6666666666666666,9.21433549772923e-06,0.21729198559808474,0.00011580421935725589,7.310163840519328e-05,6.666666666666667,3,0,0.0,0.0,0,0.0,0
YHL011C,6,0.06666666666666667,0.0019249135558053617,0.27315860245706325,0.0001675030454147519,0.00234241209746704,47.833333333333336,4,0,0.0,0.0,0,0.0,0
YKL181W,5,0.3,6.550163017671823e-05,0.22297048241698225,0.00017746079617518242,9.418318066187023e-05,4.8,3,0,0.0,0.0,0,0.0,0
YOL061W,9,0.08333333333333333,0.0031226410973648378,0.2483075347570776,0.0003414965033434837,0.0005477293478883272,7.222222222222222,3,0,0.0,0.0,0,0.0,0
YNL261W,7,0.7142857142857143,3.468946031184732e-06,0.23651128523093384,0.00017002567462782048,0.0004742066294337074,8.428571428571429,6,7,20.285714285714285,56.0,57,0.9505012531328321,1
YBL072C,5,0.0,0.00029760589858271366,0.26332087150632255,0.00015909368351766276,0.000883894496319573,38.0,4,7,227.28571428571428,559.0,589,0.9439786101197695,0
YDR459C,5,0.0,6.255213944932934e-05,0.23567657879865675,0.00013239487706181164,0.00017590066635349904,13.0,4,0,0.0,0.0,0,0.0,0
YFL017C,8,0.0,0.0005551656153370004,0.2792975114906455,0.00021156367135855537,0.002555990308367841,40.125,4,0,0.0,0.0,0,0.0,1
YLR140W,1,0.0,0.0,0.20807490552763835,5.656662600389044e-05,2.1654586656052008e-05,5.0,1,0,0.0,0.0,0,0.0,1
YBL074C,4,0.5,7.581950117832369e-07,0.2569181787242359,8.701928772428234e-05,0.0010755113120341673,26.25,4,9,114.11111111111111,559.0,619,0.8502282102357388,1
YDL208W,20,0.09473684210526316,0.00028992341021721136,0.3004597142030269,0.0003210453125371719,0.008857818541465058,38.85,12,2,289.5,559.0,558,1.0,1
YDR283C,18,0.13725490196078433,0.0004509962068656434,0.2990960272350107,0.0003024858816057568,0.014688706896653697,43.888888888888886,12,3,356.0,559.0,558,1.0,0
YCR002C,44,0.0919661733615222,0.00046726959740199325,0.31853736411945904,0.000600865650893608,0.058101304821210335,55.52272727272727,17,4,23.25,73.0,72,1.0,0
YDL225W,43,0.09745293466223699,0.0010397268169327198,0.3228077973606352,0.0005866965857086722,0.05494428848417877,54.30232558139535,17,4,23.25,73.0,72,1.0,0
YDR128W,41,0.07682926829268293,0.0013987583446779446,0.3170451969393084,0.0005934613001012557,0.052755856834996465,55.46341463414634,17,0,0.0,0.0,0,0.0,0
YDR142C,53,0.02467343976777939,0.002040404832074215,0.3227038000032381,0.0007836432705513789,0.06166305566320894,50.528301886792455,17,0,0.0,0.0,0,0.0,0
YGL004C,42,0.19396051103368175,0.0005152985278191307,0.31021139523383434,0.000540186338179195,0.048594413936627494,48.11904761904762,17,0,0.0,0.0,0,0.0,0
YHR186C,25,0.15333333333333332,0.0004388281451441685,0.30906281863932455,0.0003762606284963611,0.024516767901939296,47.92,14,2,4.5,5.0,4,1.0,1
YHR199C,21,0.0380952380952381,0.002025776529829684,0.3075634350313347,0.00033862946482215235,0.02086853985604605,44.523809523809526,12,0,0.0,0.0,0,0.0,0
YJL128C,42,0.03832752613240418,0.002656798807129778,0.3288485210801218,0.0006234895686649553,0.044111751286758524,55.785714285714285,16,0,0.0,0.0,0,0.0,0
YNL135C,57,0.022556390977443608,0.0022220517184264564,0.3195535619249828,0.0008957486188565179,0.05231615888336516,39.3859649122807,17,1,11.0,11.0,10,1.0,0
YOL133W,102,0.030867792661619105,0.010034710635315039,0.33758175896806786,0.0017226773539481127,0.08240649895301864,35.068627450980394,17,4,23.5,58.0,75,0.6443243243243243,1
YOR250C,8,0.2857142857142857,4.7828036993234244e-05,0.2696002032648035,0.00014541655021322821,0.0022020511569242783,23.375,8,5,36.8,131.0,141,0.8656534954407294,1
YBL076C,8,0.0,0.00020821282081710815,0.281179147543805,0.00015284100178725076,0.008162468812964719,61.0,8,0,0.0,0.0,0,0.0,1
YBR058C,10,0.0,0.00013322236404540022,0.2684297875469105,0.00020427678487714104,0.0012763664075576431,13.2,8,0,0.0,0.0,0,0.0,0
YDL100C,35,0.0,0.007583330988116894,0.31119441879273363,0.0009181352654015261,0.009089196891587274,19.37142857142857,10,1,3.0,3.0,2,1.0,0
YLR016C,10,0.022222222222222223,0.00030083188184790453,0.303390051856691,0.00018435871585470036,0.0136535161508356,79.0,8,1,3.0,3.0,2,1.0,0
YNL244C,69,0.0196078431372549,0.0033532323176394606,0.31855762473287463,0.0010289342863338414,0.044019793349406706,28.768115942028984,17,6,53.166666666666664,266.0,267,0.9854129706288193,1
YBL078C,8,0.07142857142857142,5.5434118959477866e-05,0.2504431931218249,0.00017969012592246238,0.0006549926923885705,9.125,5,6,36.666666666666664,95.0,163,0.5252594107399834,0
YHR171W,8,0.07142857142857142,0.0006579384491656652,0.26348710943025333,0.00022136334592762246,0.002494897658940868,15.875,4,0,0.0,0.0,0,0.0,0
YNR007C,8,0.21428571428571427,0.0003785055480781209,0.2914889405220728,0.00016984252559626835,0.0051242347892426505,74.25,6,0,0.0,0.0,0,0.0,0
YOR100C,3,0.0,9.56777759601358e-06,0.2550472565081354,7.848932462247895e-05,0.001521914100891895,20.666666666666668,3,0,0.0,0.0,0,0.0,0
YBL079W,6,0.13333333333333333,7.182101959561594e-05,0.2744007766847608,0.00012116556634185355,0.003755734360754409,47.333333333333336,6,4,24.75,59.0,59,0.9812974868497955,0
YGR052W,39,0.06477732793522267,0.0021506634358446483,0.318517106083074,0.0006204939113733444,0.027441564289327685,37.48717948717949,13,0,0.0,0.0,0,0.0,0
YJL061W,15,0.17142857142857143,0.00034604821661319126,0.29251039458300754,0.00028748340223529287,0.006230867521197745,40.4,9,5,18.8,59.0,59,0.9812974868497955,1
YKL068W,35,0.08235294117647059,0.0031890484094085902,0.31487256230669275,0.0006079267958779549,0.012247409725068357,36.05714285714286,12,3,32.0,59.0,59,0.9812974868497955,0
YBL080C,2,0.0,9.308226422039384e-05,0.2373294306994387,9.045229548296994e-05,0.0003014035949134148,10.0,2,3,97.66666666666667,266.0,265,1.0,0
YCR106W,3,0.0,0.0003662316399829277,0.21353982161039714,0.00015845299280507164,2.967982904617914e-05,2.6666666666666665,2,0,0.0,0.0,0,0.0,0
YBL081W,2,0.0,4.0379952507075e-05,0.22848371241105178,9.025708228037174e-05,6.791825445377695e-05,7.0,2,0,0.0,0.0,0,0.0,0
YDL167C,3,0.0,0.00020138277569549978,0.21889698321897968,0.0001435213718079412,7.252917711100033e-05,7.666666666666667,2,0,0.0,0.0,0,0.0,0
YBL082C,1,0.0,0.0,0.22941518831250307,4.4273361468540336e-05,0.0004146109105562971,16.0,1,0,0.0,0.0,0,0.0,0
YKL210W,16,0.06666666666666667,0.00036572232003977937,0.29845438150588494,0.0002793227849966259,0.016926500991498793,50.0625,11,0,0.0,0.0,0,0.0,1
YBL084C,9,0.9722222222222222,0.0,0.24898647656227965,0.00016248665188004966,0.0010853863482805737,13.11111111111111,9,5,22.2,58.0,67,0.7503392130257802,1
YDL008W,11,0.8181818181818182,7.1167005718035594e-06,0.2623965513726754,0.00019307547686710035,0.002070733568767844,16.818181818181817,9,4,25.0,58.0,57,1.0,1
YDR118W,10,0.8222222222222222,6.2549153744693885e-06,0.2623140929162654,0.00017791824421069095,0.0019881672739548825,17.3,9,4,25.0,58.0,57,1.0,1
YFR036W,12,0.5909090909090909,0.00019466526323010967,0.28284650003107553,0.00022171243220664132,0.002924123693258288,38.083333333333336,9,4,25.0,58.0,57,1.0,0
YGL240W,10,0.7777777777777778,3.691441040646068e-05,0.2716473925286248,0.0001755667735583685,0.0036399937167655113,24.3,9,4,25.0,58.0,57,1.0,0
YKL022C,13,0.4230769230769231,4.230603684908849e-05,0.26824288876065855,0.00022903333516044818,0.0034534036979993995,16.23076923076923,9,4,25.0,58.0,57,1.0,1
YLR127C,15,0.42857142857142855,0.00027513066361380264,0.28765510172019154,0.00025297217165850107,0.0070085628293666295,36.53333333333333,9,4,25.0,58.0,57,1.0,1
YNL172W,11,0.7090909090909091,1.8851127304818993e-05,0.26949865346805074,0.0001907539359089399,0.003757518881640562,23.545454545454547,9,4,25.0,58.0,57,1.0,1
YOR249C,11,0.7272727272727273,3.824385402363868e-05,0.2610153729440408,0.0001958737894144385,0.0016198746209026874,17.454545454545453,9,4,25.0,58.0,57,1.0,1
YBR003W,4,0.0,0.0003660587926336918,0.27694995443763853,0.00010029603846101418,0.001990736167722171,80.5,4,0,0.0,0.0,0,0.0,0
YBR102C,13,0.10256410256410256,0.0020897084353212313,0.29523478991100305,0.0002926143042121455,0.004141393297985211,40.0,6,1,8.0,8.0,7,1.0,1
YBR238C,3,0.0,0.00019875520949988603,0.2562740099293995,0.00010921203045621017,0.0014899839422054069,36.0,2,0,0.0,0.0,0,0.0,0
YDL155W,33,0.06818181818181818,0.00216921664414773,0.32197769052074926,0.0005515625680617148,0.016891381852533326,40.0,12,3,12.333333333333334,25.0,24,1.0,1
YDL176W,1,0.0,0.0,0.24377527262352178,4.54928334418155e-05,0.000444432390793628,67.0,1,1,8.0,8.0,7,1.0,0
YDR036C,18,0.1895424836601307,0.0006129080939249316,0.27494307070982954,0.00043836657931195993,0.001641677226863464,14.61111111111111,6,0,0.0,0.0,0,0.0,0
YDR239C,9,0.16666666666666666,0.00013301022152287706,0.2921520723356621,0.0001668240221671753,0.009210263567190671,73.77777777777777,9,2,452.5,559.0,558,1.0,0
YDR332W,2,0.0,0.0001955625368152366,0.24379900579517377,0.00011087907837718249,0.00044469927669761724,34.0,1,0,0.0,0.0,0,0.0,0
YDR372C,6,0.0,0.00022373216117992892,0.2770878548298896,0.0001417875040477447,0.0028101957614434805,47.0,5,0,0.0,0.0,0,0.0,0
YER008C,9,0.1388888888888889,0.000227789920725337,0.2874074931740075,0.00018320786881364333,0.004392714868023128,58.44444444444444,7,2,7.5,8.0,7,1.0,1
YER028C,4,0.0,9.958895384469791e-05,0.2642935607414383,0.00010084826557227615,0.0012299482231344753,40.25,4,0,0.0,0.0,0,0.0,0
YER124C,6,0.13333333333333333,4.617516233599154e-05,0.2722676257706037,0.00013523909640298073,0.001805184134132872,36.333333333333336,5,0,0.0,0.0,0,0.0,0
YER164W,11,0.18181818181818182,0.0001445399825204421,0.2797186805948202,0.00018817718379405665,0.004950713579588745,41.45454545454545,8,4,47.25,133.0,149,0.8233266823870851,0
YFR034C,13,0.08974358974358974,0.0004572424074129781,0.2914041412724882,0.00023826096659327158,0.004947418376471286,37.30769230769231,10,0,0.0,0.0,0,0.0,0
YHL014C,2,0.0,1.3450236878971704e-06,0.25322899059815224,6.151383126324206e-05,0.000753997198106011,56.5,2,0,0.0,0.0,0,0.0,0
YJL155C,4,0.0,0.00014137240998139222,0.26130135003131716,0.00011607493612093424,0.001064699197677869,39.75,3,0,0.0,0.0,0,0.0,0
YJR056C,4,0.16666666666666666,0.00011203816127127329,0.28384035001701646,9.629022007390595e-05,0.005447780198569078,114.25,4,0,0.0,0.0,0,0.0,0
YJR061W,4,0.0,6.157333080306127e-05,0.2773487083868787,0.00010569163256387453,0.0030481435281560793,58.0,3,0,0.0,0.0,0,0.0,0
YKL125W,2,0.0,3.3876179004097667e-06,0.25290930546130663,6.512167868266957e-05,0.0006658314731660916,37.5,2,2,71.0,133.0,132,1.0,1
YKL218C,2,0.0,8.908896711213074e-06,0.265287513959969,5.815646085454558e-05,0.003323360986303699,98.0,2,0,0.0,0.0,0,0.0,0
YLL040C,6,0.0,0.00013712793828811207,0.270824797277362,0.00012528442284387857,0.004066935226436913,48.5,5,0,0.0,0.0,0,0.0,0
YLR314C,29,0.10344827586206896,0.0009202089984997092,0.3079795213411792,0.00045038374552220885,0.025859096447580356,39.55172413793103,15,4,23.25,73.0,72,1.0,1
YMR124W,12,0.045454545454545456,0.00020331865954520048,0.29113311492473726,0.0002365079407496758,0.0035505288952143686,36.166666666666664,9,0,0.0,0.0,0,0.0,0
YMR244W,3,0.0,7.518988655605211e-05,0.26814235871347336,8.298037831448715e-05,0.0010830827570880725,74.0,3,0,0.0,0.0,0,0.0,0
YNL078W,13,0.11538461538461539,0.0016658413117836826,0.30375806502003005,0.000264585703339434,0.004479916625659409,56.92307692307692,10,0,0.0,0.0,0,0.0,0
YNL234W,5,0.0,0.00027700855462641503,0.271338334383479,0.00011246755159724907,0.0016085462987226711,37.2,5,0,0.0,0.0,0,0.0,0
YNR016C,18,0.058823529411764705,0.0008907034896222564,0.31082746701733105,0.00030046720221589356,0.017334915201855088,65.88888888888889,13,0,0.0,0.0,0,0.0,1
YOL019W,2,0.0,1.7974111402070468e-05,0.2603911290449337,6.424971312520535e-05,0.0008427998775164548,67.0,2,0,0.0,0.0,0,0.0,0
YOL070C,12,0.21212121212121213,0.0008388852062550296,0.30731809388539333,0.0002285982077086248,0.006089248557227422,71.16666666666667,10,2,452.5,559.0,558,1.0,0
YPL038W,16,0.075,0.0010981607433564677,0.30150881801518603,0.0002954653664485984,0.007228903669474936,55.3125,13,4,69.5,195.0,194,1.0,0
YPL158C,6,0.26666666666666666,0.000413689921070576,0.28757251814712076,0.0001365740164711056,0.002684991467120496,90.5,6,0,0.0,0.0,0,0.0,0
YBL086C,2,0.0,3.8692525738704985e-06,0.22078835196835897,8.015508015006271e-05,3.731165068003311e-05,4.5,2,0,0.0,0.0,0,0.0,0
YLR025W,9,0.08333333333333333,0.0003686619161913214,0.27172108159994873,0.0002447078030684642,0.0017929786116169097,26.77777777777778,5,3,34.0,95.0,96,0.9592105263157895,0
YNL265C,14,0.16483516483516483,0.00043469812371199406,0.2703715707217801,0.0002865030262457042,0.005606321178109761,20.428571428571427,8,1,11.0,11.0,10,1.0,0
YPL110C,9,0.0,7.516855918667943e-05,0.27110333311953316,0.00018713817246111955,0.0038957596729280145,28.333333333333332,6,2,452.5,559.0,558,1.0,0
YBL089W,5,0.0,0.0004273085907922256,0.2776870135312849,0.00016210508351578409,0.0017209031164581365,67.6,3,0,0.0,0.0,0,0.0,0
YBR068C,6,0.06666666666666667,0.0002643569415954701,0.26822852271048925,0.0001432528805891005,0.001178297939504427,28.333333333333332,4,0,0.0,0.0,0,0.0,0
YLR325C,3,0.0,0.00019723886244281852,0.22261369793093855,0.00014497033054435005,5.013439327185061e-05,5.666666666666667,2,6,258.8333333333333,559.0,589,0.9439786101197695,0
YBL090W,2,1.0,0.0,0.23901703617687578,7.000849990970224e-05,0.00026359554128530557,36.0,2,9,161.77777777777777,559.0,593,0.9319709675949136,0
YBL091C,1,0.0,0.0,0.23399191627967927,4.2338683321045235e-05,0.0010828653105003196,34.0,1,0,0.0,0.0,0,0.0,0
YBL092W,3,0.0,1.5889930503093705e-05,0.24512348159995376,8.116539436140687e-05,0.001160990427694348,26.0,3,6,258.8333333333333,559.0,589,0.9439786101197695,1
YDR026C,4,0.0,7.877805334487671e-06,0.23584304841072967,0.00010527531458466875,0.0003199374631476064,11.25,3,2,452.5,559.0,558,1.0,0
YDR398W,30,0.013793103448275862,0.002761107307888327,0.29945369064575517,0.0005047764674114503,0.02688449991501131,35.166666666666664,15,5,168.0,559.0,619,0.8502282102357388,1
YBR193C,16,0.2916666666666667,0.001559196758554241,0.2976384962292895,0.0003022782332273642,0.004468921154875753,57.25,12,6,59.5,195.0,211,0.9097269239449334,1
YCR081W,8,0.35714285714285715,3.4804328654556194e-05,0.26781257558688065,0.00014802827072159404,0.0017795035006210865,31.75,8,4,46.75,133.0,172,0.7451380388956889,0
YDR308C,12,0.4090909090909091,0.00011334169049842172,0.27139714837164053,0.00021324167861011374,0.002340784082704729,34.083333333333336,11,5,70.0,195.0,211,0.9097269239449334,1
YGL025C,7,0.38095238095238093,8.055111516522566e-05,0.24917228736568436,0.0001413672566207643,0.0007589609555743687,21.428571428571427,5,5,70.0,195.0,211,0.9097269239449334,0
YGL151W,8,0.35714285714285715,6.760781596350383e-05,0.2733673367201711,0.00014552521410889305,0.0035188436243261956,40.0,8,4,69.0,195.0,200,0.9663316582914573,0
YGR104C,29,0.25862068965517243,0.0005840764387216616,0.2997225000628519,0.0004785741973986156,0.007798573911192066,27.79310344827586,12,6,59.5,195.0,211,0.9097269239449334,0
YHR058C,13,0.32051282051282054,0.001296562451990271,0.28128969256109265,0.0002618497185971178,0.002218379609293787,43.0,10,6,59.5,195.0,211,0.9097269239449334,1
YHR147C,3,0.0,5.604010614605568e-06,0.2385957303630249,8.579301406871296e-05,0.0003083736286299556,19.0,3,7,202.14285714285714,559.0,589,0.9439786101197695,0
YKL129C,49,0.08843537414965986,0.0049287649932775734,0.3289781250689868,0.0008562121721647798,0.025962028290701045,37.40816326530612,14,3,37.666666666666664,73.0,72,1.0,0
YLR071C,12,0.3181818181818182,9.277013853720851e-05,0.2751243120220971,0.000206732834947117,0.0024298449683991604,27.5,10,5,70.0,195.0,211,0.9097269239449334,1
YML007W,14,0.13186813186813187,0.0008176995476347841,0.29740872779395816,0.0002721211717515063,0.004476819638836924,53.785714285714285,11,2,10.5,12.0,18,0.7647058823529411,0
YMR112C,7,0.6190476190476191,5.2794704907241935e-05,0.26739791650028055,0.00013754823751433356,0.0019073793965977187,39.42857142857143,7,6,59.5,195.0,211,0.9097269239449334,1
YNL236W,29,0.07635467980295567,0.0016851555810335015,0.30361075267035975,0.0005412258973773058,0.014183359196771269,31.896551724137932,12,5,70.0,195.0,211,0.9097269239449334,0
YNR010W,11,0.2909090909090909,0.00016272202796669454,0.28425920744935895,0.0001867464644146038,0.006223451131264513,41.54545454545455,11,5,70.0,195.0,211,0.9097269239449334,0
YOL051W,23,0.3241106719367589,0.0009481129932628013,0.28524678072959647,0.0004075316147653114,0.0033933994333368244,24.73913043478261,12,5,70.0,195.0,211,0.9097269239449334,0
YOR140W,5,0.3,2.1431352438560644e-05,0.26158795445786354,0.00010893981069156762,0.0013049109733738536,29.4,5,0,0.0,0.0,0,0.0,0
YOR174W,25,0.11666666666666667,0.0007620323018878831,0.298971046803382,0.00041301673910242167,0.01624042552968043,39.2,12,5,70.0,195.0,211,0.9097269239449334,1
YPR070W,8,0.5,2.05590972689972e-05,0.2610017706003573,0.00014863293705459643,0.00134184077908473,29.25,7,2,49.5,74.0,78,0.9683649683649683,0
YPR168W,7,0.2857142857142857,2.094026565630303e-05,0.26497873001694383,0.0001413133236684029,0.0013027980302757636,35.285714285714285,6,5,70.0,195.0,211,0.9097269239449334,1
YBL095W,2,0.0,8.373165226358035e-05,0.24481195503227368,7.04076556369869e-05,0.0003821416913897792,44.0,2,0,0.0,0.0,0,0.0,0
YBR162C,10,0.0,0.00022062990727091846,0.26186149618583365,0.00024035483823074414,0.00167391246724745,9.8,5,1,11.0,11.0,10,1.0,0
YBL097W,1,0.0,0.0,0.22703367978468972,5.238252862101461e-05,0.00012524558406600748,31.0,1,1,5.0,5.0,4,1.0,1
YLR373C,31,0.004301075268817204,0.002755984388140325,0.2944363889506323,0.0008446027233672742,0.0051128016042147435,9.741935483870968,8,0,0.0,0.0,0,0.0,0
YBL098W,1,0.0,0.0,0.22225805343260205,4.900348909894432e-05,9.523911460198292e-05,16.0,1,0,0.0,0.0,0,0.0,0
YDL226C,16,0.03333333333333333,0.0023299202757446074,0.2864540709248602,0.00036754024085584413,0.0038871445617230803,22.4375,7,0,0.0,0.0,0,0.0,0
YBR088C,26,0.07076923076923076,0.0031841885957868757,0.29902459705357065,0.0004418919291616435,0.020669718698213,34.80769230769231,13,3,29.0,56.0,55,1.0,1
YBR264C,12,0.030303030303030304,0.0003274409832469568,0.29614256007865747,0.0002107361908243692,0.012583546169521785,54.333333333333336,9,0,0.0,0.0,0,0.0,0
YBR288C,28,0.037037037037037035,0.0005651300154684732,0.31162039422911,0.000411347370035616,0.04837275159331953,72.35714285714286,17,3,40.0,95.0,94,1.0,0
YCR001W,10,0.022222222222222223,0.0002180749417780186,0.28553950832669645,0.00017946880123260165,0.0149687484960647,59.9,9,0,0.0,0.0,0,0.0,0
YCR014C,12,0.045454545454545456,0.0002483134425213283,0.29364229456204594,0.0002114444273857524,0.01826830200498466,61.083333333333336,9,2,43.0,56.0,55,1.0,0
YCR079W,30,0.04367816091954023,0.0024534237559725365,0.3091200454295923,0.0004964080544793039,0.029276107424160605,43.5,14,0,0.0,0.0,0,0.0,0
YDL004W,2,1.0,0.0,0.26736936664799565,5.429023413770579e-05,0.005388124111736276,118.0,2,4,24.25,56.0,57,0.9523809523809523,1
YDL013W,20,0.03684210526315789,0.0006438247135190289,0.31586547528066694,0.0003366461587000752,0.02028829742392087,61.25,12,2,30.0,58.0,57,1.0,1
YDL164C,21,0.02857142857142857,0.0010026771245679102,0.3044782646999973,0.00032159715153513716,0.03205100222141886,63.95238095238095,15,2,43.0,56.0,55,1.0,1
YDL200C,51,0.04941176470588235,0.001082786970386855,0.3174873518890811,0.00071417845246103,0.07266765411333823,59.411764705882355,17,0,0.0,0.0,0,0.0,0
YDR131C,19,0.08771929824561403,0.0006484773995928934,0.31123309570284957,0.00028402167312825265,0.03309071267107442,79.89473684210526,14,2,35.5,58.0,57,1.0,0
YDR143C,19,0.14035087719298245,0.000399820777292856,0.31233944347054915,0.0003006062533222073,0.03237628396858326,77.89473684210526,14,0,0.0,0.0,0,0.0,0
YDR200C,27,0.04843304843304843,0.0006516059569615216,0.31121375604612284,0.00039723495604437306,0.041837829390966974,65.03703703703704,16,1,6.0,6.0,5,1.0,0
YDR227W,34,0.06417112299465241,0.0013653568034942287,0.3265117006356513,0.0005199249994420162,0.04752540606286827,70.26470588235294,17,4,27.25,83.0,90,0.8404494382022472,0
YDR322C-A,2,1.0,0.0,0.26736936664799565,5.429023413770579e-05,0.005388124111736276,118.0,2,4,26.5,56.0,57,0.9523809523809523,0
YDR419W,11,0.01818181818181818,1.7939955249474437e-05,0.29210095509449757,0.0001667432418435682,0.01733718754593073,69.27272727272727,11,0,0.0,0.0,0,0.0,0
YER059W,19,0.05847953216374269,0.0007886058700296502,0.30858675145103237,0.0003641605858713892,0.018948944556739792,55.578947368421055,10,1,14.0,14.0,13,1.0,0
YER173W,43,0.06755260243632337,0.0006360716446300167,0.3175074791460793,0.0006011761167169779,0.06552438717541077,63.18604651162791,17,2,5.5,6.0,5,1.0,0
YGL131C,7,0.047619047619047616,2.2063881533061675e-05,0.28388861671297216,0.0001303787359925985,0.010857548061168398,63.142857142857146,6,0,0.0,0.0,0,0.0,0
YGL163C,25,0.02666666666666667,0.00018478237443443773,0.3118338195660454,0.0003495244122070867,0.04360213191359079,76.28,17,3,77.66666666666667,195.0,194,1.0,0
YGR123C,17,0.014705882352941176,0.0027501314171560994,0.2953218336016425,0.0003660128254879112,0.014533648405258686,39.94117647058823,9,0,0.0,0.0,0,0.0,0
YJL044C,8,0.03571428571428571,0.00035804042232385927,0.284760232888916,0.0001853177579980575,0.007370543988200825,54.125,5,0,0.0,0.0,0,0.0,0
YJL087C,5,0.1,4.696108640122845e-05,0.28562092820360735,9.980434874782277e-05,0.0056666262930329635,76.0,5,3,74.0,131.0,130,1.0,1
YJL106W,36,0.047619047619047616,0.0015299094526818346,0.3286543064538523,0.0005433747293387282,0.04964969730333095,69.72222222222223,17,2,18.0,19.0,28,0.8518518518518519,0
YJL180C,3,0.3333333333333333,0.00012017390744764462,0.28375994198585014,8.327578652457938e-05,0.003808808701134033,136.66666666666666,3,0,0.0,0.0,0,0.0,0
YKL193C,26,0.046153846153846156,0.0004625670465551783,0.3108660527621039,0.00039776122324502284,0.030536708098003233,53.69230769230769,14,2,4.0,6.0,5,1.0,1
YKL215C,3,0.0,1.019434301315696e-06,0.271544294949591,6.806789424209027e-05,0.00489843901337004,72.66666666666667,3,0,0.0,0.0,0,0.0,0
YLL019C,37,0.025525525525525526,0.0015643698527247735,0.32496515546653615,0.0005430446953312348,0.04128600398060771,58.16216216216216,14,0,0.0,0.0,0,0.0,0
YLR186W,19,0.05263157894736842,0.0002700733635774255,0.3044782646999973,0.00029938716268525136,0.02609605195027825,63.05263157894737,14,2,302.5,559.0,558,1.0,1
YLR222C,29,0.054187192118226604,0.004262323126157836,0.3134929253912278,0.0004676379384750005,0.028432580713355964,48.10344827586207,14,6,141.0,559.0,619,0.8502282102357388,1
YLR238W,11,0.2727272727272727,0.0002687026149726087,0.3072238360968136,0.00018063465317422276,0.018546940163426447,85.27272727272727,10,1,6.0,6.0,5,1.0,0
YLR320W,11,0.0,0.00027057058792660885,0.2937111761699657,0.00020390307806566669,0.015308166967758547,59.90909090909091,8,0,0.0,0.0,0,0.0,0
YLR340W,23,0.015810276679841896,0.0017315129168142425,0.3042563013213204,0.0003905896650756636,0.021397247748712447,44.65217391304348,12,6,258.8333333333333,559.0,589,0.9439786101197695,1
YMR284W,25,0.12,0.00025286042267939196,0.31021139523383434,0.0003531901515552823,0.04788244716501813,76.28,17,4,59.25,195.0,194,1.0,0
YNL012W,10,0.0,0.0001648839703542169,0.29530442075768015,0.00017677042852555662,0.015590103718238204,63.7,8,0,0.0,0.0,0,0.0,0
YNL061W,61,0.12295081967213115,0.002356228752473694,0.3269379839447911,0.0008844369205774335,0.04487726434266415,41.32786885245902,14,0,0.0,0.0,0,0.0,1
YNL090W,16,0.025,0.00022895388407682775,0.30103762553647023,0.0002530757070390409,0.021006125039695248,58.8125,12,0,0.0,0.0,0,0.0,0
YNL113W,26,0.11692307692307692,0.0006297984888097626,0.3165442406807139,0.00042665883683499817,0.03451885851900698,62.73076923076923,14,6,46.666666666666664,195.0,199,0.9538094512968884,1
YNL182C,21,0.11428571428571428,0.0006472602175563264,0.31706526817233827,0.00031606101547755757,0.026224106186724966,71.14285714285714,14,1,3.0,3.0,2,1.0,1
YNL311C,27,0.02849002849002849,0.002152024514463226,0.31011535455419537,0.00040838112706935334,0.03193849691908583,53.851851851851855,16,3,321.0,559.0,614,0.8347476765626411,0
YNL315C,3,0.3333333333333333,4.9538645321587795e-06,0.2710886590554942,7.096794283322069e-05,0.0054802710020244285,84.0,3,0,0.0,0.0,0,0.0,0
YOR386W,10,0.022222222222222223,0.00021290189156395248,0.29434986635617133,0.00017837185957282316,0.0198063210910544,86.3,9,0,0.0,0.0,0,0.0,0
YPL164C,15,0.0380952380952381,7.037600049337447e-05,0.29845438150588494,0.00022482023763042543,0.028289230873875196,80.2,12,1,2.0,2.0,1,0.0,0
YPL271W,3,0.3333333333333333,4.464773643748839e-05,0.2893502210439803,7.619643558558358e-05,0.006287201951694059,172.0,3,4,24.25,56.0,57,0.9523809523809523,0
YPR020W,8,0.10714285714285714,0.0006520378937845488,0.28663440600070134,0.00016938344934321626,0.006459768098648007,54.0,6,4,26.5,56.0,57,0.9523809523809523,0
YPR111W,34,0.07130124777183601,0.0011437013433681757,0.3227453909041278,0.0005007279237517794,0.05105986845333848,68.11764705882354,17,0,0.0,0.0,0,0.0,1
YJL070C,7,0.0,0.002771477467405725,0.2361321535148635,0.000331470919859877,0.0002616805800312204,5.714285714285714,3,0,0.0,0.0,0,0.0,0
YJL162C,2,0.0,1.231105193278338e-06,0.20937972307902405,8.360498386166787e-05,4.0663507560815704e-05,5.0,2,0,0.0,0.0,0,0.0,0
YBL101C,4,0.0,0.00019768276287599552,0.27527552907828157,0.00012229817891662328,0.002917491206815244,45.75,3,0,0.0,0.0,0,0.0,0
YER125W,62,0.03913273400317292,0.0059057721002703616,0.3373770950522233,0.0011668805554141857,0.031042155270889136,33.53225806451613,14,3,20.666666666666668,58.0,57,1.0,1
YOL122C,1,0.0,0.0,0.2154690662558189,5.545300322696805e-05,7.146899320162576e-05,4.0,1,0,0.0,0.0,0,0.0,0
YBL102W,7,0.047619047619047616,0.00042403793313937224,0.2618478055131623,0.0001969815148516075,0.0006000367587014424,23.714285714285715,5,0,0.0,0.0,0,0.0,1
YGR068C,5,0.1,6.420852801088762e-05,0.2723564618005468,0.00011765289809148753,0.0016340824035737838,34.4,5,0,0.0,0.0,0,0.0,0
YBL103C,19,0.05847953216374269,0.0006650582936006511,0.2970030822540624,0.00033257334671322846,0.008089328818250495,30.473684210526315,11,3,90.66666666666667,195.0,194,1.0,0
YDR212W,27,0.045584045584045586,0.0005518806132430066,0.30889126532936073,0.0004015545173472291,0.024140292174033913,41.888888888888886,14,3,9.666666666666666,11.0,12,0.9090909090909091,1
YDR448W,34,0.2014260249554367,0.003388620502499449,0.29742638969358365,0.0005734720142561446,0.007634902423184052,26.235294117647058,12,11,46.18181818181818,195.0,255,0.7764397097421646,0
YFR021W,24,0.05434782608695652,0.0022735689421211503,0.31263189613297476,0.0004330681025670532,0.015147452058778037,35.666666666666664,12,0,0.0,0.0,0,0.0,0
YHR099W,42,0.14285714285714285,0.005288887116143915,0.3069978531353595,0.0007233832466787218,0.010452020179452133,24.761904761904763,12,13,40.53846153846154,195.0,257,0.7653818093385214,1
YIR023W,5,0.2,0.0001254941597360925,0.284760232888916,0.00011675761355601838,0.003143980720690438,91.0,4,0,0.0,0.0,0,0.0,0
YJR066W,28,0.10846560846560846,0.0006564012380061838,0.29995585889981763,0.00047510044749684026,0.012241804875456525,25.464285714285715,12,2,4.5,5.0,4,1.0,0
YML091C,9,0.2222222222222222,4.389456586481276e-05,0.2795313376151284,0.00016511543041485954,0.003857002980019392,36.333333333333336,8,3,192.33333333333334,559.0,559,0.9964221824686941,1
YMR033W,4,0.5,8.0825305269399e-07,0.24193821438820615,9.138169506909551e-05,0.0004367935772028141,17.5,4,8,51.75,195.0,270,0.6167699297810822,1
YNL006W,26,0.13538461538461538,0.0007429391059063567,0.31241737733455527,0.0004182013918994049,0.01901920885670038,38.61538461538461,12,3,5.666666666666667,8.0,10,0.6,1
YNL076W,11,0.18181818181818182,8.064832570521364e-05,0.28157435070839687,0.000196116922030274,0.005151240750181235,30.727272727272727,9,1,2.0,2.0,1,0.0,0
YNL098C,7,0.19047619047619047,2.5442910807421564e-05,0.25853618501188597,0.00015596544366951954,0.0015038237048653738,20.142857142857142,5,0,0.0,0.0,0,0.0,0
YNR023W,8,0.2857142857142857,0.0001302210636661637,0.2592052052608558,0.00015669655438213374,0.0012462527323526054,21.5,7,6,64.5,195.0,269,0.6211507518171225,0
YOL067C,2,1.0,0.0,0.24278263493384336,6.034241299829681e-05,0.0004988611453383968,21.5,2,3,90.66666666666667,195.0,194,1.0,0
YBL104C,9,0.027777777777777776,7.670154965236805e-05,0.28477642440724715,0.00016454764964127686,0.007654810640752298,51.22222222222222,8,0,0.0,0.0,0,0.0,0
YDR316W,11,0.0,0.0006805644158909107,0.2919817510668837,0.0002306581962416574,0.009550957601653736,50.45454545454545,8,0,0.0,0.0,0,0.0,0
YNL054W,3,0.0,1.302971971401878e-05,0.26131498361944355,7.929072898412679e-05,0.0007185483662165989,34.0,3,0,0.0,0.0,0,0.0,0
YBR045C,6,0.2,1.285371639535121e-05,0.27286096301009294,0.00011811948901642444,0.0036874389657621087,41.166666666666664,6,2,4.5,7.0,6,1.0,0
YGL022W,8,0.6071428571428571,0.00015639388518199845,0.2554244683828159,0.0001575123365940212,0.0005134108430972896,17.375,7,2,19.0,29.0,28,1.0,1
YGR254W,67,0.029850746268656716,0.002260662648222021,0.33295858104309634,0.0009577050742184489,0.06371658354875144,41.43283582089552,17,1,5.0,5.0,4,1.0,0
YOR231W,16,0.06666666666666667,0.0005795985735104054,0.31059615355350423,0.00029935920872376697,0.013883649743368103,56.375,10,0,0.0,0.0,0,0.0,0
YCL017C,5,0.0,6.303775536440369e-05,0.25259042647015606,0.00012644716766882977,0.0010050562554883933,20.4,4,1,2.0,2.0,1,0.0,1
YHR098C,8,0.07142857142857142,0.00017583548262857724,0.2962301399450083,0.00016841133585046095,0.005029917776012118,64.375,7,3,15.333333333333334,34.0,33,1.0,1
YHR161C,9,0.1111111111111111,0.0006197644719281643,0.26834349421615167,0.0002005323395315732,0.002550117838077805,17.0,5,0,0.0,0.0,0,0.0,0
YIL033C,16,0.09166666666666666,0.0007983130849730442,0.3018177037513713,0.000269239276852709,0.011953073738904453,59.625,11,2,3.5,4.0,3,1.0,0
YOR197W,9,0.027777777777777776,0.0012458810447697375,0.294176973629971,0.00019828518323679675,0.0029303708766556715,67.11111111111111,7,0,0.0,0.0,0,0.0,0
YPL174C,15,0.06666666666666667,0.0006470205150693935,0.2974440536910711,0.00028478581343236494,0.0038980292846844964,32.13333333333333,9,5,25.2,73.0,73,0.9733637747336378,0
YBL107C,1,0.0,0.0,0.20944101434576404,6.354008485072582e-05,2.834976476894441e-05,3.0,1,0,0.0,0.0,0,0.0,0
YLR348C,1,0.0,0.0,0.00019630938358853554,0.00019627085377821394,6.463110539297873e-30,1.0,1,0,0.0,0.0,0,0.0,0
YBR001C,3,0.0,1.8508677555787934e-05,0.271544294949591,7.617520156039023e-05,0.002351733422227308,62.666666666666664,3,0,0.0,0.0,0,0.0,0
YHR102W,22,0.017316017316017316,0.0017355059423955523,0.30154512469445816,0.00042400485614449705,0.012197477030915903,30.681818181818183,10,1,3.0,3.0,2,1.0,1
YBR004C,1,0.0,0.0,0.22059385905788648,4.940267462109381e-05,0.00015695386115056716,7.0,1,1,8.0,8.0,7,1.0,1
YLR082C,7,0.14285714285714285,0.00023784826292721277,0.283695648354495,0.00016401671651586808,0.00640773127209188,67.14285714285714,6,0,0.0,0.0,0,0.0,0
YBR006W,2,0.0,1.797905661109401e-06,0.23748698259994572,6.769938465611178e-05,0.00019726152276676248,10.5,2,0,0.0,0.0,0,0.0,0
YKL023W,11,0.0,0.0007562303505283121,0.28453374480458216,0.0002617942177275096,0.0028273052394390597,30.454545454545453,6,0,0.0,0.0,0,0.0,0
YBR007C,1,0.0,0.0,0.2518537149778867,4.3751580320307964e-05,0.0020186801472570374,102.0,1,0,0.0,0.0,0,0.0,0
YBR008C,1,0.0,0.0,0.2541929135690126,4.923467194727138e-05,0.0006256621598499456,152.0,1,0,0.0,0.0,0,0.0,0
YBR010W,19,0.10526315789473684,0.00025234134761094177,0.285979727976375,0.0003251728941239906,0.009494950961063226,29.57894736842105,11,3,8.333333333333334,11.0,14,0.6043956043956044,0
YCR084C,21,0.0380952380952381,0.0007397761246978893,0.30251044793731907,0.0003819387095152273,0.018993626437954877,43.19047619047619,11,4,68.75,195.0,195,0.989796457837695,0
YDR224C,24,0.07246376811594203,0.0004524732185406106,0.2974440536910711,0.0003710827051746774,0.01110933363779953,30.625,12,3,7.333333333333333,11.0,12,0.696969696969697,1
YDR477W,49,0.050170068027210885,0.0015413285313526583,0.3239771638560227,0.0007669487147074971,0.03981216463988878,38.6530612244898,16,6,6.0,16.0,15,1.0,0
YGL194C,8,0.6785714285714286,6.8564553719755815e-06,0.25986421294299045,0.00015503772348722538,0.001666706698020448,16.0,7,3,56.333333333333336,133.0,132,1.0,0
YJL081C,18,0.3202614379084967,0.00012951655910817185,0.2954786416548823,0.0002854492632893452,0.010735784389650735,39.77777777777778,10,6,43.833333333333336,133.0,211,0.570029338749718,1
YJL168C,4,0.0,0.0001334500778773464,0.2517777486451968,0.00011824069855366742,0.0008877834922372138,24.75,3,0,0.0,0.0,0,0.0,0
YKR029C,10,0.35555555555555557,3.657075189818826e-05,0.26411237547066685,0.00019773684282838782,0.002170005790561914,18.4,7,3,56.333333333333336,133.0,132,1.0,0
YPL209C,9,0.1388888888888889,0.0006652607043424705,0.28136870651967727,0.00020868008047625653,0.0028404344016423953,40.0,6,3,33.333333333333336,55.0,55,0.9643097643097643,1
YBR011C,21,0.01904761904761905,0.0003198501877494133,0.29975837778610576,0.00034526888241513584,0.016731705844334036,42.142857142857146,13,0,0.0,0.0,0,0.0,1
YDR129C,14,0.15384615384615385,0.0001456038472793094,0.30165409721437425,0.00021484644936529908,0.018745242513454795,61.857142857142854,13,3,43.666666666666664,73.0,72,1.0,0
YGL100W,30,0.052873563218390804,0.0009827371404291204,0.3096743322853061,0.0004630922105899684,0.02262336923087629,36.43333333333333,14,3,29.666666666666668,59.0,59,0.9812974868497955,0
YJR062C,16,0.03333333333333333,4.376552332868517e-05,0.29891751572964814,0.00023481306374559255,0.023986904211106285,64.0,13,0,0.0,0.0,0,0.0,0
YKL108W,22,0.047619047619047616,0.0007577971882393607,0.3201050093346705,0.000345673228895297,0.021380988912716642,60.77272727272727,13,2,11.5,21.0,20,1.0,1
YLR371W,11,0.03636363636363636,0.00016151885155478955,0.2797968143044835,0.00021855823361255832,0.005326302705345158,27.727272727272727,8,0,0.0,0.0,0,0.0,1
YLR425W,8,0.03571428571428571,0.00029543860855239573,0.3004957686476423,0.0001715139011803168,0.006760599581471056,93.875,7,0,0.0,0.0,0,0.0,0
YMR267W,4,0.0,3.1572578850678214e-05,0.2582562252385013,9.140286371841602e-05,0.002462192714098459,31.25,4,0,0.0,0.0,0,0.0,0
YNL180C,11,0.01818181818181818,9.859025739954364e-05,0.2820500634144425,0.00019359764494480448,0.009985303116608314,38.45454545454545,8,0,0.0,0.0,0,0.0,0
YPL066W,3,0.0,1.8130321735738176e-06,0.24503953109497797,8.6540284758941e-05,0.0006125365413899939,16.0,3,0,0.0,0.0,0,0.0,0
YPL111W,14,0.054945054945054944,0.0007215074452286121,0.30581687586555867,0.00025412152919110245,0.01183644703640369,65.28571428571429,11,1,2.0,2.0,1,0.0,0
YBR012C,1,0.0,0.0,0.00019630938358853554,0.00019627085377821394,6.463110539297873e-30,1.0,1,0,0.0,0.0,0,0.0,0
YPL221W,1,0.0,0.0,0.00019630938358853554,0.00019627085377821394,6.463110539297873e-30,1.0,1,0,0.0,0.0,0,0.0,0
YLR116W,19,0.04093567251461988,0.0007809494557275108,0.2713677381908461,0.00039406539573361583,0.002450956260906211,11.368421052631579,8,4,170.5,559.0,558,1.0,1
YBR013C,1,0.0,0.0,0.14947660049096445,9.72932174331456e-05,2.0170567418389694e-08,4.0,1,0,0.0,0.0,0,0.0,0
YGR292W,4,0.0,0.0005866876104457098,0.17600375934953102,0.0003515693339936645,8.200858835286643e-07,1.5,1,0,0.0,0.0,0,0.0,0
YBR014C,5,0.0,0.0005549040009275541,0.28593074766215204,0.00012822074579389673,0.0026833031620504075,94.6,5,0,0.0,0.0,0,0.0,0
YBR101C,14,0.0,0.002544189127496407,0.2915568154645625,0.0003541692274273149,0.004473769314536912,23.642857142857142,6,3,356.0,559.0,558,1.0,0
YBR015C,1,0.0,0.0,0.2156731967983057,4.454355493070257e-05,7.861041884862878e-05,38.0,1,0,0.0,0.0,0,0.0,0
YBR120C,3,0.0,2.6470751210296336e-05,0.26097457016571596,8.062501176991597e-05,0.0037129176999600565,64.66666666666667,3,6,75.33333333333333,266.0,389,0.7843929716693611,0
YDL063C,3,0.0,1.4205408953121323e-05,0.25846947288281236,7.958945599739181e-05,0.0021848500840262017,40.333333333333336,3,0,0.0,0.0,0,0.0,0
YDL204W,6,0.0,0.00031391915812329415,0.28001582109192974,0.00015272064959014035,0.0054634070430385935,59.833333333333336,5,0,0.0,0.0,0,0.0,0
YDR002W,7,0.23809523809523808,0.00013233336319413622,0.2806591748977447,0.00014379065655515717,0.0035388668215457016,41.57142857142857,7,0,0.0,0.0,0,0.0,1
YDR062W,18,0.0718954248366013,0.0005803230275568828,0.3020543378596137,0.0002974746570901665,0.014299870937972615,42.0,12,1,2.0,2.0,1,0.0,1
YEL050C,2,0.0,1.8389252749035377e-06,0.2608794132748336,5.640567601573072e-05,0.0025363782165541836,79.0,2,7,202.14285714285714,559.0,589,0.9439786101197695,0
YEL051W,19,0.16374269005847952,0.0002793240212194382,0.2938317967761957,0.0003112034092055751,0.01517341453350552,39.63157894736842,10,5,12.8,15.0,15,0.9904761904761905,0
YFR030W,14,0.02197802197802198,0.00022177587708306697,0.3028397010551611,0.00021539615392133366,0.021376080921751663,76.64285714285714,13,1,2.0,2.0,1,0.0,0
YGL008C,15,0.02857142857142857,0.00023765608947444583,0.2927155450643048,0.00023949518354754652,0.016311355285222918,47.13333333333333,11,1,4.0,4.0,3,1.0,1
YGL105W,9,0.08333333333333333,3.581312346617673e-05,0.2788310308456884,0.00015546816864053898,0.00909824999254362,44.111111111111114,8,1,3.0,3.0,2,1.0,0
YGL122C,10,0.08888888888888889,0.000302096335118451,0.27684279343597673,0.00019544490769833877,0.005174413737168768,30.7,7,0,0.0,0.0,0,0.0,1
YGL256W,8,0.0,0.0001437466605167568,0.2796718213117185,0.00015107994482440698,0.008092039864233696,53.125,7,0,0.0,0.0,0,0.0,0
YGR005C,10,0.24444444444444444,0.0005069549439476641,0.28635580194684135,0.0001993332111835293,0.004401452112017806,46.6,9,5,83.8,195.0,265,0.7373070325900515,1
YGR094W,13,0.0,0.0003771313583198558,0.2980104115226857,0.00021535746704895922,0.015145617067107299,67.38461538461539,12,0,0.0,0.0,0,0.0,1
YGR119C,39,0.08097165991902834,0.0022201055777198546,0.3120086578650794,0.000688897468228721,0.012047052857233622,30.615384615384617,12,3,29.0,59.0,59,0.9812974868497955,1
YHL034C,34,0.053475935828877004,0.0007773322052713973,0.3158455556568238,0.000497002399517037,0.025174683744341335,42.88235294117647,14,5,162.0,559.0,619,0.8502282102357388,0
YHR020W,25,0.03,0.00027087160666501944,0.3076201078588695,0.00035336019280562535,0.03183238987625263,54.48,16,2,452.5,559.0,558,1.0,1
YIL124W,4,0.0,8.406146696159712e-05,0.2806120000028157,9.677958822252241e-05,0.0054256885458305055,106.25,4,0,0.0,0.0,0,0.0,0
YJL052W,44,0.021141649048625793,0.001201040652107912,0.32730120089205694,0.0006176529873431651,0.0461959585055609,48.72727272727273,17,0,0.0,0.0,0,0.0,0
YJR009C,31,0.02795698924731183,0.0011868781131282886,0.32500733134654475,0.0004674617125450379,0.03533628947503929,59.29032258064516,16,0,0.0,0.0,0,0.0,0
YKL009W,9,0.3888888888888889,0.0005992571954258716,0.27855188965796746,0.00015907018574341163,0.0068229421365441755,51.0,8,0,0.0,0.0,0,0.0,0
YKL060C,41,0.032926829268292684,0.0013940039596208962,0.3311971284254897,0.0005852338116521953,0.04298345998145787,55.21951219512195,17,0,0.0,0.0,0,0.0,1
YKL104C,40,0.03205128205128205,0.0010725936873656986,0.318294437626327,0.0005814116935650814,0.0426496059658208,44.5,17,0,0.0,0.0,0,0.0,1
YKL120W,6,0.0,0.0001670654121213059,0.26699877257971294,0.00014716628573028902,0.002080809011323606,27.0,4,0,0.0,0.0,0,0.0,0
YKL212W,15,0.13333333333333333,0.0007119303705459365,0.2724305361210974,0.00026012214810932315,0.0030959655703911666,42.13333333333333,11,0,0.0,0.0,0,0.0,0
YKR046C,4,0.0,2.198798660323763e-06,0.271015312556832,8.018196777116083e-05,0.007825802275571439,83.25,4,0,0.0,0.0,0,0.0,0
YLR355C,28,0.021164021164021163,0.0002307672612871606,0.31662428727084685,0.00039965534363333685,0.033806825215699776,58.75,16,0,0.0,0.0,0,0.0,1
YMR105C,15,0.0,0.00016538251024459505,0.2955135105056794,0.0002343040388572146,0.015807036615570105,46.46666666666667,12,0,0.0,0.0,0,0.0,0
YMR108W,31,0.02795698924731183,0.00023663387498676415,0.30576086544873354,0.00043751969852877577,0.03722021161886225,44.806451612903224,17,1,2.0,2.0,1,0.0,1
YMR145C,3,0.0,2.8799521779234527e-06,0.26506287250861366,6.823830206384263e-05,0.005786796183675572,87.66666666666667,3,2,35.0,56.0,55,1.0,0
YMR241W,4,0.0,2.4999952398016367e-05,0.2776870135312849,8.46762189168749e-05,0.005386655145373719,68.75,4,0,0.0,0.0,0,0.0,0
YNL035C,2,0.0,7.587144376061712e-07,0.25720845193355873,5.6720096095497105e-05,0.0020451898466579714,56.5,2,0,0.0,0.0,0,0.0,0
YNL124W,8,0.25,4.019165586991725e-05,0.2708540898842818,0.0001484840649335877,0.004363801229633897,28.75,6,2,280.5,559.0,559,0.9964221824686941,1
YNL169C,3,0.0,3.664089226074275e-05,0.26697030789180465,7.479588522896595e-05,0.00238466456447324,74.33333333333333,3,0,0.0,0.0,0,0.0,0
YNR069C,6,0.0,0.00030144361546094017,0.2758820632395205,0.0001538480394218054,0.0039035782967195413,56.666666666666664,4,0,0.0,0.0,0,0.0,0
YOL123W,22,0.03463203463203463,0.0011746450414412187,0.30085678957471346,0.0004059542775984165,0.011097185916047855,34.90909090909091,11,4,41.75,131.0,139,0.887811489938484,1
YOR141C,2,0.0,4.737167391525943e-06,0.25816304000259044,5.887800381730935e-05,0.0020315892457904933,55.5,2,2,47.5,83.0,82,1.0,0
YOR176W,9,0.0,0.0002797842019330169,0.27507897929643843,0.0001953274870141718,0.004598568766703973,26.11111111111111,7,0,0.0,0.0,0,0.0,1
YOR185C,10,0.15555555555555556,0.0001300025416504509,0.27332258109857316,0.00020473854520391358,0.003935856242341881,25.4,7,0,0.0,0.0,0,0.0,0
YOR259C,28,0.25396825396825395,0.0005321561150519299,0.3080742434674451,0.00040373969916509747,0.025092441632688003,42.17857142857143,16,6,25.5,46.0,48,0.9547872340425532,1
YOR317W,9,0.0,0.0005098319220387653,0.2933155476456958,0.00019124273089090061,0.009358999751723761,74.33333333333333,7,1,3.0,3.0,2,1.0,0
YOR374W,39,0.014844804318488529,0.001879140096722823,0.32593797839712707,0.0005497601175047576,0.05034031266855579,55.205128205128204,17,2,35.0,56.0,55,1.0,0
YOR375C,18,0.0196078431372549,0.0001939670656472488,0.2984010352746816,0.00026953779581579594,0.021385325102166133,57.666666666666664,14,0,0.0,0.0,0,0.0,0
YPL266W,5,0.2,1.7386700436271317e-05,0.26626065795057174,0.00010948603454451189,0.0027195355435401312,40.4,4,0,0.0,0.0,0,0.0,1
YBR018C,22,0.030303030303030304,0.0004115795387009511,0.30071227715702525,0.0003477862095880999,0.02282229641516898,45.86363636363637,15,0,0.0,0.0,0,0.0,0
YDR165W,4,0.0,0.00019585125601831495,0.27056144865486764,0.00011178905035561347,0.005497540202773042,55.75,3,1,2.0,2.0,1,0.0,0
YER123W,5,0.0,5.771462835146883e-06,0.26326550546942046,0.00010340825527944549,0.002599806056756061,29.4,5,2,6.0,8.0,7,1.0,0
YGL180W,6,0.13333333333333333,1.6775483605189227e-05,0.2651189971970915,0.00012987164690023376,0.0016935483556107793,20.833333333333332,5,0,0.0,0.0,0,0.0,1
YML115C,20,0.031578947368421054,0.0005981431022858204,0.3073369523840363,0.0003029768543146,0.031424954728850645,62.75,15,2,5.0,8.0,7,1.0,0
YPL031C,52,0.01885369532428356,0.0019669199377194122,0.3141221134000411,0.0008775590284682126,0.032238406676029736,27.5,15,8,6.875,25.0,30,0.7655172413793103,0
YBR155W,15,0.047619047619047616,0.0004715967328322871,0.31075032425701155,0.0002613755270845796,0.01613909434544157,68.53333333333333,11,0,0.0,0.0,0,0.0,1
YBR234C,23,0.09486166007905138,0.0011692821906251968,0.3111750839422339,0.000392594342879814,0.01470061645059324,40.26086956521739,12,5,29.2,73.0,77,0.8855092276144908,1
YCL048W,3,0.3333333333333333,1.9399908796780127e-06,0.2704445691479159,6.939354566970708e-05,0.004666941534319475,63.666666666666664,3,0,0.0,0.0,0,0.0,0
YDR386W,57,0.03070175438596491,0.0026975976446734404,0.33185548476346777,0.0008580397469248458,0.04592593752141876,43.75438596491228,16,1,2.0,2.0,1,0.0,0
YER017C,19,0.011695906432748537,0.0004798576697845134,0.2976915701408854,0.00030340975737748894,0.026084402138171352,58.26315789473684,14,4,4.25,8.0,8,0.7857142857142857,0
YGR083C,23,0.1541501976284585,0.00011987230594364941,0.3020543378596137,0.00032991598751804646,0.02983873758241795,55.34782608695652,16,5,63.2,266.0,270,0.9641470466749277,1
YHL019C,5,0.3,0.00019965749164295262,0.2514364664918045,0.00014928873332659164,0.0014323355079859288,13.8,4,5,33.8,95.0,104,0.8676250933532487,0
YJL092W,20,0.042105263157894736,0.0008730797068488486,0.3132968207212721,0.0003263348392260276,0.02256709261630995,61.45,13,0,0.0,0.0,0,0.0,0
YML102W,7,0.047619047619047616,0.00013325207993536602,0.26647315648046055,0.00015321884989372977,0.002475204538581405,18.142857142857142,6,4,25.75,83.0,86,0.9124487004103967,0
YMR049C,84,0.08089500860585198,0.0048336859268167595,0.3395039978342093,0.0012471847232157379,0.06717422694513378,43.642857142857146,17,0,0.0,0.0,0,0.0,1
YBR082C,7,0.0,2.953369364992628e-05,0.28375994198585014,0.00013345978336012712,0.0075141287351499,46.285714285714285,6,1,46.0,46.0,45,1.0,0
YDL043C,67,0.035278154681139755,0.004789333443563893,0.3286327412106467,0.0010889188495526673,0.05686645162389479,38.64179104477612,17,11,92.45454545454545,559.0,621,0.8449742870500234,1
YDL156W,11,0.0,0.00013649862066519568,0.2870451040835772,0.00017624951031050852,0.010579791641693228,49.63636363636363,10,0,0.0,0.0,0,0.0,0
YDR030C,13,0.02564102564102564,3.559114166695644e-05,0.2896011897797071,0.00019287233976617523,0.01855111237997371,61.0,12,0,0.0,0.0,0,0.0,0
YDR267C,21,0.01904761904761905,0.002465178882353354,0.29914962227035335,0.00034990749528080904,0.025197579678050124,47.57142857142857,14,0,0.0,0.0,0,0.0,1
YDR306C,16,0.08333333333333333,0.0005320440734670755,0.3072992377009605,0.00025803039032766875,0.020922304871782437,69.375,12,1,58.0,58.0,57,1.0,0
YFL038C,25,0.06666666666666667,0.001621764538642713,0.3142009395263648,0.00042974239900111545,0.01595103239081972,40.04,10,0,0.0,0.0,0,0.0,1
YFR031C,12,0.15151515151515152,0.0003910259018344161,0.297320449750683,0.00021003617852093627,0.010394024370239712,42.333333333333336,9,1,5.0,5.0,4,1.0,1
YKR017C,5,0.0,5.6191903961571813e-05,0.27787189170274385,0.0001038443462125182,0.007490898659337046,65.6,4,0,0.0,0.0,0,0.0,0
YLR288C,99,0.0032982890125747267,0.02350207085378683,0.33505237998730636,0.002406936304258066,0.03220290223039337,17.949494949494948,14,2,2.5,3.0,2,1.0,0
YML051W,3,0.0,9.698321323933274e-06,0.2651751456584029,8.607028808539383e-05,0.0029715646695555598,39.333333333333336,2,5,55.4,195.0,194,1.0,0
YML057W,23,0.07509881422924901,0.0002330462446026452,0.30938738423834045,0.00033201155294825213,0.033651640442729676,63.391304347826086,16,2,3.5,4.0,3,1.0,0
YMR094W,11,0.12727272727272726,0.0007523745211722947,0.2893000794853428,0.00021035061096783962,0.011408625291611931,52.45454545454545,7,5,27.4,55.0,54,1.0,1
YNL032W,13,0.05128205128205128,0.00034411297574198026,0.30445975538299425,0.0002264295378452694,0.014137775410525369,69.07692307692308,10,1,6.0,6.0,5,1.0,0
YNL323W,13,0.02564102564102564,0.0002498297273722103,0.29857893025219123,0.0002174458959862738,0.01316737739969437,54.46153846153846,11,0,0.0,0.0,0,0.0,0
YOL100W,15,0.0,0.0003398182331385998,0.31057689297099433,0.0002375203896100806,0.019069492189455403,69.73333333333333,12,0,0.0,0.0,0,0.0,1
YOR276W,13,0.038461538461538464,5.0779400263404624e-05,0.29504347428867483,0.00020422532241939955,0.016623471374152946,58.0,11,4,74.75,266.0,267,0.9916927149334009,0
YPR093C,13,0.11538461538461539,0.00027374289907347793,0.29619510178308917,0.0002156512252647666,0.012845177168364651,47.92307692307692,10,0,0.0,0.0,0,0.0,0
YBR021W,2,0.0,7.824962852599045e-06,0.2300051883375548,7.612630887395038e-05,0.00020682812817520108,15.0,2,0,0.0,0.0,0,0.0,0
YOR128C,23,0.0,0.0021956660295807274,0.2900036465576291,0.0006160657691213118,0.008095129718477808,20.869565217391305,8,0,0.0,0.0,0,0.0,0
YHR123W,14,0.18681318681318682,0.0006051190816490634,0.259285720441616,0.0002656682492973723,0.001239196076902941,41.214285714285715,9,0,0.0,0.0,0,0.0,0
YLR242C,4,0.0,6.675772177708196e-05,0.25232318887854577,0.00010155133681358716,0.0003772857860436078,24.0,4,0,0.0,0.0,0,0.0,0
YHL042W,42,0.13588850174216027,0.0034424968537723685,0.2820818347536049,0.0007883484983845668,0.00311081584055706,28.785714285714285,16,0,0.0,0.0,0,0.0,0
YPR119W,29,0.054187192118226604,0.0015958920100145558,0.31372857529756043,0.0005364838009858802,0.01300360308329022,35.13793103448276,11,3,12.333333333333334,25.0,24,1.0,0
YBR025C,8,0.14285714285714285,6.96222646274286e-05,0.2717505684237794,0.00013850146134395197,0.006460742725991433,45.625,8,0,0.0,0.0,0,0.0,0
YNL088W,23,0.019762845849802372,0.00048740684776326444,0.30418238542667814,0.0003749293966158416,0.013423416984671333,34.43478260869565,13,4,23.25,56.0,59,0.8714202220923437,1
YNL207W,28,0.11375661375661375,0.0002514307282323274,0.29672154606613277,0.00044219733878827437,0.00897684166117572,27.107142857142858,12,0,0.0,0.0,0,0.0,1
YBR027C,4,0.16666666666666666,5.790134450625917e-05,0.2615196582972302,0.00010744448853757167,0.0012504672923754527,47.75,4,0,0.0,0.0,0,0.0,0
YLR353W,4,0.16666666666666666,2.040217703501259e-05,0.26919446256652807,0.00010226217696468083,0.0015242077683953344,49.5,4,0,0.0,0.0,0,0.0,0
YOR046C,7,0.09523809523809523,0.00010164651928204581,0.26382021576328774,0.00016091774737846617,0.002331399244529857,16.0,5,3,211.0,559.0,613,0.8374063056435189,1
YBR028C,6,0.0,9.903835081022018e-05,0.2661050409675498,0.00014852352206384865,0.00267650735377719,39.333333333333336,4,0,0.0,0.0,0,0.0,0
YCR016W,3,0.0,0.000202382783754519,0.2534340135639234,0.00012666912524237264,0.0008549954648772316,35.333333333333336,2,0,0.0,0.0,0,0.0,0
YER015W,3,0.0,3.0160499296753827e-06,0.2508320216382158,8.078414311922803e-05,0.0008717209212087424,27.666666666666668,3,0,0.0,0.0,0,0.0,0
YBR029C,1,0.0,0.0,0.21024107866888822,5.183176920209852e-05,3.9052058949599364e-05,23.0,1,0,0.0,0.0,0,0.0,1
YCR061W,23,0.023715415019762844,0.0016847292677503775,0.2667996471367065,0.0006061290761424341,0.0015891804249894912,14.173913043478262,6,0,0.0,0.0,0,0.0,0
YBR033W,1,0.0,0.0,0.00019630938358853554,0.00019627085377821394,6.463110539297873e-30,1.0,1,0,0.0,0.0,0,0.0,0
YBR034C,9,0.027777777777777776,0.0003857994291445132,0.27034238238423053,0.0002329755724336265,0.0022639055252904623,22.11111111111111,6,0,0.0,0.0,0,0.0,0
YDR249C,1,0.0,0.0,0.21243480556711294,5.1461438265121826e-05,5.5453734132495815e-05,9.0,1,0,0.0,0.0,0,0.0,0
YGR165W,4,0.0,7.501916192513577e-05,0.24955717654343787,0.00010496539371070271,0.00044011719533691804,9.75,4,9,161.77777777777777,559.0,593,0.9319709675949136,0
YGR181W,3,0.3333333333333333,1.5833468589508523e-05,0.2269925206694278,0.00011383904388278097,0.00016423684289308506,7.0,2,2,3.5,5.0,4,1.0,0
YMR048W,9,0.0,0.00014615761497782897,0.2687755165852879,0.00021533274782240195,0.0011937715560925166,17.666666666666668,6,1,3.0,3.0,2,1.0,0
YBR035C,2,0.0,5.773425087456923e-06,0.2712942406180735,5.879729460603884e-05,0.003133088911070295,135.5,2,0,0.0,0.0,0,0.0,0
YDL101C,55,0.04107744107744108,0.0024137908280965643,0.3233079191821222,0.0008802294128789699,0.04946254254991267,39.27272727272727,16,0,0.0,0.0,0,0.0,0
YBR161W,4,0.0,0.00034522970839000444,0.2720605668993566,0.00011665686007348411,0.0010219002263029168,83.0,4,1,2.0,2.0,1,0.0,0
YCL052C,14,0.08791208791208792,0.0005674119832684608,0.2775485162676783,0.0002655152138558703,0.0020763376944916315,31.857142857142858,10,0,0.0,0.0,0,0.0,1
YCR034W,64,0.11607142857142858,0.0022008290868535427,0.28643768807836745,0.001015928487104675,0.005009181916588294,26.109375,17,2,4.0,5.0,4,1.0,0
YDL015C,38,0.3328591749644381,0.001529037555756279,0.29174363465079833,0.0005883421863182824,0.0049520750078569774,41.6578947368421,17,0,0.0,0.0,0,0.0,1
YDL212W,46,0.11594202898550725,0.001507553127764943,0.2814319496544311,0.0007264933967593124,0.0036125799486416772,26.91304347826087,17,0,0.0,0.0,0,0.0,1
YDR276C,16,0.275,0.00017072341502093132,0.26268556467272924,0.00026591912728944904,0.001471803930372508,32.875,12,0,0.0,0.0,0,0.0,0
YDR307W,24,0.2463768115942029,0.0008063335866768349,0.28043916098607174,0.0003954291643982142,0.002927630238308706,44.208333333333336,15,0,0.0,0.0,0,0.0,0
YEL027W,12,0.36363636363636365,8.151791610473138e-05,0.2592588764908508,0.00020692176000390166,0.0011887770668991468,36.416666666666664,9,5,12.6,15.0,16,0.9083333333333333,0
YER026C,18,0.23529411764705882,0.00012314408025365035,0.2665724385804905,0.00028944983122606985,0.0020347638604206538,36.833333333333336,15,0,0.0,0.0,0,0.0,1
YHL003C,15,0.12380952380952381,0.0007758134830440537,0.27611020321132673,0.0002539780535111445,0.0018938250962119876,39.93333333333333,12,0,0.0,0.0,0,0.0,0
YIL114C,8,0.21428571428571427,7.834749446060317e-06,0.23978373993633623,0.00014498921506826118,0.0006395251858696669,34.0,7,0,0.0,0.0,0,0.0,0
YJL196C,31,0.4236559139784946,0.00021929004684908995,0.2756087924306766,0.0004721280586620574,0.0033646593193893,41.096774193548384,17,0,0.0,0.0,0,0.0,0
YJL214W,8,0.4642857142857143,0.00014713572921605587,0.24780381851715674,0.00015197298607016766,0.000860992698320393,46.75,6,0,0.0,0.0,0,0.0,0
YKL065C,50,0.1730612244897959,0.0008416746532511471,0.2894672856346235,0.0007488207764811811,0.005205151791207793,30.06,17,2,452.5,559.0,558,1.0,0
YKL154W,35,0.17142857142857143,0.0013447867043354733,0.28493844091996673,0.0005415067923178089,0.003862205381744935,33.114285714285714,17,3,196.66666666666666,559.0,579,0.9308496333614213,1
YLL048C,6,0.0,0.000242000672335194,0.27203101276683805,0.00013404547639646216,0.00337344525206017,43.666666666666664,5,0,0.0,0.0,0,0.0,0
YLR372W,78,0.11388611388611389,0.00443031086772757,0.29990197461378776,0.0012088030102532354,0.007281823705998185,26.17948717948718,17,0,0.0,0.0,0,0.0,0
YMR306W,3,0.0,7.737604177733268e-06,0.2259377893287434,8.422530443228231e-05,0.00013638328028335134,22.333333333333332,3,1,4.0,4.0,3,1.0,0
YOR016C,42,0.1440185830429733,0.0030416799146414015,0.28216129442536647,0.0006642693922355857,0.004166283369138654,30.214285714285715,17,0,0.0,0.0,0,0.0,0
YPL227C,24,0.19202898550724637,0.00024043051547118958,0.27186857974434125,0.00036685942518873766,0.0026836760945400323,32.958333333333336,16,0,0.0,0.0,0,0.0,0
YPR079W,12,0.030303030303030304,0.0005764356850216021,0.2515374906358423,0.00029300752482999356,0.0004636933603504373,9.416666666666666,5,0,0.0,0.0,0,0.0,0
YBR038W,5,0.0,0.0001635537284417621,0.2765370755921956,0.00011485560545669099,0.0023646008034541688,62.6,5,0,0.0,0.0,0,0.0,1
YPL020C,9,0.0,0.0003337276054092372,0.2726530010370872,0.00021809956227128338,0.0013330212158450434,14.88888888888889,5,1,59.0,59.0,58,1.0,1
YPR106W,14,0.0,0.0009340446020778794,0.28006279573059634,0.0002690956912733319,0.004009394532600161,18.071428571428573,7,0,0.0,0.0,0,0.0,0
YBR093C,7,0.0,0.000142156064877146,0.2642935607414383,0.00014637744491610062,0.003158408667224201,18.714285714285715,5,0,0.0,0.0,0,0.0,0
YIL106W,29,0.046798029556650245,0.0039672135241815495,0.31684462428356136,0.0004891193061692226,0.02002759560261403,38.44827586206897,12,4,71.25,195.0,194,1.0,1
YPL256C,20,0.08421052631578947,0.00043733457495078603,0.2990603078790383,0.00035654298248657517,0.01109203880218107,35.05,12,4,12.75,25.0,30,0.7655172413793103,0
YBR040W,2,0.0,5.854297125054672e-06,0.2623965513726754,5.841564565517416e-05,0.0016417620115533348,55.5,2,0,0.0,0.0,0,0.0,0
YBR041W,1,0.0,0.0,0.2296782067343967,5.186463761420976e-05,0.00010935437493982991,33.0,1,1,3.0,3.0,2,1.0,0
YDL153C,33,0.003787878787878788,0.004518397691475826,0.29889967629805775,0.0008772223492894386,0.004461698825244007,13.545454545454545,9,2,302.5,559.0,558,1.0,1
YBR042C,2,0.0,1.5633675761442047e-05,0.24849233322005732,7.355724142339701e-05,0.0005719346008632584,52.0,2,0,0.0,0.0,0,0.0,0
YHR115C,8,0.14285714285714285,0.00030849106356356737,0.26149234981727437,0.00020470896095807018,0.001843417480889358,16.75,4,0,0.0,0.0,0,0.0,0
YBR043C,3,0.0,0.00019684431484192757,0.22554097883681234,0.00012746428287143847,0.00013995163954646313,9.666666666666666,2,0,0.0,0.0,0,0.0,0
YGR074W,24,0.13405797101449277,0.0009766741098419154,0.2815585212531063,0.000483811888327397,0.004645183514284263,20.291666666666668,11,17,69.17647058823529,559.0,625,0.8344615384615385,1
YGR157W,1,0.0,0.0,0.18375267743066684,6.54076607026768e-05,3.428359418079524e-06,3.0,1,0,0.0,0.0,0,0.0,0
YBR044C,8,0.0,0.0003285040363357554,0.2588702628857319,0.00023462852699521962,0.0009147541521123046,14.5,4,0,0.0,0.0,0,0.0,0
YBR221C,18,0.06535947712418301,0.0005874810569699886,0.2938145591957207,0.0003432247983415211,0.007337164124494251,25.77777777777778,10,4,5.5,7.0,7,0.9047619047619048,0
YDL093W,3,0.3333333333333333,2.876674900095027e-05,0.2375207709404465,9.186062083174908e-05,0.00020719992763747587,39.666666666666664,3,1,2.0,2.0,1,0.0,0
YKL004W,7,0.09523809523809523,5.2187983649078585e-05,0.23980670222888462,0.0001615825892268621,0.00034344613115326443,21.285714285714285,5,0,0.0,0.0,0,0.0,1
YKL141W,3,0.0,0.00022915195917856928,0.2595679179087979,9.747983114610401e-05,0.00051952754982071,57.666666666666664,3,2,30.0,56.0,55,1.0,1
YKL148C,1,0.0,0.0,0.2052860177911323,5.434169638822145e-05,2.2412643528232345e-05,8.0,1,3,24.666666666666668,56.0,55,1.0,0
YLL041C,2,0.0,6.010442122062666e-06,0.2465109502411899,6.631052308252001e-05,0.0014808065288340374,26.5,2,2,30.0,56.0,55,1.0,0
YBR047W,2,0.0,2.4162056645502535e-05,0.2649086520707847,6.349153211184737e-05,0.0014096945219440127,75.5,2,0,0.0,0.0,0,0.0,0
YBR049C,12,0.09090909090909091,0.0006221988019645387,0.28508441348191343,0.0002258467009223277,0.005914398111417442,39.166666666666664,7,0,0.0,0.0,0,0.0,1
YDR130C,8,0.21428571428571427,0.00026566122635538907,0.2948350489227206,0.000171522045012292,0.007477794815497911,72.875,7,0,0.0,0.0,0,0.0,1
YDR303C,6,0.13333333333333333,0.00011289280599971924,0.2676837507242253,0.00013655273019223848,0.002222800331927655,30.333333333333332,5,2,50.0,83.0,82,1.0,1
YLR176C,11,0.2545454545454545,0.0001970441883538741,0.2610289767055952,0.00021306678075049508,0.0016098723872253304,17.181818181818183,7,0,0.0,0.0,0,0.0,0
YBR050C,4,0.3333333333333333,3.0444397767365756e-05,0.27468672056437526,8.82364050330383e-05,0.004459457542760082,75.75,4,2,4.5,7.0,6,1.0,0
YBR052C,1,0.0,0.0,0.2240076471978824,4.58713820883027e-05,0.0003976287686839651,13.0,1,0,0.0,0.0,0,0.0,0
YDR032C,13,0.038461538461538464,0.00039540536094508387,0.2893669387595479,0.00025078080144311086,0.016233749667276635,60.0,10,0,0.0,0.0,0,0.0,0
YBR053C,1,0.0,0.0,0.24219560791383796,4.586516073383975e-05,0.0005538916459932176,71.0,1,0,0.0,0.0,0,0.0,0
YBR054W,15,0.08571428571428572,0.0019392022027138564,0.2866508113581877,0.00030323043510015234,0.0026429722529422214,43.4,8,0,0.0,0.0,0,0.0,0
YCL038C,5,0.0,0.00015702748961623296,0.2668138605322175,0.00012752460690392247,0.0008816586581722684,46.8,4,0,0.0,0.0,0,0.0,0
YHR072W,2,0.0,1.8549838288686915e-05,0.25869643471333964,6.252809414563826e-05,0.000880358162802897,56.0,2,0,0.0,0.0,0,0.0,1
YKR039W,6,0.3333333333333333,7.559093940603422e-06,0.24985597286356973,0.00011743441416971523,0.0007060446666044976,59.5,6,0,0.0,0.0,0,0.0,0
YNL048W,13,0.21794871794871795,0.00014926451072901566,0.2597563910611615,0.0002324238293035446,0.001508935433138599,47.61538461538461,9,0,0.0,0.0,0,0.0,1
YNR017W,10,0.1111111111111111,0.0022154496453561925,0.27951573702702615,0.00029599041617309527,0.004330362083126582,22.1,4,5,9.2,18.0,24,0.644927536231884,1
YOR040W,2,0.0,9.39306648175959e-06,0.24234796167861486,6.673905832617244e-05,0.0002091483224193715,22.0,2,0,0.0,0.0,0,0.0,0
YOR254C,22,0.16883116883116883,0.0007846945414099985,0.2893836584070177,0.0003616614506779832,0.0041497024653549056,35.22727272727273,14,4,12.25,29.0,28,1.0,1
YBR121C,3,0.0,2.376544370129206e-06,0.2553984179525882,6.837810072707307e-05,0.0034384739566274665,70.0,3,0,0.0,0.0,0,0.0,1
YBR133C,9,0.05555555555555555,0.0005772715649567653,0.27876895113270933,0.0001868042300297819,0.005188437254080387,32.666666666666664,6,0,0.0,0.0,0,0.0,0
YBR149W,3,0.0,0.00019601543200577435,0.24867740695383592,0.00010789627995875435,0.002338389477739418,39.666666666666664,2,0,0.0,0.0,0,0.0,0
YBR152W,19,0.22807017543859648,0.00046317513116254396,0.29495659458482065,0.0003301938241399424,0.007028550303849231,40.526315789473685,11,7,133.57142857142858,559.0,619,0.8502282102357388,1
YBR169C,14,0.03296703296703297,0.00013239625583411478,0.2912516268928969,0.00021840172345718122,0.013286573250373872,42.285714285714285,12,0,0.0,0.0,0,0.0,0
YCL043C,15,0.009523809523809525,0.00033090030412297335,0.2910316099744468,0.00026454284026245693,0.01218395123624733,44.0,10,0,0.0,0.0,0,0.0,1
YCR053W,4,0.0,1.967261812221598e-06,0.2588702628857319,8.12825510485998e-05,0.004031004186553392,56.75,4,0,0.0,0.0,0,0.0,0
YDL064W,7,0.09523809523809523,0.00029180390486205246,0.27198669360542277,0.0001422763547244497,0.0035892385729435414,33.57142857142857,6,0,0.0,0.0,0,0.0,1
YDL078C,1,0.0,0.0,0.24768127076060806,4.2845868982405484e-05,0.0017924042757596775,106.0,1,0,0.0,0.0,0,0.0,0
YDL124W,2,0.0,5.870973400572864e-07,0.2518157260822693,5.544329204196962e-05,0.0028707498707741842,87.5,2,0,0.0,0.0,0,0.0,0
YDR037W,6,0.2,6.593709207655851e-05,0.2845175808697526,0.00012171722582025887,0.008261491324460178,78.16666666666667,5,0,0.0,0.0,0,0.0,1
YDR158W,4,0.0,4.26267451142781e-05,0.26433540803558636,8.758281289074409e-05,0.0037552146519722373,51.25,4,0,0.0,0.0,0,0.0,0
YDR353W,10,0.044444444444444446,0.0002254352370698962,0.2824317924801362,0.00018685222008485238,0.007127961954512046,55.7,8,0,0.0,0.0,0,0.0,1
YDR473C,12,0.5151515151515151,0.00020100291666682303,0.28500329915496814,0.00021056939722047398,0.006276190691516532,47.0,11,7,135.85714285714286,559.0,619,0.8502282102357388,1
YEL034W,15,0.01904761904761905,0.00029538283171497793,0.2987926844082004,0.00024243085022919,0.01474753116624127,54.06666666666667,11,5,240.0,559.0,589,0.9439786101197695,1
YER003C,2,0.0,4.327350532383743e-06,0.2682859961458247,5.695961687693432e-05,0.00436614957154536,132.5,2,0,0.0,0.0,0,0.0,1
YER043C,40,0.02564102564102564,0.0015664648404235411,0.32971448163596145,0.0005665396636812707,0.04356495083898764,54.575,17,0,0.0,0.0,0,0.0,1
YER091C,37,0.028528528528528527,0.0005928294220207928,0.32874059573680703,0.0005198291441471548,0.044436762492046734,60.891891891891895,17,0,0.0,0.0,0,0.0,0
YER172C,27,0.22507122507122507,0.001281996095256064,0.29069377073830494,0.00047974316004595287,0.008643399739389927,29.666666666666668,12,10,105.5,559.0,619,0.8502282102357388,1
YFL017W-A,33,0.1856060606060606,0.00045419434715122665,0.28676570146294045,0.0005444692143263359,0.009028765773246867,25.666666666666668,12,12,73.0,559.0,565,0.9764513901964477,1
YGL202W,7,0.047619047619047616,5.4161361797176045e-05,0.27801071196504334,0.00012554137971878778,0.008089330943459082,61.0,7,0,0.0,0.0,0,0.0,0
YGL245W,28,0.031746031746031744,0.00042191287167020345,0.3108853492272039,0.0004115864371556621,0.03361530545686832,56.92857142857143,17,1,3.0,3.0,2,1.0,1
YGL253W,12,0.015151515151515152,5.419757316232869e-05,0.29388352165533715,0.00018832580606627797,0.015554498404558768,66.16666666666667,12,0,0.0,0.0,0,0.0,0
YGR061C,2,0.0,3.5815733613067652e-06,0.25683912697693617,5.9743728686179146e-05,0.0019807251435407843,62.5,2,0,0.0,0.0,0,0.0,0
YGR204W,6,0.0,0.00023134035388274452,0.2745361495395634,0.00012676598853410671,0.003862483356303493,60.0,6,0,0.0,0.0,0,0.0,0
YHR019C,8,0.0,4.816411231523569e-05,0.2660484980637586,0.00014812744658872053,0.004795694886938103,37.625,7,0,0.0,0.0,0,0.0,1
YHR208W,3,0.0,1.0991331531777334e-05,0.25222153276175935,8.377110234724528e-05,0.002265867377238302,42.666666666666664,3,1,2.0,2.0,1,0.0,0
YJL080C,10,0.044444444444444446,0.0002818579394319367,0.28086378286508834,0.00017463062930178587,0.006251849381093209,43.3,8,2,287.0,559.0,558,1.0,0
YJL167W,6,0.0,1.2904628465540968e-05,0.26119233251891816,0.00011579570674602298,0.00523182931589108,43.333333333333336,5,0,0.0,0.0,0,0.0,1
YJR104C,9,0.08333333333333333,0.00011511599334469078,0.2742505188944395,0.00016591746173970934,0.010252984166313995,62.111111111111114,8,1,2.0,2.0,1,0.0,0
YJR105W,4,0.0,3.643825035695612e-05,0.2651330320831263,9.998056766293944e-05,0.004496198921580404,54.0,3,0,0.0,0.0,0,0.0,0
YKL085W,24,0.03985507246376811,0.00029597349516702375,0.304348746721576,0.0003537574054404916,0.02149953087152925,41.875,13,2,35.0,56.0,55,1.0,0
YKL157W,5,0.0,0.00012147442911603797,0.27571500005781746,0.00012385356356786457,0.0027415965348645136,59.4,4,0,0.0,0.0,0,0.0,0
YLL026W,20,0.021052631578947368,0.000535921937845941,0.308396734978464,0.00031861549863541194,0.017107884453335203,47.45,12,0,0.0,0.0,0,0.0,0
YLR153C,5,0.0,0.00014877526739410526,0.2874074931740075,0.00010669936599144803,0.005325996061163026,111.8,5,0,0.0,0.0,0,0.0,1
YLR432W,13,0.01282051282051282,0.0002181431710359569,0.2831343194103825,0.00021580392596249668,0.008210046657316892,38.69230769230769,10,0,0.0,0.0,0,0.0,0
YLR446W,8,0.0,0.00026920194938031097,0.2793909949821631,0.0001965424454944462,0.004780452203499472,36.75,6,0,0.0,0.0,0,0.0,0
YMR120C,2,0.0,6.298743679793022e-07,0.2537936037321503,5.5120404121827745e-05,0.003480434502291627,82.5,2,0,0.0,0.0,0,0.0,0
YNR001C,30,0.034482758620689655,0.0018747633122555949,0.3211930338004396,0.00044300195174151047,0.03657174498891433,63.06666666666667,16,2,35.0,56.0,55,1.0,0
YOR120W,1,0.0,0.0,0.24768127076060806,4.2845868982405484e-05,0.0017924042757596775,106.0,1,0,0.0,0.0,0,0.0,0
YOR159C,16,0.14166666666666666,0.00038527603049080144,0.27911073205808373,0.0003185644526095959,0.004347532304972234,24.1875,10,14,80.64285714285714,559.0,619,0.8502282102357388,1
YOR335C,4,0.0,2.935749209113914e-06,0.2623140929162654,8.1189879536112e-05,0.00540312710718535,66.5,4,0,0.0,0.0,0,0.0,1
YPL004C,14,0.01098901098901099,0.000607395793114935,0.303647567360874,0.0002501452796886838,0.012263608163004473,59.07142857142857,11,1,2.0,2.0,1,0.0,0
YPL028W,5,0.0,1.4552861093622151e-05,0.2598237692493388,0.00010740047773984078,0.003960007884673711,45.2,4,0,0.0,0.0,0,0.0,1
YPR082C,8,0.5,0.00015975452209661728,0.26525941295748395,0.00015812577204214168,0.0033031320019654407,39.5,7,6,127.66666666666667,559.0,558,1.0,1
YPR178W,37,0.15465465465465467,0.0021500432397428934,0.32515503317861816,0.0005544223864030629,0.03773077808753075,57.54054054054054,16,7,133.57142857142858,559.0,619,0.8502282102357388,1
YPR182W,35,0.11260504201680673,0.0024253666253225953,0.3095786238132189,0.0005991653054203837,0.011886409869004605,33.94285714285714,12,12,73.0,559.0,565,0.9764513901964477,1
YBR056W,1,0.0,0.0,0.00019630938358853554,0.00019627085377821394,6.463110539297873e-30,1.0,1,0,0.0,0.0,0,0.0,0
YFR007W,1,0.0,0.0,0.00019630938358853554,0.00019627085377821394,6.463110539297873e-30,1.0,1,0,0.0,0.0,0,0.0,0
YBR057C,8,0.03571428571428571,0.00011662720450085625,0.2662181989076838,0.00018538183572860465,0.001443229158188503,19.125,4,0,0.0,0.0,0,0.0,0
YCL055W,6,0.06666666666666667,0.00012958638610273683,0.2589505700868753,0.00016185505484262616,0.000968094159234647,20.166666666666668,4,0,0.0,0.0,0,0.0,0
YDR206W,13,0.01282051282051282,0.00041331370433508104,0.2874239871477908,0.00023433437899267196,0.005245482811036189,28.692307692307693,8,2,287.5,559.0,558,1.0,0
YKL098W,4,0.0,7.815433942003633e-05,0.25607746068362075,8.918956850699748e-05,0.0015120149552527,27.75,4,0,0.0,0.0,0,0.0,0
YKR031C,2,0.0,2.5599725014852123e-05,0.2364777834671257,6.664519954441995e-05,0.0002992006676710069,24.0,2,0,0.0,0.0,0,0.0,0
YOL059W,3,0.0,9.7068276044951e-06,0.2507064612329306,8.511234074787732e-05,0.0008780234692300605,21.666666666666668,3,0,0.0,0.0,0,0.0,0
YOL064C,3,0.0,4.640705712467926e-06,0.23306635841827236,9.446953783459752e-05,0.00012627308543270552,11.0,3,0,0.0,0.0,0,0.0,0
YOL132W,27,0.11965811965811966,0.0009518645786441004,0.27450605514114856,0.0004909092039209935,0.0025142895053623954,29.25925925925926,12,0,0.0,0.0,0,0.0,0
YOR123C,11,0.21818181818181817,0.00015627025473505715,0.2678555447668336,0.00020167087256887256,0.0014555083622421433,16.09090909090909,8,3,33.333333333333336,74.0,85,0.7873949579831933,0
YBR058C-A,3,1.0,0.0,0.21124311341896557,8.669067197597863e-05,0.00010550940975228086,6.333333333333333,3,0,0.0,0.0,0,0.0,1
YGR038W,5,0.7,1.5423478935995817e-05,0.23831190407547845,0.00011961328134771864,0.0005217493349694664,10.0,4,0,0.0,0.0,0,0.0,0
YLR350W,6,0.4666666666666667,0.00014408124554187666,0.2610834059349557,0.00013355019873145766,0.0027289305933151102,24.166666666666668,4,0,0.0,0.0,0,0.0,0
YMR296C,8,0.2857142857142857,0.00012615626511465388,0.2554374955908734,0.00016963810378211496,0.0010541022026425765,16.625,4,1,2.0,2.0,1,0.0,1
YER144C,5,0.0,9.720402087636898e-05,0.256905000053873,0.00012636205637984294,0.0008312692758069465,22.4,4,0,0.0,0.0,0,0.0,0
YFR014C,3,0.0,2.135920803646346e-05,0.2538965312810633,8.300025276396858e-05,0.0014541444593564863,37.0,3,0,0.0,0.0,0,0.0,0
YGL213C,11,0.03636363636363636,0.0006356653888234003,0.2771185180130723,0.00023847167991048452,0.004706411490932647,19.181818181818183,5,1,3.0,3.0,2,1.0,1
YGR199W,3,0.3333333333333333,6.0767100433321676e-05,0.2505559545775304,7.902909241888352e-05,0.00047896770126650364,35.0,3,0,0.0,0.0,0,0.0,0
YJL039C,7,0.09523809523809523,0.00017385337553114526,0.27765622441790966,0.00014395087983109882,0.003396671330362396,47.42857142857143,7,1,59.0,59.0,58,1.0,1
YML014W,3,0.0,0.00014354872546406189,0.24046298137364389,9.344563938571562e-05,0.0004422151202153947,11.666666666666666,3,0,0.0,0.0,0,0.0,0
YMR144W,4,0.0,0.000129983984840237,0.2686890008610652,0.00010134170945013567,0.0013249626934173904,46.75,4,0,0.0,0.0,0,0.0,0
YOR061W,64,0.07936507936507936,0.0026432305205908975,0.32646913343655926,0.0009683552110457891,0.03166298603481941,32.078125,14,3,6.0,8.0,9,0.7777777777777778,0
YPR033C,4,0.0,1.4873123692716774e-05,0.2558550690191701,9.451555442145922e-05,0.001457552446366122,19.75,3,0,0.0,0.0,0,0.0,1
YBR060C,8,0.6428571428571429,7.887097404912789e-05,0.2712501611812313,0.00017616794256096425,0.00230867056063505,38.5,6,7,20.285714285714285,56.0,57,0.9505012531328321,1
YHR118C,7,0.8571428571428571,3.983343732877202e-05,0.26942616472377506,0.000158762711573127,0.0022305393050176814,40.857142857142854,6,7,20.285714285714285,56.0,57,0.9505012531328321,1
YLL004W,8,0.5714285714285714,0.0001429842649549954,0.24700941882275868,0.000187890763517149,0.0006298846009011595,10.375,6,7,20.285714285714285,56.0,57,0.9505012531328321,1
YML065W,11,0.36363636363636365,0.0002604778630349798,0.28524678072959647,0.00022134490580323485,0.004978565068798013,39.18181818181818,6,7,20.285714285714285,56.0,57,0.9505012531328321,1
YPR162C,7,0.7619047619047619,2.7511946343657508e-06,0.24558021849810016,0.00015900450432215242,0.0006235319390027245,11.714285714285714,6,7,20.285714285714285,56.0,57,0.9505012531328321,1
YBR061C,20,0.0,0.0015298926873871727,0.2687755165852879,0.0005859576487593209,0.0008223631999454218,6.35,5,0,0.0,0.0,0,0.0,0
YDR383C,10,0.0,0.0008477126554244252,0.29047459552547583,0.00024204276736395876,0.00283734923946566,39.9,6,1,55.0,55.0,54,1.0,0
YDR461W,2,0.0,1.542946316974865e-05,0.22333837128429232,7.25546271621302e-05,8.027266849486632e-05,16.5,2,0,0.0,0.0,0,0.0,0
YGR195W,16,0.4083333333333333,0.0002644543348978965,0.28297434748009803,0.00029199729788903826,0.0032491830659136653,26.1875,9,6,32.166666666666664,131.0,136,0.9196078431372549,1
YGR201C,2,0.0,7.814699341293666e-06,0.21284105971060538,8.355578737062418e-05,2.2530051603929662e-05,12.0,2,0,0.0,0.0,0,0.0,0
YGR235C,1,0.0,0.0,0.2114660942429596,5.407902090645831e-05,2.0164437684374348e-05,20.0,1,0,0.0,0.0,0,0.0,0
YGR277C,2,0.0,4.826507282637902e-06,0.21837205040550492,7.216844279463554e-05,5.483848329458955e-05,17.5,2,0,0.0,0.0,0,0.0,1
YHR008C,4,0.0,8.847048641721014e-05,0.264474994774793,9.544005582224922e-05,0.0035545109681696606,42.5,4,0,0.0,0.0,0,0.0,0
YHR022C,5,0.0,0.00018747622727726616,0.27705719843172294,0.0001357617581377892,0.005562750875326939,56.2,3,0,0.0,0.0,0,0.0,0
YHR059W,3,0.0,4.764947736531857e-05,0.24938320848729048,8.888059732932812e-05,0.0007029466957429987,38.666666666666664,3,0,0.0,0.0,0,0.0,0
YJL016W,3,0.0,1.688315352458813e-05,0.2439058622796462,8.622996017135939e-05,0.0003238627714504056,17.0,3,0,0.0,0.0,0,0.0,0
YJL097W,2,0.0,2.7045480530196112e-05,0.22528734542082027,7.545206662486492e-05,4.524146643653834e-05,20.5,2,0,0.0,0.0,0,0.0,1
YJL140W,14,0.38461538461538464,0.001591465775789744,0.2986501476476002,0.0002876706309513506,0.005210676776456856,55.785714285714285,10,8,114.75,559.0,763,0.602910874672776,0
YJL166W,2,0.0,2.5759701054936076e-05,0.25133552346315324,7.685796842424404e-05,0.00045008182000109184,72.5,2,2,33.0,56.0,55,1.0,0
YBR063C,1,0.0,0.0,0.22745642290977133,4.4205287634158165e-05,0.0005071966736926567,15.0,1,0,0.0,0.0,0,0.0,0
YDR369C,15,0.047619047619047616,0.00047209547331908744,0.29514779751607373,0.00026178762963481166,0.0207045114473131,61.86666666666667,9,4,59.5,195.0,194,1.0,0
YBR065C,6,0.4666666666666667,7.71789479169508e-05,0.26411237547066685,0.0001281467101493404,0.0015114634206967836,35.5,6,2,325.0,559.0,558,1.0,0
YBR066C,2,0.0,8.4812069890201e-06,0.274671656029958,6.461765354546172e-05,0.00187432024950683,164.5,2,0,0.0,0.0,0,0.0,0
YBR067C,3,0.0,0.00021493492371766967,0.2684585643251638,0.000134533842173013,0.0009189855444307741,95.33333333333333,2,0,0.0,0.0,0,0.0,0
YNL237W,5,0.0,0.0001677046083880971,0.2607571706174965,0.00014978873106375487,0.0007892591301886693,29.8,3,0,0.0,0.0,0,0.0,0
YPR138C,1,0.0,0.0,0.2112698462857612,6.782943555783008e-05,2.251729061244059e-05,3.0,1,0,0.0,0.0,0,0.0,0
YDR046C,8,0.39285714285714285,2.6714155253740953e-05,0.2562740099293995,0.00016095962478816867,0.0009036855598321848,54.0,6,1,17.0,17.0,16,1.0,0
YJR001W,5,0.0,0.0002963786806266079,0.2555417611128249,0.00015412202080795353,0.00045729990745408804,15.0,4,0,0.0,0.0,0,0.0,0
YDL199C,5,0.0,0.00013777139295227976,0.26497873001694383,0.0001264294198672326,0.0008899970882890485,25.4,5,0,0.0,0.0,0,0.0,0
YLR343W,13,0.2564102564102564,8.931621387388641e-05,0.2672124513711922,0.00022134329312081005,0.0018606185618830471,33.84615384615385,10,0,0.0,0.0,0,0.0,0
YOL109W,2,0.0,2.3086876999684397e-05,0.24069410688438367,6.941056099450763e-05,0.0003509733073613681,15.5,2,0,0.0,0.0,0,0.0,0
YPL233W,3,0.0,3.349834726217026e-05,0.2633624113188334,8.201187727654397e-05,0.00109244965848178,52.666666666666664,3,3,34.0,55.0,54,1.0,1
YBR070C,1,0.0,0.0,0.206046117416804,5.528457096231714e-05,4.0251070785041895e-05,5.0,1,1,2.0,2.0,1,0.0,1
YJL019W,5,0.0,0.0022297468768726954,0.2600801254634811,0.00015180257352718978,0.001643238271162324,23.2,3,0,0.0,0.0,0,0.0,1
YBR094W,7,0.14285714285714285,7.847873607836218e-05,0.28767162412695324,0.00014230507917249683,0.004158708963074987,37.57142857142857,6,2,287.5,559.0,558,1.0,0
YBR103W,29,0.0812807881773399,0.0021063180451999304,0.3144179155031863,0.00048257649218624854,0.022254622179606613,42.62068965517241,13,3,56.333333333333336,133.0,132,1.0,0
YCR005C,6,0.0,2.9365202606525684e-05,0.2800941209132741,0.00012163014383918697,0.007734562674210789,56.5,5,0,0.0,0.0,0,0.0,0
YDL193W,14,0.02197802197802198,0.00041975396508741355,0.30225485673206126,0.0002632250543950215,0.013329011982882655,51.0,10,0,0.0,0.0,0,0.0,1
YFL034C-B,15,0.0380952380952381,0.0006539057052710123,0.3023278387088166,0.00026062383082902496,0.013912269774065752,47.666666666666664,10,1,2.0,2.0,1,0.0,1
YGL208W,26,0.021538461538461538,0.0002995456207797965,0.30975094168162876,0.000379842783287231,0.04322995129643792,67.96153846153847,17,4,7.5,16.0,15,1.0,0
YHR107C,45,0.05555555555555555,0.0034619266421601308,0.3192073279828078,0.0006948900867380663,0.03950279766790291,39.022222222222226,17,4,23.25,73.0,72,1.0,1
YHR120W,10,0.022222222222222223,9.135658325123425e-05,0.29334990781059306,0.00016385816041996197,0.020993660019747486,91.7,8,0,0.0,0.0,0,0.0,0
YIL046W,34,0.06060606060606061,0.001722755784117447,0.3160249227694507,0.0005663039063287169,0.0390440395238029,53.088235294117645,16,5,16.8,58.0,57,1.0,1
YIL128W,23,0.13043478260869565,0.002043604148470868,0.3109046480880412,0.0003843521501573694,0.032903844995315026,60.73913043478261,15,0,0.0,0.0,0,0.0,0
YIL147C,13,0.11538461538461539,0.0004079422863990591,0.3010557210898206,0.00021052655497453597,0.018901560677177395,66.6923076923077,11,0,0.0,0.0,0,0.0,1
YJR053W,15,0.12380952380952381,0.0012140473909389492,0.30471909077940224,0.0002466580712312219,0.017008919191808157,53.733333333333334,11,1,2.0,2.0,1,0.0,0
YJR076C,37,0.06456456456456457,0.002796071839232936,0.3128467097289184,0.0005679666589366914,0.0293675173508576,37.972972972972975,15,4,23.25,73.0,72,1.0,1
YKL139W,21,0.0380952380952381,0.0009172998555735742,0.3025287209936729,0.0003416277993004858,0.017546615851661777,43.38095238095238,12,3,74.33333333333333,195.0,214,0.8490632267122987,1
YLL011W,24,0.07971014492753623,0.00013053931832442413,0.30390552039139895,0.00032856620271779207,0.03420934105062642,63.791666666666664,14,3,208.33333333333334,559.0,558,1.0,1
YLR097C,17,0.125,0.00012788511804316988,0.30027957167997216,0.00025467304843410847,0.025817907313190554,68.41176470588235,14,2,35.5,58.0,57,1.0,1
YLR208W,20,0.12631578947368421,0.0033566671373944615,0.2939007673288102,0.00036488836355981973,0.007526482784793562,25.8,11,8,33.0,95.0,163,0.479815193516625,1
YML112W,13,0.05128205128205128,0.0002938366051690978,0.29310955557150203,0.00022949622486021979,0.017597784613935918,58.84615384615385,10,3,74.33333333333333,195.0,214,0.8490632267122987,0
YMR055C,19,0.10526315789473684,0.0003890434109162417,0.30929185302601464,0.0003289809536068503,0.028182182481807216,68.36842105263158,12,1,2.0,2.0,1,0.0,0
YNL128W,12,0.045454545454545456,0.0001045548031378587,0.29322968243853953,0.00020010615607236656,0.02223058568788178,76.66666666666667,10,0,0.0,0.0,0,0.0,0
YNR019W,8,0.0,0.0008883386576690002,0.28871637609098144,0.00015951584338656314,0.006038032271597154,66.125,7,0,0.0,0.0,0,0.0,0
YOR319W,24,0.06884057971014493,0.0013981342580021738,0.3085677392674669,0.00038833017968641336,0.027086235009845763,52.375,14,7,109.28571428571429,559.0,561,0.9900942195059842,1
YPL169C,14,0.04395604395604396,0.0004846001606266117,0.28739100109314597,0.00029366570695997605,0.0072033349680147435,27.857142857142858,8,2,30.5,59.0,58,1.0,1
YBR073W,4,0.16666666666666666,5.5826710780285314e-05,0.27620156488447883,9.368764368089378e-05,0.004566716056926879,64.75,4,0,0.0,0.0,0,0.0,0
YBR074W,3,0.0,0.00012013600587413228,0.27574536013049905,9.999276804145319e-05,0.0014387000167520104,126.33333333333333,3,0,0.0,0.0,0,0.0,0
YMR083W,3,0.0,1.1359555610580953e-05,0.2478651378823248,9.334015299941302e-05,0.0005242062073877241,10.666666666666666,3,0,0.0,0.0,0,0.0,0
YBR076W,1,0.0,0.0,0.26695607782369035,5.134682951460989e-05,0.000899077839957782,280.0,1,0,0.0,0.0,0,0.0,0
YBR077C,4,0.0,2.4717294946213744e-05,0.22034152996261572,0.00014009563170557695,9.655173840560816e-05,3.75,3,2,4.0,5.0,4,1.0,0
YKR007W,5,0.1,0.00012116894033731674,0.2596351983437146,0.00013927294057994137,0.002858880727066205,26.8,3,2,4.0,5.0,4,1.0,0
YMR004W,4,0.0,0.00011468451331603116,0.24451315608310573,0.0001262576555910527,0.000459106680414239,20.25,3,0,0.0,0.0,0,0.0,0
YOR045W,4,0.0,0.00013130123670302465,0.25722166175595784,0.0001103979933298822,0.0006006672978852318,38.0,3,4,10.5,18.0,18,0.9281045751633987,0
YBR078W,1,0.0,0.0,0.2518537149778867,4.3751580320307964e-05,0.0020186801472570374,102.0,1,0,0.0,0.0,0,0.0,0
YDL005C,26,0.21846153846153846,0.0010553227671885306,0.2959500665396357,0.0004462748230438667,0.005551736487648632,29.423076923076923,12,5,70.0,195.0,211,0.9097269239449334,0
YDR091C,8,0.10714285714285714,0.00019353893123607823,0.27635396877174057,0.00016292159022975082,0.002825147940132596,40.5,6,3,356.0,559.0,558,1.0,1
YDR429C,15,0.3047619047619048,0.0015744942670858667,0.28364744724756497,0.0002862955731481969,0.0059432846101335,32.266666666666666,10,5,63.2,266.0,268,0.9781988931745765,1
YIL071C,5,0.2,2.5504799187016256e-05,0.2512724752182548,0.00011576613204764403,0.0006380539448090761,16.8,4,1,6.0,6.0,5,1.0,0
YJR007W,23,0.1857707509881423,0.0005111606523062483,0.3055556693337963,0.00034463351392793987,0.021505181357347483,44.04347826086956,14,7,174.28571428571428,559.0,592,0.9345646407829149,1
YLR192C,8,0.4642857142857143,9.652027938072551e-05,0.27189809859121905,0.0001471097290273227,0.0054561456429363785,43.875,7,2,8.0,9.0,9,0.9166666666666666,0
YOR039W,33,0.10984848484848485,0.0019022133114065952,0.3133360220251661,0.0005388103812694877,0.01111233493058284,33.39393939393939,12,5,5.4,8.0,11,0.6,0
YPR016C,52,0.13800904977375567,0.002331141094141598,0.3117949932173476,0.0008033185789981561,0.02140639694655703,30.634615384615383,14,0,0.0,0.0,0,0.0,1
YBR080C,4,0.0,1.0050903872400292e-05,0.27167686336046953,8.43017862274271e-05,0.006589424466898212,69.75,4,2,48.5,95.0,94,1.0,1
YBR253W,31,0.2172043010752688,0.0007000926904162334,0.2960375325718321,0.0005191695137437531,0.005388515052851098,25.193548387096776,12,6,59.5,195.0,211,0.9097269239449334,1
YCL010C,7,0.6666666666666666,1.0706055549703306e-05,0.25993164708585503,0.00013683010262250688,0.0013606375604231428,30.571428571428573,6,7,67.85714285714286,195.0,255,0.7764397097421646,0
YDR146C,19,0.04093567251461988,0.0009131324159419988,0.3003335917516344,0.00037006456655915693,0.008794101408364717,36.26315789473684,10,0,0.0,0.0,0,0.0,0
YDR167W,35,0.11596638655462185,0.0021136460463029006,0.3096934810815147,0.0006041260636751563,0.008236448909443389,28.02857142857143,12,14,45.57142857142857,195.0,266,0.731961980422755,1
YGL066W,9,0.5277777777777778,4.608703144042636e-05,0.26655825089415375,0.00017248381379947913,0.0021082387342269025,26.11111111111111,7,8,61.5,195.0,255,0.7764397097421646,0
YGL244W,10,0.24444444444444444,4.997513210508561e-05,0.2743556820624626,0.0001790663608910575,0.002779683487266834,24.2,8,3,33.333333333333336,74.0,85,0.7873949579831933,0
YGR252W,18,0.23529411764705882,0.0004927247425346543,0.29093017577985797,0.0003071974560943087,0.008170602095142497,32.888888888888886,11,11,45.90909090909091,195.0,255,0.7764397097421646,0
YLR055C,7,0.6190476190476191,9.024829409851382e-06,0.26864576388189965,0.00012778575170979938,0.002564976940466404,36.0,7,7,67.85714285714286,195.0,255,0.7764397097421646,0
YMR223W,10,0.4222222222222222,0.00013064640483672463,0.2713530354906136,0.00018288246548869386,0.0033381122202815728,26.9,7,3,56.666666666666664,133.0,132,1.0,0
YMR236W,18,0.2549019607843137,0.00033530087636862276,0.28650323071050027,0.0003089218354446323,0.0038138868610123385,26.38888888888889,12,14,45.57142857142857,195.0,266,0.731961980422755,1
YOL148C,12,0.5606060606060606,0.00011940623790046609,0.2769040181373503,0.0002124560531340153,0.002534380026047089,35.416666666666664,9,10,50.0,195.0,255,0.7764397097421646,0
YPL254W,8,0.75,9.17584956005057e-06,0.2636535573831467,0.00014784786725328071,0.001597937215944712,29.125,8,10,50.3,195.0,255,0.7764397097421646,0
YPR025C,12,0.07575757575757576,0.0009008859796153644,0.2883672832824882,0.00023518852918487222,0.006198873418741045,45.25,8,12,45.0,195.0,282,0.6572777062668786,1
YDR529C,4,0.0,7.002583995803877e-05,0.26781257558688065,0.0001009883517125973,0.0011212420786908684,55.75,4,2,33.0,56.0,55,1.0,0
YJL047C,14,0.04395604395604396,0.0010865792873613453,0.2993641946234462,0.00029123972518254845,0.005361701287995712,50.142857142857146,7,1,58.0,58.0,57,1.0,0
YKL010C,8,0.0,8.634571469373674e-05,0.28098984380892367,0.00014056817704496475,0.00823916760877409,46.375,7,0,0.0,0.0,0,0.0,0
YKL161C,20,0.11052631578947368,0.0001613250813805212,0.3049602981215524,0.00031296922448329384,0.020208293514288187,46.05,13,0,0.0,0.0,0,0.0,0
YCR008W,5,0.0,4.0920291851859806e-05,0.27862937279834515,0.00010372631367212861,0.0037407424794484996,65.8,5,0,0.0,0.0,0,0.0,0
YDR466W,15,0.13333333333333333,0.00013135123206721943,0.2850357393460961,0.00024258261850753355,0.006279380567759791,31.866666666666667,9,0,0.0,0.0,0,0.0,0
YGL019W,36,0.13015873015873017,0.0010629537639265038,0.3039977527192871,0.0005939486475243332,0.012583131123736702,30.52777777777778,13,3,6.0,8.0,9,0.7777777777777778,0
YGL099W,14,0.12087912087912088,0.00036047785872809823,0.28351899100199573,0.0002520535972941409,0.0032644555392387525,31.142857142857142,10,0,0.0,0.0,0,0.0,1
YHR013C,7,0.19047619047619047,2.8303791219490428e-05,0.2736361785527102,0.0001334277048730272,0.0030292732502232196,32.0,6,5,214.6,559.0,558,1.0,0
YJR059W,10,0.044444444444444446,0.0002987648263582481,0.29610754263038047,0.0001803211257085907,0.007930220770696925,59.7,8,0,0.0,0.0,0,0.0,0
YBR085W,12,0.0,0.00043142333092059876,0.2933155476456958,0.00021867048033237275,0.015220738096614953,52.0,10,0,0.0,0.0,0,0.0,0
YHR002W,1,0.0,0.0,0.22636668818306238,4.4966991247904365e-05,0.00037281597203659724,12.0,1,0,0.0,0.0,0,0.0,0
YBR086C,3,0.0,2.0074352544306348e-05,0.25118426079794653,8.745717352536984e-05,0.00037101313470170184,45.333333333333336,3,0,0.0,0.0,0,0.0,0
YHR191C,7,0.47619047619047616,0.00026417898350652064,0.25581586352284474,0.00013991190992882066,0.0033122636149670653,19.857142857142858,6,1,7.0,7.0,6,1.0,0
YLR390W,2,0.0,1.2309319561509574e-06,0.2208565055364579,6.066558455293018e-05,0.0002074988082793966,12.5,2,0,0.0,0.0,0,0.0,0
YMR078C,8,0.39285714285714285,4.449646418505612e-05,0.258669712635588,0.00014989419731054307,0.0035231436561259147,19.0,6,1,7.0,7.0,6,1.0,0
YMR181C,6,0.0,0.0001924692582979538,0.2800941209132741,0.00014167660442996116,0.001308866568181761,49.333333333333336,6,0,0.0,0.0,0,0.0,0
YOR144C,4,1.0,0.0,0.24919708309534555,8.223895681582681e-05,0.003110054413092234,29.0,4,1,5.0,5.0,4,1.0,0
YCR092C,13,0.038461538461538464,0.00024523987670456486,0.2900372351198897,0.00020197581792253985,0.013368111813554984,44.30769230769231,11,5,47.6,195.0,194,1.0,0
YER041W,10,0.044444444444444446,0.00011827805412540283,0.2983477081104578,0.00016726966348576785,0.0107814498948451,70.7,9,0,0.0,0.0,0,0.0,0
YHR031C,2,0.0,4.065203488039977e-07,0.23878911872080932,5.815215399465346e-05,0.0009076131769467573,19.0,2,0,0.0,0.0,0,0.0,0
YJR043C,4,0.16666666666666666,9.127438213305875e-05,0.23836861529914116,0.00013330878739177215,0.0005888552224565509,10.25,2,4,27.25,56.0,55,1.0,0
YKL113C,6,0.06666666666666667,0.0004579772875468278,0.2868642520218945,0.000139354344230292,0.0028437729140170305,85.33333333333333,5,2,43.0,56.0,55,1.0,0
YLR035C,8,0.07142857142857142,0.0009652258056423975,0.28928336949403655,0.00018430844812390202,0.0040902548380458755,73.625,5,1,2.0,2.0,1,0.0,0
YML021C,1,0.0,0.0,0.22975196000047043,4.384926559212389e-05,0.0005063272191812615,26.0,1,0,0.0,0.0,0,0.0,0
YML056C,10,0.022222222222222223,7.017260727353665e-05,0.2723712734419325,0.00016619128163584734,0.00721817434943184,32.8,9,0,0.0,0.0,0,0.0,0
YMR167W,14,0.07692307692307693,0.0005149043416237316,0.2899364927666004,0.0002577634635645888,0.010573303922681363,35.785714285714285,9,6,39.833333333333336,195.0,196,0.9796441653584511,0
YFR037C,16,0.1,0.0016162284984305544,0.2795313376151284,0.0003262498821942113,0.0020245311113250026,20.5625,8,3,36.666666666666664,83.0,83,0.9782544813399942,1
YGL133W,7,0.3333333333333333,0.00017075269065244675,0.2534853211888984,0.00015305523734014193,0.0009673776095167083,18.857142857142858,6,3,30.0,83.0,83,0.9761974728181017,0
YLR033W,2,1.0,0.0,0.22592759725957484,6.192601615327112e-05,0.00022283652254768738,18.5,2,2,50.0,83.0,82,1.0,1
YLR321C,11,0.07272727272727272,0.0005618468886542984,0.28458224763056167,0.00022241775499618992,0.00481333820567268,34.63636363636363,7,3,36.666666666666664,83.0,83,0.9782544813399942,1
YNR003C,15,0.3047619047619048,0.00046748936338222163,0.26986168306752817,0.00029548827465165634,0.004436881570632176,18.6,8,4,60.75,195.0,199,0.9538094512968884,1
YOR110W,9,0.027777777777777776,0.0006866067071842233,0.27083944278878735,0.0002086189619740526,0.003691933195091946,33.22222222222222,5,4,84.75,195.0,255,0.7764397097421646,1
YBR089W,1,0.0,0.0,0.23403565308646052,5.1112215773369564e-05,0.00016802934731041604,56.0,1,0,0.0,0.0,0,0.0,1
YBR091C,6,0.3333333333333333,0.00029357352185563064,0.2650207945840965,0.00018193938561303913,0.0009727947228101585,27.166666666666668,4,5,8.2,18.0,20,0.7526315789473684,1
YJL054W,5,0.5,0.00019646847576889346,0.2243890222244738,0.00018428006795105417,8.411199726878201e-05,5.2,4,4,9.0,18.0,18,0.9019607843137255,1
YKL002W,40,0.005128205128205128,0.006068680784874043,0.3162044937212107,0.0011172507292892618,0.004961214130221231,21.125,9,1,4.0,4.0,3,1.0,0
YOR297C,4,0.5,1.4585632660481405e-05,0.23135453510949072,0.00012905733756405122,0.00010406300731260423,7.75,4,1,4.0,4.0,3,1.0,1
YKR106W,3,0.0,3.798343828437645e-05,0.24164638502606653,7.691866898004235e-05,0.0004140539571345223,71.0,3,0,0.0,0.0,0,0.0,0
YML077W,4,0.5,9.05344937816698e-06,0.22111001616044568,0.0001260737069855439,0.00013672130048981412,8.5,3,3,37.333333333333336,95.0,94,1.0,1
YBR095C,8,0.14285714285714285,8.82687232800447e-05,0.2811317977013896,0.00014693103358512008,0.005895979839673594,49.625,8,3,58.0,133.0,132,1.0,0
YMR159C,14,0.04395604395604396,0.0005774193042375814,0.29712642240450016,0.0002690832562412649,0.010431884123221885,46.57142857142857,10,1,3.0,3.0,2,1.0,0
YBR096W,1,0.0,0.0,0.21569177330104455,5.1545081073845894e-05,7.859283078339807e-05,17.0,1,0,0.0,0.0,0,0.0,0
YLR240W,3,0.0,1.6025258351944218e-05,0.2404283508257047,0.00010266767070587246,0.0002987490685788762,16.666666666666668,2,2,4.0,4.0,4,0.8333333333333334,1
YHL021C,5,0.0,0.000433204234906198,0.2458816326795746,0.00017807971497812267,0.00045781926956180494,9.6,3,0,0.0,0.0,0,0.0,0
YKL171W,16,0.125,0.0003714900809080822,0.2902557505679661,0.0002806995725676396,0.007392024400302316,31.0625,10,0,0.0,0.0,0,0.0,0
YLL062C,2,0.0,3.838044818037957e-06,0.22878639514185078,8.53177836347022e-05,0.00012043379980242258,8.0,2,0,0.0,0.0,0,0.0,0
YLR194C,1,0.0,0.0,0.22531775130692167,5.1000707800565845e-05,0.00010962195911526721,14.0,1,0,0.0,0.0,0,0.0,0
YMR092C,7,0.14285714285714285,0.00024066628244570398,0.2752452723703152,0.000162898515169315,0.004207569738678459,31.0,6,3,43.666666666666664,73.0,72,1.0,0
YMR173W,3,0.0,7.167220859167058e-06,0.23428745736306567,0.00010344984458796768,0.0001483459635232263,7.0,3,0,0.0,0.0,0,0.0,0
YOL011W,3,0.0,6.71804519066494e-05,0.2484676775338719,9.902320820005299e-05,0.0005572578099820584,37.333333333333336,3,0,0.0,0.0,0,0.0,0
YIL068C,7,0.14285714285714285,5.06525064814126e-05,0.2621493313818506,0.00016232951114887917,0.002611352061359277,19.0,5,2,7.5,8.0,7,1.0,1
YLR166C,6,0.26666666666666666,2.3987680939967328e-05,0.243006452016024,0.00015029357613852805,0.0003384585570616637,9.5,5,2,7.5,8.0,7,1.0,1
YNR046W,5,0.0,0.00219712116159519,0.23413412070731873,0.00018019459697902665,0.00014489814172582573,5.0,3,1,2.0,2.0,1,0.0,1
YPR055W,6,0.26666666666666666,0.00010954150911611946,0.27222322948419697,0.00013502552470259506,0.003829119346049217,57.166666666666664,5,2,7.5,8.0,7,1.0,1
YCR033W,8,0.6428571428571429,3.570710233383099e-05,0.2669133967197962,0.00015821205611027652,0.0015113789593791927,16.25,7,4,43.5,133.0,132,1.0,0
YDR155C,29,0.046798029556650245,0.0011167437783849584,0.3159053220670024,0.000471733038547621,0.02072034914989254,43.0,14,3,56.333333333333336,133.0,132,1.0,0
YEL064C,5,0.0,0.00010268202462219886,0.24947016218620516,0.0001262523868947161,0.0008446657019463924,12.6,4,0,0.0,0.0,0,0.0,0
YGR239C,10,0.06666666666666667,0.00017927042921277167,0.27934424541526326,0.00020162294199056751,0.00350582038716876,24.2,6,0,0.0,0.0,0,0.0,0
YIL112W,9,0.5,0.00012203789918736812,0.28001582109192974,0.00017242169296854577,0.003415523111724073,39.888888888888886,7,3,56.333333333333336,133.0,132,1.0,0
YJR141W,6,0.0,0.0002863431695086611,0.28170105045560806,0.00013621534817469762,0.003388926744465339,74.83333333333333,5,0,0.0,0.0,0,0.0,1
YLR409C,8,0.25,1.9351023168351496e-05,0.2701382403479102,0.00013939614873623987,0.003573628446095755,38.5,8,3,203.66666666666666,559.0,558,1.0,1
YMR155W,4,0.0,0.00014108773240191578,0.2666859944648698,9.475962349892917e-05,0.001450952522921879,42.5,4,0,0.0,0.0,0,0.0,0
YOL068C,8,0.5357142857142857,6.490318260604729e-05,0.25816304000259044,0.00017075682005016744,0.0012883608067365722,12.5,6,6,44.5,133.0,209,0.5794994479205006,0
YBR105C,3,0.3333333333333333,8.624361162670551e-06,0.2627958325139183,7.736545397518087e-05,0.001431985964117301,66.0,3,1,8.0,8.0,7,1.0,0
YBR110W,33,0.3465909090909091,0.0007548788552880816,0.28643768807836745,0.0005207115567633754,0.004199335519959881,42.24242424242424,17,0,0.0,0.0,0,0.0,1
YBR243C,3,0.3333333333333333,7.456271750885368e-05,0.2602422954559758,8.380269780941746e-05,0.0007579358693321817,73.33333333333333,3,0,0.0,0.0,0,0.0,1
YBR283C,22,0.2554112554112554,9.502390394786201e-05,0.2665440647179486,0.0003496356502703291,0.0024791410274955157,43.68181818181818,16,2,4.0,5.0,4,1.0,0
YBR287W,2,0.0,0.00011781042101841298,0.2692668266693685,5.758920290826821e-05,0.0019225392577665898,90.5,2,0,0.0,0.0,0,0.0,0
YBR293W,7,0.19047619047619047,0.0005499829071132382,0.27970305908914633,0.00014499716949937155,0.001475877953158618,84.0,6,0,0.0,0.0,0,0.0,0
YBR298C,18,0.1111111111111111,0.0005918838317328644,0.2557897331997066,0.0003313786900984356,0.0014566935293625245,38.22222222222222,12,0,0.0,0.0,0,0.0,0
YCR028C,6,0.06666666666666667,2.7908364448888085e-05,0.250593564297521,0.00012502131261427573,0.0006459726001586409,43.0,5,0,0.0,0.0,0,0.0,0
YCR037C,2,1.0,0.0,0.2372057864947549,6.0841326316297424e-05,0.0002475580590136367,73.5,2,0,0.0,0.0,0,0.0,0
YCR098C,7,0.047619047619047616,0.0003172844393899982,0.26094737539989865,0.00015340605722451845,0.000786699350674262,36.285714285714285,4,0,0.0,0.0,0,0.0,0
YDL128W,5,0.1,0.002219075900273148,0.24640179947113328,0.00014165305412742996,0.0003493445035665064,28.2,4,0,0.0,0.0,0,0.0,0
YDR297W,27,0.4700854700854701,0.0003066825365684842,0.2717063405875471,0.0004221519593344856,0.0030812607594123626,45.074074074074076,17,0,0.0,0.0,0,0.0,0
YDR456W,18,0.05228758169934641,0.0010058019321692738,0.2756239599389277,0.00037565606985235256,0.0020034523649763184,27.333333333333332,8,0,0.0,0.0,0,0.0,0
YDR508C,9,0.08333333333333333,0.000594705654256404,0.2580965202808686,0.0001922604488631079,0.0007716114782787375,36.0,7,0,0.0,0.0,0,0.0,0
YEL017C-A,26,0.19692307692307692,0.0007507840917745956,0.28042345890538944,0.0004389215937126136,0.002649065579247538,37.65384615384615,15,1,4.0,4.0,3,1.0,0
YER056C,3,0.3333333333333333,3.412922200179881e-05,0.248998855327148,7.666702641059202e-05,0.0003689838138365435,48.666666666666664,3,0,0.0,0.0,0,0.0,0
YER060W-A,2,1.0,0.0,0.2372844542592626,6.032446991190832e-05,0.00023271209749076667,66.0,2,0,0.0,0.0,0,0.0,0
YFL025C,4,0.0,2.0580160880726814e-05,0.24129711775150584,9.867044762154647e-05,0.0003460153773062917,50.0,4,0,0.0,0.0,0,0.0,0
YGL054C,5,0.0,7.467375875403067e-05,0.24961936682866104,0.00011947600791012284,0.0005089628621292371,42.0,4,0,0.0,0.0,0,0.0,0
YGL055W,6,0.06666666666666667,0.00019809372911323787,0.23877773425746152,0.0001560139782916605,0.0005675508018425426,52.5,4,1,9.0,9.0,8,1.0,1
YGL167C,1,0.0,0.0,0.23295795041863598,4.488501805136375e-05,0.00017074067751174387,105.0,1,1,9.0,9.0,8,1.0,0
YGR224W,3,0.0,2.168694118519008e-05,0.23930254556119523,8.752650783663512e-05,0.00021626499819823132,38.333333333333336,3,0,0.0,0.0,0,0.0,0
YGR289C,13,0.20512820512820512,0.0004990945629170322,0.26715543692592175,0.00024097328530094485,0.0015349594261476118,44.46153846153846,10,0,0.0,0.0,0,0.0,0
YHR094C,9,0.16666666666666666,6.969769150399994e-05,0.2501304987289744,0.00017279789008040275,0.000979223056751783,47.666666666666664,7,0,0.0,0.0,0,0.0,0
YHR142W,25,0.24666666666666667,0.0010916331477589965,0.27183906730624485,0.0004485299895547811,0.0024443039115952915,38.76,17,0,0.0,0.0,0,0.0,0
YJL012C,11,0.03636363636363636,0.0009990066125893547,0.28184372403209085,0.00024882837668679903,0.0020470862435272535,45.54545454545455,7,1,4.0,4.0,3,1.0,1
YJL059W,3,0.0,0.00015054174230955803,0.2624653063646502,8.261042674855526e-05,0.0009962128365918381,75.0,3,0,0.0,0.0,0,0.0,0
YJL108C,8,0.21428571428571427,5.6607697341223627e-05,0.2509702834260501,0.00015668622027614686,0.0007397107168201961,41.0,7,0,0.0,0.0,0,0.0,0
YJR124C,1,0.0,0.0,0.23295795041863598,4.488501805136375e-05,0.00017074067751174387,105.0,1,0,0.0,0.0,0,0.0,0
YKL146W,8,0.07142857142857142,0.0007268709892720564,0.2812265133387756,0.00019567618817250429,0.0015284860920997657,72.375,6,0,0.0,0.0,0,0.0,0
YKL165C,4,0.0,8.964048870585759e-07,0.2418914743322992,8.661497364558905e-05,0.0005758129036959125,77.75,4,0,0.0,0.0,0,0.0,1
YLL006W,9,0.1111111111111111,0.00030446309654152666,0.24675385406957948,0.00020955571370746883,0.0005589420680228419,31.333333333333332,5,1,3.0,3.0,2,1.0,0
YLL023C,24,0.13043478260869565,0.0029498515507166054,0.29142109717504106,0.0004459486727987571,0.00569957864747883,43.458333333333336,14,2,452.5,559.0,558,1.0,0
YLL061W,15,0.08571428571428572,0.0005053153319958572,0.24867740695383592,0.00032037757822755096,0.0014018392412335076,42.53333333333333,11,0,0.0,0.0,0,0.0,0
YLR378C,11,0.07272727272727272,0.00025873935917024315,0.26131498361944355,0.00022407044330734224,0.000997723034067458,36.36363636363637,6,5,10.6,29.0,29,0.9384236453201971,1
YML123C,28,0.06878306878306878,0.004926062036989743,0.3128076307569955,0.0004708656427845418,0.014094383168738088,53.67857142857143,16,0,0.0,0.0,0,0.0,0
YMR274C,2,1.0,0.0,0.2372844542592626,6.032446991190832e-05,0.00023271209749076667,66.0,2,0,0.0,0.0,0,0.0,0
YNL101W,27,0.3076923076923077,0.00046956650745049616,0.28642130710569913,0.0004078757980272859,0.005332586259198419,46.888888888888886,17,0,0.0,0.0,0,0.0,0
YNL275W,2,0.0,2.7644020795699166e-06,0.23635502482540138,7.212297084111996e-05,0.0001921304530379338,54.0,2,0,0.0,0.0,0,0.0,0
YNL321W,4,0.16666666666666666,0.0005787811056614325,0.27956254401620184,0.00010675953725234713,0.0021526863287211796,92.5,3,0,0.0,0.0,0,0.0,0
YNR013C,5,0.2,0.00037584577364823226,0.26742647245035533,0.00010943754686957072,0.0013933500677092943,68.6,5,0,0.0,0.0,0,0.0,0
YNR055C,3,0.3333333333333333,6.221754904156044e-06,0.24002506355076464,8.025639695588262e-05,0.0002866363036150618,48.0,3,0,0.0,0.0,0,0.0,0
YPL189W,5,0.0,7.913226594128214e-05,0.24344349273563679,0.0001304021264803912,0.0003786734910301708,44.4,4,0,0.0,0.0,0,0.0,0
YPL274W,22,0.24242424242424243,0.00014498158104347944,0.26386191328435044,0.0003501622118396416,0.0022241134641056,38.86363636363637,16,0,0.0,0.0,0,0.0,0
YPR124W,10,0.022222222222222223,0.001341803774283395,0.2780570162142047,0.00021270596418966248,0.004927029147003521,48.6,6,0,0.0,0.0,0,0.0,1
YPR194C,7,0.14285714285714285,9.992072482626167e-05,0.2527688995684998,0.0001609098346810025,0.0008048515214084242,48.714285714285715,5,0,0.0,0.0,0,0.0,0
YBR107C,9,0.027777777777777776,0.0006800825921171522,0.2643772685837339,0.0002523597965474652,0.0009911697330936297,25.11111111111111,6,6,26.0,55.0,54,1.0,0
YBR211C,7,0.047619047619047616,0.00019128603302953032,0.27554813908727194,0.00016310932460676154,0.0032544953376361235,28.0,6,5,29.6,55.0,75,0.6731531531531532,1
YDR254W,3,0.0,5.026526575298575e-05,0.22629509199576428,0.00011184141752299255,8.922938014364127e-05,5.0,2,5,29.8,55.0,54,1.0,0
YDR318W,40,0.0038461538461538464,0.014367658483997226,0.29677429343744105,0.0012567150564514018,0.003758440218409121,12.925,7,7,23.0,55.0,54,1.0,0
YJR135C,2,0.0,1.5413531417405536e-06,0.214822123018369,7.59535589039759e-05,4.9283064832560574e-05,7.5,2,6,26.166666666666668,55.0,54,1.0,1
YPL018W,9,0.1111111111111111,0.0005196173977631942,0.2624790616870319,0.00022717601794029012,0.0018235681363981827,17.11111111111111,6,7,23.0,55.0,54,1.0,0
YGR136W,48,0.020390070921985817,0.006797943374768175,0.3148329756129152,0.000967865914624268,0.013456476592094499,19.9375,13,0,0.0,0.0,0,0.0,0
YBR213W,2,0.0,5.89159813915622e-06,0.25006805352757416,7.454484259376669e-05,0.0011257756541182707,43.5,2,0,0.0,0.0,0,0.0,0
YBR229C,2,0.0,4.298814841576208e-05,0.2534083675394786,6.374520290392639e-05,0.0011364163038932488,47.5,2,1,2.0,2.0,1,0.0,0
YDR231C,1,0.0,0.0,0.2473509964465752,4.600511910612014e-05,0.0011073179307097255,84.0,1,0,0.0,0.0,0,0.0,1
YDR292C,3,0.0,7.154612988219203e-05,0.25652340586202904,8.265497833459792e-05,0.0012142396975332104,40.666666666666664,3,4,149.25,559.0,579,0.9308496333614213,1
YDR356W,16,0.175,0.00033969299140599435,0.28941710349900346,0.0002903387504024167,0.005612736826283928,32.875,10,4,17.0,32.0,31,1.0,1
YER023W,8,0.10714285714285714,9.931780129771752e-05,0.29170964972044117,0.00014868778264904678,0.01118622332481236,94.0,8,0,0.0,0.0,0,0.0,1
YFL003C,3,0.0,2.1223823483925123e-05,0.2574596707988616,7.830211868959283e-05,0.0014134699462513796,44.0,3,0,0.0,0.0,0,0.0,0
YFL010W-A,1,0.0,0.0,0.2473509964465752,4.600511910612014e-05,0.0011073179307097255,84.0,1,0,0.0,0.0,0,0.0,0
YFR054C,2,0.0,0.00016072842639913907,0.25588121269351943,7.244131941858195e-05,0.0011994229458833065,62.0,2,0,0.0,0.0,0,0.0,0
YGL043W,3,0.0,8.989679662944375e-06,0.26055368723599287,7.549938092662239e-05,0.0015692673906929553,47.666666666666664,3,0,0.0,0.0,0,0.0,0
YGL063W,3,0.0,1.7093675498167412e-05,0.26243780004455325,7.708412885937542e-05,0.0023343367963857024,46.666666666666664,3,0,0.0,0.0,0,0.0,0
YGL141W,2,0.0,1.3476306988329474e-06,0.2495198772444328,6.18666416416872e-05,0.0012758551316919872,45.5,2,1,22.0,22.0,21,1.0,0
YGL229C,16,0.08333333333333333,0.0014466226562419946,0.30611594499420913,0.0003460658281935725,0.00712752562406928,48.5625,9,0,0.0,0.0,0,0.0,0
YGR034W,2,0.0,8.098804153311344e-06,0.2541155297605284,6.119408475165201e-05,0.0016018800638183874,64.0,2,6,258.8333333333333,559.0,589,0.9439786101197695,0
YGR144W,7,0.047619047619047616,0.0004055061644419794,0.3007303336165639,0.00014771506595528673,0.00766555329775147,117.71428571428571,6,0,0.0,0.0,0,0.0,0
YGR253C,8,0.14285714285714285,6.869815433179223e-05,0.2679415245051496,0.00015591012978970352,0.0037471320099556386,30.375,6,7,21.142857142857142,46.0,48,0.9485815602836879,1
YHR028C,1,0.0,0.0,0.2473509964465752,4.600511910612014e-05,0.0011073179307097255,84.0,1,0,0.0,0.0,0,0.0,0
YHR179W,22,0.0735930735930736,0.00024709253930510613,0.30805529438124335,0.00032271374334818837,0.029116065735685513,62.54545454545455,15,3,43.666666666666664,73.0,72,1.0,0
YIL021W,26,0.1753846153846154,0.001690273598400489,0.2985433342900724,0.00046771011189747564,0.01047132837920962,30.423076923076923,11,6,57.166666666666664,195.0,208,0.9184318097361576,1
YJR073C,2,0.0,3.454861516342205e-06,0.2564839952911484,6.374422645346098e-05,0.001238667086558823,49.0,2,0,0.0,0.0,0,0.0,0
YKL067W,8,0.10714285714285714,0.00010280098458261316,0.2892666614329592,0.00014427447392760282,0.009857983339143549,92.375,8,0,0.0,0.0,0,0.0,0
YKL175W,4,0.0,0.0002553233225816495,0.27275694238374115,9.333678344486149e-05,0.002022367174858938,74.0,4,0,0.0,0.0,0,0.0,0
YKL182W,24,0.03260869565217391,0.0007527396691670208,0.3100193733240641,0.0003753835954511692,0.025037557356617727,50.333333333333336,14,1,2.0,2.0,1,0.0,1
YKR025W,6,0.6666666666666666,2.4008025488643346e-05,0.26799887500268915,0.00012461076574697656,0.0045718713173385425,46.0,5,2,17.5,18.0,17,1.0,1
YLL050C,25,0.09666666666666666,0.000785123748354686,0.3154079586907397,0.0004010194238886014,0.023104171110843476,49.88,13,3,43.666666666666664,73.0,72,1.0,1
YLL051C,3,0.0,1.2931775158792642e-05,0.2540381930535255,8.176910157184327e-05,0.0011993598362013084,34.666666666666664,3,0,0.0,0.0,0,0.0,0
YLR433C,19,0.029239766081871343,0.0006979622929175389,0.30379491544645487,0.00036414434372185626,0.01201623022173282,36.1578947368421,10,2,3.5,4.0,3,1.0,0
YLR443W,2,0.0,6.052645999136594e-07,0.2558289306865329,6.028246895858258e-05,0.0016043192430028282,52.0,2,0,0.0,0.0,0,0.0,0
YMR111C,1,0.0,0.0,0.2473509964465752,4.600511910612014e-05,0.0011073179307097255,84.0,1,0,0.0,0.0,0,0.0,0
YMR200W,4,0.0,7.021807394026877e-05,0.25785733285539075,9.393484798754176e-05,0.0018833507670698222,40.0,4,0,0.0,0.0,0,0.0,1
YMR250W,2,0.0,1.482422668460573e-05,0.2567338002896378,6.242108455498928e-05,0.0013820836180627864,64.5,2,0,0.0,0.0,0,0.0,0
YNL066W,4,0.0,0.00013055451300720877,0.26697030789180465,0.00011896027778422478,0.001573200981042003,54.25,3,0,0.0,0.0,0,0.0,0
YNL079C,3,0.3333333333333333,9.193625029671181e-06,0.2707076901816256,7.965045020870358e-05,0.0037592029885722537,71.33333333333333,3,3,43.666666666666664,73.0,72,1.0,0
YNL202W,3,0.0,1.1805437309362551e-05,0.24954474220479597,8.338354172938008e-05,0.0012907722286305667,32.333333333333336,3,0,0.0,0.0,0,0.0,0
YNL281W,6,0.0,0.0024665139800363113,0.2697454072305841,0.00016771191471416977,0.0017094705720619875,37.166666666666664,4,0,0.0,0.0,0,0.0,0
YNR035C,12,0.2727272727272727,0.00011989208996646535,0.2906094334484307,0.00020891346690771144,0.008483469840370478,43.5,8,4,29.0,95.0,96,0.962280701754386,1
YOR029W,2,0.0,3.598903686698575e-05,0.2555678407945224,6.479519504375643e-05,0.0015368351452600762,80.0,2,0,0.0,0.0,0,0.0,0
YOR035C,5,0.1,0.00015006581308154885,0.26168362903235565,0.00012880271473955356,0.001704728600095779,30.4,4,0,0.0,0.0,0,0.0,0
YOR326W,23,0.05533596837944664,0.0009658696554860658,0.3015632813132379,0.00038908080055605573,0.010323243277154077,29.47826086956522,11,4,28.75,73.0,72,1.0,1
YPL242C,11,0.03636363636363636,0.0010204361172775438,0.2906094334484307,0.00026000059817369653,0.007993281857825035,46.54545454545455,7,0,0.0,0.0,0,0.0,1
YGR105W,3,0.3333333333333333,0.0001955625368152366,0.22952032336053593,0.00010772937329072549,0.00022859074074581894,28.333333333333332,2,0,0.0,0.0,0,0.0,0
YPL047W,4,1.0,0.0,0.23684682569044996,9.633004347418353e-05,0.00039921639865184166,16.25,4,2,76.5,133.0,132,1.0,0
YBR112C,11,0.05454545454545454,0.00022449838993225316,0.2747469952301418,0.0002370070812899332,0.0028565504537710926,24.90909090909091,7,4,68.75,195.0,195,0.989796457837695,1
YCR096C,7,0.14285714285714285,0.0002326325664170202,0.26475461098748504,0.00018204528812237344,0.0014945208111795422,23.571428571428573,6,0,0.0,0.0,0,0.0,1
YDR043C,2,0.0,4.128291525261928e-07,0.2473509964465752,6.104813996293137e-05,0.0010452158458529592,30.0,2,0,0.0,0.0,0,0.0,0
YGL162W,2,0.0,6.87851391632082e-06,0.25134813690907637,6.37620430615701e-05,0.0005315027297708531,41.5,2,0,0.0,0.0,0,0.0,0
YMR240C,24,0.16666666666666666,0.00040133934994540996,0.3003335917516344,0.00039798405280445107,0.010427540156961542,30.25,12,7,109.28571428571429,559.0,561,0.9900942195059842,1
YNL167C,3,0.3333333333333333,1.5163689629637162e-06,0.24371595990512188,7.834788847574283e-05,0.0007627119817958615,19.333333333333332,3,1,3.0,3.0,2,1.0,0
YPL181W,10,0.2,0.00028812745155621066,0.2775485162676783,0.000190956957146667,0.0037000487195125538,33.1,7,4,46.25,133.0,133,0.9859876965140123,0
YCR028C-A,6,0.2,1.8770276168693855e-05,0.2556461117885894,0.00011990502579138624,0.001465451592611675,18.0,5,0,0.0,0.0,0,0.0,0
YDR453C,9,0.0,0.0008585829227182541,0.29523478991100305,0.00017988201047255617,0.012415504403564927,78.55555555555556,7,0,0.0,0.0,0,0.0,0
YFL018C,49,0.01870748299319728,0.002111600898558237,0.32813752054316025,0.0007472590134581972,0.04667747269666741,43.95918367346939,17,5,5.0,7.0,12,0.3484848484848485,0
YGR193C,6,0.13333333333333333,8.917637384431737e-05,0.2637090867760244,0.00012483287925189578,0.004439058195054541,35.0,5,4,5.5,7.0,7,0.9047619047619048,0
YJR052W,11,0.16363636363636364,0.00012287013915757058,0.29447101223249383,0.00019145643000556916,0.014872228370084247,62.63636363636363,9,8,39.625,195.0,251,0.6484462151394422,0
YKL112W,5,0.6,4.793351070374381e-06,0.26675701603463414,9.693665077474856e-05,0.0031531740667729035,53.2,5,1,4.0,4.0,3,1.0,1
YMR190C,6,0.13333333333333333,1.1609387879768538e-05,0.257711380881458,0.0001179023616904449,0.002339894508547564,20.333333333333332,5,1,3.0,3.0,2,1.0,0
YMR201C,17,0.11764705882352941,0.0010159780225244674,0.2951130149107451,0.0003061450392470847,0.012542810250810325,38.0,11,4,61.75,195.0,194,1.0,0
YMR226C,12,0.030303030303030304,0.0004182071620280455,0.2958277008889696,0.00020000441565048074,0.01696377426205969,74.25,11,2,452.5,559.0,558,1.0,0
YMR315W,3,0.0,4.728640928511897e-05,0.2621081733331722,7.729880409875776e-05,0.0022241390769394092,69.66666666666667,3,0,0.0,0.0,0,0.0,0
YOL097C,1,0.0,0.0,0.237138398487228,4.328994274827102e-05,0.0006756441797230412,36.0,1,0,0.0,0.0,0,0.0,1
YOR332W,16,0.15833333333333333,0.00022481041612912553,0.2958102283415188,0.0002675961485779186,0.012018174047232872,45.5625,10,5,12.8,15.0,15,0.9904761904761905,0
YPL154C,4,0.0,0.000252085552041509,0.2653437338304771,0.00012614858089967344,0.0019732922732025337,43.5,3,0,0.0,0.0,0,0.0,0
YGL154C,4,0.0,3.2104387862535285e-05,0.24014015036681316,0.00012551962888270014,0.00030268897624355617,10.25,3,1,2.0,2.0,1,0.0,0
YBR117C,3,0.0,3.400246127639931e-05,0.2612740871224506,8.72703150613771e-05,0.0012865999111822655,55.0,3,0,0.0,0.0,0,0.0,0
YPR074C,3,0.0,1.2223740594277966e-05,0.26658662777719994,8.16161942590037e-05,0.0038868407264851623,73.0,3,0,0.0,0.0,0,0.0,0
YCR094W,5,0.0,5.8179781831257185e-05,0.2947309466280383,0.0001037425339789666,0.00808677892943743,116.2,5,0,0.0,0.0,0,0.0,0
YDL220C,19,0.04678362573099415,0.0003720081029106005,0.2986857690869666,0.00031536605141326647,0.018752509465716202,44.421052631578945,13,1,11.0,11.0,10,1.0,1
YDR522C,2,1.0,0.0,0.2673550940079141,5.728555761796899e-05,0.004110172296388928,93.0,2,0,0.0,0.0,0,0.0,0
YFL014W,4,0.0,2.1972201644823393e-06,0.2756239599389277,8.175441474939251e-05,0.005318694973770635,63.75,4,0,0.0,0.0,0,0.0,0
YGR173W,13,0.0,0.0009998710444076974,0.29831216725536097,0.0002216849018151741,0.01891614434291496,67.0,10,0,0.0,0.0,0,0.0,0
YGR280C,8,0.03571428571428571,8.523849168688207e-05,0.29084570128050263,0.00015973194111376781,0.00562712748066609,56.125,6,0,0.0,0.0,0,0.0,1
YHR014W,8,0.07142857142857142,1.6503112872497472e-05,0.29074439661269336,0.00013763209286707061,0.012916804456246335,73.75,7,0,0.0,0.0,0,0.0,1
YHR111W,4,0.16666666666666666,2.511707235275816e-05,0.2784899341664955,9.621115401817155e-05,0.005421724087432086,70.75,4,0,0.0,0.0,0,0.0,0
YHR188C,20,0.06315789473684211,0.0019444106720887407,0.30805529438124335,0.00034730482304798414,0.017305645746570363,50.0,13,1,5.0,5.0,4,1.0,1
YKL021C,7,0.38095238095238093,2.7846886487647555e-05,0.28160601495924964,0.00013102349631403696,0.006880245702276852,57.142857142857146,6,0,0.0,0.0,0,0.0,1
YKL166C,27,0.10541310541310542,0.0008176540855514687,0.3076012145958884,0.00042066418235135397,0.028520753314861456,45.074074074074076,14,1,4.0,4.0,3,1.0,1
YLR024C,3,0.0,3.043819669777993e-05,0.2850357393460961,7.313285839818736e-05,0.004706715726108527,121.66666666666667,3,0,0.0,0.0,0,0.0,0
YLR216C,28,0.07142857142857142,0.0011095829865853317,0.3063968540346418,0.000474180491254326,0.025590585968934237,38.57142857142857,14,0,0.0,0.0,0,0.0,0
YLR262C,18,0.0784313725490196,0.0008786239895227629,0.29927475207948945,0.00034641040549466574,0.013233592897490105,37.333333333333336,9,0,0.0,0.0,0,0.0,0
YLR306W,7,0.047619047619047616,2.5643075405670228e-05,0.28737451090488036,0.00013304281442806862,0.009880163506737807,61.714285714285715,6,0,0.0,0.0,0,0.0,0
YMR022W,14,0.06593406593406594,0.00011241000908375415,0.29721458525014866,0.00022058341289241023,0.021282589278859152,67.0,10,0,0.0,0.0,0,0.0,0
YNL271C,20,0.12631578947368421,0.0009165427651498263,0.3175880137000796,0.00035398041770281737,0.017317077709243196,66.0,13,1,5.0,5.0,4,1.0,0
YOL128C,16,0.016666666666666666,0.0005017871233250231,0.29462691782165157,0.0002890484794417774,0.017112406217042225,50.8125,11,0,0.0,0.0,0,0.0,0
YOR339C,4,0.0,9.353394308802352e-07,0.2789863511614447,7.93134586776401e-05,0.007737576165453813,90.25,4,0,0.0,0.0,0,0.0,0
YPL048W,1,0.0,0.0,0.2584961536025938,4.1949554967968764e-05,0.0022433557534737476,105.0,1,4,71.5,266.0,265,1.0,0
YPL236C,3,0.0,3.307206264565157e-05,0.2703132003481355,7.032733871601809e-05,0.004722930569611826,71.0,3,0,0.0,0.0,0,0.0,0
YPR017C,15,0.05714285714285714,0.00023805327019412438,0.3012005638711965,0.00024993316087541144,0.014734015982996595,53.8,10,0,0.0,0.0,0,0.0,0
YBR119W,18,0.27450980392156865,0.00033873593778458594,0.2721196944335917,0.0003189284781646729,0.0030759755426950407,18.77777777777778,10,6,127.5,559.0,558,1.0,0
YDR110W,11,0.05454545454545454,0.0006003274646151034,0.2874404830148218,0.00021588870953180274,0.006194718400050358,44.45454545454545,9,0,0.0,0.0,0,0.0,0
YDR235W,12,0.3787878787878788,0.00011734233722621069,0.279937565035507,0.0002117729476126714,0.0031973822176984113,26.75,10,7,111.71428571428571,559.0,563,0.9827752950323319,1
YDR240C,10,0.6666666666666666,8.457602521837193e-05,0.2765218074232694,0.00017720270544986408,0.0037119822662595053,45.6,10,7,110.85714285714286,559.0,558,1.0,1
YGR013W,18,0.48366013071895425,9.015511572609245e-05,0.26933922968810187,0.0003027971353160065,0.003148664829867824,23.27777777777778,11,6,127.5,559.0,558,1.0,1
YHR086W,22,0.27705627705627706,0.00043199034158167006,0.2957578230807993,0.0003610501606850227,0.006774068256912201,33.5,12,7,110.85714285714286,559.0,558,1.0,1
YKL012W,14,0.32967032967032966,0.00025068278701300664,0.2762777458103627,0.0002350307564584729,0.0032789140301872945,30.071428571428573,11,11,97.36363636363636,559.0,624,0.8370374943408652,1
YLR223C,6,0.06666666666666667,8.445206551596571e-05,0.2827028096664177,0.00012386017537314512,0.003467855876850823,67.5,5,5,48.8,131.0,134,0.9495006172146785,1
YLR298C,14,0.6263736263736264,2.784783785755331e-05,0.26821415819901756,0.00023627418144658244,0.0023487901511336125,23.714285714285715,10,12,90.16666666666667,559.0,624,0.8370374943408652,1
YLR449W,11,0.2,0.00019872238190582288,0.2846954852234115,0.00019821142177542728,0.007127951738689264,46.81818181818182,9,0,0.0,0.0,0,0.0,0
YML016C,23,0.043478260869565216,0.0006519552965026143,0.30305960160052375,0.00041977202616004115,0.01999295611852385,40.30434782608695,11,0,0.0,0.0,0,0.0,0
YML046W,12,0.3181818181818182,0.00010997599175422908,0.2740404342334348,0.00021225741957285577,0.003186921972659547,29.75,10,12,90.16666666666667,559.0,624,0.8370374943408652,1
YNL227C,5,0.1,2.9275018539297715e-05,0.2592722977714063,0.00010900059926290516,0.0017488992150359063,28.4,4,3,356.0,559.0,558,1.0,0
YNL277W,3,0.0,6.979907655696681e-05,0.2322988393344274,8.55267681611209e-05,0.00025916168441498264,12.333333333333334,3,0,0.0,0.0,0,0.0,0
YPL178W,21,0.21428571428571427,0.0005993611017001297,0.2936767313269764,0.00034910444217898726,0.00814556284674653,36.476190476190474,12,9,108.11111111111111,559.0,619,0.8502282102357388,0
YJR082C,17,0.0,0.001085552193241407,0.2708540898842818,0.0005008359621298455,0.0016078901363215067,8.705882352941176,5,3,50.333333333333336,133.0,132,1.0,0
YBR122C,5,0.0,0.0003493225102586016,0.28714384680944016,0.00012683057247760222,0.0024144345690691143,106.0,5,7,202.14285714285714,559.0,589,0.9439786101197695,0
YDR362C,3,0.0,0.00025681625786545635,0.26617575340403143,8.370800304765674e-05,0.003002189774847676,59.666666666666664,3,4,84.75,195.0,255,0.7764397097421646,1
YGR047C,8,0.10714285714285714,0.00033158784131325284,0.25932599679232926,0.0002109660120217704,0.0011455103305309318,12.375,5,4,84.75,195.0,255,0.7764397097421646,1
YGR246C,5,0.3,6.86278287912713e-05,0.2429357283687551,0.00012804944123322577,0.0004770590881911787,14.8,5,3,110.33333333333333,195.0,255,0.7764397097421646,1
YPL007C,1,0.0,0.0,0.19868937104971854,5.541020995039515e-05,1.2936037009227666e-05,8.0,1,2,69.5,133.0,132,1.0,1
YBR124W,1,0.0,0.0,0.2504431931218249,5.000582197215272e-05,0.0007889221257738557,99.0,1,0,0.0,0.0,0,0.0,1
YBR125C,7,0.047619047619047616,0.0003007781338235588,0.28898291939589493,0.00016117382714062004,0.005901442542521799,65.85714285714286,5,0,0.0,0.0,0,0.0,0
YDR186C,1,0.0,0.0,0.2237774440842793,4.899369774850895e-05,0.0001445582491684747,7.0,1,2,452.5,559.0,558,1.0,0
YBR265W,3,0.0,0.00022867246851741857,0.23528906210890985,0.00013920246428934506,0.0004891821357791861,11.0,2,0,0.0,0.0,0,0.0,1
YDR028C,8,0.42857142857142855,3.080740327226052e-05,0.2846469437937059,0.00014039971152788797,0.009179547836398228,61.25,8,3,5.0,7.0,8,0.7857142857142857,0
YFL033C,14,0.10989010989010989,8.656847321155832e-05,0.29923899002510934,0.00021526370452755762,0.01643870681979614,60.07142857142857,12,0,0.0,0.0,0,0.0,0
YIR032C,1,0.0,0.0,0.2338171324019727,4.7523085889717104e-05,0.00047163648087057876,29.0,1,0,0.0,0.0,0,0.0,0
YLR411W,4,0.0,0.00021601067562447183,0.254141319127734,0.00011716825605208995,0.0006719513108246959,28.0,3,0,0.0,0.0,0,0.0,0
YML100W,5,0.2,3.385402069547378e-05,0.2570236567818051,0.00011808225712345362,0.0011859657316119587,19.4,5,1,4.0,4.0,3,1.0,0
YMR251W,1,0.0,0.0,0.2338171324019727,4.7523085889717104e-05,0.00047163648087057876,29.0,1,0,0.0,0.0,0,0.0,0
YMR261C,2,1.0,0.0,0.2377349872336002,6.929302255961263e-05,0.0005230456058794969,18.5,2,2,4.0,4.0,4,0.8333333333333334,0
YOR089C,32,0.034274193548387094,0.0011839723683743746,0.3022183789554824,0.0005218686204049907,0.022076027998691267,31.90625,14,0,0.0,0.0,0,0.0,0
YPR035W,1,0.0,0.0,0.2338171324019727,4.7523085889717104e-05,0.00047163648087057876,29.0,1,0,0.0,0.0,0,0.0,1
YBR203W,8,0.03571428571428571,7.225985411632563e-05,0.28841710198964904,0.00013646302951286863,0.010442612942315884,62.375,7,0,0.0,0.0,0,0.0,0
YDR092W,16,0.016666666666666666,0.00042822397730146933,0.29934630183792094,0.0002715189161396572,0.020557175046375328,60.75,11,1,2.0,2.0,1,0.0,0
YDR138W,17,0.08088235294117647,0.0003342272266490973,0.3090246792157867,0.00026910984262078984,0.021777916766131666,64.3529411764706,11,7,54.42857142857143,195.0,222,0.8152949329419917,0
YDR202C,6,0.8,5.427642686995953e-07,0.2732778401293313,0.00011349070982586063,0.00521317644425919,44.333333333333336,6,1,3.0,3.0,2,1.0,0
YGR188C,10,0.022222222222222223,0.0001265990559895752,0.29310955557150203,0.00017074830916975626,0.011812399758292066,54.9,8,3,33.333333333333336,55.0,54,1.0,0
YHR039C-A,7,0.3333333333333333,1.852530452137024e-05,0.2732927521581499,0.00013654563004499669,0.004406924918723774,29.571428571428573,6,5,12.8,15.0,15,0.9904761904761905,0
YJR033C,8,0.42857142857142855,0.00013590994708311026,0.29052514508093596,0.00014774329609922306,0.0070903785677513785,64.625,7,1,3.0,3.0,2,1.0,0
YKL080W,9,0.19444444444444445,0.00023077340064848765,0.29530442075768015,0.00016368913866767344,0.01130931621486791,71.55555555555556,9,5,12.8,15.0,15,0.9904761904761905,0
YMR054W,15,0.1523809523809524,0.0007273998294338316,0.28893290504501296,0.0002890516926530021,0.006660856498996486,30.2,9,4,12.5,15.0,16,0.9083333333333333,0
YMR093W,16,0.15833333333333333,0.00010293071833992264,0.2995253260002545,0.0002547386903823931,0.01268438920834686,46.125,13,3,204.0,559.0,559,0.9964542417655696,1
YOR270C,13,0.2564102564102564,0.00017457860273196617,0.28599605847705883,0.00023978790866751654,0.005647389649416801,29.384615384615383,9,4,12.5,15.0,16,0.9083333333333333,0
YBR128C,5,0.0,0.00010590966409532123,0.26388971895517443,0.00012492129170662167,0.0015637048719623072,35.8,4,1,4.0,4.0,3,1.0,0
YDR162C,26,0.018461538461538463,0.0012008278345302305,0.296879844460596,0.0005114514358104606,0.007344528119179558,19.384615384615383,11,0,0.0,0.0,0,0.0,0
YPL120W,4,0.0,0.00010629157307416741,0.255593925799962,0.00011444446069442833,0.0006102055248075241,27.5,3,2,4.0,4.0,4,0.8333333333333334,0
YBR129C,2,0.0,3.0427710707373885e-06,0.2603234563153103,6.195552053178848e-05,0.002870615978536067,83.0,2,0,0.0,0.0,0,0.0,0
YJL071W,2,0.0,8.326733440969406e-05,0.23840265499096797,8.155296713178935e-05,0.00040418386864980146,9.5,2,1,2.0,2.0,1,0.0,0
YLR092W,2,0.0,1.3709430495267174e-05,0.27423550216559467,6.699745230684886e-05,0.0013027934433838201,148.5,2,0,0.0,0.0,0,0.0,0
YBR131W,3,0.0,5.005298275955038e-06,0.22165802062625606,8.943387571710939e-05,0.00011198014856215744,7.333333333333333,3,1,2.0,2.0,1,0.0,0
YGL124C,6,0.13333333333333333,0.0002459314838528642,0.26837225249438723,0.00014776715202658174,0.002295778304835525,44.833333333333336,5,1,2.0,2.0,1,0.0,0
YML001W,9,0.1111111111111111,0.00034419680856636047,0.26682807544220855,0.00020793656225440483,0.0014597692383843596,16.0,7,0,0.0,0.0,0,0.0,0
YBR132C,6,0.06666666666666667,0.0001018203323097401,0.2817644430970608,0.00013249013052933685,0.004899350334288016,81.66666666666667,5,0,0.0,0.0,0,0.0,0
YDL154W,9,0.027777777777777776,0.00013928124866815835,0.26771236775979557,0.00019487589084706146,0.0022492346910909567,14.555555555555555,5,0,0.0,0.0,0,0.0,0
YER087W,3,0.0,4.0021588624050025e-06,0.24239487832979648,9.66611361229533e-05,0.00041546635077657984,18.333333333333332,2,0,0.0,0.0,0,0.0,0
YGL187C,4,0.0,4.3667629397207306e-05,0.2435381947994289,0.0001271972404950041,0.00032802347105092476,8.5,3,3,26.333333333333332,56.0,56,0.9707792207792207,0
YKL101W,8,0.10714285714285714,3.299261251954302e-05,0.27022569202817825,0.00014364245826278596,0.0036148683056872965,29.75,7,0,0.0,0.0,0,0.0,1
YBR252W,5,0.1,0.00012925656720725302,0.2812423054835049,0.00012370937234188197,0.005502950327502878,87.8,4,0,0.0,0.0,0,0.0,1
YBR295W,4,0.0,7.035176286169847e-05,0.2543219913700429,0.00010295123442249896,0.000855042933190128,21.0,3,0,0.0,0.0,0,0.0,0
YDR078C,5,0.1,0.00025329670995327815,0.24550798902207133,0.00013799106250644028,0.0007730855643431481,11.4,4,0,0.0,0.0,0,0.0,0
YGR108W,5,0.3,4.19165009160785e-05,0.27598848162507605,0.00011603982549759012,0.002470070957291074,59.4,5,3,12.333333333333334,25.0,24,1.0,0
YGR109C,8,0.32142857142857145,5.910661000142034e-05,0.2792975114906455,0.00016068867210717566,0.004346736614320461,46.0,7,3,12.333333333333334,25.0,24,1.0,0
YKR091W,4,0.3333333333333333,9.190748702528094e-05,0.2768734024020264,0.00010523628950941707,0.002843817106558622,89.0,4,0,0.0,0.0,0,0.0,0
YLR079W,14,0.18681318681318682,0.00024811666571501685,0.29288672374562896,0.00027694016877232775,0.007645657602851085,45.785714285714285,9,0,0.0,0.0,0,0.0,0
YLR210W,5,0.3,2.89231859897484e-05,0.27185382272432584,0.00011560739038947836,0.002322232924039133,56.0,5,3,12.333333333333334,25.0,24,1.0,0
YLR226W,4,0.16666666666666666,0.000772313614461642,0.2491846846136751,0.00010856709012016408,0.0004881116087093644,19.25,3,1,2.0,2.0,1,0.0,0
YMR199W,15,0.09523809523809523,0.0006885648523499043,0.31003856481677944,0.0002621374380855619,0.010757823597757107,63.6,12,3,12.333333333333334,25.0,24,1.0,0
YCR004C,4,0.16666666666666666,0.00019578381368593178,0.253626524335355,0.00011976639553120554,0.001993804664597748,22.5,3,0,0.0,0.0,0,0.0,0
YDR499W,16,0.041666666666666664,0.0001677077514181732,0.3027481699842988,0.0002638527578367474,0.017688532317322935,53.3125,11,0,0.0,0.0,0,0.0,1
YJL090C,12,0.06060606060606061,0.00012579675129832885,0.30051379911497994,0.00019979377000582083,0.012166737217782683,59.833333333333336,11,6,20.0,56.0,57,0.9442355889724311,1
YBR137W,6,0.06666666666666667,0.00016228246119084574,0.2875560071223664,0.00014152919408866576,0.0056809369183244635,92.66666666666667,5,0,0.0,0.0,0,0.0,0
YKR083C,6,0.13333333333333333,7.514310874364497e-05,0.25995863054345764,0.00014346719753414433,0.0009089859672969864,19.166666666666668,5,6,27.666666666666668,55.0,54,1.0,1
YOR007C,6,0.0,0.0004198467630670401,0.2595141186616019,0.0001823573217811676,0.0013022450854998419,11.5,5,0,0.0,0.0,0,0.0,0
YBR138C,3,0.0,4.056977680633473e-05,0.2774408916491389,7.942527641729235e-05,0.0030839686188129686,102.33333333333333,3,0,0.0,0.0,0,0.0,0
YBR139W,3,0.3333333333333333,1.8217714193652987e-05,0.2412622465460887,9.54292375308827e-05,0.0008537427784278711,27.0,2,0,0.0,0.0,0,0.0,0
YBR280C,7,0.3333333333333333,0.0002030737233653951,0.2821930908299671,0.0001561287538860446,0.00827327822557068,63.142857142857146,5,2,35.5,58.0,57,1.0,0
YOR381W,2,0.0,4.768034262290386e-06,0.22385746104904372,7.339589348003337e-05,0.0001689290775148749,5.5,2,0,0.0,0.0,0,0.0,0
YBR140C,5,0.5,1.1515491641060112e-05,0.2682572563497726,0.00010870406178461106,0.003182994997122682,50.8,5,0,0.0,0.0,0,0.0,1
YBR141C,3,0.0,5.5974415749222704e-05,0.24190315765312284,9.995133871916915e-05,0.0005341993584518395,9.0,2,0,0.0,0.0,0,0.0,0
YGL091C,2,0.0,5.213277774524556e-07,0.21108285818056455,8.044798681885879e-05,4.796211600882687e-05,3.5,2,0,0.0,0.0,0,0.0,1
YBR142W,24,0.2391304347826087,0.0009541133239004607,0.2858165254836646,0.0003556958949922807,0.010780523627944126,29.625,14,4,72.25,131.0,130,1.0,1
YDR170C,27,0.03133903133903134,0.0007266935866475286,0.3046264202937933,0.0004335164596625761,0.013507414109091164,27.14814814814815,12,2,60.0,95.0,94,1.0,1
YGL111W,18,0.45098039215686275,8.859724731289954e-05,0.28560464051381473,0.00026845220872710035,0.011191991213026468,43.05555555555556,13,0,0.0,0.0,0,0.0,1
YHR052W,36,0.20317460317460317,0.0004046024594094698,0.30529490862848246,0.0005181237464306249,0.019942799838847187,39.916666666666664,14,3,317.0,559.0,603,0.8616772174564608,1
YKL014C,11,0.23636363636363636,0.00020587739803546064,0.28768814843186025,0.00017671534208041112,0.006567094803883995,55.18181818181818,11,1,5.0,5.0,4,1.0,1
YLR398C,4,0.3333333333333333,1.1806179831700668e-05,0.24193821438820615,9.284465792141087e-05,0.0005149625014075668,16.75,4,1,3.0,3.0,2,1.0,0
YMR163C,3,0.0,2.4198031101568655e-05,0.24299466188201713,8.295275904832027e-05,0.0004750647655956698,18.0,3,0,0.0,0.0,0,0.0,0
YNL002C,16,0.43333333333333335,5.037926011932586e-05,0.2812423054835049,0.0002374495294804741,0.008587336268229412,43.4375,13,2,452.5,559.0,558,1.0,1
YOR272W,29,0.21921182266009853,0.000632508153070366,0.30767680157576205,0.0004515201889139166,0.023435637149549635,47.310344827586206,14,3,39.666666666666664,73.0,72,1.0,1
YPL141C,17,0.16911764705882354,8.87293242360129e-05,0.2768274914907282,0.00026790937013838103,0.006153915157323016,26.235294117647058,12,0,0.0,0.0,0,0.0,0
YIL129C,4,0.0,0.00014605568729091949,0.2611514744003679,0.00010640313226040543,0.0014238762543646569,25.5,3,0,0.0,0.0,0,0.0,1
YLR386W,19,0.005847953216374269,0.0009126096362521008,0.30688498627758914,0.00037701245491166116,0.0076879505278964816,38.1578947368421,11,1,2.0,2.0,1,0.0,0
YMR080C,17,0.03676470588235294,0.0011182012455661665,0.29300666799568564,0.00033701254582116044,0.005348896725973476,29.941176470588236,10,3,192.33333333333334,559.0,558,1.0,0
YBR144C,2,0.0,5.845555441206437e-05,0.2634316734720311,6.900255544951355e-05,0.0008758846328413812,106.5,2,0,0.0,0.0,0,0.0,0
YBR145W,3,0.0,6.478063243656884e-05,0.2675407572676418,8.297499227977742e-05,0.0013091994191731626,76.33333333333333,3,0,0.0,0.0,0,0.0,0
YBR146W,4,0.5,7.203354054457741e-06,0.24808613909501956,0.00010427592568064292,0.0005751465581143498,27.75,4,9,161.77777777777777,559.0,593,0.9319709675949136,0
YDL211C,1,0.0,0.0,0.19882346074038332,6.0071093624512244e-05,5.7274621747537455e-05,3.0,1,0,0.0,0.0,0,0.0,0
YDL030W,24,0.07971014492753623,0.0006723436774051951,0.2837117190307741,0.00046832025429084504,0.004755653748849948,18.041666666666668,11,11,92.45454545454545,559.0,621,0.8449742870500234,1
YDL098C,7,0.42857142857142855,9.697541834353379e-05,0.2628785941659802,0.0001494546876492164,0.0019608442608463426,27.428571428571427,6,4,184.25,559.0,558,1.0,1
YER029C,23,0.18972332015810275,0.002508032235891114,0.30258355341047943,0.0004218695368077345,0.005537643324806883,39.82608695652174,12,12,73.0,559.0,565,0.9764513901964477,1
YGR075C,4,0.8333333333333334,8.924905842243365e-09,0.2458816326795746,9.365507275038536e-05,0.0007590701552810753,24.0,4,8,128.25,559.0,619,0.8502282102357388,1
YOR308C,16,0.24166666666666667,0.000315737023317347,0.27875343552347387,0.000278134244505741,0.005584840332535755,29.25,12,4,184.25,559.0,558,1.0,0
YBR154C,18,0.33986928104575165,0.0006742286027160707,0.2913193913477347,0.00033257774839363236,0.007721494464545295,32.888888888888886,10,11,38.90909090909091,195.0,213,0.8788200903534414,1
YDL140C,43,0.08527131782945736,0.003110116666583717,0.3098467567464894,0.0007237707009080922,0.011154140750409809,25.27906976744186,12,6,57.166666666666664,195.0,208,0.9184318097361576,1
YDR404C,17,0.40441176470588236,0.0012222083670609277,0.28201829923139,0.00033235633673573756,0.0044300998049134725,24.352941176470587,10,8,114.75,559.0,763,0.602910874672776,1
YER071C,11,0.0,0.00048184147966617966,0.25405107923558157,0.0003142211869657065,0.0005594155444754814,6.636363636363637,5,0,0.0,0.0,0,0.0,0
YFL023W,5,0.0,3.640512961733369e-05,0.2631410169731653,0.00012154214852057505,0.0022561111713675515,32.2,4,1,7.0,7.0,6,1.0,1
YKL144C,15,0.3047619047619048,0.0003436423049367635,0.2885832887381305,0.00028068365109779243,0.005613269374080179,37.666666666666664,8,4,60.75,195.0,199,0.9538094512968884,1
YLR384C,13,0.2948717948717949,0.0015044653349660804,0.2720457890304321,0.00028283585309454005,0.002453737274623792,18.0,7,1,6.0,6.0,5,1.0,0
YOR224C,16,0.36666666666666664,0.0005042360590649424,0.2943671668067624,0.00029031372055946024,0.007462586580841647,43.375,10,11,38.90909090909091,195.0,213,0.8788200903534414,1
YOR341W,24,0.16666666666666666,0.0003722775893312761,0.30820695237232343,0.00039634370897354254,0.020023460232187932,43.916666666666664,12,3,77.33333333333333,195.0,194,1.0,1
YPL203W,44,0.08350951374207188,0.0018674700623291997,0.3155868289886739,0.0007380985159812304,0.025514883280890632,31.15909090909091,13,2,3.5,4.0,3,1.0,1
YDR463W,4,0.5,1.3540771951205076e-06,0.2653577925214716,8.885129792043155e-05,0.004122358181843237,64.0,4,3,74.0,131.0,130,1.0,0
YGR187C,5,0.1,0.00022680302294665855,0.282958360228828,0.0001314192504917698,0.002247366582135485,89.6,4,0,0.0,0.0,0,0.0,0
YGR234W,12,0.015151515151515152,0.00019384404451490796,0.2885832887381305,0.00021081559478279376,0.009908500667357257,43.083333333333336,10,0,0.0,0.0,0,0.0,0
YJR032W,5,0.3,3.005957646325601e-05,0.2647266227628445,0.00010448349717774922,0.0025266999113598607,24.8,5,0,0.0,0.0,0,0.0,0
YGR113W,16,0.06666666666666667,0.0007417576205326826,0.28622488147504027,0.0003769072445480166,0.0020654750824860937,19.5625,6,8,25.0,55.0,75,0.6731531531531532,1
YBR157C,1,0.0,0.0,0.23403565308646052,5.1112215773369564e-05,0.00016802934731041604,56.0,1,0,0.0,0.0,0,0.0,0
YBR158W,4,0.16666666666666666,1.6082528519158844e-05,0.23607650134575797,0.00011409408089228123,0.00032727729704606163,8.25,3,0,0.0,0.0,0,0.0,1
YDR111C,2,0.0,6.439676719674698e-06,0.22874459812972162,7.041525619708001e-05,0.0002292772523729602,14.0,2,0,0.0,0.0,0,0.0,0
YGR163W,8,0.03571428571428571,0.00025565449055063295,0.26579435206974766,0.00021204883215781973,0.002191185376942263,15.125,4,2,4.0,5.0,4,1.0,0
YCR011C,5,0.1,8.592761986070266e-05,0.24583335670005668,0.00012453018967489664,0.00041028242774642057,32.6,4,0,0.0,0.0,0,0.0,0
YCR024C-A,15,0.2761904761904762,0.00033710495646591403,0.26981806788332374,0.0002520174694864244,0.002002911194312505,41.0,12,1,4.0,4.0,3,1.0,0
YDL210W,11,0.12727272727272726,0.0016626299525193437,0.26671439855417267,0.00022952903964226816,0.001181172435808897,38.0,7,0,0.0,0.0,0,0.0,0
YGR191W,12,0.13636363636363635,0.00015146778548454567,0.2591515562480728,0.0002298047104751232,0.001096934143788241,39.5,8,0,0.0,0.0,0,0.0,1
YGR295C,16,0.041666666666666664,0.0009568984500978844,0.2717063405875471,0.00030266468281919703,0.0016920541781748296,36.1875,9,0,0.0,0.0,0,0.0,0
YIL005W,5,0.2,0.0008905959652026961,0.26726949015690565,0.00015865829555050074,0.000885649205094028,70.4,4,0,0.0,0.0,0,0.0,0
YIR022W,8,0.2857142857142857,4.846081535737219e-05,0.25329302463208697,0.00015712110329216345,0.0007692206436952914,43.375,7,3,12.0,29.0,29,0.9359605911330049,1
YJL222W,8,0.07142857142857142,0.0004380332944487006,0.26488063126984634,0.00015922837948946882,0.0016233181791051802,55.0,7,0,0.0,0.0,0,0.0,0
YKL008C,27,0.3076923076923077,0.0011158343941843896,0.29108235360050305,0.00042124209054782,0.0058708167471305,42.074074074074076,17,0,0.0,0.0,0,0.0,0
YLL043W,6,0.06666666666666667,4.451407907338184e-05,0.25715562620919363,0.0001432745049449161,0.0005934307293051452,24.5,4,0,0.0,0.0,0,0.0,0
YLR004C,7,0.5714285714285714,9.605829470993466e-07,0.24809842849607444,0.000125715185506737,0.0007947119779909836,51.857142857142854,7,0,0.0,0.0,0,0.0,0
YLR056W,10,0.044444444444444446,0.00046987644186004257,0.27705719843172294,0.00022637735728539175,0.0013141360845501905,31.1,7,0,0.0,0.0,0,0.0,0
YLR080W,6,0.06666666666666667,7.586608703706538e-05,0.24359742101411747,0.00014900117709177953,0.0002702068301449121,23.166666666666668,4,0,0.0,0.0,0,0.0,0
YNL279W,6,0.13333333333333333,0.0001014249154271021,0.2566285599533847,0.00011944988357204776,0.0007337820158990996,34.166666666666664,6,0,0.0,0.0,0,0.0,0
YNR070W,2,0.0,3.2641382704406436e-05,0.23054515632711542,7.358129893141364e-05,0.00016778573151566867,52.0,2,0,0.0,0.0,0,0.0,0
YPR003C,5,0.1,0.0002834918280613883,0.2864868422406049,0.00012435366486202105,0.003840675957380078,100.6,4,0,0.0,0.0,0,0.0,0
YCL051W,4,0.0,0.00020540051711753516,0.2893000794853428,9.734330324892234e-05,0.00361620042481403,112.5,4,0,0.0,0.0,0,0.0,0
YCR065W,2,0.0,1.0279027523715745e-05,0.26596372874782304,7.205664671131746e-05,0.0018369172377977624,117.0,2,0,0.0,0.0,0,0.0,0
YDL089W,7,0.047619047619047616,0.0006860467429452677,0.28080079479985737,0.00016457280035268276,0.002302132091748121,46.42857142857143,5,0,0.0,0.0,0,0.0,1
YDL106C,4,0.16666666666666666,5.454448375741446e-05,0.2706199263008729,0.00010154089932039372,0.0021660108276247408,66.75,4,0,0.0,0.0,0,0.0,0
YDL189W,2,0.0,2.4685869335252553e-05,0.2753511999587803,6.361518955909507e-05,0.002213450506009331,147.5,2,1,4.0,4.0,3,1.0,0
YDR001C,4,0.16666666666666666,4.076991928776278e-05,0.28442063581408683,9.738347822209662e-05,0.004979801970821763,100.5,3,0,0.0,0.0,0,0.0,0
YDR027C,8,0.25,0.00019611905426576167,0.283695648354495,0.00016826523851405854,0.003080606915848471,51.625,6,1,4.0,4.0,3,1.0,0
YDR093W,2,0.0,1.7556374819221345e-05,0.26844417516483116,6.254202320240296e-05,0.0019725728736669393,122.0,2,0,0.0,0.0,0,0.0,0
YDR113C,12,0.09090909090909091,0.0007775769647619884,0.3167644662608472,0.00020327537961972836,0.019253303006972415,99.5,11,3,4.666666666666667,9.0,8,1.0,1
YDR123C,3,0.0,2.3866126139627238e-05,0.2679271907157896,8.319688718687958e-05,0.0021396214153789777,85.66666666666667,3,1,2.0,2.0,1,0.0,1
YDR217C,12,0.12121212121212122,0.0011792745062094516,0.30379491544645487,0.00020244092648610688,0.01638152085915462,76.5,11,0,0.0,0.0,0,0.0,0
YDR223W,1,0.0,0.0,0.2651189971970915,4.6172988944721244e-05,0.0018093998068774671,229.0,1,0,0.0,0.0,0,0.0,0
YDR285W,5,0.1,7.045853725820949e-05,0.2754723599389613,0.00010994052021191838,0.003221865861964016,69.4,5,2,4.5,5.0,4,1.0,0
YDR389W,5,0.1,0.000182902058545721,0.29142109717504106,0.00011700039884734393,0.0035309658508601385,117.8,5,0,0.0,0.0,0,0.0,1
YDR439W,9,0.25,0.00033761328346605944,0.2996686995781879,0.00017643914837730743,0.008735424507353562,94.22222222222223,8,3,20.333333333333332,55.0,54,1.0,0
YDR501W,1,0.0,0.0,0.2651189971970915,4.6172988944721244e-05,0.0018093998068774671,229.0,1,0,0.0,0.0,0,0.0,0
YEL065W,1,0.0,0.0,0.2651189971970915,4.6172988944721244e-05,0.0018093998068774671,229.0,1,0,0.0,0.0,0,0.0,0
YER129W,16,0.16666666666666666,0.00021749570130594404,0.30065812078582393,0.0002818347195409078,0.010343365886437193,52.75,11,0,0.0,0.0,0,0.0,0
YFL029C,5,0.0,4.0793674367901426e-05,0.27207534637387304,0.00011568082903649197,0.0028018586345366194,56.0,4,0,0.0,0.0,0,0.0,1
YFR015C,16,0.13333333333333333,0.00032719654436610143,0.30210899843468786,0.0002870693839254295,0.00971596560852322,48.25,11,0,0.0,0.0,0,0.0,0
YFR027W,5,0.1,0.0001417883629268174,0.2810529167256035,0.00013119060843894118,0.002756673648882235,84.4,4,0,0.0,0.0,0,0.0,1
YFR046C,3,0.0,0.00016177945842155608,0.2769346406441944,8.2593634104095e-05,0.002281972866098452,108.0,3,1,55.0,55.0,54,1.0,0
YGL003C,23,0.11462450592885376,0.0004497264306514447,0.31566639203644614,0.00033849842954666696,0.031678929343887594,71.78260869565217,14,3,29.666666666666668,58.0,57,1.0,1
YGL075C,6,0.06666666666666667,0.0001209683908859708,0.2803135935551718,0.00012357124230012243,0.0031090152216997325,56.666666666666664,6,1,3.0,3.0,2,1.0,1
YGL116W,21,0.06666666666666667,0.0002885708756039749,0.3039977527192871,0.0003157411018402571,0.02163114775354187,50.38095238095238,13,4,23.25,58.0,60,0.9045197740112995,1
YGL216W,4,0.0,2.3642019316221045e-05,0.27194238888256805,9.235976341774585e-05,0.002626511911137443,66.25,4,5,26.6,73.0,73,0.974124809741248,0
YGR035C,5,0.1,0.00040673926796770595,0.28080079479985737,0.0001671531451217785,0.002376576112382891,79.6,3,0,0.0,0.0,0,0.0,0
YGR186W,10,0.3111111111111111,0.00036249055526958924,0.2868806837008967,0.00019726565341862245,0.00469510592043857,50.0,9,4,101.25,195.0,264,0.7423378269385874,1
YGR238C,8,0.6071428571428571,4.430482568380471e-05,0.28513310424425026,0.0001463076541925427,0.005836988657358819,65.5,8,2,2.5,3.0,2,1.0,0
YGR270W,5,0.1,3.20956459259432e-05,0.2811633624908918,0.00010349396582574487,0.0037202836303851282,69.8,5,2,19.5,36.0,35,1.0,0
YHL022C,3,0.0,6.537358137987325e-05,0.26640228596011994,9.41786015564328e-05,0.001951690783888322,81.33333333333333,3,1,3.0,3.0,2,1.0,0
YHL035C,5,0.0,0.0003336704139784734,0.29005403231888893,0.00011988111471240905,0.003881233944159843,106.4,4,2,452.5,559.0,558,1.0,0
YHR159W,2,0.0,0.0001955625368152366,0.26514706845519903,0.00011186666026820636,0.001810486210861263,115.0,1,0,0.0,0.0,0,0.0,0
YIL031W,2,0.0,6.703603714949392e-05,0.2736361785527102,6.57620832234617e-05,0.002025777679340861,150.0,2,0,0.0,0.0,0,0.0,1
YIL050W,8,0.10714285714285714,0.00029112941777735215,0.2861594661210293,0.00017263494131109812,0.003656496135080762,55.25,6,1,14.0,14.0,13,1.0,0
YIL101C,1,0.0,0.0,0.2651189971970915,4.6172988944721244e-05,0.0018093998068774671,229.0,1,0,0.0,0.0,0,0.0,0
YIL122W,3,0.0,3.535465135252863e-05,0.27485253957031364,7.85830654539336e-05,0.0026225447077743097,97.66666666666667,3,0,0.0,0.0,0,0.0,0
YIL131C,34,0.06417112299465241,0.004217257097879265,0.3159053220670024,0.000577934255402999,0.01902533160596603,38.44117647058823,14,0,0.0,0.0,0,0.0,0
YIL140W,4,0.0,0.000145397672981685,0.27302458439000515,0.00010723314792474427,0.0019335862575278566,73.0,3,0,0.0,0.0,0,0.0,0
YIR031C,1,0.0,0.0,0.2651189971970915,4.6172988944721244e-05,0.0018093998068774671,229.0,1,0,0.0,0.0,0,0.0,0
YJL060W,2,0.0,6.371260404328047e-06,0.2688476555934433,5.9322004886256275e-05,0.0024428599669860046,129.0,2,0,0.0,0.0,0,0.0,0
YJL084C,7,0.047619047619047616,0.0005794023605741668,0.2916586871680792,0.00017112055203731324,0.004524875237675841,74.0,6,0,0.0,0.0,0,0.0,0
YJR054W,2,0.0,4.09129920670469e-05,0.2719719237605352,6.233281007952546e-05,0.0021751876862437167,142.5,2,0,0.0,0.0,0,0.0,0
YJR083C,12,0.06060606060606061,0.001595852459443546,0.3128857984663119,0.00023505747200472317,0.0092309648917188,91.33333333333333,11,0,0.0,0.0,0,0.0,0
YJR092W,5,0.4,5.020701258586652e-05,0.28034497486987153,0.00010565126695563057,0.004602272495784804,78.0,5,0,0.0,0.0,0,0.0,0
YKL043W,2,0.0,1.1420009200241293e-05,0.2729948204540638,6.371571842069684e-05,0.0020354941931864457,128.0,2,0,0.0,0.0,0,0.0,0
YKL048C,9,0.05555555555555555,0.00015098054971428851,0.3014543743860753,0.0001670503079281875,0.009336242819954347,72.11111111111111,7,0,0.0,0.0,0,0.0,0
YKL116C,5,0.0,3.68984638182019e-05,0.2789242022750198,0.00010674542784003117,0.004086935035408963,69.2,4,0,0.0,0.0,0,0.0,0
YKL185W,1,0.0,0.0,0.2651189971970915,4.6172988944721244e-05,0.0018093998068774671,229.0,1,3,58.0,133.0,132,1.0,0
YKR077W,2,1.0,0.0,0.26616160791041377,6.316135183015182e-05,0.0019724290015224934,127.0,2,0,0.0,0.0,0,0.0,0
YKR078W,1,0.0,0.0,0.2651189971970915,4.6172988944721244e-05,0.0018093998068774671,229.0,1,0,0.0,0.0,0,0.0,0
YKR089C,2,0.0,0.00042531046659268276,0.2658790134336813,6.875182214345486e-05,0.0018162626003672892,116.5,2,0,0.0,0.0,0,0.0,0
YKR090W,3,0.0,4.4895950994494765e-05,0.27207534637387304,8.508982242787096e-05,0.0021046474040714285,92.66666666666667,3,0,0.0,0.0,0,0.0,0
YLL003W,3,0.3333333333333333,6.925504237573388e-05,0.27016738461809553,8.047716661597673e-05,0.00207567490966921,90.33333333333333,3,0,0.0,0.0,0,0.0,1
YLR006C,12,0.18181818181818182,0.00029435783133037295,0.3008748633936234,0.00021023187177664557,0.012383922520119108,59.75,9,0,0.0,0.0,0,0.0,0
YLR086W,9,0.05555555555555555,0.00011269849115035911,0.2854093330322689,0.00017032964646839026,0.005862245586531087,55.22222222222222,7,1,5.0,5.0,4,1.0,1
YLR131C,9,0.1111111111111111,0.0007679605511125477,0.2979217759830025,0.0001754416509133263,0.006292153327966545,69.77777777777777,7,0,0.0,0.0,0,0.0,0
YLR183C,3,0.0,1.1234532066629638e-05,0.2665440647179486,9.030828552101933e-05,0.0019474713213444464,79.66666666666667,3,2,452.5,559.0,558,1.0,0
YLR187W,3,0.0,2.9398904900848696e-05,0.27984371548584985,7.70405886688175e-05,0.00433860466877065,123.0,3,0,0.0,0.0,0,0.0,0
YLR190W,6,0.26666666666666666,7.134663140519366e-05,0.2790018927107267,0.00012432591431818326,0.0041849359256967535,59.833333333333336,6,0,0.0,0.0,0,0.0,0
YLR219W,3,0.0,3.5306382971451776e-05,0.27574536013049905,7.744474261506899e-05,0.0026450849825208197,102.66666666666667,3,0,0.0,0.0,0,0.0,0
YLR278C,1,0.0,0.0,0.2651189971970915,4.6172988944721244e-05,0.0018093998068774671,229.0,1,0,0.0,0.0,0,0.0,0
YLR319C,9,0.16666666666666666,0.0005659252613020788,0.2942806848845558,0.00019687477807908693,0.006620329628580478,53.666666666666664,7,5,27.8,73.0,76,0.8989473684210526,0
YLR394W,7,0.09523809523809523,6.740776029702373e-05,0.2726826904802229,0.00015404554068022496,0.0032090388532316507,42.857142857142854,5,0,0.0,0.0,0,0.0,0
YLR401C,2,0.0,7.788708704557875e-05,0.2791262874686649,6.596703282526052e-05,0.0024350619667274126,190.5,2,0,0.0,0.0,0,0.0,0
YLR457C,7,0.0,0.0002897390419607702,0.2831823462654221,0.00016057344948761549,0.002825114586271813,60.857142857142854,5,1,3.0,3.0,2,1.0,1
YML027W,2,0.0,8.088164450192148e-05,0.27292043899788865,6.677528635250114e-05,0.002150535504792851,153.5,2,0,0.0,0.0,0,0.0,0
YML034W,4,0.0,0.0006875182642050217,0.2864540709248602,0.00011769027716952926,0.0030658053087335834,114.5,3,2,6.0,9.0,8,1.0,0
YML119W,3,0.0,0.0001605325434044881,0.2676122348944833,0.00010649437589569077,0.0018484974601135477,78.0,2,0,0.0,0.0,0,0.0,0
YMR005W,7,0.19047619047619047,0.00014901776592601525,0.27878446846925997,0.00013563810745606867,0.0038049568317498634,56.0,7,5,50.8,133.0,175,0.8057142857142857,1
YMR129W,5,0.3,5.76165826177945e-05,0.27530579243899816,0.00011440638042490837,0.0021720695006996605,57.4,5,3,32.0,59.0,59,0.9812974868497955,0
YNL042W,6,0.2,4.472020651342855e-05,0.28765510172019154,0.0001234174856246515,0.004497757556048777,74.83333333333333,6,0,0.0,0.0,0,0.0,0
YNL058C,4,0.16666666666666666,4.912207779910284e-05,0.27879998753341434,0.00010435710215241987,0.0026352623556690777,87.25,4,0,0.0,0.0,0,0.0,0
YNL257C,2,0.0,2.4145040274819e-06,0.27117672727544834,5.944381297557308e-05,0.002784642216426515,139.0,2,0,0.0,0.0,0,0.0,0
YNL278W,2,0.0,7.228202304993844e-06,0.26907876086876137,6.053164463660636e-05,0.0024362420929354848,128.5,2,2,72.5,133.0,132,1.0,0
YNL298W,22,0.11688311688311688,0.0011046360530812716,0.3020907760450121,0.0003767371616260074,0.008753479974193205,37.81818181818182,11,0,0.0,0.0,0,0.0,0
YNL309W,4,0.3333333333333333,7.351571595670514e-05,0.27308413173665513,0.00010258735283009157,0.0022349170631609868,73.25,4,6,73.16666666666667,195.0,255,0.7764397097421646,0
YNL339C,1,0.0,0.0,0.2651189971970915,4.6172988944721244e-05,0.0018093998068774671,229.0,1,0,0.0,0.0,0,0.0,0
YNR047W,11,0.05454545454545454,0.00033484349719344145,0.29934630183792094,0.00022311776334118895,0.009020661913014394,58.0,7,0,0.0,0.0,0,0.0,0
YOL058W,3,0.0,6.180453817512506e-05,0.2936595119349314,7.608976547424386e-05,0.006304591359424717,201.33333333333334,3,0,0.0,0.0,0,0.0,0
YOR001W,10,0.4222222222222222,0.000565330986318009,0.2937111761699657,0.00019415768696174213,0.004794487969930396,63.1,9,2,13.0,14.0,13,1.0,0
YOR037W,7,0.0,0.0006624648255380023,0.2792196563555921,0.00021406334508101347,0.0024292723098224413,57.142857142857146,5,0,0.0,0.0,0,0.0,0
YOR058C,2,0.0,3.6161659991569095e-05,0.2712942406180735,6.318234601398583e-05,0.0021390440034843427,138.5,2,3,39.666666666666664,73.0,72,1.0,0
YOR066W,3,0.3333333333333333,2.4739419076893862e-05,0.26742647245035533,9.710465116838848e-05,0.0019865266734518695,85.33333333333333,2,0,0.0,0.0,0,0.0,0
YOR075W,8,0.10714285714285714,0.0004098157054859591,0.2736511297153456,0.00019753309702058182,0.002259731943880675,36.125,5,5,27.6,95.0,98,0.9217336419103724,1
YOR081C,3,0.3333333333333333,1.178226059087889e-05,0.28138451463847713,7.68351043662746e-05,0.003046375038849183,119.0,3,0,0.0,0.0,0,0.0,0
YOR083W,5,0.0,0.00045481758954514625,0.2703277905786287,0.00017909877549738594,0.0024863289594458113,53.4,3,0,0.0,0.0,0,0.0,0
YOR104W,3,0.0,0.00035920421636248995,0.2872756095015633,8.653222673068116e-05,0.0032239840925012684,160.0,3,0,0.0,0.0,0,0.0,0
YOR177C,8,0.0,9.700529599748394e-05,0.28893290504501296,0.0001521135260274676,0.006005775164456739,63.5,7,0,0.0,0.0,0,0.0,0
YOR188W,4,0.16666666666666666,2.774755395799236e-05,0.2813212928186404,9.137219103049808e-05,0.0033600800985548345,92.5,4,0,0.0,0.0,0,0.0,0
YOR195W,5,0.1,0.0003396453521916036,0.2818913140119466,0.00011714647840322618,0.002787757917723244,75.0,5,2,49.0,55.0,54,1.0,0
YOR315W,7,0.0,0.001502144067777019,0.28331049757044097,0.00023224391420235299,0.004223987256194575,66.42857142857143,4,0,0.0,0.0,0,0.0,0
YOR372C,3,0.3333333333333333,7.896997212510239e-06,0.272742088768189,7.80201904344561e-05,0.002290152821371622,90.0,3,0,0.0,0.0,0,0.0,1
YPL155C,4,0.16666666666666666,8.008251062526189e-05,0.27937541005468036,9.913767176707907e-05,0.0023714023340421814,82.5,4,5,26.6,73.0,73,0.974124809741248,0
YPL250C,1,0.0,0.0,0.2651189971970915,4.6172988944721244e-05,0.0018093998068774671,229.0,1,0,0.0,0.0,0,0.0,0
YPL255W,14,0.06593406593406594,0.0007104049688181698,0.2937111761699657,0.0002773346563181412,0.00639404474196091,42.285714285714285,8,4,16.0,32.0,33,0.8825757575757576,1
YPL267W,3,0.3333333333333333,1.330816222278451e-06,0.2752150223129055,7.31760687203208e-05,0.003439436163169843,99.33333333333333,3,0,0.0,0.0,0,0.0,0
YPR018W,12,0.10606060606060606,0.0022281049539493885,0.30860576597758677,0.00023866487604751855,0.011213690774753506,74.41666666666667,7,4,25.75,83.0,86,0.9124487004103967,0
YPR141C,9,0.1388888888888889,0.00032395742625507414,0.2735614472389259,0.00021738618867418467,0.00258201698430303,35.666666666666664,6,6,28.833333333333332,73.0,94,0.687256920613132,0
YPR174C,4,0.0,0.0002719197910398742,0.27188333836655204,0.00013442114467883374,0.002375796393046784,68.5,3,0,0.0,0.0,0,0.0,0
YEL042W,7,0.0,0.002277657319958858,0.2567601238619017,0.00021647116004825393,0.0005945765148477089,12.285714285714286,4,0,0.0,0.0,0,0.0,0
YBR192W,3,0.0,0.00024294029840939122,0.2607300211385421,8.932240066619274e-05,0.000932012223266933,64.33333333333333,3,0,0.0,0.0,0,0.0,1
YDR238C,12,0.30303030303030304,0.00039110321968286447,0.2817644430970608,0.00021741919366651295,0.0068920273290773906,33.0,9,6,30.166666666666668,95.0,107,0.8236642567448422,1
YER086W,13,0.038461538461538464,0.0008332720467413334,0.2925958389934133,0.0002660471490455733,0.004988225841358093,38.61538461538461,10,0,0.0,0.0,0,0.0,0
YGR249W,10,0.0,0.0006482168023338069,0.28563721775124074,0.00021007693495917715,0.003048475363904822,37.3,6,0,0.0,0.0,0,0.0,0
YNL217W,7,0.0,0.000322717185899617,0.23528906210890985,0.000198816090736792,0.00017653266836407307,5.285714285714286,4,0,0.0,0.0,0,0.0,0
YPR155C,2,0.0,8.450132626191006e-05,0.2443699915125765,7.052766197645667e-05,0.0003079223051474827,63.0,2,0,0.0,0.0,0,0.0,0
YBR162W-A,3,0.0,0.00019680195422691287,0.21607329807369838,0.00015705607662689993,3.920348470000266e-05,2.6666666666666665,2,0,0.0,0.0,0,0.0,0
YIL027C,1,0.0,0.0,0.17741907173652113,7.353488638216719e-05,9.603588426732048e-07,3.0,1,0,0.0,0.0,0,0.0,0
YML108W,3,0.0,0.0002131337208740403,0.2451114851490361,0.00013154899123628904,0.0002873740729783046,40.333333333333336,2,0,0.0,0.0,0,0.0,0
YBR163W,1,0.0,0.0,0.26119233251891816,4.3554375961260926e-05,0.002573745295785683,159.0,1,0,0.0,0.0,0,0.0,0
YBR166C,2,0.0,1.5381693444433257e-05,0.2617246538487801,6.148124788909292e-05,0.0025987326517646096,93.0,2,0,0.0,0.0,0,0.0,0
YBR257W,1,0.0,0.0,0.19214897280070037,6.704820215674997e-05,4.5658909291481564e-06,8.0,1,7,106.71428571428571,559.0,619,0.8502282102357388,1
YGR030C,1,0.0,0.0,0.19214897280070037,6.704820215674997e-05,4.5658909291481564e-06,8.0,1,7,106.71428571428571,559.0,619,0.8502282102357388,1
YHR062C,2,0.0,8.653432497300826e-06,0.21966504280922172,8.548657193282121e-05,0.00011720382038647618,8.5,2,7,106.71428571428571,559.0,619,0.8502282102357388,1
YNL221C,3,0.0,3.1163207797674283e-05,0.20920480267544925,0.00013183714111659206,2.3286713717028143e-05,5.666666666666667,2,9,94.55555555555556,559.0,619,0.8502282102357388,1
YNL282W,3,0.0,0.00048274379060983655,0.24996820603165576,0.00014438477923943508,0.0003338640371509558,39.666666666666664,2,7,106.71428571428571,559.0,619,0.8502282102357388,1
YBR168W,1,0.0,0.0,0.2467781707834568,5.1808217430176554e-05,0.0005267800474026121,96.0,1,0,0.0,0.0,0,0.0,1
YGR048W,8,0.07142857142857142,0.00012215775250289104,0.28037636321168086,0.00016858298296704358,0.0040212640843540265,38.625,6,1,3.0,3.0,2,1.0,1
YBR171W,11,0.10909090909090909,0.0006157036301548922,0.28086378286508834,0.0002388364451141748,0.003600834320079399,35.63636363636363,8,4,12.25,29.0,28,1.0,0
YCL057W,1,0.0,0.0,0.21887785053973668,4.788612612307293e-05,8.82983536644013e-05,11.0,1,0,0.0,0.0,0,0.0,0
YER053C,3,0.0,1.8905587106176686e-05,0.24091408802973951,9.318428065893745e-05,0.00027626067571473304,23.333333333333332,3,0,0.0,0.0,0,0.0,0
YBR172C,3,0.3333333333333333,3.812026991219681e-05,0.2535366495925005,8.26443800841116e-05,0.0005332410297327522,32.0,3,3,37.666666666666664,73.0,72,1.0,0
YBR173C,4,0.16666666666666666,7.847251428074251e-05,0.2392911120903132,0.00010485936334500903,0.00045765239734023685,20.25,4,2,25.5,36.0,35,1.0,0
YGL011C,21,0.28095238095238095,0.00022711826103612975,0.2870451040835772,0.00035741086496546043,0.006152267929983177,23.19047619047619,10,7,21.142857142857142,46.0,48,0.9485815602836879,1
YHR177W,3,0.0,2.618824878700726e-05,0.2606214797341029,8.300652032163002e-05,0.0010423312964763305,53.666666666666664,3,0,0.0,0.0,0,0.0,0
YIL160C,4,0.3333333333333333,1.0315507541357478e-05,0.24954474220479597,9.656082002675772e-05,0.0019345748493109429,22.0,3,0,0.0,0.0,0,0.0,0
YLR403W,11,0.03636363636363636,0.0004930826414967235,0.2956705222297807,0.00024440585286925244,0.01134421332836015,51.27272727272727,7,0,0.0,0.0,0,0.0,1
YPL029W,2,0.0,6.099096685606019e-07,0.24396526747772687,6.0864709601482377e-05,0.0006979828264651875,18.0,2,6,73.5,266.0,389,0.7843929716693611,0
YBR176W,7,0.14285714285714285,0.0005301904295887462,0.2919477106412273,0.000143040958671983,0.007592981758751657,95.71428571428571,7,0,0.0,0.0,0,0.0,0
YBR177C,1,0.0,0.0,0.2576318403318032,4.805030359999908e-05,0.0008178154132161975,176.0,1,0,0.0,0.0,0,0.0,0
YHR122W,6,0.0,0.0002517790065923102,0.2494577365169226,0.00015888761230091868,0.0010192155878333306,8.666666666666666,5,0,0.0,0.0,0,0.0,1
YBR179C,2,0.0,3.544484576234413e-06,0.2508068994967327,6.0036534776828715e-05,0.0016081335723110702,42.0,2,1,3.0,3.0,2,1.0,0
YBR180W,2,0.0,1.1391630004207851e-05,0.24139015693321067,7.309484132765506e-05,0.00025876740181007883,34.0,2,0,0.0,0.0,0,0.0,0
YBR182C,1,0.0,0.0,0.2470337859352005,4.425238717628403e-05,0.0006359720539975163,49.0,1,0,0.0,0.0,0,0.0,0
YDR506C,5,0.0,2.6599157127551104e-05,0.24018621600087545,0.00011423791469403107,0.0003553438805833845,25.0,4,0,0.0,0.0,0,0.0,0
YER087C-B,2,0.0,3.1395566717519145e-07,0.22186422326793012,5.945079874797584e-05,0.0001150014999547073,21.0,2,5,10.6,29.0,29,0.9384236453201971,0
YFL041W,17,0.16911764705882354,0.0004691625508875344,0.2709420057370979,0.00029337974372021017,0.0019001967888246573,32.470588235294116,13,1,2.0,2.0,1,0.0,0
YBR184W,3,0.0,3.0466485160506356e-05,0.2758820632395205,8.189824501095595e-05,0.0028253528573323403,116.33333333333333,3,0,0.0,0.0,0,0.0,0
YNL225C,6,0.26666666666666666,9.17899351116413e-06,0.26427961458763416,0.0001321767145918706,0.0016825093459818387,21.666666666666668,5,4,17.0,32.0,31,1.0,1
YBR185C,1,0.0,0.0,0.22612140394827104,5.1078336361688436e-05,0.00020924359923085243,27.0,1,0,0.0,0.0,0,0.0,0
YBR187W,5,0.0,8.411685156581861e-05,0.273516628040536,0.00011831149216683489,0.003372699556605143,37.4,5,0,0.0,0.0,0,0.0,0
YBR188C,5,0.3,9.27956267398849e-05,0.25108352013085955,0.00012165210616822943,0.0004996891683143077,25.2,5,6,145.33333333333334,559.0,619,0.8502282102357388,0
YBR190W,1,0.0,0.0,0.22276221927902215,4.628486505845855e-05,8.004528056926484e-05,23.0,1,0,0.0,0.0,0,0.0,1
YEL037C,36,0.16507936507936508,0.0015587625264707977,0.2953392484992484,0.0006025728741911013,0.015322303931184608,23.944444444444443,15,7,42.57142857142857,195.0,240,0.6874128312412832,0
YER148W,37,0.10510510510510511,0.0016910082170801463,0.306041122887275,0.0006204865768113213,0.010497034943330446,25.216216216216218,12,10,46.4,195.0,264,0.7423378269385874,1
YOR264W,28,0.0026455026455026454,0.0020502036220156976,0.29101469936375685,0.0007332999760446779,0.0024434353631083107,10.607142857142858,8,0,0.0,0.0,0,0.0,0
YBR194W,1,0.0,0.0,0.18990493975089126,7.229326536162744e-05,4.734557002047642e-06,3.0,1,0,0.0,0.0,0,0.0,0
YPR152C,3,0.0,0.00021025909422761526,0.2348807848825332,0.00015315785628451092,0.00019327710927417906,7.0,2,2,325.0,559.0,558,1.0,0
YBR195C,10,0.022222222222222223,0.00025582718657330723,0.2829903365380413,0.00020352281320129098,0.005388574268736431,30.2,7,5,23.0,83.0,86,0.9124487004103967,0
YLR418C,11,0.3090909090909091,0.00017849072770484474,0.27556329992023415,0.00019835715341675518,0.002406535124150279,29.0,8,6,57.166666666666664,195.0,219,0.8371664362615726,0
YDR436W,10,0.15555555555555556,0.00012694038407299417,0.27705719843172294,0.00022232857711348218,0.005341825724992326,24.8,5,0,0.0,0.0,0,0.0,0
YER116C,3,0.0,2.8980737791652937e-05,0.28195479232394616,7.879084132172012e-05,0.003487139486842216,88.33333333333333,3,2,30.0,58.0,57,1.0,0
YIL113W,8,0.07142857142857142,9.743835334530118e-06,0.2891497590237432,0.00013512681677290585,0.008403543118631812,52.5,8,0,0.0,0.0,0,0.0,0
YJL069C,35,0.07058823529411765,0.001008697229528693,0.3057235365675897,0.0005800002562627786,0.01890897311580189,32.65714285714286,13,3,203.66666666666666,559.0,558,1.0,1
YKL189W,12,0.045454545454545456,0.0002569265316850744,0.3043117618210144,0.00019347200042949146,0.017456699342356177,68.16666666666667,10,1,3.0,3.0,2,1.0,1
YKR055W,19,0.017543859649122806,0.0002552367677703555,0.29857893025219123,0.0003050501551121693,0.020571921663020593,49.0,11,0,0.0,0.0,0,0.0,0
YMR291W,9,0.05555555555555555,0.0001631777065534851,0.2861921700600146,0.0001704581652305325,0.00843935257703523,48.888888888888886,7,0,0.0,0.0,0,0.0,0
YNL183C,22,0.07792207792207792,0.0005045489044331235,0.30488603981556306,0.00035195845265015546,0.01721471452144123,40.45454545454545,12,0,0.0,0.0,0,0.0,0
YNL260C,6,0.0,0.00019131013582181163,0.2771031855732132,0.00014959085587529887,0.0033763150321858976,38.0,4,0,0.0,0.0,0,0.0,1
YOR353C,7,0.14285714285714285,0.00025797850575680174,0.2820818347536049,0.00016253922543135992,0.0056587236213287906,41.57142857142857,6,1,3.0,3.0,2,1.0,1
YPL074W,7,0.047619047619047616,1.918965892793711e-05,0.2829423747839249,0.000125517533826059,0.007546516819608399,49.57142857142857,7,0,0.0,0.0,0,0.0,0
YPL262W,8,0.17857142857142858,2.0117134652987684e-05,0.28845032402524073,0.00013285280094432753,0.014337392959036115,80.375,7,2,35.0,56.0,55,1.0,0
YBR197C,3,0.0,4.068171935121167e-05,0.26352870171272064,9.82610682314407e-05,0.0009504819503220164,47.666666666666664,3,0,0.0,0.0,0,0.0,0
YNR037C,4,0.0,0.00025145624100977296,0.279640590510902,0.00011532244339554132,0.0016317978471085796,97.5,3,9,161.77777777777777,559.0,593,0.9319709675949136,0
YCR042C,8,0.32142857142857145,3.547990620732542e-05,0.2671411871159726,0.0001565660285568777,0.002411888105341836,25.875,7,8,59.25,195.0,266,0.731961980422755,1
YDR145W,12,0.3787878787878788,0.00014984965493331425,0.2751394262511814,0.0002214253237923328,0.0026700140224170284,27.166666666666668,9,14,45.57142857142857,195.0,266,0.731961980422755,1
YHR137W,9,0.0,4.1393558694810754e-05,0.28001582109192974,0.0001627399165490412,0.007735563638142541,41.44444444444444,8,0,0.0,0.0,0,0.0,0
YJR064W,15,0.02857142857142857,5.96360914003429e-05,0.2912177564862342,0.0002258144925657579,0.016341551825688177,43.6,12,3,9.666666666666666,11.0,12,0.9090909090909091,1
YJR072C,13,0.01282051282051282,0.00027275512007462983,0.28878296581042817,0.0002335134645360043,0.016956957187284207,51.69230769230769,10,0,0.0,0.0,0,0.0,1
YML015C,10,0.35555555555555557,0.00034042931098812664,0.28443678873524847,0.00019597393780161442,0.002907809995968193,47.8,8,8,59.25,195.0,266,0.731961980422755,1
YML061C,3,0.0,0.00019763914632602,0.26157429237218655,0.00011052831462091725,0.00168902382847657,48.333333333333336,2,0,0.0,0.0,0,0.0,0
YML098W,13,0.3333333333333333,0.00010052036351373263,0.272415718033737,0.0002353819510637789,0.002608383678779626,20.076923076923077,9,8,59.25,195.0,266,0.731961980422755,1
YPL011C,8,0.32142857142857145,0.0014496819413389419,0.27169160117447405,0.0001732560886558157,0.00209489283838631,34.75,7,8,59.25,195.0,266,0.731961980422755,1
YBR199W,3,0.0,5.282965605367811e-05,0.2516891791572569,8.587070524608507e-05,0.0011260244578118076,32.666666666666664,3,0,0.0,0.0,0,0.0,0
YDR384C,4,0.0,1.1385045476158e-05,0.22375744878033574,0.00012485981097806875,0.00010874991531025547,8.0,3,0,0.0,0.0,0,0.0,0
YCL005W,2,0.0,3.998829586388062e-05,0.2735913348656318,6.885898473377159e-05,0.0013925044666188498,173.0,2,0,0.0,0.0,0,0.0,0
YDL086W,3,0.0,0.00010886595256860656,0.26497873001694383,8.039142847207436e-05,0.0016220826475062487,70.66666666666667,3,0,0.0,0.0,0,0.0,0
YDR177W,3,0.0,1.2590312203038387e-05,0.25304986742371943,9.482395035546935e-05,0.0007490339465849893,26.0,3,1,46.0,46.0,45,1.0,1
YDR242W,1,0.0,0.0,0.24328975886768944,4.69527832858938e-05,0.0004934266266610678,66.0,1,0,0.0,0.0,0,0.0,0
YDR243C,7,0.0,7.019492385318936e-05,0.27458130351152715,0.00014270915274813207,0.004159228542304915,34.714285714285715,6,9,114.11111111111111,559.0,619,0.8502282102357388,1
YDR368W,2,0.0,5.259985012873836e-06,0.24488377547673848,6.384756107260129e-05,0.0006112338707046814,37.0,2,0,0.0,0.0,0,0.0,0
YEL043W,10,0.15555555555555556,0.0002464525175585628,0.27934424541526326,0.00020037157133389588,0.0020472127957960216,30.7,7,2,452.5,559.0,558,1.0,0
YJL079C,2,0.0,6.0804807286223e-05,0.2586029315872492,6.767508703314347e-05,0.0007603429383341552,91.0,2,0,0.0,0.0,0,0.0,0
YKL040C,1,0.0,0.0,0.24328975886768944,4.69527832858938e-05,0.0004934266266610678,66.0,1,0,0.0,0.0,0,0.0,0
YKL082C,9,0.08333333333333333,9.289835496070626e-05,0.27254913887953064,0.00017642950356265696,0.0026227416180192153,30.77777777777778,8,3,356.0,559.0,558,1.0,1
YLL049W,5,0.1,0.00011140242878066167,0.2691076769679359,0.00012106733364640815,0.0012433346299363503,38.4,4,0,0.0,0.0,0,0.0,0
YLR318W,3,0.0,3.7865040777431274e-05,0.25313939732374297,9.06444545928563e-05,0.0009637458965718295,34.0,2,6,104.66666666666667,559.0,611,0.8418716964932521,0
YLR361C,1,0.0,0.0,0.24328975886768944,4.69527832858938e-05,0.0004934266266610678,66.0,1,0,0.0,0.0,0,0.0,0
YMR195W,2,0.0,9.456551277739852e-06,0.24726551350531992,7.228894699946325e-05,0.0005262104550547827,36.0,2,0,0.0,0.0,0,0.0,0
YMR212C,3,0.0,1.156189629974475e-05,0.24471625994577617,8.936750518811794e-05,0.0005385364419431399,25.333333333333332,3,0,0.0,0.0,0,0.0,1
YMR247C,1,0.0,0.0,0.24328975886768944,4.69527832858938e-05,0.0004934266266610678,66.0,1,2,452.5,559.0,558,1.0,0
YMR287C,5,0.0,0.00017326741171801039,0.29269843820058766,0.0001092336993262472,0.007237778643433823,127.4,5,3,49.333333333333336,131.0,130,1.0,0
YNR067C,1,0.0,0.0,0.24328975886768944,4.69527832858938e-05,0.0004934266266610678,66.0,1,0,0.0,0.0,0,0.0,0
YNR071C,5,0.1,0.0005736188997077758,0.28871637609098144,0.00012974721960928,0.0021094286160899837,107.8,5,0,0.0,0.0,0,0.0,0
YOL093W,4,0.0,0.00016459226388151213,0.2702694391047572,0.00010201671631300359,0.0018822126064238255,65.0,4,0,0.0,0.0,0,0.0,0
YOR108W,2,0.0,3.4530132465454875e-05,0.24768127076060806,8.195510045329015e-05,0.0005066029367057254,36.0,2,0,0.0,0.0,0,0.0,0
YOR129C,1,0.0,0.0,0.24328975886768944,4.69527832858938e-05,0.0004934266266610678,66.0,1,0,0.0,0.0,0,0.0,0
YPL085W,7,0.23809523809523808,0.00010498262814111499,0.26558293435413377,0.00013947254558770947,0.0015777627111813444,24.571428571428573,6,5,35.0,95.0,104,0.8676250933532487,1
YPL105C,7,0.09523809523809523,0.0003247114059084067,0.26384801264620455,0.00014851035279351874,0.0011619671294283791,22.857142857142858,7,2,452.5,559.0,558,1.0,0
YBR201W,3,0.0,0.00014852405643919788,0.25901753082593376,9.3781862685904e-05,0.0010355443038676695,57.333333333333336,3,2,31.5,58.0,57,1.0,0
YBR202W,6,0.4,8.801873146892177e-05,0.2617109774808097,0.00013890032690120206,0.0029362404735803916,20.833333333333332,5,6,22.333333333333332,56.0,57,0.9505012531328321,1
YGL001C,2,0.0,1.1301774231819394e-05,0.22917374284113914,6.30230888987281e-05,0.00019675039373411547,28.5,2,0,0.0,0.0,0,0.0,1
YCL037C,27,0.037037037037037035,0.0003335899951042885,0.3015814401186401,0.0004068051423879128,0.01840332564250898,39.18518518518518,13,3,192.66666666666666,559.0,561,0.9893430099312452,0
YKL006C-A,6,0.2,0.00010886448207551631,0.2621218912466769,0.00012081528455335286,0.0008469722183270968,36.666666666666664,6,0,0.0,0.0,0,0.0,1
YBR204C,1,0.0,0.0,0.18511099113136661,7.533190956129086e-05,9.198983051525788e-06,2.0,1,0,0.0,0.0,0,0.0,0
YPL096W,2,0.0,0.0001955625368152366,0.22759079233164842,0.00010801730126123898,0.00037555388553736483,18.5,1,1,2.0,2.0,1,0.0,0
YHR105W,6,0.0,9.576738166121932e-05,0.24453703315513184,0.00013865893671008054,0.0005314069965270388,11.166666666666666,5,0,0.0,0.0,0,0.0,0
YBR207W,9,0.0,0.0003056560142752064,0.27067842923040886,0.0002019406678001762,0.0018852506889003831,19.444444444444443,6,1,2.0,2.0,1,0.0,0
YEL022W,2,0.0,3.1250268096151313e-06,0.2337189311703885,6.246910289894373e-05,0.00039653625630474773,13.5,2,0,0.0,0.0,0,0.0,0
YOR068C,1,0.0,0.0,0.2126422526238804,4.8470063347271576e-05,4.6206434762255424e-05,9.0,1,0,0.0,0.0,0,0.0,0
YBR208C,8,0.25,2.5072668684634492e-05,0.290660029948944,0.0001330352630031091,0.014067487041295,73.5,8,0,0.0,0.0,0,0.0,0
YBR209W,1,0.0,0.0,0.2430536239954506,5.0162931813981754e-05,0.00026691631167308726,116.0,1,0,0.0,0.0,0,0.0,0
YGR179C,7,0.19047619047619047,0.0001670734547480988,0.25290930546130663,0.00016914509448184994,0.0006364762397878517,16.428571428571427,6,7,23.0,55.0,54,1.0,1
YLR052W,7,0.09523809523809523,0.0022029443658645163,0.26531562091700245,0.0001827560881076542,0.0022976801637151142,18.714285714285715,5,2,47.5,83.0,82,1.0,0
YBR212W,1,0.0,0.0,0.1793184022932422,6.998172926030399e-05,1.7766299638669387e-06,3.0,1,2,287.5,559.0,558,1.0,0
YMR206W,3,0.0,4.2563859779555465e-05,0.2625753893284185,0.00010064023980017029,0.0007534333145200395,54.0,2,0,0.0,0.0,0,0.0,0
YBR214W,2,0.0,6.733210844579577e-06,0.25633959341029044,6.119259616560146e-05,0.0021415822302682415,63.0,2,0,0.0,0.0,0,0.0,0
YBR215W,1,0.0,0.0,0.24272380420908476,5.004292547451199e-05,0.00034113569791538386,78.0,1,3,32.333333333333336,83.0,82,1.0,0
YBR216C,3,0.6666666666666666,5.085770657296544e-07,0.2610289767055952,8.062672393050716e-05,0.0010353507344162348,67.0,3,0,0.0,0.0,0,0.0,0
YDR022C,6,0.2,0.00030580528085852847,0.2834227251457334,0.0001330116006258443,0.004822152693932415,63.5,5,0,0.0,0.0,0,0.0,0
YDR465C,5,0.1,0.00027029882424496924,0.2744609259124427,0.00015192065853317455,0.004946447162728024,66.4,3,0,0.0,0.0,0,0.0,0
YGL016W,10,0.13333333333333333,0.0002043517498743946,0.2929552512897903,0.00019139297432619218,0.011616028196339537,70.5,7,1,59.0,59.0,58,1.0,0
YGL078C,1,0.0,0.0,0.2531777866772953,4.236038066165445e-05,0.0021545169624386656,91.0,1,0,0.0,0.0,0,0.0,0
YHR033W,20,0.021052631578947368,0.00021655237923474274,0.30178133140818597,0.0002893407248375559,0.02651254379761397,54.75,14,0,0.0,0.0,0,0.0,0
YHR076W,8,0.03571428571428571,0.0001895014845295631,0.2802979055322507,0.00015476454775335095,0.00657014861901035,38.375,6,0,0.0,0.0,0,0.0,0
YHR201C,2,0.0,8.850327168272214e-06,0.25367790994531,6.49419788599557e-05,0.0021707555776637553,47.5,2,0,0.0,0.0,0,0.0,0
YIL125W,14,0.0989010989010989,0.00039956780422203297,0.29033988266958,0.00023254493701822796,0.011330298055620712,39.357142857142854,10,1,3.0,3.0,2,1.0,0
YKL145W,35,0.35798319327731093,0.0004092415248857625,0.3017086130150756,0.0004914539306704374,0.023309758527568166,32.91428571428571,16,6,25.5,46.0,48,0.9547872340425532,1
YLL042C,2,0.0,3.19498296957297e-05,0.2789863511614447,6.426658210953223e-05,0.0030535948023964476,185.5,2,0,0.0,0.0,0,0.0,0
YLR031W,2,0.0,1.5154271130529645e-06,0.2563264740288784,5.913989633169715e-05,0.002241494936171535,51.5,2,0,0.0,0.0,0,0.0,0
YLR059C,6,0.0,0.00018827134062507193,0.2892666614329592,0.00011843727551553044,0.006338310586423595,85.16666666666667,6,0,0.0,0.0,0,0.0,1
YLR424W,18,0.0196078431372549,0.0011173782866131232,0.29143805505093134,0.0003317811126663222,0.006836628715086304,24.38888888888889,9,3,217.66666666666666,559.0,558,1.0,1
YLR438W,17,0.007352941176470588,0.00017202531164482916,0.29115003930067757,0.0002682087299733284,0.016492955220150974,45.1764705882353,13,0,0.0,0.0,0,0.0,0
YML055W,4,0.0,9.095985534576303e-05,0.2731139151516117,0.00010017741322871599,0.0027754045273274217,58.0,4,3,12.0,29.0,29,0.9359605911330049,0
YMR056C,5,0.0,0.00011115969365537496,0.26579435206974766,0.00011279224780890175,0.004698990721723254,43.6,4,0,0.0,0.0,0,0.0,0
YNL208W,2,0.0,6.092447556124489e-06,0.2538064651117547,6.579611812896203e-05,0.0022050113608044187,49.0,2,2,452.5,559.0,558,1.0,0
YPR049C,5,0.0,2.5053713762851905e-05,0.27321820828379545,0.00010740546155947711,0.004519446799465555,51.4,5,0,0.0,0.0,0,0.0,0
YPR108W,26,0.4676923076923077,0.00032897050381137564,0.296422998109035,0.0003596852402326969,0.022666428384358964,39.96153846153846,16,6,25.666666666666668,46.0,48,0.9547872340425532,1
YBR218C,7,0.0,4.0026885389195605e-06,0.2732480209531483,0.00012301851679521062,0.009244606736106949,59.285714285714285,7,0,0.0,0.0,0,0.0,0
YBR220C,1,0.0,0.0,0.22612140394827104,5.1078336361688436e-05,0.00020924359923085243,27.0,1,0,0.0,0.0,0,0.0,0
YDR430C,6,0.26666666666666666,6.31785955571218e-06,0.27471685459109507,0.0001160066958254991,0.004515546992804774,33.833333333333336,5,1,6.0,6.0,5,1.0,0
YLR218C,1,0.0,0.0,0.22666378421661182,4.5662129852517564e-05,0.00017972995885001943,18.0,1,0,0.0,0.0,0,0.0,0
YML059C,3,0.3333333333333333,1.2217778732463374e-05,0.26028286955879093,7.589812621869662e-05,0.0011154572965003393,33.666666666666664,3,0,0.0,0.0,0,0.0,0
YBR222C,1,0.0,0.0,0.18358428855431455,6.601378890778306e-05,1.2699836574713808e-06,4.0,1,0,0.0,0.0,0,0.0,0
YFL020C,4,0.0,0.0002506342749768816,0.22528734542082027,0.00017153094795407245,5.173853554280962e-05,6.0,3,0,0.0,0.0,0,0.0,0
YBR225W,5,0.7,5.238094948819033e-06,0.27139714837164053,0.00010386628978426604,0.0036198707800270723,59.0,5,0,0.0,0.0,0,0.0,0
YGL197W,13,0.23076923076923078,0.00031538224893792313,0.30260183529999723,0.00022482012982332706,0.009627636268442307,60.0,12,0,0.0,0.0,0,0.0,0
YDL049C,4,0.0,0.00039282280050975286,0.21282297097906153,0.00020847632280818925,4.205000135789042e-05,2.75,2,0,0.0,0.0,0,0.0,0
YBR227C,2,0.0,1.7862077049671623e-06,0.2656392795189485,5.650191280352531e-05,0.00479454589421361,123.5,2,0,0.0,0.0,0,0.0,0
YBR228W,3,0.0,2.379453633625123e-05,0.2598911824010303,8.661977851161413e-05,0.0029807261291435114,47.333333333333336,3,1,2.0,2.0,1,0.0,0
YLR135W,5,0.0,2.3552618282006096e-05,0.25349815134130965,0.00013338612390323672,0.000968065266074902,13.8,3,1,2.0,2.0,1,0.0,0
YBR230C,2,0.0,1.1343651260904744e-05,0.2442746415671002,6.241945240393536e-05,0.0003584287678810676,21.0,2,0,0.0,0.0,0,0.0,0
YBR231C,6,0.2,0.0004040443337817958,0.2768121912369566,0.00016111025736459712,0.0016826733859394583,65.83333333333333,5,2,48.0,83.0,82,1.0,0
YNR030W,1,0.0,0.0,0.21640941001815905,5.242701181366167e-05,4.1224523477493005e-05,6.0,1,0,0.0,0.0,0,0.0,0
YBR233W,4,0.0,2.222039569196487e-05,0.24383461421861027,0.00010463955933169,0.0006384962248105153,12.5,3,1,559.0,559.0,558,1.0,0
YIL062C,6,1.0,0.0,0.2682859961458247,0.00011844650332815709,0.003686909506848194,25.5,6,4,29.0,95.0,96,0.962280701754386,1
YJR065C,11,0.4,0.00019130600873955224,0.292476230790134,0.00019784512722271979,0.0075458011406158276,44.09090909090909,8,4,29.0,95.0,96,0.962280701754386,1
YKL013C,9,0.5833333333333334,7.320417740658759e-05,0.27918852645355124,0.00017815065054012448,0.005113396759630328,31.11111111111111,7,4,29.0,95.0,96,0.962280701754386,1
YLR370C,9,0.4444444444444444,9.231970304188497e-05,0.2930924026246638,0.0001692507192578227,0.006040341205282596,54.77777777777778,7,4,29.0,95.0,96,0.962280701754386,0
YML069W,7,0.14285714285714285,0.00016351408448746614,0.27188333836655204,0.00014683014541401986,0.0024219287389284304,32.42857142857143,6,3,9.333333333333334,19.0,23,0.6640316205533597,1
YNL040W,1,0.0,0.0,0.23685802676993403,4.3932586411324134e-05,0.00036012296517250354,23.0,1,0,0.0,0.0,0,0.0,0
YBR235W,2,0.0,1.0591935228337963e-05,0.2503680751874753,6.30333767301456e-05,0.000427079105028055,38.5,2,0,0.0,0.0,0,0.0,0
YBR236C,3,0.3333333333333333,8.368414273655373e-07,0.2522977671679137,7.16677442716334e-05,0.0013612518266319107,35.333333333333336,3,1,74.0,74.0,73,1.0,1
YBR237W,1,0.0,0.0,0.21710360119858924,5.283278680780616e-05,7.331635290355542e-05,5.0,1,6,156.5,559.0,619,0.8502282102357388,1
YDR073W,5,0.0,0.00023768455594021216,0.2779489969504554,0.00013760597849507477,0.002993081140310412,57.6,4,6,64.5,195.0,269,0.6211507518171225,0
YKR043C,1,0.0,0.0,0.2036499400662894,6.039782685270006e-05,3.650054932817374e-05,3.0,1,0,0.0,0.0,0,0.0,0
YBR239C,7,0.047619047619047616,0.00042995750981185605,0.27841252854801574,0.00015523853116911562,0.004264825752134454,54.42857142857143,5,0,0.0,0.0,0,0.0,0
YPL133C,3,0.0,3.217555400516662e-06,0.25647086112506423,8.327898827372139e-05,0.0007373394290398326,23.666666666666668,3,0,0.0,0.0,0,0.0,0
YBR240C,2,0.0,1.0094735620240015e-05,0.2479633120135783,7.84185727202206e-05,0.0005984366033618124,50.5,2,0,0.0,0.0,0,0.0,0
YDL080C,5,0.0,0.00021252939790372398,0.2566417102767233,0.00015701120560818622,0.0029254445325134536,25.8,3,0,0.0,0.0,0,0.0,0
YBR241C,1,0.0,0.0,0.2467781707834568,5.1808217430176554e-05,0.0005267800474026121,96.0,1,0,0.0,0.0,0,0.0,0
YBR242W,2,0.0,1.0652128878846857e-05,0.25468410760489474,6.624327607234606e-05,0.0006956507352735198,34.5,2,0,0.0,0.0,0,0.0,0
YBR244W,1,0.0,0.0,0.22276221927902215,4.628486505845855e-05,8.004528056926484e-05,23.0,1,0,0.0,0.0,0,0.0,0
YCR052W,5,0.1,1.7928865577521356e-05,0.2434553264655967,0.00012159197848482238,0.0006221060912310506,13.0,4,3,36.666666666666664,83.0,83,0.9782544813399942,1
YKR008W,1,0.0,0.0,0.2143073588382651,4.6408600006138734e-05,0.00010844635771657,20.0,1,3,36.666666666666664,83.0,83,0.9782544813399942,1
YLR163C,7,0.14285714285714285,3.470976886530211e-05,0.2556461117885894,0.0001409238892186626,0.002036718269196312,14.857142857142858,6,2,5.0,8.0,7,1.0,1
YOL017W,3,0.0,1.2221480902704615e-05,0.24337251450752004,7.679307140957146e-05,0.0004935361125771564,23.0,3,0,0.0,0.0,0,0.0,0
YBR246W,1,0.0,0.0,0.20534493546741514,6.40289541326963e-05,2.2581943508183084e-05,3.0,1,0,0.0,0.0,0,0.0,0
YDL148C,6,0.3333333333333333,8.355978181593815e-05,0.27644549186124934,0.00011910830513852801,0.003822474353940635,61.166666666666664,6,8,84.875,559.0,581,0.9243812689180366,1
YDR449C,8,0.42857142857142855,0.0001054329137171681,0.27060530451968096,0.00014471775678154557,0.003279212989901286,45.0,8,6,141.0,559.0,619,0.8502282102357388,1
YGR081C,4,0.16666666666666666,3.7571495537638595e-05,0.2721196944335917,9.449693774308594e-05,0.001607764819186697,59.25,4,4,148.5,559.0,558,1.0,0
YHR148W,7,0.42857142857142855,8.361127496921018e-05,0.2587097978227313,0.00013843897893584534,0.002096154371561383,30.857142857142858,6,3,208.33333333333334,559.0,558,1.0,1
YJR002W,8,0.5357142857142857,5.609938891527204e-05,0.26427961458763416,0.00015530680851657037,0.0026364989184100305,35.625,6,2,302.5,559.0,558,1.0,1
YKL143W,10,0.17777777777777778,0.0006391103650573239,0.2976561854303016,0.000216734552333401,0.004453337496235288,66.2,8,4,147.75,559.0,562,0.9858412468837422,0
YMR128W,10,0.17777777777777778,0.00033840161602744965,0.2651751456584029,0.00018914837172128717,0.0023659005356411805,28.4,8,3,205.33333333333334,559.0,568,0.965397322204834,1
YNL075W,4,0.5,5.173447139313968e-05,0.2640984484312516,9.199116521846278e-05,0.0015900232861915636,43.5,4,2,302.5,559.0,558,1.0,1
YNL132W,32,0.1028225806451613,0.0006047835751697791,0.3025652737298529,0.00047555059795836635,0.015981789817590263,35.65625,14,0,0.0,0.0,0,0.0,1
YOL010W,6,0.06666666666666667,0.00020738103981767045,0.259030927129571,0.00014377978402758585,0.0022457934890739205,26.0,5,0,0.0,0.0,0,0.0,1
YOR056C,6,0.2,1.204798007581577e-05,0.25841612796296654,0.00011224680559263439,0.0018029507529098007,25.833333333333332,6,2,289.0,559.0,558,1.0,1
YPR144C,5,0.5,7.088017787360945e-05,0.2642935607414383,0.00010399812099899444,0.0021836241347635804,54.0,5,6,107.0,559.0,558,1.0,1
YBR248C,1,0.0,0.0,0.21185072442156658,4.736314397280682e-05,9.065627588992331e-05,7.0,1,0,0.0,0.0,0,0.0,0
YBR249C,5,0.0,0.0004068920216853529,0.2673550940079141,0.0001781090969061148,0.004605517711347618,51.6,3,0,0.0,0.0,0,0.0,0
YEL047C,1,0.0,0.0,0.21058583761721628,5.9965496482063645e-05,0.00011280713356454838,5.0,1,2,452.5,559.0,558,1.0,0
YOR050C,1,0.0,0.0,0.21058583761721628,5.9965496482063645e-05,0.00011280713356454838,5.0,1,0,0.0,0.0,0,0.0,0
YDL045W-A,1,0.0,0.0,0.2235676714601489,5.0476807681930956e-05,0.0001080516125276232,36.0,1,9,161.77777777777777,559.0,593,0.9319709675949136,0
YDL138W,17,0.0,0.001667198158228178,0.29184563697047117,0.0004054223744540841,0.010084590548287751,30.88235294117647,7,0,0.0,0.0,0,0.0,0
YDR041W,3,1.0,0.0,0.2409025000505173,9.056712119818441e-05,0.0003038134705900541,30.0,3,9,161.77777777777777,559.0,593,0.9319709675949136,1
YDR175C,4,0.3333333333333333,0.00024801239358629516,0.2762625062634594,0.00010670702722596185,0.0016220780273211548,98.5,4,9,161.77777777777777,559.0,593,0.9319709675949136,0
YDR337W,7,0.14285714285714285,0.00014964685263195806,0.2762167977084853,0.00015914929629352447,0.00293821520445163,34.142857142857146,6,9,161.77777777777777,559.0,593,0.9319709675949136,0
YDR347W,3,1.0,0.0,0.2409025000505173,9.056712119818441e-05,0.0003038134705900541,30.0,3,9,161.77777777777777,559.0,593,0.9319709675949136,0
YGR084C,5,0.3,0.0002811991520191407,0.25755234886610384,0.00016122667994453776,0.0008310923755320301,37.4,4,9,161.77777777777777,559.0,593,0.9319709675949136,0
YGR150C,2,0.0,3.4487494583925885e-06,0.2500306013703886,6.405618978611702e-05,0.000792828418797731,50.0,2,0,0.0,0.0,0,0.0,0
YGR170W,3,0.0,2.3723337553967318e-05,0.2685017410631135,8.103606864378245e-05,0.0017481593218450417,68.66666666666667,3,0,0.0,0.0,0,0.0,0
YGR215W,3,0.3333333333333333,7.660849506558192e-05,0.2653437338304771,8.861817544296923e-05,0.001081410954501503,82.66666666666667,3,9,161.77777777777777,559.0,593,0.9319709675949136,0
YIL093C,4,0.6666666666666666,4.371574125554276e-06,0.2539222762142697,0.00010433251800585534,0.0008785441161210555,37.5,4,9,161.77777777777777,559.0,593,0.9319709675949136,0
YJR101W,2,1.0,0.0,0.23901703617687578,7.000849990970224e-05,0.00026359554128530557,36.0,2,9,161.77777777777777,559.0,593,0.9319709675949136,0
YKL003C,1,0.0,0.0,0.2235676714601489,5.0476807681930956e-05,0.0001080516125276232,36.0,1,9,161.77777777777777,559.0,593,0.9319709675949136,0
YKL155C,4,0.5,1.5371557789153857e-05,0.2576450936802436,0.00010432514948570257,0.0016968559200936876,39.25,4,9,161.77777777777777,559.0,593,0.9319709675949136,0
YNL137C,3,1.0,0.0,0.2409025000505173,9.056712119818441e-05,0.0003038134705900541,30.0,3,10,146.0,559.0,593,0.9319709675949136,1
YNL186W,1,0.0,0.0,0.2235676714601489,5.0476807681930956e-05,0.0001080516125276232,36.0,1,0,0.0,0.0,0,0.0,0
YNL306W,3,1.0,0.0,0.2409025000505173,9.056712119818441e-05,0.0003038134705900541,30.0,3,9,161.77777777777777,559.0,593,0.9319709675949136,1
YOR205C,1,0.0,0.0,0.2235676714601489,5.0476807681930956e-05,0.0001080516125276232,36.0,1,0,0.0,0.0,0,0.0,0
YOR243C,4,0.3333333333333333,0.00019707969511568974,0.2520692020761113,0.00013178497833470854,0.0007620093128028399,28.5,3,0,0.0,0.0,0,0.0,0
YPL013C,5,0.0,0.0008323603101276513,0.2739205303024642,0.00012806117452285155,0.0016322088744273981,59.0,4,9,161.77777777777777,559.0,593,0.9319709675949136,0
YPL118W,6,0.2,0.00041159392653041985,0.25297317789929563,0.00020366451362230156,0.0010222155941104097,20.333333333333332,4,9,161.77777777777777,559.0,593,0.9319709675949136,0
YLL037W,2,0.0,1.4528116549153863e-05,0.23399191627967927,7.689399332962387e-05,0.00022689817191390952,22.5,2,0,0.0,0.0,0,0.0,1
YPL248C,16,0.20833333333333334,0.0008678482635043972,0.2846793029074209,0.0003007119931623962,0.00422270324164133,36.25,11,4,68.75,195.0,194,1.0,0
YBR254C,14,0.10989010989010989,0.0025512407509758472,0.2701819591115205,0.0003997398583228365,0.0020853210999919533,12.142857142857142,4,3,37.333333333333336,95.0,94,1.0,1
YDR108W,4,0.16666666666666666,2.232479298152741e-05,0.23335956462819193,0.00011952791973300598,0.00031887362678193875,9.75,3,3,37.333333333333336,95.0,94,1.0,0
YDR246W,2,1.0,0.0,0.21234473738871595,7.836848117599531e-05,5.784795204519517e-05,12.0,2,3,37.333333333333336,95.0,94,1.0,1
YDR407C,3,0.3333333333333333,1.315180597223635e-05,0.2279740987778349,9.803280400364688e-05,0.00023840651418165608,10.666666666666666,3,2,52.5,95.0,94,1.0,1
YDR472W,3,1.0,0.0,0.21277776259878728,0.00010531809325466684,6.119687992244833e-05,9.333333333333334,3,3,37.333333333333336,95.0,94,1.0,1
YGR143W,1,0.0,0.0,0.21233573477128312,5.366227167652776e-05,5.1084975344016815e-05,14.0,1,2,3.5,5.0,4,1.0,0
YJR116W,2,0.0,1.1752819878584956e-05,0.22694109275681976,7.359309107411952e-05,0.00012161730354438959,17.0,2,0,0.0,0.0,0,0.0,0
YKR068C,10,0.2222222222222222,0.0004528451851680031,0.24132037082250432,0.00029107677557587433,0.0002760459386057573,6.4,3,3,37.333333333333336,95.0,94,1.0,1
YMR218C,3,0.3333333333333333,1.315180597223635e-05,0.2279740987778349,9.803280400364688e-05,0.00023840651418165608,10.666666666666666,3,2,52.5,95.0,94,1.0,1
YOR115C,3,0.3333333333333333,3.192980283028785e-05,0.24116930592046298,9.410504429541682e-05,0.0003171466170888032,15.333333333333334,3,3,37.333333333333336,95.0,94,1.0,0
YBR255W,1,0.0,0.0,0.24012863671909934,4.374170190859738e-05,0.0004905857073034118,29.0,1,0,0.0,0.0,0,0.0,0
YBR260C,10,0.06666666666666667,0.00010557881863359815,0.28244772028255444,0.00019096788309679594,0.005926368753041487,31.0,8,0,0.0,0.0,0,0.0,0
YGR196C,7,0.047619047619047616,7.458117184019086e-05,0.2689342735354269,0.0001543225985340634,0.002111162238952323,18.0,5,0,0.0,0.0,0,0.0,0
YIL118W,8,0.10714285714285714,0.00042554208951669,0.2655688517975638,0.000225985798451455,0.0023982009562315007,27.125,4,0,0.0,0.0,0,0.0,1
YJL058C,14,0.03296703296703297,0.0008906783720442256,0.3029496114233157,0.0002733255470638742,0.008104073701120828,56.357142857142854,9,1,8.0,8.0,7,1.0,0
YBR261C,1,0.0,0.0,0.21496965301958346,5.535938062762443e-05,0.00012116149694610577,5.0,1,0,0.0,0.0,0,0.0,0
YBR262C,1,0.0,0.0,0.23976078204079923,5.3043097840996495e-05,0.00012158139249151383,40.0,1,0,0.0,0.0,0,0.0,0
YBR263W,2,0.0,1.1082654799570346e-06,0.22196254990472677,8.437331157504327e-05,7.185685248888318e-05,7.0,2,0,0.0,0.0,0,0.0,0
YML018C,2,0.0,0.00010224744996725473,0.2670984468055173,8.708288979159302e-05,0.0009008381960657659,141.0,2,0,0.0,0.0,0,0.0,0
YER136W,16,0.041666666666666664,0.0004992803593268173,0.2917776275007431,0.0002957450791420082,0.007107566650038778,33.0625,9,0,0.0,0.0,0,0.0,1
YGL161C,20,0.15263157894736842,0.0003935363012576808,0.27444588613350074,0.00039152656283254837,0.0022486648054665533,13.45,8,0,0.0,0.0,0,0.0,0
YGL198W,21,0.16666666666666666,0.0014017393648340611,0.2936767313269764,0.000412691176007893,0.0031543258052548085,28.904761904761905,9,0,0.0,0.0,0,0.0,0
YNL263C,18,0.12418300653594772,0.00038889777503855355,0.2792975114906455,0.0003410706613137978,0.0029039890603287277,22.0,9,0,0.0,0.0,0,0.0,1
YOR370C,8,0.03571428571428571,0.00013079239073909176,0.273307665814475,0.0001676768435271753,0.0023821779941361294,23.875,7,2,4.5,6.0,5,1.0,1
YCR107W,3,0.0,4.2563002230264224e-05,0.25378074365595416,0.0001159546331326514,0.0007043002313205689,27.0,2,0,0.0,0.0,0,0.0,0
YLR255C,1,0.0,0.0,0.19017174119267374,6.902524501723926e-05,1.198342323845961e-05,3.0,1,0,0.0,0.0,0,0.0,0
YPR031W,1,0.0,0.0,0.00019630938358853554,0.00019627085377821394,6.463110539297873e-30,1.0,1,2,69.0,133.0,132,1.0,0
YBR267W,5,0.3,1.9622456933656913e-05,0.2728312347360819,0.00010400704956436556,0.004441656353905346,45.2,4,3,356.0,559.0,558,1.0,0
YHR170W,16,0.06666666666666667,0.0001774162486158738,0.2873085690712629,0.00026333182106694604,0.010213517305865434,36.5,11,3,356.0,559.0,558,1.0,1
YJL122W,4,0.16666666666666666,2.380860505688465e-06,0.25098286023804833,9.013887515255914e-05,0.0015390381288854975,31.0,4,2,452.5,559.0,558,1.0,0
YBR269C,1,0.0,0.0,0.2096426528275536,4.727643428943987e-05,7.003746387582297e-05,7.0,1,0,0.0,0.0,0,0.0,0
YLR276C,7,0.23809523809523808,0.00020386715452775064,0.26583667601116007,0.0001469713934732847,0.0028592039601295157,33.0,6,0,0.0,0.0,0,0.0,1
YBR270C,22,0.030303030303030304,0.002503492816103812,0.29974043785087406,0.0003949389524092812,0.006484770418779642,22.954545454545453,10,0,0.0,0.0,0,0.0,0
YER093C,8,0.14285714285714285,6.166029227460815e-05,0.2778564757864219,0.00015075022083727062,0.0040467276826530105,31.0,7,1,8.0,8.0,7,1.0,1
YFL047W,4,0.16666666666666666,7.475253929974873e-05,0.2800314775538303,9.62369411648754e-05,0.001988770624172701,94.0,4,0,0.0,0.0,0,0.0,0
YFR050C,14,0.17582417582417584,0.00015030641484423612,0.2756846466697999,0.00023923902717780022,0.004898299345527078,23.642857142857142,10,7,21.142857142857142,46.0,48,0.9485815602836879,1
YHR077C,8,0.07142857142857142,5.924949731435382e-05,0.254141319127734,0.00018925576758668992,0.0006165774774762609,11.125,6,3,192.33333333333334,559.0,558,1.0,0
YIL105C,14,0.07692307692307693,0.00027896670150653533,0.29044090559326463,0.0002502548269233675,0.008041191813216459,37.0,10,1,8.0,8.0,7,1.0,0
YNL004W,8,0.03571428571428571,8.412609626240007e-05,0.26617575340403143,0.00015643700435229402,0.002232110695103008,19.25,7,2,280.5,559.0,558,1.0,0
YNL018C,3,0.0,8.909554456855525e-05,0.2404052693347216,9.868158812472718e-05,0.000209920345106395,11.333333333333334,3,0,0.0,0.0,0,0.0,0
YNL047C,13,0.11538461538461539,0.00034213332187444225,0.3034635831344071,0.00023345744607618593,0.00813112444235741,55.07692307692308,10,1,8.0,8.0,7,1.0,0
YPL124W,24,0.07608695652173914,0.0015311664473171473,0.3104421357497214,0.00041817024910569586,0.010482679093998467,43.083333333333336,11,4,17.0,32.0,31,1.0,1
YBR271W,2,0.0,2.0244997708444126e-05,0.2850519622111699,6.3749900178789e-05,0.003726126046092941,203.5,2,0,0.0,0.0,0,0.0,0
YDR363W-A,6,0.8,1.0491853109380728e-06,0.262506576657595,0.00010294007971282392,0.0034018868236332747,30.833333333333332,6,3,26.0,46.0,45,1.0,0
YDR427W,25,0.35333333333333333,0.0005955228436765491,0.29493922478359663,0.00035372828498440607,0.015865944450086426,32.4,16,6,25.666666666666668,46.0,48,0.9547872340425532,1
YFR052W,29,0.4187192118226601,0.00042292220787895466,0.30344519697365985,0.0004093815044606627,0.021718728474335324,36.172413793103445,16,6,25.666666666666668,46.0,48,0.9547872340425532,1
YGR232W,26,0.49846153846153846,0.0006434723148696114,0.2919817510668837,0.00037013727488847384,0.016650223317142786,34.69230769230769,16,4,30.5,46.0,47,0.9777983348751156,0
YLL022C,4,0.5,1.5249391235925437e-05,0.2555156867532399,9.061790756337482e-05,0.0013106095316648921,42.0,4,2,68.0,133.0,132,1.0,0
YBR273C,1,0.0,0.0,0.2541929135690126,4.923467194727138e-05,0.0006256621598499456,152.0,1,0,0.0,0.0,0,0.0,0
YDL042C,26,0.09846153846153846,0.001244269895949183,0.30154512469445816,0.00046810793358620834,0.01232742617678901,31.076923076923077,11,5,22.4,83.0,90,0.8404494382022472,0
YDR168W,5,0.2,1.5928348515217798e-05,0.2617793736175128,0.0001011806267093426,0.0031610264055333,28.6,5,0,0.0,0.0,0,0.0,1
YJL036W,4,0.0,3.9359675570354094e-05,0.26570974460450186,9.679411890345751e-05,0.0013114256224191975,30.75,4,1,3.0,3.0,2,1.0,0
YKR010C,11,0.38181818181818183,5.789986489407253e-05,0.2853280337292916,0.000199251022057267,0.006386227603950361,42.36363636363637,9,0,0.0,0.0,0,0.0,0
YLR152C,1,0.0,0.0,0.2382325536816941,4.37964717601751e-05,0.0006551404956479682,34.0,1,0,0.0,0.0,0,0.0,0
YMR102C,8,0.07142857142857142,3.338004042703962e-05,0.2797499288415492,0.0001580922803239753,0.006866888859373383,39.25,6,0,0.0,0.0,0,0.0,0
YMR255W,7,0.14285714285714285,6.745678225459229e-05,0.2673550940079141,0.00014444444147698399,0.0018834900098370865,27.714285714285715,5,1,59.0,59.0,58,1.0,0
YBR275C,11,0.16363636363636364,0.00028695783228949943,0.2907106440707136,0.0002010584959697226,0.006849227992876809,50.63636363636363,8,1,11.0,11.0,10,1.0,0
YDL230W,9,0.05555555555555555,0.00026480523730303964,0.29208391998893424,0.00017121455165359714,0.004971896198441004,55.888888888888886,7,0,0.0,0.0,0,0.0,0
YLR019W,17,0.125,0.00035352764901736374,0.3015269702619058,0.00027303911956251997,0.011895990651382108,43.529411764705884,12,0,0.0,0.0,0,0.0,0
YNL216W,8,0.07142857142857142,0.00022593750398463384,0.28324640742281726,0.0001683816229288567,0.004275817645648937,35.75,7,1,11.0,11.0,10,1.0,1
YOR208W,7,0.0,5.757170928327476e-05,0.27641497742978394,0.00012793472171616888,0.004289814143834173,32.57142857142857,7,0,0.0,0.0,0,0.0,0
YBR276C,1,0.0,0.0,0.2046234260520614,5.525192018180513e-05,2.56751206047151e-05,4.0,1,0,0.0,0.0,0,0.0,0
YLR359W,4,0.0,0.000203055805346245,0.2578175113790927,0.00012131934865480186,0.0010481607296142777,23.75,3,0,0.0,0.0,0,0.0,1
YBR278W,9,0.08333333333333333,0.0019871273506415327,0.2831663355034916,0.00020626096647130475,0.0021238265372914553,42.55555555555556,6,6,19.666666666666668,56.0,56,0.9662337662337662,0
YIL006W,2,0.0,3.153238585231584e-05,0.23407940624650658,6.493140751705372e-05,0.00012884941417744028,25.5,2,0,0.0,0.0,0,0.0,0
YKL011C,8,0.10714285714285714,0.00013551042892964255,0.2853280337292916,0.0001588088906231847,0.009230296827872823,48.0,6,0,0.0,0.0,0,0.0,0
YLR181C,2,0.0,2.6140988593034206e-06,0.2237474524682923,7.452971939617549e-05,7.111991775742187e-05,8.5,2,0,0.0,0.0,0,0.0,0
YBR279W,12,0.2878787878787879,0.00016521264342928487,0.2779952806422211,0.0002040362863032778,0.0026508131157237215,23.416666666666668,9,3,33.333333333333336,74.0,85,0.7873949579831933,0
YOL145C,20,0.15263157894736842,0.0007767810091475306,0.3084727134793209,0.00032264881787668205,0.008628008217020346,44.1,11,3,33.333333333333336,74.0,85,0.7873949579831933,0
YNL141W,4,0.0,6.302494610303268e-05,0.2285879952556027,0.0001409689259962804,0.00030366261450054383,3.75,2,0,0.0,0.0,0,0.0,0
YBR281C,5,0.0,0.00016027507636854715,0.2685161363955745,0.0001238202270508717,0.003650478805343271,46.4,4,1,3.0,3.0,2,1.0,0
YNL191W,2,0.0,6.27957686261246e-06,0.22816103940823904,6.947553849082972e-05,0.00022113052612587037,6.5,2,1,3.0,3.0,2,1.0,0
YBR282W,2,0.0,8.678396879779351e-07,0.234166961663094,7.029669765441248e-05,0.00023383764454345114,16.5,2,7,202.14285714285714,559.0,589,0.9439786101197695,0
YIL162W,5,0.0,7.102032892543461e-05,0.2570896245598406,0.00011246001070891627,0.0010217063597199884,21.4,5,0,0.0,0.0,0,0.0,0
YLR311C,2,0.0,1.65058844924808e-05,0.24795103599436877,6.251598993825699e-05,0.0002776417566965041,46.5,2,0,0.0,0.0,0,0.0,1
YPL234C,10,0.1111111111111111,0.00021437390540213954,0.26503481907446974,0.00017376487542913223,0.0015730324060251935,41.0,10,5,12.6,15.0,16,0.9083333333333333,0
YPR028W,27,0.1737891737891738,0.0006535052285315915,0.2753360624546594,0.00045206539683108934,0.0024119057106131536,28.85185185185185,16,0,0.0,0.0,0,0.0,0
YBR284W,3,0.0,0.00019655378435024637,0.25086971428823157,0.00012032397489965157,0.0009443223598719975,12.333333333333334,2,0,0.0,0.0,0,0.0,0
YDL238C,1,0.0,0.0,0.2002223945010896,6.34121426865065e-05,2.3130722158998627e-05,3.0,1,0,0.0,0.0,0,0.0,0
YMR138W,6,0.06666666666666667,0.0010539125727715135,0.28670003869999744,0.0001639287650669551,0.006875928404367016,71.5,3,3,39.666666666666664,73.0,72,1.0,0
YBR285W,2,0.0,1.4942203753918325e-05,0.21106506705087677,8.18308785558275e-05,6.296664962177158e-05,12.5,2,0,0.0,0.0,0,0.0,0
YIL049W,2,0.0,2.4594568155230872e-05,0.2279533465044948,8.693281749901424e-05,0.0001268050312516653,16.5,2,0,0.0,0.0,0,0.0,0
YBR286W,3,0.0,7.005907527737728e-05,0.24964425162248305,9.154033822033288e-05,0.0007503048455663699,21.333333333333332,2,0,0.0,0.0,0,0.0,0
YPL200W,2,0.0,6.156746914147697e-07,0.21181488585537134,7.73356025319186e-05,6.013565528032287e-05,4.0,2,0,0.0,0.0,0,0.0,0
YGR261C,5,0.2,1.856432078778043e-05,0.2527306341045696,0.00011526779774771135,0.001495301055237091,13.8,5,3,40.0,95.0,94,1.0,0
YJL024C,2,1.0,0.0,0.23835727089521488,6.112483714991698e-05,0.0012265069505322241,17.0,2,3,40.0,95.0,94,1.0,0
YPL016W,16,0.15,0.00022972396172299945,0.27951573702702615,0.0002948945331873053,0.0035553688237955692,23.0625,8,6,64.5,195.0,269,0.6211507518171225,1
YPL195W,6,0.2,2.5449456615040425e-05,0.25190438467207804,0.00013617031440485688,0.0016950638983331836,15.166666666666666,5,3,40.0,95.0,94,1.0,0
YFL049W,6,0.4,0.000206304900922697,0.2517271298778777,0.00016675415845473034,0.0006990746473317493,19.0,4,2,47.5,83.0,82,1.0,0
YHL025W,8,0.21428571428571427,4.4621752955198135e-05,0.2644331032761486,0.00015377176399537237,0.0016056363250657884,23.5,7,6,64.5,195.0,269,0.6211507518171225,0
YPR034W,4,0.5,5.606419082347628e-06,0.25699727914872,8.841876190816679e-05,0.0023139457739270912,32.5,4,8,51.75,195.0,270,0.6167699297810822,1
YEL036C,8,0.14285714285714285,0.00045138909056411975,0.24176303224803317,0.00023179430035993794,0.0002899721407371903,9.875,4,3,7.333333333333333,9.0,11,0.7818181818181819,0
YGL012W,2,1.0,0.0,0.22057442861139148,5.588446883399001e-05,0.00019069171214325772,40.0,2,0,0.0,0.0,0,0.0,0
YPL087W,2,1.0,0.0,0.22688968814216975,5.620269889272221e-05,0.00020347180654475198,37.0,2,0,0.0,0.0,0,0.0,0
YPL132W,3,0.0,1.1554713954293345e-05,0.21881091249291165,9.03333860533946e-05,0.00010938276520088699,14.666666666666666,3,3,328.3333333333333,559.0,558,1.0,0
YBR291C,3,0.0,2.9052756780583514e-05,0.23214809381896057,9.865415346857348e-05,0.00019681832349638793,10.0,3,0,0.0,0.0,0,0.0,0
YHR096C,7,0.047619047619047616,0.0006247231010096462,0.2631133688495012,0.00022840674669125585,0.002343708199829991,22.428571428571427,3,0,0.0,0.0,0,0.0,0
YGR174C,6,0.0,6.998192977266708e-05,0.26201218812713867,0.00012091578476442437,0.0016071065296064289,28.5,6,0,0.0,0.0,0,0.0,0
YIL030C,3,0.0,2.434142243907606e-05,0.22618267515920404,9.168537716397362e-05,8.71569075707183e-05,8.666666666666666,3,2,31.5,58.0,57,1.0,0
YBR296C,5,0.1,0.0003914378199189438,0.24942046693477368,0.0001724098532669612,0.0007440994970116667,18.6,3,0,0.0,0.0,0,0.0,0
YLR137W,1,0.0,0.0,0.19929816856546975,5.864308034563941e-05,1.8272736736767507e-05,5.0,1,0,0.0,0.0,0,0.0,0
YML089C,1,0.0,0.0,0.19929816856546975,5.864308034563941e-05,1.8272736736767507e-05,5.0,1,0,0.0,0.0,0,0.0,0
YDR284C,6,0.06666666666666667,5.157822981913292e-05,0.2314935510076383,0.00014842074340360348,0.00012298451469917385,11.333333333333334,4,0,0.0,0.0,0,0.0,0
YGR041W,4,0.0,0.00036302490337499453,0.23542178133168445,0.00015394021432794762,0.0002704189105093036,8.5,2,0,0.0,0.0,0,0.0,0
YNL008C,4,0.0,0.00035893100142137213,0.27303946879192365,0.00010680251541548796,0.0010371572741820912,77.75,4,0,0.0,0.0,0,0.0,0
YBR299W,1,0.0,0.0,0.14947660049096445,9.72932174331456e-05,2.0170567418389694e-08,4.0,1,0,0.0,0.0,0,0.0,0
YBR301W,1,0.0,0.0,0.2541929135690126,4.923467194727138e-05,0.0006256621598499456,152.0,1,0,0.0,0.0,0,0.0,0
YLR237W,4,0.0,3.2925247004731577e-05,0.22388748216585852,0.00011276513298035662,0.00010941128375797853,12.5,3,0,0.0,0.0,0,0.0,0
YOR192C,1,0.0,0.0,0.2082825823858544,5.0399486442923014e-05,2.0532222748675386e-05,11.0,1,0,0.0,0.0,0,0.0,0
YPR063C,1,0.0,0.0,0.2082825823858544,5.0399486442923014e-05,2.0532222748675386e-05,11.0,1,0,0.0,0.0,0,0.0,0
YCL004W,1,0.0,0.0,0.20931846767460424,5.161234115922573e-05,5.628543612057556e-05,7.0,1,0,0.0,0.0,0,0.0,1
YJL172W,4,0.16666666666666666,6.599969212698199e-05,0.2535366495925005,0.00010360533990856106,0.0008211606101853563,18.0,4,0,0.0,0.0,0,0.0,0
YLR119W,4,0.16666666666666666,0.00012432090011584035,0.26283720682499373,0.00011367745872717874,0.0010048162785403427,31.25,4,1,4.0,4.0,3,1.0,0
YPL065W,2,1.0,0.0,0.24713130247953494,6.228286290793212e-05,0.0007565157976385623,27.0,2,1,4.0,4.0,3,1.0,0
YCL009C,4,0.0,6.023938894010147e-05,0.2614377499634732,9.939712721594962e-05,0.0019214093513098918,39.0,4,1,2.0,2.0,1,0.0,0
YER094C,9,0.5,3.0040367744984587e-05,0.27126485273521395,0.00016166563288755046,0.005806731637095872,36.55555555555556,8,7,21.142857142857142,46.0,48,0.9485815602836879,1
YCL011C,17,0.09558823529411764,0.0011324326157267483,0.28863318211446837,0.0003103102561764504,0.006075954666910064,28.294117647058822,9,0,0.0,0.0,0,0.0,0
YDL084W,6,0.13333333333333333,3.101916867214488e-05,0.2601882163255366,0.00012728049603751717,0.0014722820376249163,16.833333333333332,5,4,165.0,559.0,564,0.9789375558998779,1
YHR167W,3,0.3333333333333333,7.104168757147317e-06,0.2311303233213464,8.910498729440417e-05,0.0002835109943655037,9.333333333333334,3,3,10.0,19.0,21,0.7857142857142857,0
YML062C,5,0.6,0.0002573478717881455,0.2709420057370979,0.00011132200104540315,0.002740816964871838,52.6,5,3,10.0,19.0,21,0.7857142857142857,0
YMR216C,13,0.0641025641025641,0.0001994703550852918,0.2833746167279764,0.0002357773220696353,0.005076494731026534,25.923076923076923,8,0,0.0,0.0,0,0.0,0
YNL139C,8,0.2857142857142857,0.00020485180924672823,0.28653601327594574,0.00016138828014875922,0.005172687962884671,56.625,6,3,10.0,19.0,21,0.7857142857142857,0
YNL253W,3,0.0,4.186068261610307e-06,0.2483567874665405,7.158069550868731e-05,0.001463095398457985,20.666666666666668,3,2,5.0,7.0,6,1.0,0
YPR161C,12,0.030303030303030304,0.00021853865278803888,0.2670984468055173,0.00022533274132792588,0.0018543776024441032,14.166666666666666,7,1,2.0,2.0,1,0.0,1
YIL104C,5,0.1,7.191529591611859e-05,0.26618990040128915,0.00011986554337732675,0.0015502626940325174,17.4,4,1,2.0,2.0,1,0.0,1
YCL016C,5,0.0,0.0021889972654591237,0.2436329705720803,0.00014653386684843964,0.0003305719365647813,8.0,4,1,7.0,7.0,6,1.0,0
YGR020C,14,0.25274725274725274,0.0011094072148269633,0.28601239084291336,0.0002760544176932681,0.0042977831412883884,33.357142857142854,9,5,12.8,15.0,15,0.9904761904761905,0
YHL023C,5,0.0,0.0006092066056157343,0.27260847899250246,0.00011520771489167186,0.003658562248431955,56.2,4,0,0.0,0.0,0,0.0,0
YLR123C,1,0.0,0.0,0.1955856982875876,5.420581120559774e-05,8.098021270493888e-06,5.0,1,0,0.0,0.0,0,0.0,0
YPL135W,2,0.0,8.465222747378234e-06,0.2684585643251638,6.305626789056839e-05,0.0035862267037390944,86.5,2,0,0.0,0.0,0,0.0,0
YDL116W,34,0.0748663101604278,0.004257852646843972,0.311349184138397,0.0006611380919017806,0.012659562318542516,27.529411764705884,12,3,29.666666666666668,59.0,59,0.9812974868497955,0
YDR080W,10,0.2222222222222222,0.00015343699828392394,0.27601890195923146,0.00019702241190511842,0.004737787358075382,25.5,5,4,5.5,7.0,11,0.5454545454545454,0
YHR070W,5,0.1,2.224304302972633e-06,0.2890329510647654,9.255203690423247e-05,0.011902824403466043,104.4,5,0,0.0,0.0,0,0.0,1
YLL010C,2,0.0,2.4575141962693823e-06,0.2670984468055173,5.878797734952732e-05,0.003883256207029692,82.5,2,1,2.0,2.0,1,0.0,0
YLR247C,9,0.05555555555555555,4.505394251451464e-05,0.28909968691123616,0.00016222408697994954,0.009785933630623437,58.44444444444444,7,0,0.0,0.0,0,0.0,0
YLR248W,7,0.047619047619047616,0.00027519475241932447,0.29645809021251657,0.00013596774131653503,0.007738996955461254,84.85714285714286,6,0,0.0,0.0,0,0.0,0
YNL230C,39,0.05263157894736842,0.0018288387493043503,0.32702337421157396,0.0005870861326537418,0.030333012214131108,49.43589743589744,14,4,21.0,58.0,74,0.650129581636431,0
YPL139C,10,0.2,0.0004678842890338238,0.29679188006223733,0.00018222442772021356,0.008454182221599636,59.8,8,5,38.0,133.0,133,0.9859876965140123,0
YHR189W,2,0.0,0.0002277459423541266,0.22873415126279936,0.00010310432304256185,9.245495085644127e-05,22.0,2,0,0.0,0.0,0,0.0,0
YML008C,9,0.0,0.0012115496067853526,0.2817327432103423,0.00021889915339277677,0.0027767032289442955,37.888888888888886,5,0,0.0,0.0,0,0.0,0
YDL232W,18,0.2679738562091503,0.00036296429838825433,0.26175201087332783,0.0003047609287960645,0.0013311554952626595,27.77777777777778,11,2,19.0,29.0,28,1.0,1
YIR038C,21,0.01904761904761905,0.003809202473591431,0.2772258926187455,0.0005267555962965659,0.0010202818127189924,15.380952380952381,6,0,0.0,0.0,0,0.0,0
YJR095W,2,0.0,1.253317454245216e-05,0.22513543900252878,7.483859449438181e-05,0.00010264714446579022,19.5,2,0,0.0,0.0,0,0.0,1
YPL265W,5,0.0,8.465004939114516e-05,0.2541284237898445,0.00011359030876431154,0.0008983449140564913,23.6,4,0,0.0,0.0,0,0.0,0
YCL026C-A,5,0.0,0.00027097982996427756,0.27728728690345783,0.00012981589424148262,0.002374804934385398,69.8,3,0,0.0,0.0,0,0.0,0
YCR048W,3,0.0,9.211875243804111e-06,0.25605127689418483,8.067694103407378e-05,0.0009916835869891942,32.0,3,0,0.0,0.0,0,0.0,0
YLR177W,3,0.0,3.0533126615945686e-06,0.2636674375388394,7.969514017317614e-05,0.001912935415387054,40.0,3,0,0.0,0.0,0,0.0,0
YDR072C,2,0.0,6.35863410346038e-06,0.2488503913370891,7.233871050261961e-05,0.00041263862432895225,36.0,2,0,0.0,0.0,0,0.0,0
YER090W,5,0.1,2.5867628681961404e-05,0.2760493290001794,0.0001082133822842113,0.004194056203416908,45.2,5,1,2.0,2.0,1,0.0,0
YER149C,9,0.027777777777777776,0.0004693772892781537,0.2731139151516117,0.0002424747472349107,0.001287462303494081,22.666666666666668,5,2,4.0,5.0,4,1.0,0
YGR070W,2,0.0,9.666348727623398e-06,0.26575204160300625,6.072816248897391e-05,0.002659611258825939,81.5,2,0,0.0,0.0,0,0.0,0
YIL159W,14,0.10989010989010989,0.000535491300614886,0.3046449498814024,0.00027400000640215197,0.008092628434892838,61.214285714285715,10,0,0.0,0.0,0,0.0,0
YIR014W,3,0.0,6.199603392570377e-05,0.2593394250233148,8.656724731037486e-05,0.0008173551201051441,39.333333333333336,3,0,0.0,0.0,0,0.0,0
YJR030C,4,0.0,0.0015519912215654261,0.26064860661203515,0.00011499486947244057,0.0009734922920253281,37.25,3,0,0.0,0.0,0,0.0,0
YKL092C,4,0.0,2.5076125460927687e-05,0.2552552355155321,0.00011004074906541012,0.0006986352721590465,24.0,3,0,0.0,0.0,0,0.0,0
YKL105C,1,0.0,0.0,0.2476567757528683,4.8197507750121936e-05,0.00039836748672282665,67.0,1,0,0.0,0.0,0,0.0,0
YKR023W,1,0.0,0.0,0.2476567757528683,4.8197507750121936e-05,0.00039836748672282665,67.0,1,0,0.0,0.0,0,0.0,0
YKR049C,1,0.0,0.0,0.2476567757528683,4.8197507750121936e-05,0.00039836748672282665,67.0,1,0,0.0,0.0,0,0.0,0
YKR101W,7,0.19047619047619047,0.00012709556650752422,0.2773794293337536,0.00014257696516715778,0.003222430849830147,37.285714285714285,6,2,47.5,83.0,82,1.0,0
YMR103C,1,0.0,0.0,0.2476567757528683,4.8197507750121936e-05,0.00039836748672282665,67.0,1,0,0.0,0.0,0,0.0,0
YMR140W,2,0.0,3.842317536324038e-05,0.25259042647015606,7.113940830440446e-05,0.0005236130707888341,49.0,2,0,0.0,0.0,0,0.0,0
YMR156C,3,0.0,1.6377465737021048e-05,0.27016738461809553,7.938618289202001e-05,0.0019409847501232562,64.0,3,0,0.0,0.0,0,0.0,0
YMR265C,2,0.0,8.4370593320986e-06,0.24894934765136964,7.693738192737507e-05,0.0004191927155224175,35.0,2,0,0.0,0.0,0,0.0,0
YNL267W,3,0.0,2.697232814208896e-05,0.266657596424782,8.494064878729415e-05,0.0016507608533321827,47.333333333333336,3,0,0.0,0.0,0,0.0,1
YNL291C,2,0.0,0.00010367902889116562,0.24914749657000573,8.416917249534411e-05,0.0004094959583708051,34.5,2,0,0.0,0.0,0,0.0,0
YNR064C,10,0.08888888888888889,0.00028371920503987173,0.29464425085599805,0.0002043969528530165,0.004981623143495992,58.5,9,0,0.0,0.0,0,0.0,0
YOL046C,2,0.0,0.0001128531963016586,0.2645867703550243,6.876270165554256e-05,0.0011872896124966823,83.0,2,0,0.0,0.0,0,0.0,0
YOR155C,5,0.2,7.74837374098909e-05,0.2772258926187455,0.00011295948074634146,0.0030880665918777395,67.0,5,0,0.0,0.0,0,0.0,0
YPL156C,2,0.0,2.3129237721861667e-05,0.2591113340602336,6.734667701821146e-05,0.0007164851410093822,55.5,2,0,0.0,0.0,0,0.0,0
YPL224C,2,0.0,7.956524932746955e-06,0.25006805352757416,8.628375195318277e-05,0.00040914578678177214,34.5,2,0,0.0,0.0,0,0.0,0
YPR008W,5,0.1,4.45929389490688e-05,0.2830703089385777,0.00010600608234951074,0.0045186470710564565,67.2,5,0,0.0,0.0,0,0.0,0
YPR023C,11,0.23636363636363636,0.00048247192978709746,0.28782041124362134,0.00020680763972507095,0.00437873894720389,48.90909090909091,9,6,33.333333333333336,133.0,135,0.9585406301824212,0
YEL021W,3,0.0,1.1689236970804396e-06,0.2758820632395205,6.796922037284303e-05,0.00454463485522422,68.66666666666667,3,0,0.0,0.0,0,0.0,0
YCL029C,6,0.13333333333333333,4.1659369169738896e-05,0.27344196200318055,0.00013103662980862234,0.0036266048879749686,26.666666666666668,4,7,37.57142857142857,73.0,136,0.4761437908496732,0
YER016W,4,0.16666666666666666,7.033840787281381e-06,0.2600261137038708,9.310494923314786e-05,0.0025283716147225747,29.5,4,4,43.5,73.0,123,0.5407170465147274,1
YCL030C,5,0.0,3.1440727628267115e-06,0.27771780947378594,9.392386683000566e-05,0.00633237824461289,51.0,5,0,0.0,0.0,0,0.0,0
YOL082W,22,0.04329004329004329,0.001206325304602322,0.3127099760271138,0.0004070569488117926,0.010585398514730535,39.86363636363637,11,0,0.0,0.0,0,0.0,0
YDL016C,1,0.0,0.0,0.23099174319943985,4.651759173564454e-05,0.00016052796004240456,36.0,1,0,0.0,0.0,0,0.0,1
YDR309C,17,0.15441176470588236,0.0002890390250854604,0.28714384680944016,0.00032445885087293745,0.005082031266668787,21.88235294117647,10,0,0.0,0.0,0,0.0,0
YER040W,10,0.06666666666666667,0.0003837337793827996,0.29698547059121533,0.00018571186391792984,0.0052861842221368785,54.5,10,0,0.0,0.0,0,0.0,0
YER047C,11,0.07272727272727272,0.00029249415744948896,0.28908300006062077,0.00020808839386448087,0.005138652891160494,44.54545454545455,10,0,0.0,0.0,0,0.0,0
YHR061C,13,0.24358974358974358,0.0001529918915641482,0.27858287774225465,0.00024263102468180376,0.004096663950819729,26.615384615384617,10,0,0.0,0.0,0,0.0,0
YKL061W,9,0.08333333333333333,0.00029036139271115867,0.2812107229674483,0.00020266842895067452,0.0035527221617769125,40.55555555555556,7,0,0.0,0.0,0,0.0,0
YKR020W,7,0.3333333333333333,2.9410533310665677e-05,0.255593925799962,0.0001537434680193821,0.0006846255828334393,13.428571428571429,5,1,4.0,4.0,3,1.0,0
YNL086W,11,0.03636363636363636,0.0003430900727819977,0.2789863511614447,0.0002231813970031669,0.0037892938313758796,29.545454545454547,7,0,0.0,0.0,0,0.0,0
YOL043C,3,0.0,1.667804140084495e-05,0.24715569364638054,8.421009192065111e-05,0.0004793987093259319,26.0,3,0,0.0,0.0,0,0.0,0
YPR051W,3,0.3333333333333333,6.772396336260337e-05,0.2338171324019727,0.00011283229250476506,0.00020391830149621692,14.0,2,1,3.0,3.0,2,1.0,0
YPR075C,1,0.0,0.0,0.23099174319943985,4.651759173564454e-05,0.00016052796004240456,36.0,1,0,0.0,0.0,0,0.0,0
YPR193C,5,0.1,0.000497390298482934,0.28184372403209085,0.00011726526557713688,0.005481736883761279,91.2,4,0,0.0,0.0,0,0.0,0
YCL033C,1,0.0,0.0,0.23785918389296426,4.638520376135974e-05,0.0005303605137582009,28.0,1,0,0.0,0.0,0,0.0,0
YCL035C,3,0.0,3.2357055763431154e-05,0.25238676557398987,8.089311800930883e-05,0.0018278830594773922,36.666666666666664,3,0,0.0,0.0,0,0.0,0
YKL198C,13,0.01282051282051282,0.0001673768916101492,0.2829423747839249,0.0002476935904803093,0.004327337316848907,27.76923076923077,7,0,0.0,0.0,0,0.0,0
YCL036W,1,0.0,0.0,0.26119233251891816,4.3554375961260926e-05,0.002573745295785683,159.0,1,0,0.0,0.0,0,0.0,0
YLR263W,10,0.0,0.0007286701337451926,0.2874074931740075,0.00020434011092542557,0.005856836485165707,35.4,7,2,4.5,5.0,4,1.0,0
YPR088C,14,0.02197802197802198,0.0009229661565894212,0.2861594661210293,0.00034578205791241303,0.010205656863227431,37.07142857142857,8,4,150.25,559.0,579,0.9308496333614213,1
YMR009W,4,0.0,6.751306516858258e-05,0.25483961614258666,0.00011442777775995771,0.0008157443492145956,20.0,3,0,0.0,0.0,0,0.0,0
YDR516C,5,0.2,0.00013894161033093833,0.2831663355034916,0.0001265699587362017,0.0027172003338225966,72.6,4,0,0.0,0.0,0,0.0,0
YKL056C,12,0.10606060606060606,0.0004458959098286346,0.29101469936375685,0.00022632221879932978,0.011869524029947802,46.5,9,2,452.5,559.0,558,1.0,0
YML099C,9,0.05555555555555555,0.00020793006017741594,0.2815901819436779,0.0001862515696687444,0.004659582537508698,32.888888888888886,6,3,91.33333333333333,195.0,194,1.0,0
YPL126W,15,0.09523809523809523,9.3113266198783e-05,0.2935906545547954,0.0002483475778911723,0.010358330393236985,40.0,12,5,141.4,559.0,641,0.7740542121684867,1
YLR354C,9,0.027777777777777776,8.771533004945781e-05,0.28908300006062077,0.00016347671830733003,0.00842061942977324,60.0,7,0,0.0,0.0,0,0.0,0
YCL044C,1,0.0,0.0,0.23695888418103023,4.600021713613738e-05,0.00031014961300478687,34.0,1,1,2.0,2.0,1,0.0,0
YGL115W,28,0.09259259259259259,0.0007204924122550526,0.30605982498473816,0.0004942234449699059,0.017684052593218678,33.107142857142854,13,6,6.0,16.0,15,1.0,0
YPL208W,4,0.0,8.20568095949695e-06,0.24603866064306618,0.00010085916185908342,0.0006148480268411682,10.0,4,0,0.0,0.0,0,0.0,0
YCL049C,1,0.0,0.0,0.23976078204079923,5.3043097840996495e-05,0.00012158139249151383,40.0,1,0,0.0,0.0,0,0.0,0
YCL050C,2,0.0,9.666722411445094e-05,0.2767051367983566,6.825895481545581e-05,0.0015624044119110457,177.5,2,0,0.0,0.0,0,0.0,0
YJR106W,1,0.0,0.0,0.21685918926392098,4.555351020624274e-05,5.106924828806729e-05,14.0,1,0,0.0,0.0,0,0.0,0
YCL054W,9,0.25,2.9117111440102225e-05,0.2730692424649831,0.00015067435362370248,0.004978447123963137,42.666666666666664,7,0,0.0,0.0,0,0.0,1
YGR103W,44,0.17864693446088795,0.0008894483275234025,0.3180316850425613,0.0006259499022024058,0.02329447635334897,40.95454545454545,14,4,148.75,559.0,558,1.0,1
YKR081C,50,0.19020408163265307,0.0007775962199138605,0.30249217708825604,0.0007246444947239701,0.020565082770510695,28.7,14,0,0.0,0.0,0,0.0,1
YNL154C,11,0.07272727272727272,0.00023767276834525252,0.2850357393460961,0.00022805520535707603,0.006149582306199223,27.181818181818183,6,2,6.0,8.0,7,1.0,0
YOR310C,7,0.3333333333333333,4.046526062785232e-06,0.2621356105961612,0.00012407333801313424,0.0026910781980394607,33.714285714285715,7,7,111.71428571428571,559.0,619,0.8502282102357388,1
YGL036W,2,0.0,1.4349943040915678e-06,0.2211979054876007,7.110259310349549e-05,8.104648757643566e-05,12.5,2,0,0.0,0.0,0,0.0,0
YNL196C,3,0.0,5.8140358482554455e-05,0.25960828198477376,8.889062784816246e-05,0.0008719824470352773,55.666666666666664,3,0,0.0,0.0,0,0.0,0
YCL056C,4,0.0,0.0004099134890168018,0.22950980551967076,0.00020217969257965148,0.00013826634600834668,6.5,2,0,0.0,0.0,0,0.0,0
YDL157C,1,0.0,0.0,0.1863784971736475,7.222779298970244e-05,3.3872722252932306e-06,4.0,1,0,0.0,0.0,0,0.0,0
YNL100W,1,0.0,0.0,0.1863784971736475,7.222779298970244e-05,3.3872722252932306e-06,4.0,1,0,0.0,0.0,0,0.0,0
YCL058C,1,0.0,0.0,0.20684603213357514,5.930778103899023e-05,5.6441565895116435e-05,5.0,1,0,0.0,0.0,0,0.0,0
YDL166C,3,0.0,1.3891372514969212e-05,0.24934596116948396,7.18759194119612e-05,0.0011329824816847592,27.666666666666668,3,0,0.0,0.0,0,0.0,1
YDR299W,11,0.16363636363636364,0.00010537446540198899,0.27807245439177475,0.00018987721352242982,0.004552860259475678,34.45454545454545,9,0,0.0,0.0,0,0.0,1
YDR324C,9,0.2222222222222222,3.9876410185453e-05,0.27504876577792603,0.0001527596800145626,0.006240485189910085,44.888888888888886,9,6,141.16666666666666,559.0,620,0.8475115951847413,1
YDR457W,4,0.0,2.3791331873924958e-05,0.2584961536025938,8.502172687104153e-05,0.0014588287400576364,31.0,4,0,0.0,0.0,0,0.0,0
YER127W,7,0.047619047619047616,0.00011503095494682266,0.2787224094857953,0.00014078682002655903,0.003964191154355145,48.0,6,3,212.66666666666666,559.0,558,1.0,1
YGR145W,10,0.3333333333333333,0.00025457316752668276,0.2756239599389277,0.00019343432107683293,0.004341191115860358,41.1,9,0,0.0,0.0,0,0.0,1
YJL109C,15,0.1619047619047619,0.00015728807014340167,0.27728728690345783,0.0002336791822343367,0.006233242833758884,36.13333333333333,12,6,141.16666666666666,559.0,620,0.8475115951847413,1
YKR060W,5,0.4,1.356682009230735e-05,0.2562215673019008,0.00010360353605124966,0.0018834505285708174,39.6,4,2,452.5,559.0,558,1.0,0
YLR197W,16,0.18333333333333332,0.00014944270123697274,0.28777079844002845,0.0002558581888321035,0.008600509716130857,38.0,12,7,111.71428571428571,559.0,619,0.8502282102357388,1
YNL308C,15,0.047619047619047616,0.0004570616079890562,0.293418652296576,0.00023773099895972553,0.009926262311305384,44.733333333333334,12,0,0.0,0.0,0,0.0,1
YPL217C,6,0.2,5.248842577118937e-05,0.2645588176034153,0.00011159528786935133,0.0037034414718726135,48.166666666666664,6,0,0.0,0.0,0,0.0,1
YCL061C,5,0.0,2.1243574382280507e-05,0.24955717654343787,0.00011537007566012969,0.0010785144491869826,18.6,4,1,3.0,3.0,2,1.0,0
YNL273W,4,0.0,1.4877108553872317e-05,0.2473509964465752,0.00010055369667086132,0.0004429316197289063,16.0,4,1,3.0,3.0,2,1.0,0
YCL063W,8,0.0,0.0018131941915308363,0.28655240737213955,0.00024464499778615445,0.0031510594319658944,56.625,5,0,0.0,0.0,0,0.0,0
YER150W,1,0.0,0.0,0.22231724858177623,5.5720222228771275e-05,7.719149479046106e-05,8.0,1,0,0.0,0.0,0,0.0,0
YJL043W,1,0.0,0.0,0.22231724858177623,5.5720222228771275e-05,7.719149479046106e-05,8.0,1,0,0.0,0.0,0,0.0,0
YPL005W,2,0.0,1.528488777281469e-06,0.23528906210890985,7.706706019823173e-05,0.0001356624055398591,8.5,2,0,0.0,0.0,0,0.0,0
YNL056W,6,0.06666666666666667,1.7301436562563673e-05,0.2743106022592976,0.00011189853583843529,0.005344014451413315,34.0,5,1,6.0,6.0,5,1.0,0
YCL069W,3,0.0,3.229183947488076e-05,0.2458816326795746,8.686564374770384e-05,0.00047769194029668343,18.666666666666668,3,0,0.0,0.0,0,0.0,0
YCR075C,3,0.0,7.130163498519956e-06,0.22750808467567252,8.892330055662164e-05,9.75066135754746e-05,14.0,3,0,0.0,0.0,0,0.0,0
YOR209C,3,0.0,0.00019883415237197222,0.26907876086876137,0.00012279974769478465,0.0010870123857059705,98.33333333333333,2,0,0.0,0.0,0,0.0,0
YOR241W,1,0.0,0.0,0.2217070817197988,4.460103698699736e-05,0.0003666925019884758,10.0,1,0,0.0,0.0,0,0.0,0
YNL166C,8,0.5357142857142857,5.0598186621969864e-05,0.26203960529745485,0.0001592395914674903,0.004809657019908222,26.75,6,0,0.0,0.0,0,0.0,0
YCR003W,1,0.0,0.0,0.20007042607958517,6.347234161861723e-05,1.36428995501546e-05,3.0,1,7,202.14285714285714,559.0,589,0.9439786101197695,0
YIR039C,3,0.0,0.00020267237098667027,0.25063118531002626,0.00011956681115631506,0.000556944871459848,21.333333333333332,2,0,0.0,0.0,0,0.0,0
YLR253W,1,0.0,0.0,0.20197455240755957,5.483242615767152e-05,4.883792651160859e-05,4.0,1,0,0.0,0.0,0,0.0,0
YPL245W,3,0.0,2.3901127020992535e-06,0.25850949602819523,8.960894590848222e-05,0.0010575465900747644,34.666666666666664,3,0,0.0,0.0,0,0.0,0
YCR007C,4,0.0,0.0001151198400820136,0.25695772284902035,0.00011709410189312427,0.0008749042954234516,34.0,3,0,0.0,0.0,0,0.0,0
YGL060W,13,0.08974358974358974,0.000371853028523808,0.2987570374642242,0.00023753419279451486,0.010485930957827155,74.23076923076923,12,0,0.0,0.0,0,0.0,0
YMR232W,5,0.0,5.690840871179492e-05,0.27897081134352225,0.00012334643378135763,0.0027293045252211553,66.0,4,0,0.0,0.0,0,0.0,0
YNL055C,19,0.029239766081871343,0.0004195794761156779,0.29990197461378776,0.0003050467007679997,0.017681173609906165,40.94736842105263,12,0,0.0,0.0,0,0.0,0
YOR232W,19,0.05847953216374269,0.00048381112927625,0.30262011939880695,0.0003498569776730649,0.01649296597941084,40.89473684210526,10,3,8.0,11.0,10,1.0,1
YCR010C,4,0.16666666666666666,4.346706143519745e-05,0.2292681609544635,0.00012204387183409776,0.00014265669062065784,19.5,3,0,0.0,0.0,0,0.0,0
YFL055W,2,0.0,1.385706293781245e-05,0.2155896421183012,7.25928206606427e-05,4.92766951874485e-05,9.0,2,0,0.0,0.0,0,0.0,0
YGL098W,3,0.0,1.862622878527798e-05,0.218973547396391,0.00010166326773589055,3.906291868078574e-05,7.0,3,1,6.0,6.0,5,1.0,1
YEL031W,4,0.0,3.0252534610435413e-05,0.23964605847410186,9.822576769557106e-05,0.00034346184039338616,18.0,4,0,0.0,0.0,0,0.0,0
YJL110C,7,0.09523809523809523,0.0001655407383276967,0.28051769777362245,0.00015435085479621104,0.0021107574078834007,55.42857142857143,5,0,0.0,0.0,0,0.0,0
YOL085C,1,0.0,0.0,0.22656124925586965,4.4347099253027354e-05,0.00044751885620204367,12.0,1,0,0.0,0.0,0,0.0,0
YCR015C,1,0.0,0.0,0.20961633014063766,5.189761437820808e-05,5.367757531161371e-05,8.0,1,0,0.0,0.0,0,0.0,0
YDL231C,1,0.0,0.0,0.20185244946196418,6.554900881020568e-05,2.0943561229893585e-05,3.0,1,0,0.0,0.0,0,0.0,0
YEL053C,2,1.0,0.0,0.2061054722654426,8.96580291084497e-05,4.7228677611394915e-05,3.5,2,1,3.0,3.0,2,1.0,0
YCR021C,7,0.0,0.00036384491858982833,0.25534633302999155,0.0001823102330027869,0.0006613563579505124,19.714285714285715,4,0,0.0,0.0,0,0.0,0
YJL068C,4,0.0,2.994949443815519e-05,0.2635564371967718,9.38839858778325e-05,0.002664019263093963,29.5,4,0,0.0,0.0,0,0.0,0
YKL220C,2,0.0,1.2323390126948363e-06,0.21512662583438236,6.994374272728692e-05,3.523128571482833e-05,8.0,2,0,0.0,0.0,0,0.0,0
YCR022C,2,0.0,6.628461528768821e-05,0.26919446256652807,6.338630624999931e-05,0.002684631956131378,128.5,2,0,0.0,0.0,0,0.0,0
YCR023C,2,0.0,0.00019556096288394579,0.190193406601992,0.0001393404931253253,6.995189957547485e-06,2.5,1,0,0.0,0.0,0,0.0,0
YMR075W,4,0.16666666666666666,0.0023907591427666016,0.23530011632841227,0.0001557922564280614,0.00028538331284475705,15.0,2,4,44.5,133.0,133,0.9859876965140123,0
YCR024C,1,0.0,0.0,0.23284964322145404,4.593389451090118e-05,0.00027866774422640264,36.0,1,0,0.0,0.0,0,0.0,0
YCR027C,3,0.0,2.0020983370853014e-06,0.26645897935998375,7.034406797561588e-05,0.0035808401053848173,50.666666666666664,3,0,0.0,0.0,0,0.0,0
YNR065C,4,0.0,0.0002223917131534979,0.26135589292126776,0.00010566273856763792,0.0017174239868196401,22.25,3,0,0.0,0.0,0,0.0,0
YJR144W,12,0.06060606060606061,0.0003019213210455647,0.2783351659469965,0.00020443661791165325,0.005750585278228638,35.916666666666664,9,0,0.0,0.0,0,0.0,0
YJR126C,2,0.0,3.3498776279499066e-05,0.2555156867532399,6.894146518046781e-05,0.0004467931207773554,62.0,2,0,0.0,0.0,0,0.0,0
YMR132C,1,0.0,0.0,0.22683830680964967,4.7474918129222714e-05,0.00011770756179529386,15.0,1,0,0.0,0.0,0,0.0,0
YHR007C,14,0.16483516483516483,0.0002188189703120111,0.25344683852286093,0.00027709960869463636,0.0009954271069010257,24.571428571428573,8,0,0.0,0.0,0,0.0,1
YOR049C,5,0.0,0.00030379384165390955,0.2610697964997005,0.00011555356321565235,0.0006972038281998278,43.8,5,0,0.0,0.0,0,0.0,0
YCR035C,9,0.5833333333333334,0.00044831292434442574,0.2885167910622879,0.0001773113145093036,0.0034807956752356687,61.666666666666664,9,6,32.166666666666664,131.0,136,0.9196078431372549,1
YGR095C,17,0.3897058823529412,0.0003350965523572805,0.2920668868702038,0.0003013739725103653,0.005228292865713756,30.058823529411764,9,6,32.166666666666664,131.0,136,0.9196078431372549,1
YNL232W,12,0.6212121212121212,0.00010534785966446007,0.2783970525875628,0.00023331038185554973,0.0027591594616043734,29.25,9,3,12.0,14.0,13,1.0,1
YOL021C,17,0.375,0.0005833975276105854,0.28866645395102336,0.00031266969491980015,0.0037179567246202463,27.58823529411765,9,6,32.166666666666664,131.0,136,0.9196078431372549,1
YCR036W,1,0.0,0.0,0.22044821409614224,4.8616708114638794e-05,8.657131866344579e-05,17.0,1,0,0.0,0.0,0,0.0,0
YGL153W,17,0.08088235294117647,0.0006083635889805061,0.28345480650009935,0.0003821123944842485,0.0035341494939899946,20.647058823529413,6,1,3.0,3.0,2,1.0,0
YDR532C,5,0.0,0.0001234119804568362,0.2522088315062068,0.00016113695702309465,0.0003919161805082392,24.2,3,0,0.0,0.0,0,0.0,1
YCR039C,1,0.0,0.0,0.23695888418103023,4.600021713613738e-05,0.00031014961300478687,34.0,1,0,0.0,0.0,0,0.0,1
YMR043W,10,0.1111111111111111,0.00010404726741507695,0.26890539468726204,0.00023340596078899505,0.001050686012092861,16.8,6,3,91.33333333333333,195.0,194,1.0,1
YJL031C,3,0.0,9.374141268078648e-06,0.22631554342748555,0.00010438291513946354,9.81725441865769e-05,5.0,2,3,3.6666666666666665,6.0,5,1.0,1
YML114C,2,0.0,5.267952161940809e-08,0.23722825767574154,6.070820939278892e-05,0.0002608445782565178,21.5,2,5,50.8,133.0,175,0.8057142857142857,1
YCR044C,3,0.3333333333333333,4.721454830251009e-05,0.2668565098065993,7.511559685388138e-05,0.001115309902004395,98.0,3,0,0.0,0.0,0,0.0,0
YCR045C,1,0.0,0.0,0.19001301221831154,6.730117704640278e-05,3.2976044800070856e-06,4.0,1,0,0.0,0.0,0,0.0,0
YOR348C,4,0.0,0.0002687474049734245,0.235046131783849,0.00018110420688237554,0.00013460677016268412,3.75,2,0,0.0,0.0,0,0.0,0
YCR046C,5,0.0,0.0011227530636461272,0.2496815881175659,0.0001418569192022902,0.0008749751968914617,23.2,4,8,177.375,559.0,589,0.9439786101197695,0
YCR047C,2,0.0,0.00021257189813751095,0.20142219891615745,0.0001285681396951729,8.676387314314172e-06,3.0,2,0,0.0,0.0,0,0.0,0
YLR339C,3,0.0,0.002198743092824155,0.2056062636417856,0.00020810514661676253,2.0276502301854147e-05,1.6666666666666667,2,0,0.0,0.0,0,0.0,1
YCR054C,2,0.0,4.136435931098134e-06,0.25078178238697385,5.90503918268237e-05,0.0010682988395832058,50.5,2,0,0.0,0.0,0,0.0,1
YDR365C,23,0.05138339920948617,0.0012266000790609414,0.303518754987592,0.0003759502654292315,0.01484241290686502,40.30434782608695,12,0,0.0,0.0,0,0.0,1
YGL171W,4,0.3333333333333333,0.00013082009103996365,0.2802979055322507,9.234433390470099e-05,0.0023518451845605023,104.75,4,0,0.0,0.0,0,0.0,1
YGR128C,3,1.0,0.0,0.2557374885646576,7.00692410525287e-05,0.0017364056693873746,57.333333333333336,3,6,141.16666666666666,559.0,620,0.8475115951847413,1
YGR135W,11,0.36363636363636365,5.15262587299519e-05,0.27246017713253484,0.00018337391866211656,0.005401739724379963,35.0,9,7,21.142857142857142,46.0,48,0.9485815602836879,0
YGR154C,2,0.0,1.1792933837883737e-06,0.25699727914872,5.670814608650434e-05,0.0024609553416223397,74.0,2,0,0.0,0.0,0,0.0,0
YGR210C,4,0.0,0.00010730783485866856,0.2766440000027759,9.702792420648911e-05,0.0023035023391055546,68.5,4,0,0.0,0.0,0,0.0,0
YHR196W,18,0.0457516339869281,0.00011474327074246985,0.30355554736955304,0.0002749302992489897,0.021419367575726243,54.22222222222222,12,6,141.16666666666666,559.0,620,0.8475115951847413,1
YKL099C,2,1.0,0.0,0.2478651378823248,5.755885462674086e-05,0.0011419057466033925,49.5,2,5,168.0,559.0,619,0.8502282102357388,1
YLR129W,5,0.8,1.5226814990263708e-06,0.26116509235283175,9.777152073940737e-05,0.002896118549402681,47.2,5,3,203.66666666666666,559.0,558,1.0,1
YNR043W,1,0.0,0.0,0.242747333077271,4.352053078506629e-05,0.0006787004463190072,64.0,1,0,0.0,0.0,0,0.0,1
YNR054C,2,1.0,0.0,0.24787740539719152,5.7349307807426055e-05,0.0010422908196836592,43.5,2,2,289.5,559.0,558,1.0,1
YOL038W,12,0.2878787878787879,0.0004067899606219437,0.2793909949821631,0.0002208284185285157,0.004703758740281553,35.333333333333336,9,7,21.142857142857142,46.0,48,0.9485815602836879,1
YOR078W,5,0.0,0.0007966117002689714,0.2639175304869187,0.00016322213629946448,0.0026164088613547993,39.6,3,2,302.5,559.0,558,1.0,0
YCR059C,3,0.0,0.0003911250736304732,0.26701300719999227,0.00019949438227825268,0.0009001586737644518,94.0,1,0,0.0,0.0,0,0.0,0
YDR400W,1,0.0,0.0,0.21037354458983723,8.599219986110649e-05,2.2055379245164737e-05,3.0,1,0,0.0,0.0,0,0.0,0
YJL160C,1,0.0,0.0,0.21037354458983723,8.599219986110649e-05,2.2055379245164737e-05,3.0,1,0,0.0,0.0,0,0.0,0
YCR060W,1,0.0,0.0,0.20079232554425108,6.310424246007269e-05,1.7504761224301472e-05,3.0,1,0,0.0,0.0,0,0.0,0
YHR034C,3,0.0,0.00021216851116151342,0.25176509204495323,0.00011852495772894414,0.0007144316668427673,30.666666666666668,2,2,289.5,559.0,558,1.0,0
YDL035C,2,0.0,1.1481450429319373e-05,0.23269818222600264,6.782923251402042e-05,0.0003223519690657264,19.5,2,0,0.0,0.0,0,0.0,0
YER001W,1,0.0,0.0,0.21024107866888822,5.183176920209852e-05,3.9052058949599364e-05,23.0,1,0,0.0,0.0,0,0.0,0
YHR103W,5,0.1,0.0006013951526177857,0.2640427549583644,0.000137106013308148,0.0012409831225345062,30.2,4,0,0.0,0.0,0,0.0,0
YIL134W,2,0.0,3.250932215707431e-05,0.2182103074263792,7.926532446319388e-05,4.8654075370363385e-05,14.0,2,0,0.0,0.0,0,0.0,0
YLR138W,4,0.0,4.281302670481495e-05,0.2533955464735773,0.00011149216635602868,0.0005575526210392107,25.75,4,0,0.0,0.0,0,0.0,0
YMR243C,8,0.0,9.922950944965078e-05,0.24584542391764458,0.00020368604552765084,0.00034937764311658733,9.875,5,0,0.0,0.0,0,0.0,0
YNL318C,2,0.0,5.111867661066985e-06,0.2173674309296582,7.564008773469925e-05,4.8090993285552945e-05,13.5,2,0,0.0,0.0,0,0.0,0
YNR066C,3,0.3333333333333333,7.072801415149256e-05,0.24999316042978212,9.345116302227185e-05,0.0004127771806026973,37.666666666666664,3,0,0.0,0.0,0,0.0,0
YOR266W,4,0.0,0.0004154152437502333,0.24450121929556018,0.00018532556930474418,0.0004332705457674472,18.0,2,0,0.0,0.0,0,0.0,0
YPR058W,3,0.0,3.481189804716288e-05,0.21209295231855066,0.0001231860696962943,4.135073374132413e-05,10.0,2,0,0.0,0.0,0,0.0,0
YCR063W,3,0.3333333333333333,6.501747361143666e-06,0.24556817730082153,8.456761272876893e-05,0.00041532505241895836,22.333333333333332,3,0,0.0,0.0,0,0.0,0
YDR408C,4,0.16666666666666666,4.510653453494817e-05,0.2612740871224506,0.00011056904171308877,0.0007459749330279311,34.75,3,0,0.0,0.0,0,0.0,0
YGL058W,9,0.0,0.0003028973663713118,0.26532967662906626,0.00021856830382800563,0.0010329932366112537,13.555555555555555,6,2,24.0,46.0,46,0.9565217391304348,0
YLR032W,2,1.0,0.0,0.2341779106957617,6.294140711021439e-05,0.0006214467204655858,11.5,2,0,0.0,0.0,0,0.0,0
YCR067C,2,0.0,8.800025459953553e-06,0.2313652227121659,9.094595237912133e-05,0.00022046220194221698,13.0,2,0,0.0,0.0,0,0.0,0
YCR068W,3,0.0,1.1131551595930888e-05,0.2360208754029338,8.982609530916252e-05,0.00018909160078639728,27.666666666666668,3,0,0.0,0.0,0,0.0,0
YER019W,4,0.0,0.0003505506259320876,0.2515501243621424,0.00013953977894144888,0.000354421722499576,29.25,3,0,0.0,0.0,0,0.0,0
YCR071C,2,0.0,1.9001730365999602e-07,0.22816103940823904,6.935063971392065e-05,0.0002479343563508181,30.0,2,7,202.14285714285714,559.0,589,0.9439786101197695,0
YCR072C,8,0.4642857142857143,6.739459551384409e-05,0.27333749801071083,0.00015320874319029956,0.0031544741397281167,39.625,8,2,452.5,559.0,558,1.0,1
YER126C,22,0.3722943722943723,0.00013819984935171324,0.28653601327594574,0.00033897127933687875,0.00951009053151278,31.545454545454547,13,3,195.66666666666666,559.0,558,1.0,1
YGR245C,18,0.4117647058823529,3.6340722354334844e-05,0.28042345890538944,0.000277487968762613,0.006138232362249678,28.88888888888889,12,0,0.0,0.0,0,0.0,1
YIL051C,3,0.0,0.00016129995051811466,0.2518030656636629,0.00010985797984514745,0.0005572473150159694,45.333333333333336,2,0,0.0,0.0,0,0.0,1
YCR076C,6,0.0,0.00017438479861314323,0.2909470765685056,0.0001221999143684877,0.009568433281933034,103.0,6,0,0.0,0.0,0,0.0,0
YDL216C,6,0.2,4.178592025153207e-05,0.2625340973974029,0.00013999988696099253,0.0015754383442327469,17.666666666666668,4,1,6.0,6.0,5,1.0,0
YDR141C,4,0.0,4.4713777892726366e-05,0.2731735014754148,9.218675199226142e-05,0.004133426752122169,64.25,4,1,2.0,2.0,1,0.0,1
YGL143C,2,0.0,7.608106237598374e-07,0.2515374906358423,6.401385291438801e-05,0.0007095936739060122,22.5,2,0,0.0,0.0,0,0.0,0
YIL154C,4,0.16666666666666666,1.6998018103354623e-05,0.26607676651172796,8.954802028726029e-05,0.003396238633750339,55.0,4,0,0.0,0.0,0,0.0,0
YMR002W,3,0.0,1.3608702519818383e-05,0.25134813690907637,9.064690574647107e-05,0.0006542556747373498,15.666666666666666,3,0,0.0,0.0,0,0.0,0
YNR027W,1,0.0,0.0,0.2452074896475033,4.4518628343943726e-05,0.0006201462842713469,37.0,1,0,0.0,0.0,0,0.0,0
YNR053C,18,0.19607843137254902,0.0003303943262910443,0.29263003073621124,0.0003011461725286492,0.009278299837574592,39.05555555555556,12,0,0.0,0.0,0,0.0,1
YGL062W,12,0.015151515151515152,3.9637229656468776e-05,0.28596339934054216,0.00018504013546032487,0.01583911648339135,54.5,12,0,0.0,0.0,0,0.0,0
YMR277W,2,0.0,2.725163591778129e-06,0.24396526747772687,6.0217682176837666e-05,0.0008321837572086701,20.0,2,0,0.0,0.0,0,0.0,1
YNL014W,10,0.044444444444444446,4.166459893012199e-05,0.2814952212258462,0.00015722194104117842,0.011756134215760184,47.0,10,3,356.0,559.0,558,1.0,0
YOR323C,2,0.0,1.5196911174659673e-06,0.24018621600087545,5.84041511976265e-05,0.000929695152826758,25.0,2,0,0.0,0.0,0,0.0,0
YPL160W,4,0.16666666666666666,5.508307574503022e-06,0.2670984468055173,8.411152540568361e-05,0.004964400181829861,60.5,4,0,0.0,0.0,0,0.0,1
YOR023C,7,0.0,0.0002949665552022728,0.26599197918371953,0.00015745605584935898,0.001237595614310109,22.428571428571427,5,2,69.0,133.0,132,1.0,0
YDL105W,8,0.07142857142857142,0.00044601387717804454,0.27315860245706325,0.0001837905441129697,0.004512697346302469,32.875,7,1,8.0,8.0,7,1.0,1
YJL156C,1,0.0,0.0,0.23180426622467162,4.4835698218975984e-05,0.00046528370852177276,21.0,1,0,0.0,0.0,0,0.0,1
YLR313C,6,0.0,1.2813752458475093e-05,0.2651189971970915,0.00012165350909128285,0.003032898660134556,23.333333333333332,6,1,5.0,5.0,4,1.0,0
YNL021W,8,0.10714285714285714,0.00024772154848624385,0.2603775916844427,0.0001745027546176782,0.0013676177231457755,15.875,5,4,42.5,133.0,132,1.0,0
YPL220W,3,0.0,0.00011109377205175921,0.2784899341664955,8.910948903029825e-05,0.0018911415958821672,132.33333333333334,3,6,258.8333333333333,559.0,589,0.9439786101197695,0
YPL258C,43,0.015503875968992248,0.0020644368133062745,0.32259986963286663,0.0006414468193217282,0.039553287678938884,43.58139534883721,16,0,0.0,0.0,0,0.0,0
YCR086W,25,0.04666666666666667,0.0011128095300132871,0.301763148523845,0.0004811665761111531,0.009061181446397549,25.8,11,3,20.333333333333332,55.0,54,1.0,0
YDL214C,7,0.047619047619047616,4.604278040869563e-05,0.27083944278878735,0.0001495364352098292,0.0027642645176399494,22.142857142857142,6,0,0.0,0.0,0,0.0,0
YDR061W,2,0.0,7.851534036473166e-07,0.23636617943509627,6.34504282088341e-05,0.00030150295396878796,17.0,2,0,0.0,0.0,0,0.0,0
YER106W,2,0.0,1.2034008864369248e-06,0.2620807418132001,5.9142164842410735e-05,0.002033376327289212,72.5,2,3,34.0,55.0,54,1.0,1
YFL008W,24,0.11594202898550725,0.0005912416310191867,0.2986679573051616,0.00040968869526921163,0.010350980270449955,26.25,11,4,6.0,9.0,8,1.0,1
YGL175C,3,0.3333333333333333,9.53058433902078e-06,0.270795511005691,7.645747774473897e-05,0.00258181840799361,100.33333333333333,3,0,0.0,0.0,0,0.0,0
YHR152W,18,0.013071895424836602,0.0022670100992697693,0.3057048755447876,0.00042164533085994156,0.00777099944301413,33.77777777777778,8,0,0.0,0.0,0,0.0,0
YKL077W,1,0.0,0.0,0.2313652227121659,4.581658348929576e-05,0.00022196199271762532,25.0,1,0,0.0,0.0,0,0.0,0
YOR281C,4,0.16666666666666666,4.044920365972136e-05,0.2715001342250911,0.00010418311158885541,0.0027498545261002362,65.75,3,1,10.0,10.0,9,1.0,1
YCR087C-A,5,0.1,9.825346179660169e-05,0.28810187390993186,0.0001215607526257842,0.004151866478653467,96.6,5,0,0.0,0.0,0,0.0,0
YKR092C,7,0.0,2.9138872448894526e-05,0.25473592269214457,0.00016013128164609177,0.0009499849709431098,12.0,5,0,0.0,0.0,0,0.0,0
YLR265C,5,0.0,1.7953526128042282e-05,0.2599451381144057,0.00011475009017851762,0.0010092875586821775,13.2,5,1,3.0,3.0,2,1.0,0
YDR425W,8,0.17857142857142858,0.00022655996458918905,0.2668849502318158,0.00019165112151610302,0.0015379849544941797,18.125,6,1,3.0,3.0,2,1.0,0
YDR444W,2,0.0,8.812907488213878e-07,0.26236905946095945,5.7145578752880726e-05,0.002452249055320545,62.0,2,0,0.0,0.0,0,0.0,0
YLL031C,2,0.0,0.0002030472153860305,0.2505434205127691,9.73766224403307e-05,0.0009893248770446738,28.0,2,0,0.0,0.0,0,0.0,1
YOL089C,1,0.0,0.0,0.25046824245100296,4.4204770541522514e-05,0.0009887256174072121,54.0,1,0,0.0,0.0,0,0.0,0
YOR367W,2,1.0,0.0,0.2701819591115205,5.685912114984176e-05,0.0036059134504545015,90.0,2,0,0.0,0.0,0,0.0,0
YPL008W,2,0.0,4.3836589537502515e-06,0.25259042647015606,7.00575294953739e-05,0.0010263542820557043,29.0,2,0,0.0,0.0,0,0.0,0
YPL019C,5,0.1,0.00016444006640483602,0.2692957832051971,0.00012618829376788454,0.0015810279626677808,36.2,4,1,4.0,4.0,3,1.0,0
YCR091W,2,0.0,2.5928752281661677e-06,0.2589104102590082,5.8525974838525e-05,0.0025246860597711203,39.5,2,0,0.0,0.0,0,0.0,0
YNR058W,8,0.0,4.7897946862248654e-05,0.2658931289047704,0.00016196435897037655,0.0034524545846012526,18.875,6,0,0.0,0.0,0,0.0,0
YDR376W,2,0.0,5.930984653039938e-06,0.22933114959706283,7.781889827799461e-05,0.00032632882239639336,13.5,2,0,0.0,0.0,0,0.0,1
YIL038C,13,0.20512820512820512,0.0001426027666311495,0.28259115138804125,0.0002286719366197857,0.006200414427679804,27.53846153846154,10,7,63.142857142857146,195.0,255,0.7764397097421646,0
YGL090W,10,0.044444444444444446,0.00013098645813311866,0.2851818116416271,0.00018880672044214523,0.005169029717380767,35.2,8,5,48.0,195.0,195,0.989796457837695,0
YHL029C,1,0.0,0.0,0.20979193968291604,5.6259275879117603e-05,2.9961628375269746e-05,5.0,1,1,6.0,6.0,5,1.0,0
YNL099C,6,0.06666666666666667,3.0516023884463798e-05,0.2552292195918185,0.00013250180232866695,0.0009325031389925487,11.333333333333334,5,1,6.0,6.0,5,1.0,0
YCR097W,1,0.0,0.0,0.20896912321317873,5.160448391795347e-05,3.660932833835807e-05,7.0,1,0,0.0,0.0,0,0.0,0
YJL184W,6,0.06666666666666667,0.00012076103991357222,0.25569831909175755,0.00014305019281445977,0.0007993052043111662,11.333333333333334,4,1,5.0,5.0,4,1.0,1
YGR203W,6,0.13333333333333333,3.548871725625968e-05,0.2754723599389613,0.00012810969746542597,0.0037843072391493503,39.666666666666664,5,0,0.0,0.0,0,0.0,0
YIL059C,2,0.0,7.24938644570351e-06,0.25137336759939044,7.220624235216167e-05,0.0005042175581573916,66.5,2,0,0.0,0.0,0,0.0,0
YIL110W,3,0.0,1.1897623548387403e-05,0.25452878874067464,9.712601760348538e-05,0.0005574285597577643,44.333333333333336,3,0,0.0,0.0,0,0.0,0
YCR101C,3,0.0,0.00010111568080613075,0.25749938180206966,8.776865181510867e-05,0.0008258111918774767,37.333333333333336,3,0,0.0,0.0,0,0.0,0
YGR216C,3,0.0,4.595905912047483e-06,0.2234878614926486,9.455319610953162e-05,7.384241823646345e-05,8.666666666666666,3,1,6.0,6.0,5,1.0,1
YCR105W,1,0.0,0.0,0.19858695384814654,6.162125523559051e-05,1.3416372145690281e-05,9.0,1,0,0.0,0.0,0,0.0,0
YJL096W,3,0.0,0.00039594901497987025,0.19572327859823577,0.00017600687338314793,4.793855824343613e-06,3.0,2,7,202.14285714285714,559.0,589,0.9439786101197695,0
YOR114W,3,0.0,0.0005188886978902358,0.2769346406441944,0.00010492942044925359,0.001183246294706268,133.0,2,0,0.0,0.0,0,0.0,0
YDL001W,5,0.0,4.846783553390715e-05,0.24725330647957422,0.00014018583085245192,0.0002601702790380863,10.2,3,0,0.0,0.0,0,0.0,0
YDR207C,13,0.038461538461538464,0.0006653859584513256,0.28550695337192195,0.0002724648904263939,0.002330540160038377,29.384615384615383,7,6,74.33333333333333,195.0,255,0.7764397097421646,0
YMR079W,2,0.0,1.6130535106358342e-06,0.2224258549562666,6.969840531518755e-05,0.00016730555291977417,6.5,2,0,0.0,0.0,0,0.0,1
YDL076C,11,0.2,0.00015208018463072428,0.2688332246940556,0.00023749355496851892,0.0013033021640662884,13.818181818181818,7,4,46.25,133.0,133,0.9859876965140123,0
YER092W,4,0.3333333333333333,0.00012410452039964595,0.2652453646886058,0.00010790744871106838,0.0008030864298482905,34.0,4,0,0.0,0.0,0,0.0,0
YFL013C,5,0.1,0.0003492878015356385,0.27895527325667013,0.00012213884895148007,0.002593623686179629,63.0,5,2,47.5,83.0,82,1.0,0
YGL150C,4,0.16666666666666666,2.6258168378326942e-05,0.263459388534995,9.596384211172217e-05,0.0020829577212506147,28.5,4,2,47.5,83.0,82,1.0,1
YDL003W,7,0.42857142857142855,0.00010438296672146044,0.25768486190832757,0.00016490918746770697,0.0016079999364243226,18.0,4,4,6.0,9.0,8,1.0,1
YDR180W,4,0.3333333333333333,7.017196495687278e-05,0.24817219047868072,0.00010962244211825967,0.001499502215113808,21.25,3,3,5.666666666666667,9.0,9,0.7777777777777778,1
YER147C,3,0.3333333333333333,1.79117446813457e-06,0.21236274491393553,9.939269216164309e-05,8.396014761194094e-05,4.666666666666667,3,1,2.0,2.0,1,0.0,1
YIL026C,8,0.32142857142857145,3.169264436033523e-05,0.27083944278878735,0.00017228044203714508,0.002654026677965238,22.875,4,4,6.0,9.0,8,1.0,1
YJL074C,23,0.07509881422924901,0.00082189273063839,0.29329837058153285,0.0003887017494328028,0.009298822869028922,25.608695652173914,11,4,6.0,9.0,8,1.0,1
YER157W,12,0.22727272727272727,0.0002614150069753428,0.27335241655115466,0.00024970768977911853,0.0016603005167135075,24.916666666666668,7,3,41.333333333333336,95.0,94,1.0,1
YDL006W,10,0.08888888888888889,0.0001354590777391612,0.2893000794853428,0.00018094106176541603,0.006868293119698248,40.1,8,0,0.0,0.0,0,0.0,0
YFR010W,16,0.7166666666666667,8.626300699071667e-06,0.2799532127473591,0.0002225137364313296,0.011604723831952978,34.0,15,3,30.0,46.0,46,0.9758454106280193,0
YLR102C,10,0.37777777777777777,2.9343874022814142e-05,0.2696292315504848,0.00018494689116407224,0.0022108088520917096,18.9,8,4,25.0,58.0,57,1.0,0
YEL023C,5,0.0,0.0001866311509563738,0.27232684335002205,0.00012311319587336993,0.003190433491164745,41.8,4,0,0.0,0.0,0,0.0,0
YDL012C,8,0.0,0.0005690840656173592,0.2633624113188334,0.00026937810297363523,0.0008462643422515684,21.5,3,0,0.0,0.0,0,0.0,0
YDR151C,1,0.0,0.0,0.2081008424834942,5.788531935349274e-05,2.077199972587461e-05,8.0,1,0,0.0,0.0,0,0.0,1
YFR047C,4,0.16666666666666666,0.00020674667224215718,0.2698035326213573,0.00012729021779069185,0.002382380974357007,71.5,3,0,0.0,0.0,0,0.0,0
YHR032W,2,0.0,8.150652646086957e-06,0.22582572711922874,7.384162761842641e-05,9.758938122776742e-05,25.0,2,0,0.0,0.0,0,0.0,0
YJL065C,3,0.0,0.0001844172499433444,0.2585628795069827,0.00011695874737958697,0.0008391827726506736,62.0,2,2,43.5,83.0,82,1.0,0
YGR159C,5,0.0,1.8793489015257624e-05,0.2717800616480494,9.822156437201134e-05,0.004328887009344039,52.0,5,3,78.33333333333333,131.0,130,1.0,1
YHR072W-A,4,0.8333333333333334,2.755685277463049e-07,0.25777770220033225,8.386827685941966e-05,0.0019073657910446602,29.75,4,2,289.5,559.0,558,1.0,1
YKL078W,11,0.16363636363636364,2.436337160331292e-05,0.29774466298378544,0.00016420528714506286,0.021894757773265962,86.0,11,4,72.25,131.0,130,1.0,1
YDR173C,3,0.3333333333333333,1.2392141535456558e-05,0.2503180215938752,8.69116771066987e-05,0.0019065887450299666,32.0,3,3,91.33333333333333,195.0,194,1.0,0
YFR057W,1,0.0,0.0,0.24682681859199915,4.477663071673232e-05,0.0018668165429151801,81.0,1,0,0.0,0.0,0,0.0,0
YGR059W,3,0.0,9.80626682139449e-06,0.2533827267049608,8.036842675908769e-05,0.002018408990983294,33.0,3,3,29.333333333333332,73.0,72,1.0,0
YGR099W,4,0.0,0.00021752067787038644,0.27701122655145216,9.627682371830061e-05,0.004887395313581701,95.5,4,1,11.0,11.0,10,1.0,1
YHR184W,5,0.1,0.00021221951820140874,0.2739504964473392,0.00013318689325546567,0.006075852386135505,68.2,4,0,0.0,0.0,0,0.0,0
YHR185C,4,0.0,1.613541129092102e-05,0.265287513959969,8.66436539438555e-05,0.004395181912542966,56.5,4,0,0.0,0.0,0,0.0,0
YIL041W,1,0.0,0.0,0.24682681859199915,4.477663071673232e-05,0.0018668165429151801,81.0,1,0,0.0,0.0,0,0.0,0
YJR089W,5,0.2,9.071472793137132e-05,0.25940658704357256,0.0001374643909407768,0.002628183680123447,34.6,4,3,33.333333333333336,55.0,55,0.9643097643097643,1
YKL039W,1,0.0,0.0,0.24682681859199915,4.477663071673232e-05,0.0018668165429151801,81.0,1,0,0.0,0.0,0,0.0,0
YLR134W,11,0.03636363636363636,0.0005372221550231008,0.29054199884268794,0.00023237550071832238,0.0102236702888693,56.0,8,0,0.0,0.0,0,0.0,0
YLR231C,1,0.0,0.0,0.24682681859199915,4.477663071673232e-05,0.0018668165429151801,81.0,1,0,0.0,0.0,0,0.0,0
YLR421C,12,0.5303030303030303,9.463428447985237e-05,0.2842108146663407,0.00018174070309751319,0.011948422329160036,50.25,12,4,25.0,46.0,46,0.9758454106280193,0
YNR048W,2,0.0,5.649608315182661e-05,0.27698058710597584,6.668283216461011e-05,0.002765894382872962,180.5,2,0,0.0,0.0,0,0.0,0
YOL091W,6,0.0,8.408126123300805e-05,0.27482237577097535,0.00013270801715560372,0.004400421408430334,46.0,5,0,0.0,0.0,0,0.0,0
YOR006C,2,0.0,2.779831383839121e-05,0.24834447245749267,7.754266046613992e-05,0.0018751020886061153,42.5,2,0,0.0,0.0,0,0.0,0
YOR214C,2,0.0,0.00019556096288394579,0.24685114968949948,0.00010964287011174006,0.0018679373384351188,41.0,1,0,0.0,0.0,0,0.0,0
YOR313C,1,0.0,0.0,0.24682681859199915,4.477663071673232e-05,0.0018668165429151801,81.0,1,0,0.0,0.0,0,0.0,0
YPL218W,9,0.05555555555555555,0.0001944003981285919,0.2820341804285536,0.0001714475079691939,0.005784357776392772,42.77777777777778,7,5,35.0,95.0,104,0.8676250933532487,1
YDL019C,4,0.5,1.963647099775493e-05,0.27119141087558235,9.385115682204398e-05,0.002409413284717023,79.25,4,0,0.0,0.0,0,0.0,0
YDL022W,1,0.0,0.0,0.2411925343631233,4.5196324514128066e-05,0.0007841257078647974,47.0,1,0,0.0,0.0,0,0.0,0
YDL024C,1,0.0,0.0,0.21061240437553638,5.45241962464465e-05,2.4185733846704385e-05,12.0,1,0,0.0,0.0,0,0.0,0
YEL017W,12,0.045454545454545456,0.0014033880845087496,0.26739791650028055,0.00035259677584150123,0.0009863651409233907,20.5,4,0,0.0,0.0,0,0.0,0
YGR016W,3,0.0,3.1869384458668696e-06,0.2512094585970936,8.212362019093958e-05,0.0007840995132067509,15.0,3,0,0.0,0.0,0,0.0,0
YHR009C,4,0.0,7.02094453581351e-05,0.25607746068362075,0.00010043322023652835,0.0009845732091584446,32.75,3,0,0.0,0.0,0,0.0,1
YLR002C,11,0.32727272727272727,0.00039306003388587553,0.2811949343692244,0.00020072109452212331,0.007092585924440642,46.18181818181818,9,4,147.25,559.0,558,1.0,1
YOR294W,11,0.09090909090909091,0.00024999389450613133,0.2771491879835236,0.00021014790232398543,0.005338977579499111,35.90909090909091,8,0,0.0,0.0,0,0.0,1
YDL027C,1,0.0,0.0,0.24641392256089817,4.552108734021323e-05,0.0005166238517202495,86.0,1,0,0.0,0.0,0,0.0,0
YER018C,4,0.3333333333333333,9.233243502961833e-06,0.2503180215938752,9.472834771582372e-05,0.0011953921152284559,20.5,4,8,26.5,55.0,75,0.6731531531531532,1
YGL093W,2,1.0,0.0,0.23876635087958883,6.212707747683343e-05,0.0003126559247823582,25.5,2,3,20.333333333333332,32.0,31,1.0,1
YIR010W,2,0.0,4.5648447893862766e-05,0.2361655574126588,8.244622210797707e-05,0.00024182064218111917,18.0,2,3,34.0,55.0,54,1.0,1
YJR112W,17,0.1323529411764706,0.0004144408564106323,0.28073783498039545,0.00032042463655954973,0.0036865896928408607,21.0,8,3,34.0,55.0,54,1.0,1
YKL042W,11,0.23636363636363636,4.184005168792854e-05,0.2775023812084583,0.00019578469706219993,0.004086367380071096,27.09090909090909,10,4,17.0,32.0,31,1.0,1
YKL089W,3,0.3333333333333333,3.794246433400568e-05,0.24736321312047488,9.279496666278543e-05,0.00034366533503329353,27.333333333333332,3,5,27.2,55.0,54,1.0,1
YOL069W,26,0.10153846153846154,0.0014434591317912244,0.29072751936206276,0.00045660626102444617,0.005353230579194874,17.23076923076923,11,7,28.142857142857142,55.0,75,0.6731531531531532,1
YOR257W,8,0.17857142857142858,4.690049749834065e-05,0.2624240490463849,0.00016616702372553962,0.0017931557397819968,17.75,6,4,30.0,59.0,89,0.5462206332992849,1
YOR373W,5,0.2,2.242052673536361e-05,0.26695607782369035,0.00011066312929164463,0.0013529688678870773,30.2,5,4,17.0,32.0,31,1.0,1
YFL016C,32,0.0846774193548387,0.0007114509595276662,0.3194720275594983,0.0004624356063972164,0.04659328100229579,58.8125,17,0,0.0,0.0,0,0.0,0
YKL211C,5,0.0,4.100191398622646e-06,0.2701965351775062,9.796205064835242e-05,0.007413157986704887,55.6,5,1,2.0,2.0,1,0.0,0
YLR309C,7,0.047619047619047616,8.5199342167637e-05,0.28866645395102336,0.00012706831399423766,0.008118343920843242,67.14285714285714,7,0,0.0,0.0,0,0.0,0
YDL044C,8,0.0,0.00015739762488564912,0.26067573913757636,0.00018957242086817508,0.0008331066634614641,13.0,4,3,53.0,131.0,130,1.0,0
YDR421W,1,0.0,0.0,0.22060357556491456,4.602149911459096e-05,0.0001164922353127179,24.0,1,0,0.0,0.0,0,0.0,0
YDR485C,7,0.3333333333333333,1.6810636450990668e-05,0.26217677726274696,0.00013335081088279975,0.0016448769181993735,26.285714285714285,7,2,48.0,83.0,82,1.0,0
YDL031W,10,0.4666666666666667,1.376136128580523e-05,0.2789086693796433,0.000156727502603069,0.005745129850656754,47.7,10,0,0.0,0.0,0,0.0,1
YDL036C,2,0.0,0.00010760876309398334,0.2533955464735773,7.331026828195662e-05,0.0008333855807891725,49.0,2,0,0.0,0.0,0,0.0,0
YDL037C,1,0.0,0.0,0.2576318403318032,4.805030359999908e-05,0.0008178154132161975,176.0,1,0,0.0,0.0,0,0.0,0
YDR363W,2,0.0,0.0001955625368152366,0.2312583910998871,0.00010986085168350579,0.00030214549957917195,13.5,1,0,0.0,0.0,0,0.0,0
YJR057W,4,0.6666666666666666,1.1035440144750518e-06,0.26638811637946147,8.885597499389805e-05,0.0028360620270860433,41.75,4,0,0.0,0.0,0,0.0,1
YLL001W,6,0.06666666666666667,0.0012191058996224129,0.2773794293337536,0.00013674761433042187,0.0033559948269038554,44.5,5,0,0.0,0.0,0,0.0,0
YMR307W,5,0.0,4.743181260241748e-05,0.27937541005468036,0.00011164387161910906,0.0034967186707809163,67.0,4,0,0.0,0.0,0,0.0,0
YDR409W,6,0.2,4.705980527585842e-05,0.2720901274542432,0.00012091218245329776,0.004076970494865144,50.666666666666664,6,0,0.0,0.0,0,0.0,0
YER113C,4,0.0,0.00013461951735169056,0.2662889715041607,0.00010054416395687866,0.0022254848615907525,40.5,4,0,0.0,0.0,0,0.0,0
YJL146W,1,0.0,0.0,0.24683898354116585,4.3198656354250276e-05,0.0013930424495036337,67.0,1,0,0.0,0.0,0,0.0,0
YLL014W,1,0.0,0.0,0.24683898354116585,4.3198656354250276e-05,0.0013930424495036337,67.0,1,0,0.0,0.0,0,0.0,0
YLR058C,13,0.038461538461538464,0.00026817635148759577,0.29563561631841423,0.0002153213001663382,0.014246207643442848,61.0,11,0,0.0,0.0,0,0.0,0
YML028W,14,0.02197802197802198,0.00025660347074796513,0.28601239084291336,0.0002512212987721365,0.00895812230382406,40.57142857142857,9,2,287.0,559.0,558,1.0,0
YMR302C,3,0.0,1.3186835258872342e-05,0.26363967868875376,7.622920597739458e-05,0.002047508199130562,53.666666666666664,3,3,78.33333333333333,131.0,130,1.0,0
YNL023C,7,0.047619047619047616,7.002071365647609e-05,0.2798124462847229,0.0001344522575432063,0.005859177520912388,48.42857142857143,6,0,0.0,0.0,0,0.0,0
YNL286W,1,0.0,0.0,0.24683898354116585,4.3198656354250276e-05,0.0013930424495036337,67.0,1,6,126.5,559.0,561,0.9900942195059842,0
YPR121W,5,0.0,1.1120294188979989e-05,0.26352870171272064,9.873067742170993e-05,0.006156070061245222,51.0,5,0,0.0,0.0,0,0.0,0
YDR505C,3,0.0,1.6441434037167417e-05,0.24603866064306618,8.49053981704374e-05,0.0005766687450174494,31.333333333333332,3,0,0.0,0.0,0,0.0,1
YGR056W,3,0.0,2.4153672758423342e-05,0.26272690426744244,8.299442733643773e-05,0.0013095905413157876,61.333333333333336,3,3,36.666666666666664,83.0,83,0.9782544813399942,0
YDL045C,2,0.0,3.814014418490823e-05,0.2605943585020165,7.180866986325829e-05,0.0006462952547801119,98.0,2,0,0.0,0.0,0,0.0,1
YDL046W,2,0.0,0.00020133893696509328,0.2721788476740533,7.77830298270717e-05,0.000991182855131363,160.0,2,0,0.0,0.0,0,0.0,0
YDL219W,2,0.0,5.700845665506167e-05,0.25899074237512953,6.369137694025158e-05,0.0022812948446730217,71.0,2,0,0.0,0.0,0,0.0,0
YFR019W,3,0.0,1.5182541822111028e-05,0.26788419854783135,7.36721400237578e-05,0.0025076815485832204,46.0,3,0,0.0,0.0,0,0.0,0
YGL246C,3,0.3333333333333333,0.00011642789416667877,0.2703715707217801,8.468407129292361e-05,0.004439908008951789,62.0,2,1,3.0,3.0,2,1.0,0
YKL029C,5,0.0,6.149676204421451e-05,0.2722972313407413,0.0001184546511026639,0.006045884156474773,64.2,4,0,0.0,0.0,0,0.0,0
YKL195W,4,0.0,0.002427858303232354,0.25232318887854577,0.0001553095000974127,0.002147575936342774,24.75,3,1,8.0,8.0,7,1.0,1
YKR028W,8,0.10714285714285714,6.534411646965311e-05,0.2829423747839249,0.00014948164849773257,0.007094158953563402,51.625,7,1,2.0,2.0,1,0.0,0
YMR028W,5,0.3,1.7910825690288972e-06,0.26580845855271495,9.265475825261473e-05,0.004880627911312528,40.4,5,2,3.0,3.0,4,0.3333333333333333,1
YMR196W,2,0.0,8.940745394001207e-07,0.253665061590876,5.5441425008542154e-05,0.002510454113876867,55.0,2,0,0.0,0.0,0,0.0,0
YNL187W,3,0.0,2.9804041077133263e-05,0.2629476020397047,8.207061723436982e-05,0.002257834150670667,38.333333333333336,3,0,0.0,0.0,0,0.0,0
YMR289W,1,0.0,0.0,0.17522173935731922,7.229896521204835e-05,1.0304096158558581e-06,4.0,1,0,0.0,0.0,0,0.0,0
YOR311C,4,0.0,0.001467573233170978,0.2560381870073235,0.00012210080805330297,0.000839118099102154,27.75,3,0,0.0,0.0,0,0.0,0
YDL051W,9,0.1111111111111111,4.0458100429082935e-05,0.2728015129391718,0.00016156424243757132,0.0038036296408705543,33.111111111111114,8,1,559.0,559.0,558,1.0,0
YNL016W,20,0.06315789473684211,0.0005180646432435061,0.2752452723703152,0.00036266748079013747,0.002891116225994406,18.05,10,2,280.5,559.0,558,1.0,0
YDL052C,12,0.07575757575757576,0.00025473911707345523,0.3002075751393787,0.00019952055857470847,0.009579206732403877,57.083333333333336,10,0,0.0,0.0,0,0.0,0
YFR009W,6,0.2,3.384428788312254e-06,0.26776962019088185,0.00011012322307342866,0.0037563860169682723,28.5,6,4,267.5,559.0,558,1.0,0
YJL057C,12,0.015151515151515152,9.564150188310258e-05,0.2708540898842818,0.00023376789629380134,0.001474673444047822,13.083333333333334,7,0,0.0,0.0,0,0.0,0
YER140W,5,0.0,6.226983491500773e-05,0.2645168995484449,0.00011155780173866483,0.0014810211089851613,34.4,5,0,0.0,0.0,0,0.0,0
YMR013C,1,0.0,0.0,0.20982709690603943,4.4686072365908634e-05,4.6051998623893115e-05,16.0,1,0,0.0,0.0,0,0.0,1
YDR266C,9,0.027777777777777776,7.008029013762143e-05,0.2938145591957207,0.00015360208295155323,0.011844092406658692,66.66666666666667,9,2,452.5,559.0,558,1.0,0
YJR042W,16,0.275,0.0005458750857186003,0.29189666488228555,0.00030025946168221805,0.006583610154566086,35.6875,11,3,29.666666666666668,59.0,59,0.9812974868497955,1
YDL056W,3,0.0,8.989489738979544e-06,0.2455320607927373,8.252547039399425e-05,0.0006628833469874579,16.666666666666668,3,3,90.66666666666667,195.0,194,1.0,0
YHR206W,5,0.1,1.5495394288966494e-05,0.24445348379784534,0.00013094243964562808,0.00047061350315650267,10.2,3,0,0.0,0.0,0,0.0,0
YDL130W,15,0.02857142857142857,0.001184249753659302,0.27635396877174057,0.0003951267630057587,0.00450981514702838,14.866666666666667,6,6,258.8333333333333,559.0,589,0.9439786101197695,0
YER031C,14,0.06593406593406594,0.00019567551520848717,0.27813422424891737,0.0002987113690387513,0.0033050885420415612,18.285714285714285,8,0,0.0,0.0,0,0.0,0
YER052C,11,0.01818181818181818,0.0008568041655880132,0.28303831455497347,0.0002702942515679116,0.00633381412067775,31.363636363636363,6,0,0.0,0.0,0,0.0,0
YER062C,8,0.03571428571428571,0.00011721211668001491,0.27366608251189856,0.0001580766576021495,0.008236748719291326,46.0,6,0,0.0,0.0,0,0.0,0
YFL045C,14,0.01098901098901099,0.00018641872352015334,0.2969502535307871,0.0002146669152978842,0.018353180301242316,64.71428571428571,13,0,0.0,0.0,0,0.0,1
YGR049W,3,0.0,1.5683677398458248e-05,0.2768734024020264,7.863767195187964e-05,0.0031335922382165885,118.66666666666667,3,0,0.0,0.0,0,0.0,0
YIL053W,13,0.02564102564102564,0.00022069726305621928,0.2809740800028193,0.00022788691256412144,0.011123605882229434,40.46153846153846,10,0,0.0,0.0,0,0.0,0
YKL127W,4,0.0,0.00014683750779728852,0.26662920443197696,9.441071196897947e-05,0.002859324159816373,57.5,4,0,0.0,0.0,0,0.0,0
YER006W,23,0.22134387351778656,0.00032850056904790305,0.29591509459676546,0.00035049457468620224,0.014550379388698308,47.608695652173914,14,0,0.0,0.0,0,0.0,1
YOR145C,5,0.3,3.693786613671979e-05,0.26726949015690565,0.00010724149381050618,0.0017411705738055647,53.0,5,0,0.0,0.0,0,0.0,1
YDL061C,1,0.0,0.0,0.22842118836314215,5.587682837919391e-05,9.210501517358095e-05,40.0,1,7,227.28571428571428,559.0,589,0.9439786101197695,0
YPL131W,5,0.2,0.00019967598447933815,0.2522596442052108,0.00013732577307907771,0.001561871963210897,27.2,3,6,258.8333333333333,559.0,589,0.9439786101197695,1
YMR168C,6,0.2,1.5614019868569013e-05,0.24803699366334464,0.00014123730631179093,0.0011038051478420466,19.0,6,5,27.4,55.0,54,1.0,1
YDR244W,8,0.32142857142857145,6.87671061326353e-05,0.2728906977633223,0.00018715361685034813,0.002839900797924057,27.0,5,0,0.0,0.0,0,0.0,0
YJL210W,5,0.1,0.0002994685184727809,0.271338334383479,0.000125499500602581,0.0015242262903399904,45.6,5,1,3.0,3.0,2,1.0,0
YLR063W,3,0.3333333333333333,0.0001955625368152366,0.2479633120135783,0.00012096122193923535,0.00043170751350297634,29.666666666666668,2,0,0.0,0.0,0,0.0,0
YML042W,10,0.022222222222222223,0.0020166336324512445,0.29340146315467225,0.00028490491048373566,0.0033687539518493007,58.4,5,0,0.0,0.0,0,0.0,0
YNL214W,7,0.5238095238095238,9.0815054444567e-05,0.28798591087633,0.0001563001590628781,0.003600569983693816,70.57142857142857,6,1,3.0,3.0,2,1.0,0
YOL147C,2,0.0,3.4339257167204366e-05,0.2527306341045696,6.767921327151613e-05,0.00044814224875744434,71.5,2,0,0.0,0.0,0,0.0,0
YDL066W,4,0.0,8.203502923903698e-05,0.27510919945346085,9.981053141668578e-05,0.002245213069717539,63.0,3,0,0.0,0.0,0,0.0,0
YPL109C,4,0.0,4.809591465886594e-05,0.2511212884100609,0.00011299382547713744,0.0008478449827990546,15.75,3,0,0.0,0.0,0,0.0,0
YDL067C,4,0.0,0.00021405212613145045,0.23171846840243615,0.00017258220242639458,0.00012722137483179742,11.75,2,3,26.333333333333332,56.0,56,0.9707792207792207,1
YHR051W,2,0.0,4.040786347509057e-05,0.24702160177806437,7.885369755432832e-05,0.001102470650700223,32.5,2,3,26.333333333333332,56.0,56,0.9707792207792207,0
YNL052W,1,0.0,0.0,0.1878323948413687,6.657551576884519e-05,3.1178806687131645e-06,4.0,1,3,26.333333333333332,56.0,56,0.9707792207792207,0
YDL069C,1,0.0,0.0,0.23938261046029324,4.321860873644151e-05,0.0005907356253103764,58.0,1,8,176.625,559.0,645,0.8145168279647552,0
YLR399C,11,0.12727272727272726,0.0003177986211411231,0.2689342735354269,0.000229202090455914,0.003015716640538681,24.545454545454547,7,0,0.0,0.0,0,0.0,0
YOL131W,13,0.0,0.00048428612273396725,0.2848574096263369,0.0002936874134031513,0.0020529265949785773,18.53846153846154,6,0,0.0,0.0,0,0.0,0
YDR183W,3,0.0,5.7951157732306825e-05,0.24817219047868072,8.939048217214865e-05,0.0017671233850776152,28.666666666666668,3,0,0.0,0.0,0,0.0,0
YGR269W,3,0.0,5.638910462510592e-05,0.2696437480375931,9.747979102458923e-05,0.0010099898020893457,100.33333333333333,3,0,0.0,0.0,0,0.0,0
YNL155W,2,0.0,1.458211233832994e-06,0.19747507988527147,9.665418462543031e-05,6.62868928992941e-06,3.5,2,0,0.0,0.0,0,0.0,0
YDL072C,4,0.0,9.707615039897958e-05,0.26359805137106607,9.852564936039743e-05,0.0014163367549453502,43.75,3,0,0.0,0.0,0,0.0,0
YDL073W,1,0.0,0.0,0.24817219047868072,4.542535519622266e-05,0.00046152929346694174,72.0,1,0,0.0,0.0,0,0.0,0
YDL074C,11,0.16363636363636364,0.00044336414381910785,0.26405667612433464,0.00024873824167824456,0.001376799552607956,21.545454545454547,7,2,3.0,4.0,4,0.5,0
YDR295C,10,0.17777777777777778,0.00010736877679905548,0.2616426170750316,0.00018942172222892464,0.0024421508166318053,17.4,7,3,55.0,133.0,132,1.0,0
YNL153C,5,0.1,3.0980499028838006e-05,0.23793828571667325,0.00012599654026519084,0.00022395719769986922,9.6,4,3,6.0,7.0,6,1.0,0
YPL055C,1,0.0,0.0,0.20853407902944812,4.8693527394354835e-05,3.37256641688799e-05,11.0,1,1,2.0,2.0,1,0.0,0
YDL075W,1,0.0,0.0,0.26695607782369035,5.134682951460989e-05,0.000899077839957782,280.0,1,6,258.8333333333333,559.0,589,0.9439786101197695,0
YER088C,2,0.0,2.045290922180771e-07,0.22516580389561908,6.599939790823562e-05,0.0001469651821999048,9.5,2,0,0.0,0.0,0,0.0,0
YMR263W,7,0.14285714285714285,0.0007271414798645181,0.28400130286647324,0.00017176392920286915,0.0016576753777500454,68.0,6,6,32.166666666666664,133.0,133,0.9859876965140123,0
YDL077C,5,0.4,1.080718412258982e-05,0.23796089590204092,0.00012057314984142628,0.00042836799899927585,10.4,5,4,5.5,7.0,11,0.5454545454545454,0
YDL079C,5,0.0,1.6595170507184594e-05,0.2732480209531483,9.761346766113188e-05,0.004515750536272785,42.0,5,0,0.0,0.0,0,0.0,0
YDR081C,1,0.0,0.0,0.2038820670079485,5.605098335677613e-05,7.165655595920015e-05,5.0,1,0,0.0,0.0,0,0.0,1
YDL081C,9,0.027777777777777776,0.0012759741170932785,0.2820500634144425,0.00022417180710491882,0.0023869195860458533,49.888888888888886,5,6,258.8333333333333,559.0,589,0.9439786101197695,0
YEL054C,6,0.06666666666666667,0.00024755054001573187,0.25806992198950146,0.0001647341966719945,0.0007476720242113529,17.5,5,6,258.8333333333333,559.0,589,0.9439786101197695,0
YGR209C,3,0.0,1.1855938838579162e-05,0.24606283659478506,8.501503291902175e-05,0.0006023424024721256,13.0,3,0,0.0,0.0,0,0.0,0
YPR078C,4,0.0,5.754352058500149e-05,0.260404667813147,0.00010674600196715209,0.0007731301853221095,32.0,4,0,0.0,0.0,0,0.0,0
YDL082W,1,0.0,0.0,0.23708227105563337,4.462959371226397e-05,0.0004945621331086619,44.0,1,6,258.8333333333333,559.0,589,0.9439786101197695,0
YER063W,7,0.047619047619047616,0.00035111530820018444,0.27951573702702615,0.00020214453577171835,0.0015829371679980542,50.57142857142857,5,0,0.0,0.0,0,0.0,0
YMR314W,16,0.31666666666666665,0.0001293866630492099,0.2818278642760821,0.00026268530512448674,0.006673898434594001,28.25,11,7,21.142857142857142,46.0,48,0.9485815602836879,1
YDL085W,3,0.0,1.4518091680078084e-05,0.25421871864627454,8.985965340689617e-05,0.001051846797171239,30.333333333333332,3,2,35.0,56.0,55,1.0,0
YDL087C,23,0.31620553359683795,0.0002576851314472451,0.2858654666695351,0.00036400697728603416,0.005427199970695714,25.91304347826087,12,7,111.71428571428571,559.0,563,0.9827752950323319,1
YML031W,5,0.1,6.51302400713327e-05,0.2502429787174106,0.0001366129334907494,0.0006264064211573947,11.4,3,1,59.0,59.0,58,1.0,1
YMR153W,28,0.026455026455026454,0.001876261091665631,0.3098084236082058,0.0005653649658992207,0.007167808582958745,27.714285714285715,10,2,31.0,59.0,58,1.0,0
YDR233C,4,0.0,5.666095474293707e-05,0.24166970546469094,0.00011431006032950361,0.0007669384316443063,9.0,3,0,0.0,0.0,0,0.0,1
YLR324W,10,0.08888888888888889,0.0008150197808101329,0.3054438602213975,0.00025111391637476775,0.004052282256878436,76.4,6,0,0.0,0.0,0,0.0,0
YDL090C,2,0.0,0.00015384510947747158,0.25372931638128854,8.813157448532284e-05,0.0019200695127787996,46.0,2,2,4.0,6.0,5,1.0,0
YKL019W,3,0.0,0.00019638117812252568,0.21705655612595368,0.00016556575694986724,7.181016804120017e-05,2.0,2,3,3.3333333333333335,6.0,5,1.0,1
YIL022W,6,0.2,0.0002667582344417177,0.2820500634144425,0.00017411596115958754,0.004834288044133605,52.833333333333336,4,5,10.2,18.0,24,0.644927536231884,1
YDL092W,2,1.0,0.0,0.22209050490223295,8.780343381330956e-05,0.0002562612282664493,8.0,2,4,150.25,559.0,579,0.9308496333614213,1
YKL122C,2,1.0,0.0,0.22209050490223295,8.780343381330956e-05,0.0002562612282664493,8.0,2,4,150.25,559.0,579,0.9308496333614213,1
YDL196W,2,0.0,1.4647231453021355e-06,0.20383228098369033,8.820195765763865e-05,1.6766969261124346e-05,6.5,2,0,0.0,0.0,0,0.0,1
YDL095W,1,0.0,0.0,0.20794531766868404,5.6906843239516895e-05,5.74420552679558e-05,7.0,1,1,2.0,2.0,1,0.0,0
YDL099W,2,0.0,8.13396885311384e-07,0.2179918596757456,7.689138841035799e-05,7.480426005233624e-05,5.0,2,1,2.0,2.0,1,0.0,0
YKL050C,3,0.0,8.865385752473248e-05,0.25331864731426107,0.00010110366185867698,0.0005783860156615994,35.0,2,0,0.0,0.0,0,0.0,0
YDL121C,2,0.0,7.001038496493323e-06,0.23923396112014594,8.926067688145926e-05,0.00022937532003131653,18.5,2,0,0.0,0.0,0,0.0,0
YDR304C,1,0.0,0.0,0.2368692289089224,5.162374492490883e-05,0.00022269888177522205,35.0,1,0,0.0,0.0,0,0.0,0
YDR415C,3,0.0,0.00020099466249541329,0.24082141539886787,0.00013190454781245687,0.0002872462936178491,13.666666666666666,2,0,0.0,0.0,0,0.0,0
YDR513W,1,0.0,0.0,0.2368692289089224,5.162374492490883e-05,0.00022269888177522205,35.0,1,0,0.0,0.0,0,0.0,0
YER083C,4,0.0,3.6264880115321094e-05,0.2514617149194284,0.00010808107231858618,0.0006034161994981248,17.5,3,1,3.0,3.0,2,1.0,0
YGL020C,1,0.0,0.0,0.2368692289089224,5.162374492490883e-05,0.00022269888177522205,35.0,1,1,3.0,3.0,2,1.0,0
YGR189C,3,0.0,7.68183293217936e-05,0.25768486190832757,9.150071174824747e-05,0.0006171542594656008,41.666666666666664,3,0,0.0,0.0,0,0.0,0
YHR057C,4,0.0,0.0002622192237596802,0.27733335046515617,0.00011665588230064353,0.0013162786493635871,89.25,4,0,0.0,0.0,0,0.0,0
YHR128W,7,0.0,0.000468433427681098,0.28516557399363746,0.00016689020163344575,0.002899817350248339,43.142857142857146,6,0,0.0,0.0,0,0.0,1
YHR180W,3,0.0,6.328129625047045e-05,0.2624653063646502,8.519123180136703e-05,0.0014016532559203501,53.333333333333336,3,0,0.0,0.0,0,0.0,0
YKL062W,4,0.0,0.00010823982485085512,0.27300970161080707,9.381017785507539e-05,0.0029151685070931952,60.25,4,0,0.0,0.0,0,0.0,0
YKR100C,2,0.0,4.1046184176488696e-05,0.2520565161575367,7.074461215234731e-05,0.0006669145711011659,65.0,2,0,0.0,0.0,0,0.0,0
YML101C,2,0.0,6.219926563361884e-06,0.23957727701747214,8.033477755673468e-05,0.0002337242464323789,20.0,2,0,0.0,0.0,0,0.0,0
YNL199C,9,0.027777777777777776,0.00041117611169696604,0.2895844449870052,0.0001946599243049405,0.004174080557452877,47.55555555555556,7,3,90.66666666666667,195.0,194,1.0,0
YOL111C,5,0.0,0.000461367412945589,0.2755026665960864,0.0001320748566769889,0.0017644420128634078,66.0,5,2,452.5,559.0,558,1.0,0
YOL159C,1,0.0,0.0,0.2368692289089224,5.162374492490883e-05,0.00022269888177522205,35.0,1,0,0.0,0.0,0,0.0,0
YOR164C,6,0.06666666666666667,0.0001625248870781858,0.26297521533474694,0.00015462067018925195,0.0008178637293513128,23.5,5,0,0.0,0.0,0,0.0,0
YPL252C,1,0.0,0.0,0.2368692289089224,5.162374492490883e-05,0.00022269888177522205,35.0,1,0,0.0,0.0,0,0.0,1
YPR037C,2,0.0,5.4013458877825496e-06,0.24185643114015137,6.665525352307102e-05,0.0002825585133501671,29.0,2,0,0.0,0.0,0,0.0,0
YDR051C,1,0.0,0.0,0.2438227435884453,4.299426597104505e-05,0.001211642654308728,55.0,1,0,0.0,0.0,0,0.0,0
YFL030W,4,0.0,0.00024618853039096725,0.25259042647015606,0.00010980012374387158,0.0020776922548631214,28.5,3,0,0.0,0.0,0,0.0,0
YGR130C,7,0.047619047619047616,1.4149346245959619e-05,0.2703715707217801,0.0001240721727752694,0.005100120333011796,32.714285714285715,7,0,0.0,0.0,0,0.0,0
YLR234W,4,0.16666666666666666,2.4480047456413615e-05,0.2534083675394786,9.038270689987057e-05,0.0016762026767879147,23.25,4,1,3.0,3.0,2,1.0,0
YMR031C,1,0.0,0.0,0.2438227435884453,4.299426597104505e-05,0.001211642654308728,55.0,1,0,0.0,0.0,0,0.0,0
YMR086W,2,0.0,1.4315376492682168e-07,0.2546582079651322,5.6265090001896876e-05,0.002186885063857776,52.0,2,2,452.5,559.0,558,1.0,0
YPL269W,3,0.0,2.4940205619667476e-06,0.2695711812288204,7.643549294484092e-05,0.0021978785323883243,58.333333333333336,3,0,0.0,0.0,0,0.0,0
YDL102W,2,1.0,0.0,0.20152756221029516,9.07165693455929e-05,2.567505102185125e-05,3.5,2,4,27.25,56.0,55,1.0,1
YJR006W,3,0.3333333333333333,0.000250892872193372,0.24349083455930065,0.0001155418300770674,0.0004592684024386269,33.666666666666664,2,4,27.25,56.0,55,1.0,1
YDL103C,1,0.0,0.0,0.17614613217213293,7.882104150474721e-05,2.7094327641729426e-06,2.0,1,0,0.0,0.0,0,0.0,1
YDR288W,2,0.0,0.0001955625368152366,0.21418821263525872,0.00011711674536038109,0.0001106080162973859,4.5,1,1,8.0,8.0,7,1.0,1
YDL104C,1,0.0,0.0,0.14947660049096445,9.72932174331456e-05,2.0170567418389694e-08,4.0,1,0,0.0,0.0,0,0.0,0
YKR099W,6,0.0,0.00021489657758710443,0.2529859562585369,0.00016425554172713736,0.0008161193376792273,13.0,4,0,0.0,0.0,0,0.0,0
YDL108W,11,0.12727272727272726,0.00019386275150299484,0.2809740800028193,0.00019839344364224013,0.006405828114929151,30.454545454545453,8,12,45.0,195.0,282,0.6572777062668786,1
YDR460W,5,0.4,8.038743344435344e-05,0.2844044847274421,0.00010593021818176089,0.006544349330073633,70.6,5,11,47.36363636363637,195.0,266,0.7317349978720386,1
YGL134W,12,0.18181818181818182,0.0002312448526380104,0.2720605668993566,0.00024029243725148122,0.004267661346621951,24.666666666666668,8,4,11.75,25.0,30,0.7655172413793103,0
YLR005W,5,0.2,2.6080139361998156e-05,0.2683003683532573,0.00010092776965448704,0.003956598117821791,44.6,5,12,44.0,195.0,266,0.7317349978720386,1
YOR299W,20,0.0,0.0010620763314488663,0.2848412088978135,0.0004706876555742089,0.0028790382233243768,10.25,8,2,5.5,6.0,5,1.0,0
YDL110C,4,0.0,0.00014109096434393394,0.23677964145472083,0.00015837133199903482,0.00017809932233973106,13.0,3,2,452.5,559.0,558,1.0,0
YKL015W,2,0.0,6.173928267372701e-06,0.1989024216064438,9.190277844928083e-05,7.769595780048998e-06,3.5,2,0,0.0,0.0,0,0.0,0
YLR125W,5,0.0,0.0006715644740876265,0.2549693517309095,0.0002136582560121503,0.0008864974080701012,24.2,3,0,0.0,0.0,0,0.0,0
YDL111C,9,0.6388888888888888,5.148923491094135e-05,0.2593125699518616,0.00017090604471851897,0.0015231825986555343,22.333333333333332,9,6,32.166666666666664,131.0,136,0.9196078431372549,1
YDL114W,3,0.0,0.00019568194020671694,0.22092470119321814,0.00013187301090267217,0.00010883549430012587,3.3333333333333335,2,0,0.0,0.0,0,0.0,0
YDL123W,4,0.16666666666666666,8.286560256642266e-05,0.24710691612641875,0.00010457506740403763,0.0016398880667632804,23.75,3,0,0.0,0.0,0,0.0,0
YLR040C,1,0.0,0.0,0.18067687503788799,6.660644885995393e-05,2.666049458549692e-06,3.0,1,0,0.0,0.0,0,0.0,0
YDL115C,1,0.0,0.0,0.22946774379411047,4.475049454922262e-05,0.0002564945648075785,26.0,1,1,74.0,74.0,73,1.0,0
YDR335W,24,0.11956521739130435,0.0007168952990093778,0.30388708064136005,0.00041831603291865105,0.008533671461093309,30.833333333333332,12,0,0.0,0.0,0,0.0,0
YGL092W,20,0.23157894736842105,0.0004478733932588035,0.29249331168897125,0.00036674833857126913,0.005937857360018745,28.0,11,3,29.666666666666668,59.0,59,0.9812974868497955,1
YGL179C,6,0.06666666666666667,4.313983346068277e-05,0.28348689511803105,0.00011718963317564396,0.005494910431371203,46.833333333333336,5,0,0.0,0.0,0,0.0,0
YGL263W,3,0.0,3.413375135862336e-05,0.23945128017069495,0.00011275434185780352,0.00031640990683764455,12.666666666666666,2,0,0.0,0.0,0,0.0,0
YKL057C,15,0.2857142857142857,0.0003523410406633509,0.2749883586476833,0.0002830981842330496,0.0034552814571158527,21.733333333333334,11,3,29.666666666666668,59.0,59,0.9812974868497955,0
YKR082W,11,0.509090909090909,0.00018018898065720859,0.28340668719161694,0.0002028437833467743,0.0034782339956805747,42.63636363636363,11,3,32.0,59.0,59,0.9812974868497955,0
YOL014W,3,0.0,6.788867069863191e-05,0.24377527262352178,9.925570012835275e-05,0.0004039346991297643,14.0,2,0,0.0,0.0,0,0.0,0
YOR180C,5,0.1,2.8168192520987517e-05,0.2673265532986525,0.00012182287568909014,0.0017043715014827471,21.8,4,0,0.0,0.0,0,0.0,0
YPL091W,2,0.0,2.3627444136864384e-06,0.2509954383106272,6.173678025555887e-05,0.0005694482780483948,28.0,2,0,0.0,0.0,0,0.0,0
YDR104C,2,1.0,0.0,0.2502054741494857,6.561217081387575e-05,0.0006879077805712223,56.5,2,0,0.0,0.0,0,0.0,0
YDR208W,1,0.0,0.0,0.23749824431194305,4.777757305197638e-05,0.00026796108979007055,44.0,1,0,0.0,0.0,0,0.0,1
YGL144C,5,0.1,3.875866840482066e-05,0.27444588613350074,0.000111998104791075,0.004352894273946174,87.4,5,0,0.0,0.0,0,0.0,0
YGR233C,8,0.10714285714285714,5.470729320134922e-05,0.2767051367983566,0.00014985847286236602,0.004510182468977923,29.375,6,0,0.0,0.0,0,0.0,0
YGR276C,2,0.0,1.5320443965293394e-05,0.238051379630698,8.532706058054474e-05,0.00026958951559704166,23.0,2,0,0.0,0.0,0,0.0,0
YJL083W,4,0.0,1.791144416843497e-05,0.25149959706991337,0.00010161565085600624,0.0007562872969932009,22.75,3,0,0.0,0.0,0,0.0,0
YKR027W,4,0.16666666666666666,2.875257019551425e-05,0.2818754488997217,9.377416721655806e-05,0.0041186784241251636,93.0,4,2,5.5,6.0,5,1.0,0
YLR073C,3,0.0,2.2146309265177e-05,0.2492839070255465,8.541966605810627e-05,0.00041875354799183237,20.0,3,0,0.0,0.0,0,0.0,0
YLR142W,1,0.0,0.0,0.23749824431194305,4.777757305197638e-05,0.00026796108979007055,44.0,1,0,0.0,0.0,0,0.0,0
YLR410W,1,0.0,0.0,0.23749824431194305,4.777757305197638e-05,0.00026796108979007055,44.0,1,0,0.0,0.0,0,0.0,0
YOL095C,2,0.0,2.616864667718781e-06,0.24298287289201703,7.481131172182447e-05,0.00029362463367555206,24.0,2,0,0.0,0.0,0,0.0,0
YPL009C,3,0.0,1.1972610474038652e-05,0.25674696140104863,7.767274041590366e-05,0.0014170986902992612,39.0,3,2,452.5,559.0,558,1.0,0
YDL119C,1,0.0,0.0,0.22848371241105178,4.6104769426521904e-05,0.00017991716320775033,26.0,1,0,0.0,0.0,0,0.0,0
YMR305C,2,0.0,1.4880028579656096e-05,0.24377527262352178,8.826120236086457e-05,0.00027253614827542767,59.0,2,0,0.0,0.0,0,0.0,0
YDL125C,2,0.0,7.110681515241171e-06,0.27188333836655204,6.547177230118096e-05,0.0013658347624566402,146.5,2,0,0.0,0.0,0,0.0,0
YDR049W,2,1.0,0.0,0.2612740871224506,5.8333882399753755e-05,0.002473424151014956,55.5,2,0,0.0,0.0,0,0.0,0
YER007W,6,0.0,0.00020729544854711154,0.2763234745407037,0.0001449235887116506,0.005848960942276992,40.833333333333336,4,0,0.0,0.0,0,0.0,0
YGR078C,5,0.4,0.00010818695473104228,0.263584178519565,0.0001312453760856017,0.0024045070939936854,25.2,4,3,6.0,7.0,6,1.0,0
YJR017C,25,0.023333333333333334,0.0007315325998420024,0.30484892422242715,0.0003806626087401787,0.017007716584553408,38.84,13,0,0.0,0.0,0,0.0,1
YML068W,4,0.0,1.6848558265202236e-05,0.279032981004527,9.080445302403064e-05,0.00606447235813992,71.75,4,0,0.0,0.0,0,0.0,1
YPR015C,9,0.027777777777777776,0.0002405372695190084,0.28739100109314597,0.00017531615309108973,0.011495249385020799,59.666666666666664,8,0,0.0,0.0,0,0.0,1
YDL127W,5,0.0,0.0001638519983712234,0.2829903365380413,0.00011857024803493105,0.004041616351950658,69.6,5,4,11.75,25.0,30,0.7655172413793103,0
YER005W,9,0.25,0.00022139901652681662,0.2559596757832195,0.00018236123440446472,0.0006458712293584749,23.77777777777778,7,0,0.0,0.0,0,0.0,1
YKL102C,1,0.0,0.0,0.19736613241055545,5.3567913866705655e-05,8.612042399125826e-06,5.0,1,0,0.0,0.0,0,0.0,0
YDL129W,2,0.0,4.343009566619474e-06,0.2584828125542039,6.753120045005373e-05,0.0010324502826654226,61.0,2,0,0.0,0.0,0,0.0,0
YDR367W,2,0.0,1.6134692424534584e-06,0.22394754856243315,7.727747437870898e-05,0.00024095687015836644,9.0,2,0,0.0,0.0,0,0.0,1
YDR399W,2,0.0,5.0516534496563236e-05,0.2680275594589669,6.768727628272632e-05,0.0020319104330721333,115.5,2,0,0.0,0.0,0,0.0,0
YJL208C,3,0.0,0.00020210547594763252,0.21717891574737674,0.00015517458343811087,0.0001144019916307975,6.0,2,0,0.0,0.0,0,0.0,0
YJR012C,1,0.0,0.0,0.21612924420878846,5.188424764773254e-05,0.00011046417631056643,15.0,1,0,0.0,0.0,0,0.0,1
YJR108W,3,0.0,0.00025829849745678276,0.2698326047115056,9.2861512544444e-05,0.001455059636929376,95.66666666666667,3,0,0.0,0.0,0,0.0,0
YLR051C,4,0.16666666666666666,0.00018104701837468493,0.2789242022750198,0.00011851098243077326,0.0018230784113327694,99.5,4,0,0.0,0.0,0,0.0,1
YLR287C,3,0.3333333333333333,1.1388413244898094e-05,0.25133552346315324,8.636185919187236e-05,0.0007788683105531946,22.333333333333332,3,0,0.0,0.0,0,0.0,0
YDL131W,1,0.0,0.0,0.23470467107410165,4.237543675183556e-05,0.000567724085853282,35.0,1,0,0.0,0.0,0,0.0,0
YDR054C,8,0.2857142857142857,0.00023404875205838144,0.2800941209132741,0.0001608016935466158,0.005121491023012696,49.25,7,6,15.166666666666666,58.0,57,1.0,1
YDR139C,7,0.38095238095238093,5.4038242570493545e-05,0.2691365992826189,0.00014645998613925163,0.005109421800919195,42.714285714285715,6,0,0.0,0.0,0,0.0,0
YDR274C,1,0.0,0.0,0.24396526747772687,4.392180280732966e-05,0.001061371382972398,67.0,1,0,0.0,0.0,0,0.0,0
YER156C,4,0.0,1.995780690135406e-05,0.2594872274001479,9.668064542207969e-05,0.001958064593693935,29.0,4,0,0.0,0.0,0,0.0,0
YFL009W,11,0.18181818181818182,0.00012218688100163526,0.27449101041599555,0.00021682311094440223,0.0047417110804702555,30.181818181818183,7,5,17.0,58.0,57,1.0,1
YGL249W,3,0.0,1.8794784020801436e-05,0.24949501723872944,8.928973408541461e-05,0.0012118540571963744,25.666666666666668,3,2,4.5,5.0,4,1.0,0
YGR171C,1,0.0,0.0,0.24396526747772687,4.392180280732966e-05,0.001061371382972398,67.0,1,0,0.0,0.0,0,0.0,0
YHR073W,5,0.1,2.3795175137964175e-05,0.2709420057370979,0.00010443678027919443,0.003126280720119622,52.8,5,0,0.0,0.0,0,0.0,0
YHR124W,2,1.0,0.0,0.25753910505734845,5.823275506090553e-05,0.0030800515302294353,84.5,2,0,0.0,0.0,0,0.0,0
YJL149W,2,1.0,0.0,0.24907315377214317,5.9743611962641e-05,0.001708313485777019,69.5,2,2,35.5,58.0,57,1.0,0
YLR100W,3,0.0,5.430839738720433e-05,0.2660484980637586,7.038192810889955e-05,0.003880075828803441,76.33333333333333,3,0,0.0,0.0,0,0.0,1
YLR352W,7,0.19047619047619047,0.00010607050328272502,0.2929381163976285,0.00013784082306334897,0.00995197383642894,86.42857142857143,6,0,0.0,0.0,0,0.0,0
YLR368W,11,0.03636363636363636,0.00037049807404304863,0.26677122488815674,0.0002642978738758741,0.003235309849406018,22.181818181818183,6,0,0.0,0.0,0,0.0,0
YML088W,4,0.16666666666666666,5.5576328878157046e-05,0.26236905946095945,9.310415310613779e-05,0.002513439686888281,53.0,4,2,35.5,58.0,57,1.0,0
YMR297W,5,0.0,5.796770348611363e-05,0.28034497486987153,0.00010377939758874144,0.003547827405227782,42.4,5,0,0.0,0.0,0,0.0,0
YNL015W,5,0.3,0.00031001829279629156,0.27589726084119737,0.00011093668909827075,0.004359697824073394,82.6,5,1,2.0,2.0,1,0.0,0
YOR057W,9,0.2222222222222222,0.0011231712255750153,0.28249551447065574,0.00019228109894262128,0.005348889694569089,41.22222222222222,6,3,23.333333333333332,58.0,57,1.0,1
YMR052W,9,0.08333333333333333,0.0004109196556711385,0.28707801077898976,0.0002005954061734333,0.004078189856609755,55.22222222222222,6,1,6.0,6.0,5,1.0,0
YGR142W,4,0.0,6.712321273204143e-05,0.26323783118102884,0.00010119739072881256,0.003890941080948787,40.5,3,0,0.0,0.0,0,0.0,0
YHR075C,3,0.3333333333333333,4.263531559801665e-06,0.24942046693477368,7.613391852299373e-05,0.0017496792720776329,28.666666666666668,3,4,101.25,266.0,266,0.999177188253653,0
YPR040W,10,0.022222222222222223,5.188091495645913e-05,0.27485253957031364,0.0001861125434085627,0.005291861626187303,23.7,7,0,0.0,0.0,0,0.0,1
YDL135C,4,0.0,1.1186121672035545e-06,0.254425348034049,9.148100871117379e-05,0.0012942744283351642,18.25,4,0,0.0,0.0,0,0.0,0
YDL137W,5,0.2,3.325807548222746e-05,0.26917999441310625,0.00011329224860055008,0.00448835939990258,42.8,4,0,0.0,0.0,0,0.0,0
YDR007W,3,0.0,5.720883812675877e-05,0.2521453444117331,0.00010049355262670284,0.0005412881707708542,44.333333333333336,3,0,0.0,0.0,0,0.0,0
YEL026W,5,0.1,3.3404911642494114e-05,0.26156063171350824,0.00010720309339270703,0.0026927146079716467,39.2,5,7,115.28571428571429,559.0,558,1.0,1
YJL186W,1,0.0,0.0,0.22549020647653215,4.969112888590669e-05,0.0002470458281867006,17.0,1,0,0.0,0.0,0,0.0,0
YLL015W,5,0.0,0.0002519409648987252,0.2671411871159726,0.00012836947390692347,0.0014179876620748447,35.0,4,0,0.0,0.0,0,0.0,0
YMR035W,2,0.0,4.3843827182342945e-06,0.23259011638184438,7.010614474917289e-05,0.00032629275066357405,14.0,2,3,4.333333333333333,8.0,8,0.7857142857142857,0
YPL145C,1,0.0,0.0,0.22549020647653215,4.969112888590669e-05,0.0002470458281867006,17.0,1,0,0.0,0.0,0,0.0,0
YJL164C,24,0.14130434782608695,0.0004820280996388052,0.29929263631231356,0.0003805142041048349,0.016213934865622424,34.75,11,2,3.5,4.0,3,1.0,1
YJR110W,14,0.06593406593406594,0.00017004189998730734,0.2945749309522559,0.0002359071977281137,0.008464106779011809,35.5,10,0,0.0,0.0,0,0.0,0
YKR062W,4,0.3333333333333333,8.452861221458397e-05,0.247546608147996,9.737011011352897e-05,0.0006202126694799445,24.25,3,4,101.0,195.0,264,0.7423378269385874,1
YNL251C,7,0.3333333333333333,7.414497129065564e-05,0.2587231623127521,0.00014024942113741314,0.0009472018031421592,23.428571428571427,6,1,14.0,14.0,13,1.0,1
YOL005C,9,0.5277777777777778,1.1497063377483964e-05,0.2723564618005468,0.000161775026619736,0.0038031850268009154,32.44444444444444,9,6,57.166666666666664,195.0,208,0.9184318097361576,1
YOR210W,16,0.175,0.00025413563865587304,0.29033988266958,0.00029500226426939493,0.008964548640735892,32.9375,10,11,38.90909090909091,195.0,213,0.8788200903534414,1
YPL228W,2,1.0,0.0,0.24466844045189326,5.745740850625689e-05,0.0004281113712737882,31.5,2,2,98.5,195.0,194,1.0,1
YPR187W,13,0.23076923076923078,0.000782369068704722,0.2962301399450083,0.00024209824553555345,0.007473792396452185,45.69230769230769,10,11,38.90909090909091,195.0,213,0.8788200903534414,1
YGL119W,2,0.0,3.680289462447275e-05,0.2723712734419325,6.368127210854682e-05,0.0016085013161677066,152.5,2,0,0.0,0.0,0,0.0,0
YDL144C,1,0.0,0.0,0.19478698568957123,5.635792792277134e-05,1.8242313603704632e-05,6.0,1,0,0.0,0.0,0,0.0,0
YDR088C,6,0.06666666666666667,0.0004104321064869228,0.24239487832979648,0.0001907735404645581,0.0007447223236220996,14.0,4,6,156.5,559.0,619,0.8502282102357388,1
YER122C,8,0.17857142857142858,0.0021983045450390862,0.2660484980637586,0.00017469150315632014,0.004685991251445075,28.125,6,3,17.666666666666668,34.0,37,0.8648648648648649,0
YFR051C,14,0.4065934065934066,8.487744486378393e-05,0.2901212405752335,0.0002544526902496448,0.008498259968958147,30.785714285714285,9,6,30.166666666666668,95.0,107,0.8236642567448422,1
YPL010W,6,0.9333333333333333,2.279614146997165e-07,0.26899204984425884,0.00011685067601466061,0.004856255398114802,41.0,6,6,30.166666666666668,95.0,107,0.8236642567448422,1
YPL222W,4,0.0,9.546175701956395e-06,0.2565496863052072,9.976353730602674e-05,0.0018060648273974828,20.5,3,0,0.0,0.0,0,0.0,0
YKL070W,1,0.0,0.0,0.22068133844680568,4.9176286155319944e-05,0.00011655456403239602,8.0,1,0,0.0,0.0,0,0.0,0
YDR179C,6,0.13333333333333333,9.71503781072136e-05,0.25767160446829523,0.00013670538134281392,0.0010662843747264786,15.666666666666666,4,3,8.0,16.0,19,0.672514619883041,0
YDR201W,14,0.0989010989010989,0.0003886854113249563,0.29211799218724144,0.0002794660637562931,0.004148005316219304,30.642857142857142,8,8,26.5,55.0,75,0.6731531531531532,1
YDR341C,3,0.0,1.4751512147034314e-06,0.25759208846629916,6.977894043409382e-05,0.002485260456773793,40.333333333333336,3,0,0.0,0.0,0,0.0,1
YJL001W,10,0.15555555555555556,0.0001775517679217166,0.2772258926187455,0.00020111603576255068,0.0036175719922127664,33.3,8,7,21.142857142857142,46.0,48,0.9485815602836879,1
YDL149W,5,0.1,0.0001779535763691613,0.27016738461809553,0.00012267910478175795,0.0028437564745079427,38.0,4,0,0.0,0.0,0,0.0,0
YKL064W,4,0.0,0.0001563490635901928,0.2598776969723047,0.0001026442801664573,0.0015984935204568353,38.25,4,0,0.0,0.0,0,0.0,0
YLR065C,2,0.0,4.340219807968321e-06,0.22140325255515916,7.249262570485437e-05,8.163268467462512e-05,7.5,2,0,0.0,0.0,0,0.0,0
YDL150W,6,0.6666666666666666,2.5190274587199462e-05,0.26369520223504744,0.000130143427117735,0.003518416701656265,33.333333333333336,5,2,17.5,18.0,17,1.0,1
YDR040C,2,0.0,6.036275399110616e-05,0.2599991162358021,7.165868149474904e-05,0.0007350165347897755,92.5,2,0,0.0,0.0,0,0.0,0
YDR422C,13,0.038461538461538464,0.0009040233501944911,0.2995432401943932,0.0002503938626551024,0.007805111702020562,48.0,9,4,7.5,16.0,15,1.0,0
YFL001W,1,0.0,0.0,0.2296782067343967,5.186463761420976e-05,0.00010935437493982991,33.0,1,0,0.0,0.0,0,0.0,0
YGL250W,6,0.0,0.0002487165087064782,0.28070636565689133,0.0001453965835514893,0.0017692666072019682,56.5,5,0,0.0,0.0,0,0.0,0
YHR203C,2,0.0,0.0021782839191046535,0.22969927426390824,0.00012070372777153878,0.0001094201556990822,17.0,1,7,227.28571428571428,559.0,589,0.9439786101197695,0
YOL118C,1,0.0,0.0,0.2296782067343967,5.186463761420976e-05,0.00010935437493982991,33.0,1,0,0.0,0.0,0,0.0,0
YOR252W,2,0.0,1.3675857010799092e-05,0.23107700360110062,9.47172749091051e-05,0.00011408893194187756,18.0,2,2,452.5,559.0,558,1.0,0
YOR314W,4,0.0,0.0005225291476872692,0.29042406355756767,0.00011416718035040673,0.0019752300726629413,135.75,4,0,0.0,0.0,0,0.0,0
YOR321W,2,0.0,6.6745045462436435e-06,0.23076823370272564,7.790189278564534e-05,0.0001144345916266266,18.5,2,1,2.0,2.0,1,0.0,0
YPR029C,7,0.23809523809523808,6.570088322663042e-05,0.2598237692493388,0.00017559044689060624,0.0015022375564009546,16.571428571428573,4,6,28.833333333333332,95.0,104,0.8676250933532487,0
YGL170C,6,0.13333333333333333,6.124888751098286e-05,0.27314370506382285,0.0001340955783930612,0.0016717235886797744,50.833333333333336,5,0,0.0,0.0,0,0.0,0
YMR224C,5,0.2,1.4216683365037401e-05,0.25041814880251273,0.00011008558139157307,0.0016065451213872564,14.0,5,4,59.5,195.0,194,1.0,0
YER107C,8,0.14285714285714285,0.000606138288234347,0.2863230606020041,0.00018330394487713715,0.0036514940248859053,58.875,6,4,25.5,59.0,59,0.9812974868497955,0
YIL115C,13,0.20512820512820512,0.00013315871616556752,0.29028939755696137,0.00024266279016889588,0.006114540656230826,44.0,9,5,21.0,59.0,59,0.9812974868497955,1
YLR113W,26,0.036923076923076927,0.0011072694362703431,0.2935734452549974,0.00046481241896569167,0.009285568063077993,21.807692307692307,11,0,0.0,0.0,0,0.0,0
YMR276W,13,0.15384615384615385,0.00031119433083705083,0.2771031855732132,0.00021994911251575715,0.007002070559998277,30.846153846153847,10,0,0.0,0.0,0,0.0,1
YGR178C,8,0.03571428571428571,0.0005462051970795964,0.2885167910622879,0.00019576650131865117,0.00268373588176318,47.375,7,3,192.0,559.0,558,1.0,0
YDL161W,6,0.2,0.00041831559747946515,0.270824797277362,0.00015837588973495296,0.0031223766888771355,34.666666666666664,5,0,0.0,0.0,0,0.0,0
YOR111W,2,0.0,0.0001955625368152366,0.21275064678859246,0.00012184001928141114,7.653318927566209e-05,3.5,1,0,0.0,0.0,0,0.0,0
YOR378W,3,0.0,0.00020895948640484968,0.2477670414589025,0.00010733192479287176,0.0008978624199293618,23.0,2,0,0.0,0.0,0,0.0,0
YDL168W,1,0.0,0.0,0.2467781707834568,5.1808217430176554e-05,0.0005267800474026121,96.0,1,0,0.0,0.0,0,0.0,0
YER117W,15,0.009523809523809525,0.0006473541487201867,0.3032063794678687,0.0002722038886930371,0.013260139330378411,48.4,10,6,258.8333333333333,559.0,589,0.9439786101197695,0
YEL070W,3,0.0,0.00019003985700500876,0.2732778401293313,8.305672955607316e-05,0.0012460600327374738,101.66666666666667,3,0,0.0,0.0,0,0.0,0
YMR303C,14,0.01098901098901099,6.872180057336004e-05,0.28571869336814737,0.00023015519354474518,0.01105878711938751,36.857142857142854,11,0,0.0,0.0,0,0.0,0
YOR204W,4,0.0,1.2989832900313074e-05,0.2702111128163073,8.82707738104651e-05,0.0033451847195086876,54.25,4,0,0.0,0.0,0,0.0,1
YDL178W,2,0.0,1.1036511048978728e-05,0.2633901118091115,6.087001177219666e-05,0.002674518262046255,72.5,2,3,43.666666666666664,73.0,72,1.0,0
YDL180W,1,0.0,0.0,0.22345794744345937,4.955664535374483e-05,8.969290558256283e-05,19.0,1,0,0.0,0.0,0,0.0,0
YLR452C,19,0.005847953216374269,0.0013320513143355705,0.28845032402524073,0.0004503901349361253,0.0036611066886084436,16.31578947368421,8,0,0.0,0.0,0,0.0,0
YGR089W,10,0.022222222222222223,7.913169722177945e-05,0.2535751595387704,0.0002053177588031727,0.0012563564228903544,11.1,7,0,0.0,0.0,0,0.0,0
YKR054C,7,0.09523809523809523,6.870842926303318e-05,0.27038616725423825,0.00014148842017437804,0.0026110107434483415,29.571428571428573,6,7,24.571428571428573,73.0,95,0.6732362821948489,0
YDL183C,1,0.0,0.0,0.23403565308646052,5.1112215773369564e-05,0.00016802934731041604,56.0,1,0,0.0,0.0,0,0.0,0
YNL313C,7,0.0,5.840564581627517e-05,0.28216129442536647,0.00012194623232744035,0.0069883257377577395,48.285714285714285,7,0,0.0,0.0,0,0.0,1
YDL186W,4,0.0,6.344381054422062e-05,0.2612604578012652,9.673744827533225e-05,0.001467513704797394,25.75,4,0,0.0,0.0,0,0.0,0
YML092C,31,0.11827956989247312,0.0012155654034507013,0.3041085054375041,0.0005538213984907331,0.0077457888113469184,26.483870967741936,11,7,21.142857142857142,46.0,48,0.9485815602836879,1
YML126C,8,0.07142857142857142,0.00037351028422437843,0.29705592977759515,0.00018441334938099215,0.009037996109398915,82.0,6,0,0.0,0.0,0,0.0,1
YNL085W,16,0.058333333333333334,0.00010183885437200118,0.29326402248801114,0.0002401323769439864,0.019514981783535633,49.6875,12,3,192.0,559.0,558,1.0,0
YOR157C,11,0.16363636363636364,0.0003475531754945396,0.27476206802996794,0.00022186281632577087,0.002650860695814205,31.363636363636363,8,7,21.142857142857142,46.0,48,0.9485815602836879,1
YOR362C,19,0.1286549707602339,0.0011393151473224796,0.30002773474212274,0.0003946021523299322,0.010997675858724174,45.68421052631579,11,7,21.142857142857142,46.0,48,0.9485815602836879,1
YPL003W,5,0.0,7.36961465747073e-05,0.26182042846203435,0.00011956378658279897,0.001960374479814078,33.0,4,1,2.0,2.0,1,0.0,0
YER057C,2,0.0,7.795226932341459e-05,0.2679701966854069,6.166342334183045e-05,0.0020721115429831356,114.5,2,0,0.0,0.0,0,0.0,0
YDL191W,5,0.3,6.953071991501035e-06,0.2514617149194284,9.893462219934403e-05,0.0012745226145307632,24.8,5,6,258.8333333333333,559.0,589,0.9439786101197695,0
YPR176C,2,0.0,1.3408198988340578e-05,0.23536646346399057,7.306968860636879e-05,0.0005022780732321399,13.0,2,3,3.6666666666666665,6.0,5,1.0,1
YFL022C,6,0.0,0.00027044126899453233,0.259648658616323,0.0001591928396151906,0.004966209822886528,34.166666666666664,4,2,2.5,3.0,2,1.0,1
YGR062C,1,0.0,0.0,0.23165416170445213,4.538170856006736e-05,0.00032652395526684225,14.0,1,0,0.0,0.0,0,0.0,0
YOR026W,6,0.0,1.2165025205991136e-05,0.2696437480375931,0.00011918051276500996,0.003179263117023386,29.333333333333332,6,4,26.0,55.0,56,0.9318181818181818,0
YDL195W,16,0.13333333333333333,0.0005368017371340522,0.2820818347536049,0.0002840763482019872,0.003744816286854893,23.5,8,5,35.0,95.0,104,0.8676250933532487,1
YIL109C,12,0.25757575757575757,0.0002144581960989824,0.2682859961458247,0.00023202182180620548,0.0015305709203717326,18.0,7,5,35.0,95.0,104,0.8676250933532487,1
YPR181C,22,0.12554112554112554,0.0012792571718397267,0.30954035698703675,0.000368979547620532,0.009476829379597389,36.90909090909091,11,6,29.5,95.0,104,0.8676250933532487,1
YEL024W,1,0.0,0.0,0.2404976218991719,4.127143643594562e-05,0.0017801253793190358,51.0,1,2,33.0,56.0,55,1.0,0
YKL073W,4,0.16666666666666666,5.53983009527252e-07,0.2676408366403171,7.794322258948506e-05,0.00707157546997473,63.75,4,0,0.0,0.0,0,0.0,0
YLR109W,9,0.027777777777777776,1.6901123894168077e-05,0.2666433996725898,0.00015366175104818982,0.007829277059407379,36.333333333333336,8,0,0.0,0.0,0,0.0,0
YDL201W,1,0.0,0.0,0.21257005118841538,5.306351431335772e-05,0.00013467344849842072,4.0,1,1,2.0,2.0,1,0.0,0
YDL202W,2,0.0,9.717008044618103e-06,0.25478775886708327,6.815829647965003e-05,0.0004659300502437269,60.5,2,7,202.14285714285714,559.0,589,0.9439786101197695,0
YER009W,12,0.19696969696969696,0.00016091106974238867,0.2863721754274261,0.000243228046465833,0.005586599735525958,43.083333333333336,8,0,0.0,0.0,0,0.0,1
YGR058W,9,0.027777777777777776,0.00017416599578611226,0.28578390733524994,0.00018706683007426003,0.006643261016856587,52.888888888888886,7,0,0.0,0.0,0,0.0,0
YMR110C,1,0.0,0.0,0.21836252947550816,5.119143577900943e-05,0.00013383137872063187,6.0,1,0,0.0,0.0,0,0.0,0
YOL065C,5,0.2,6.998374287570057e-05,0.2621218912466769,0.00011612013415963112,0.0007129872811983554,28.2,5,0,0.0,0.0,0,0.0,0
YDL207W,5,0.3,9.066796968554576e-06,0.2512094585970936,0.00011264310456471103,0.0008536110595792128,18.6,5,2,31.0,59.0,58,1.0,1
YOR206W,17,0.29411764705882354,0.0001881977031219098,0.28297434748009803,0.00025894735319118397,0.008554579370950029,41.23529411764706,13,6,99.83333333333333,559.0,558,1.0,1
YLR426W,5,0.0,0.00030754718062174675,0.27838157834752125,0.00012056461302967675,0.0022061638544348242,85.4,5,0,0.0,0.0,0,0.0,0
YGL230C,3,0.0,3.1343922943282626e-05,0.21759408159405028,9.531085493446551e-05,5.023969491249853e-05,6.333333333333333,3,0,0.0,0.0,0,0.0,0
YNL238W,5,0.4,2.5396949070623887e-05,0.255281256743476,9.715883773775852e-05,0.0009965450392854566,48.2,5,0,0.0,0.0,0,0.0,0
YDR194C,8,0.10714285714285714,7.146712798965261e-05,0.27884655509438533,0.0001462121848432632,0.004006716980000602,41.75,8,3,53.0,131.0,130,1.0,0
YEL055C,8,0.14285714285714285,7.237144629820578e-06,0.2758668673120493,0.00013584374663608647,0.005527604237352292,43.5,8,1,7.0,7.0,6,1.0,1
YFR032C,1,0.0,0.0,0.24582129066703914,4.3020010170918156e-05,0.0006847768062701078,64.0,1,0,0.0,0.0,0,0.0,0
YGL068W,4,0.0,8.408606797025646e-06,0.2608522383359508,8.427139966973163e-05,0.0023780361902822444,49.0,4,6,228.5,559.0,589,0.9439786101197695,1
YGR198W,2,0.0,3.099137949823554e-06,0.24825830157877737,6.381111431841326e-05,0.0007151504465474054,35.0,2,2,452.5,559.0,558,1.0,1
YHL038C,1,0.0,0.0,0.24582129066703914,4.3020010170918156e-05,0.0006847768062701078,64.0,1,2,67.5,131.0,130,1.0,0
YJR041C,1,0.0,0.0,0.24582129066703914,4.3020010170918156e-05,0.0006847768062701078,64.0,1,1,5.0,5.0,4,1.0,1
YKR024C,6,0.2,0.00016674016661469266,0.2686601746620671,0.0001309907059249509,0.0031487157177685467,40.166666666666664,5,0,0.0,0.0,0,0.0,0
YLL027W,4,0.0,3.3348234555296104e-05,0.2653437338304771,0.00011068556852268096,0.0027934419281494655,43.75,3,0,0.0,0.0,0,0.0,0
YMR229C,14,0.13186813186813187,2.1499446046530266e-05,0.27787189170274385,0.00021912707224581906,0.007526656489456234,34.714285714285715,11,2,302.5,559.0,558,1.0,1
YEL013W,10,0.0,0.0003937858611056413,0.2963879143123598,0.00021211940933236673,0.00606539962162044,55.0,6,0,0.0,0.0,0,0.0,0
YML011C,5,0.0,0.00022913734208916074,0.251222059392569,0.00016672648561288404,0.0006645067896232274,15.0,3,0,0.0,0.0,0,0.0,0
YDL215C,4,0.0,1.1073077061324324e-05,0.24836910369701243,9.227983870821037e-05,0.0007905387163797226,11.75,4,0,0.0,0.0,0,0.0,0
YMR025W,6,0.13333333333333333,0.00022974291520590144,0.25808322044987403,0.00016152170531354043,0.0007693027470553632,21.333333333333332,4,1,6.0,6.0,5,1.0,0
YOL117W,4,0.3333333333333333,2.8156212418720017e-05,0.25842946212849616,9.907544869316003e-05,0.0027198433809591037,46.25,4,1,6.0,6.0,5,1.0,0
YDL218W,1,0.0,0.0,0.2241379716290112,4.786718270634794e-05,7.467305696941593e-05,22.0,1,0,0.0,0.0,0,0.0,0
YGL044C,22,0.030303030303030304,0.0029754198125937987,0.2895844449870052,0.00047820569799031696,0.0030478918608983934,13.318181818181818,8,5,36.8,131.0,141,0.8656534954407294,1
YDR082W,4,0.3333333333333333,2.219009359459818e-05,0.25547658518926014,0.00010140390908403639,0.0014725537613047692,25.5,3,1,11.0,11.0,10,1.0,1
YLR010C,2,1.0,0.0,0.23115165809988714,6.504397180270583e-05,0.0004954471648537283,11.5,2,1,11.0,11.0,10,1.0,1
YDL221W,1,0.0,0.0,0.2430418292837509,4.856149529417057e-05,0.0004442156893259439,95.0,1,0,0.0,0.0,0,0.0,1
YDL223C,1,0.0,0.0,0.24841838083677667,4.392296439395935e-05,0.0009553283306765282,59.0,1,0,0.0,0.0,0,0.0,0
YDL224C,4,0.0,4.227851147320994e-05,0.2808795342970251,9.3591729156947e-05,0.005453895058207936,101.75,4,0,0.0,0.0,0,0.0,0
YJR070C,6,0.06666666666666667,0.00027663749519728345,0.2720901274542432,0.00012455675428265652,0.005881680455586148,45.0,6,0,0.0,0.0,0,0.0,0
YDR264C,10,0.06666666666666667,0.00019402993480105587,0.26439122504620466,0.00023284132930789775,0.00422465500205071,21.3,6,0,0.0,0.0,0,0.0,0
YKL126W,11,0.07272727272727272,0.00018715785020115926,0.27083944278878735,0.00020732883802735,0.0045310097514202445,19.818181818181817,7,0,0.0,0.0,0,0.0,0
YKR088C,9,0.027777777777777776,0.00033047455689454635,0.2537550274129936,0.00020200934346269398,0.00046464279227505917,18.11111111111111,5,0,0.0,0.0,0,0.0,0
YOL129W,4,0.0,5.2961939522615864e-05,0.24807385091140002,0.00010860184551520185,0.0003470014356212812,20.75,4,0,0.0,0.0,0,0.0,0
YOR327C,11,0.03636363636363636,0.000612130883377466,0.25550265156873053,0.00035798242623344797,0.00032419843280027683,5.909090909090909,4,3,40.666666666666664,95.0,94,1.0,0
YPR113W,2,0.0,7.53670395547248e-06,0.23277388808562255,6.973798569328891e-05,0.00016328949057923945,12.5,2,0,0.0,0.0,0,0.0,1
YPR183W,5,0.1,9.601582205680594e-05,0.27372591004264385,0.00011487390285760997,0.0037884769354786943,40.4,4,0,0.0,0.0,0,0.0,1
YHR117W,2,0.0,1.9451566147911736e-06,0.2491227107068372,6.124276504927189e-05,0.0013711152543093284,28.5,2,2,13.5,18.0,17,1.0,0
YGL226C-A,7,0.9523809523809523,1.645553360296325e-07,0.23130111190367408,0.0001396805891150913,0.00028238182667566857,19.285714285714285,7,2,19.0,29.0,28,1.0,0
YOR085W,10,0.4444444444444444,8.141881705040717e-05,0.2387094502669203,0.00020509433021760894,0.00036590025277782954,14.6,7,2,19.0,29.0,28,1.0,0
YOR103C,8,0.7142857142857143,0.00019572676304059416,0.2313117945709521,0.0001787739303146999,0.0002825506672793335,16.875,7,2,19.0,29.0,28,1.0,1
YDL233W,4,0.0,0.00013102393136006825,0.2705322193080676,0.00011346559237991719,0.0012237918826524486,68.25,4,0,0.0,0.0,0,0.0,0
YDL235C,3,0.0,5.136226867580022e-07,0.24877622571280822,7.129469004645785e-05,0.0013404564060424792,18.0,3,0,0.0,0.0,0,0.0,1
YDL236W,1,0.0,0.0,0.2664448037479521,4.5243656701725876e-05,0.001921446256761567,216.0,1,0,0.0,0.0,0,0.0,0
YDL237W,2,0.0,0.0001955625368152366,0.2103912193257826,0.0001741298332491282,2.2055379245164737e-05,1.5,1,0,0.0,0.0,0,0.0,0
YLR085C,1,0.0,0.0,0.17357002169642194,0.00010023233375836227,5.404169033348996e-07,2.0,1,2,48.0,83.0,82,1.0,0
YPR148C,2,0.0,0.0003911250736304732,0.26701300719999227,0.00012213853520624007,0.0008996182568611168,141.0,1,2,452.5,559.0,558,1.0,0
YDR273W,3,0.0,4.212184859500575e-06,0.25983724908172534,7.186571737049038e-05,0.0017586972434267588,41.333333333333336,3,0,0.0,0.0,0,0.0,0
YKL192C,4,0.0,0.00027005150974426215,0.24898647656227965,0.00013581278626721395,0.0004631944102163288,18.0,3,0,0.0,0.0,0,0.0,1
YLR072W,4,0.0,1.681205937493793e-05,0.25853618501188597,9.83113653979503e-05,0.0013563215338758788,31.25,3,0,0.0,0.0,0,0.0,0
YNR012W,10,0.022222222222222223,0.0007307562507215119,0.28898291939589493,0.000249700918968139,0.00421343393015859,37.9,6,0,0.0,0.0,0,0.0,0
YOR324C,8,0.03571428571428571,0.00023542228903707406,0.2812107229674483,0.00017119374990592638,0.002538851076714322,43.625,7,0,0.0,0.0,0,0.0,0
YDL241W,1,0.0,0.0,0.2430418292837509,4.856149529417057e-05,0.0004442156893259439,95.0,1,0,0.0,0.0,0,0.0,0
YDL243C,1,0.0,0.0,0.22344797787321563,5.042477208613112e-05,0.00015212781928611145,6.0,1,0,0.0,0.0,0,0.0,0
YNL331C,6,0.13333333333333333,0.0002736042214986379,0.2884337120508094,0.0001475818315039885,0.006210307345975799,91.0,5,0,0.0,0.0,0,0.0,0
YFL004W,3,0.0,0.0001985665925270995,0.24803699366334464,0.00011876406200719692,0.0007596173087017488,41.666666666666664,2,1,4.0,4.0,3,1.0,0
YLR270W,3,0.0,1.5308210548004865e-06,0.24942046693477368,8.595974108671062e-05,0.0008477941319576625,14.0,3,3,192.33333333333334,559.0,558,1.0,0
YMR235C,11,0.03636363636363636,0.0004538565440433285,0.2650207945840965,0.0002602655584566784,0.001887687907178143,12.545454545454545,7,0,0.0,0.0,0,0.0,1
YDR003W,1,0.0,0.0,0.21025873115240365,4.90470656741473e-05,3.5761574798066476e-05,9.0,1,0,0.0,0.0,0,0.0,0
YDR004W,17,0.058823529411764705,0.00042785265497588933,0.30129116140589873,0.0002628901917622597,0.02383550881986797,60.35294117647059,14,4,58.75,195.0,194,1.0,0
YJL023C,2,0.0,1.465744151783814e-07,0.2404860739484421,5.78380190418504e-05,0.0007584938529952627,14.0,2,0,0.0,0.0,0,0.0,0
YDR005C,5,0.1,0.0004372627195067944,0.28510064188821393,0.00012284727561665947,0.0024007359842914983,99.4,5,1,18.0,18.0,17,1.0,0
YDR006C,2,0.0,6.872858675516256e-07,0.26132861863032897,5.881484111560086e-05,0.00209911750406964,56.0,2,0,0.0,0.0,0,0.0,0
YOR242C,3,0.0,6.722783558252252e-06,0.21860080206233928,0.00010322946789308163,5.8322648824421126e-05,4.666666666666667,3,0,0.0,0.0,0,0.0,0
YDR009W,2,0.0,2.5282289852153058e-05,0.252081889271706,6.807841902143514e-05,0.002091474527581323,52.5,2,4,68.75,195.0,194,1.0,0
YDR013W,1,0.0,0.0,0.20206418849553195,6.228084963319207e-05,1.1045374456930644e-05,7.0,1,3,27.0,56.0,56,0.9766233766233766,1
YDR016C,9,0.16666666666666666,0.00015411937068244503,0.2699489557511052,0.0002101965732884936,0.0008913488601997902,21.444444444444443,6,6,27.666666666666668,55.0,54,1.0,1
YKL052C,4,0.16666666666666666,6.109224126438707e-05,0.25481368486645917,0.00011634623418862346,0.0008360812121423226,29.75,4,6,27.666666666666668,55.0,54,1.0,1
YKR037C,6,0.3333333333333333,0.00012527267001111213,0.2815585212531063,0.0001431809737064357,0.0015817646296748468,68.33333333333333,6,8,26.5,55.0,75,0.6731531531531532,1
YDR017C,2,1.0,0.0,0.26422384468743104,5.633423739570794e-05,0.0031496355280817142,85.0,2,0,0.0,0.0,0,0.0,0
YDR018C,1,0.0,0.0,0.21070987319829423,6.027181828815615e-05,2.065229554112515e-05,4.0,1,0,0.0,0.0,0,0.0,0
YDR479C,4,0.0,0.00024176619212225113,0.2675550497382475,0.00014381789491805223,0.0008429616637095025,44.5,3,0,0.0,0.0,0,0.0,0
YDR020C,1,0.0,0.0,0.2237774440842793,5.070706892659962e-05,0.00010320857287806267,10.0,1,0,0.0,0.0,0,0.0,0
YDR021W,3,0.0,6.295142063456408e-06,0.25367790994531,7.504892387245716e-05,0.0009785822655332234,16.666666666666668,3,0,0.0,0.0,0,0.0,1
YDR024W,1,0.0,0.0,0.25304986742371943,4.408716568054136e-05,0.0008193541011575324,78.0,1,0,0.0,0.0,0,0.0,0
YDR484W,9,0.19444444444444445,9.216003599203647e-05,0.2749883586476833,0.00017902477119510621,0.0027962204093622775,28.444444444444443,6,1,4.0,4.0,3,1.0,0
YJL029C,5,0.6,3.3379874687544327e-06,0.24934596116948396,0.00011344959854972167,0.0006444971474744776,12.2,5,1,4.0,4.0,3,1.0,0
YDR031W,1,0.0,0.0,0.26695607782369035,5.134682951460989e-05,0.000899077839957782,280.0,1,0,0.0,0.0,0,0.0,0
YDR438W,2,0.0,0.00014826072253755067,0.2732331138052512,7.111471301685205e-05,0.0011493003129492176,170.5,2,0,0.0,0.0,0,0.0,0
YER038C,3,0.0,4.555468650143951e-05,0.24136689041206047,0.00010019935643279949,0.00033350486070346237,24.333333333333332,2,1,8.0,8.0,7,1.0,1
YER044C,3,0.0,9.333606714796666e-05,0.25635271413473176,0.00010150120474035546,0.0003814164801439462,36.0,3,0,0.0,0.0,0,0.0,0
YER064C,5,0.0,0.0002552797071285656,0.2567732876724048,0.0001570523631198933,0.0008833300138426419,33.8,3,0,0.0,0.0,0,0.0,0
YFR055W,2,0.0,5.0137398618108666e-05,0.25609055458660607,7.157610093241873e-05,0.0007770025203940478,78.5,2,0,0.0,0.0,0,0.0,0
YGL125W,1,0.0,0.0,0.2391197410384462,4.920851156897427e-05,0.0002502224729914357,61.0,1,4,257.25,559.0,558,1.0,0
YGL169W,2,0.0,9.339880456104378e-06,0.2399560643948953,6.917566058737675e-05,0.0002656529843092951,34.5,2,0,0.0,0.0,0,0.0,1
YGL223C,5,0.6,4.3557762528229595e-05,0.2514238441792297,0.00012063151493241206,0.00040872281625388006,24.6,5,3,41.333333333333336,95.0,94,1.0,0
YGR111W,3,0.0,2.6838291613602362e-05,0.25960828198477376,8.617900595395375e-05,0.0020593259901124697,49.333333333333336,3,0,0.0,0.0,0,0.0,0
YGR124W,2,0.0,1.9120896706221263e-05,0.24059004544604196,9.169318826147659e-05,0.0002556799401792776,32.0,2,0,0.0,0.0,0,0.0,0
YHR060W,11,0.07272727272727272,0.0007802502633386344,0.28861654907222123,0.00023486305880807503,0.0029529807722983433,49.90909090909091,7,2,4.5,7.0,6,1.0,0
YIL145C,3,0.0,0.00010097831323426666,0.2538450570729982,9.847323175195957e-05,0.0006984040236692251,53.333333333333336,3,0,0.0,0.0,0,0.0,0
YIR026C,15,0.0761904761904762,0.0003250286270273549,0.29055885455997305,0.00027444520643414984,0.00684595971802342,34.8,10,0,0.0,0.0,0,0.0,0
YJL185C,3,0.0,1.471343228695623e-05,0.24784060649496512,9.68909438683324e-05,0.0003624653688048532,25.0,2,0,0.0,0.0,0,0.0,0
YJR075W,5,0.3,0.00024006759832932158,0.24552002431738099,0.00015037135050588265,0.00030117699429741383,19.8,4,3,7.333333333333333,9.0,11,0.7818181818181819,0
YLR328W,8,0.10714285714285714,0.0002979693508826753,0.2863230606020041,0.00016527884204702373,0.007077796466582332,71.375,6,0,0.0,0.0,0,0.0,0
YMR064W,3,0.0,3.4963769660434795e-05,0.2583228273184575,7.868975530365742e-05,0.0011127840094872843,47.0,3,3,97.66666666666667,266.0,265,1.0,0
YMR187C,3,0.0,0.00018145113865734289,0.2739654819785709,9.174802962522215e-05,0.0011700635925679177,115.0,3,0,0.0,0.0,0,0.0,0
YOR009W,1,0.0,0.0,0.2391197410384462,4.920851156897427e-05,0.0002502224729914357,61.0,1,0,0.0,0.0,0,0.0,0
YPR136C,2,0.0,5.0137398618108666e-05,0.25609055458660607,7.157610093241873e-05,0.0007770025203940478,78.5,2,0,0.0,0.0,0,0.0,1
YMR188C,2,1.0,0.0,0.23546605435121087,6.953094158298554e-05,0.00019576185806243095,27.0,2,9,161.77777777777777,559.0,593,0.9319709675949136,0
YPR056W,4,0.0,8.114755437247577e-06,0.25019297512490035,0.0001065978280264828,0.0006628967562610015,13.0,3,9,52.22222222222222,195.0,266,0.7317349978720386,1
YDR380W,2,0.0,0.00019556096288394579,0.1814492781700694,0.0001449932459143943,2.653383287243746e-06,2.0,1,0,0.0,0.0,0,0.0,0
YDR042C,2,0.0,8.831913186298969e-06,0.26139681503393813,7.137727776590012e-05,0.0008862058951824894,90.0,2,0,0.0,0.0,0,0.0,0
YLR413W,4,0.0,3.123722853082442e-05,0.27641497742978394,0.00010928445194723839,0.002791910790062675,83.0,3,0,0.0,0.0,0,0.0,0
YDR044W,3,0.0,0.00020302620752790353,0.26919446256652807,0.00011196014951603844,0.0020806672645959172,84.0,2,0,0.0,0.0,0,0.0,1
YDR077W,1,0.0,0.0,0.2117253424667197,6.123455420783711e-05,5.096634461354566e-05,3.0,1,2,452.5,559.0,558,1.0,0
YDR045C,4,0.5,1.0087581067370196e-05,0.2431480229172859,9.093322763846075e-05,0.000643681521241188,18.25,4,2,17.5,18.0,17,1.0,1
YDR050C,1,0.0,0.0,0.22257412567995088,4.554020225250144e-05,0.0002109240764069734,15.0,1,0,0.0,0.0,0,0.0,1
YDR055W,1,0.0,0.0,0.25707642829536265,4.129142855240109e-05,0.002303708328462847,68.0,1,0,0.0,0.0,0,0.0,0
YDR056C,2,0.0,0.000143658051895937,0.2639731711405816,6.972189130663655e-05,0.0009858447605266137,116.0,2,0,0.0,0.0,0,0.0,0
YLR221C,4,0.0,1.4394991156574334e-05,0.2522850582334402,9.750174535480899e-05,0.000847604664727626,20.0,3,4,148.0,559.0,561,0.9893621084797556,0
YOL077C,10,0.37777777777777777,4.073112694189435e-06,0.2754572091106729,0.0001558958283737772,0.0071121859020431555,49.3,10,0,0.0,0.0,0,0.0,1
YPL024W,2,0.0,1.4137771843507763e-05,0.24432230723695084,5.876833049146489e-05,0.00045815307796105557,30.5,2,1,3.0,3.0,2,1.0,0
YDR063W,3,0.0,1.8638897299128964e-05,0.2443699915125765,0.00010688743910605052,0.0002492465126773963,17.0,2,0,0.0,0.0,0,0.0,0
YGL239C,2,0.0,6.4776714484077706e-06,0.2296150273267126,8.620377484497371e-05,9.821249984344444e-05,21.5,2,0,0.0,0.0,0,0.0,1
YDR067C,1,0.0,0.0,0.23403565308646052,5.1112215773369564e-05,0.00016802934731041604,56.0,1,1,6.0,6.0,5,1.0,0
YDR068W,2,0.0,1.84384472416587e-05,0.2288282074313636,6.872453157557609e-05,0.0004347003764479305,12.5,2,0,0.0,0.0,0,0.0,0
YDR070C,2,0.0,1.2479399495237373e-06,0.23139729144567803,7.077530902834648e-05,0.0001618506466658596,11.0,2,0,0.0,0.0,0,0.0,0
YER089C,3,0.3333333333333333,1.0035643579780706e-06,0.250593564297521,7.581413585411403e-05,0.0010351108829992164,19.333333333333332,3,0,0.0,0.0,0,0.0,0
YER019C-A,2,0.0,1.1396402334590395e-05,0.2684010169373127,7.31167661845054e-05,0.0009504869649667002,144.0,2,4,11.5,29.0,29,0.9384236453201971,1
YHR011W,5,0.0,0.00020166983776485518,0.2574067418435656,0.00013041547621793246,0.003301797411802934,27.2,4,0,0.0,0.0,0,0.0,0
YIL152W,2,0.0,5.237764256403111e-06,0.22270278696474965,7.111314466315774e-05,0.00014996397041864488,7.0,2,0,0.0,0.0,0,0.0,0
YLR376C,4,0.16666666666666666,1.1383051067349631e-05,0.23305551307818775,0.00011660031140517995,0.0001604685858848309,6.75,4,0,0.0,0.0,0,0.0,0
YPL122C,5,0.3,0.0001971621525366821,0.25098286023804833,0.00013390850064434398,0.0009669636969443882,19.8,4,12,44.0,195.0,266,0.7317349978720386,1
YDR079W,3,0.0,1.970712106477826e-05,0.24422699449213708,9.626202454089133e-05,0.0003883883330964645,29.0,3,0,0.0,0.0,0,0.0,0
YJL099W,4,0.0,1.80826344284824e-05,0.24343166015603457,0.0001109253951831364,0.0004537383879101248,11.5,3,2,5.5,6.0,5,1.0,0
YDR084C,9,0.027777777777777776,0.00036150792449910873,0.2582429089435009,0.00025477051758681285,0.00047468829445925696,16.77777777777778,5,0,0.0,0.0,0,0.0,0
YDR441C,2,0.0,1.18258219392534e-05,0.2219330427637814,7.843563381014788e-05,9.793754254333073e-05,6.5,2,0,0.0,0.0,0,0.0,0
YER011W,4,0.16666666666666666,0.0001216917290764532,0.2640705987583178,0.00010613330560504998,0.0007711487687989475,32.5,4,0,0.0,0.0,0,0.0,0
YDR086C,3,0.0,8.630542900540067e-06,0.2142798517969561,8.949104800313328e-05,5.719619124361697e-05,6.666666666666667,3,6,9.333333333333334,29.0,29,0.9384236453201971,1
YGR175C,4,0.0,8.39845634876692e-05,0.24938320848729048,9.732535722616078e-05,0.0009465103738609655,23.5,3,0,0.0,0.0,0,0.0,1
YER013W,5,0.1,6.003456473484923e-05,0.2481844884068511,0.00012138963431372919,0.0004274718780609706,21.2,4,6,156.5,559.0,619,0.8502282102357388,1
YGR006W,1,0.0,0.0,0.19478698568957123,5.635792792277134e-05,1.8242313603704632e-05,6.0,1,9,115.66666666666667,559.0,619,0.8502282102357388,0
YHR195W,8,0.0,0.0003756694873242368,0.2608250690579239,0.00021487900539660096,0.0015304221730386238,10.125,5,1,2.0,2.0,1,0.0,0
YGL087C,5,0.1,1.3464233641605087e-05,0.2696147166263057,0.00011335087273416173,0.0024556240505604504,29.0,4,1,2.0,2.0,1,0.0,0
YDR096W,1,0.0,0.0,0.23934829037277205,4.82307040043684e-05,0.00042951721455035066,76.0,1,0,0.0,0.0,0,0.0,0
YDR098C,4,0.0,4.212754239810961e-05,0.2547618381428483,0.00010549364006346893,0.0018469497913568096,23.5,4,0,0.0,0.0,0,0.0,0
YGL071W,4,0.0,0.00013042240692537262,0.2628923928429088,0.00010924897473900581,0.0009915866304586215,25.25,4,0,0.0,0.0,0,0.0,0
YGL220W,8,0.0,0.00039742455911683113,0.27302458439000515,0.00020261832190223529,0.0042345333249275904,28.25,5,0,0.0,0.0,0,0.0,0
YGL252C,3,0.0,1.2883181153220563e-06,0.25808322044987403,7.110546359210244e-05,0.0017473915286295796,38.0,3,3,50.666666666666664,133.0,133,0.9849624060150376,0
YGR214W,2,0.0,4.822657936919621e-06,0.25144909007180716,6.398831184366042e-05,0.001250971721425626,38.0,2,7,227.28571428571428,559.0,589,0.9439786101197695,0
YMR137C,13,0.02564102564102564,3.2348153067335285e-05,0.29419425376235053,0.00019823722986836765,0.015255737984342146,57.0,11,0,0.0,0.0,0,0.0,0
YNL293W,3,0.3333333333333333,8.658157012922902e-06,0.2649366788007964,7.675521802585732e-05,0.0017799385425524745,45.333333333333336,3,0,0.0,0.0,0,0.0,0
YOR298C-A,2,0.0,7.926766076745263e-07,0.2543607402768032,5.946350104224435e-05,0.0013357461667422065,42.0,2,0,0.0,0.0,0,0.0,0
YPL095C,5,0.4,8.568492260492165e-06,0.2461958893010006,0.00012166872163272489,0.00031552797373430376,15.0,4,0,0.0,0.0,0,0.0,0
YDR102C,3,0.0,7.610544962832898e-05,0.26600610665233987,8.143390945071536e-05,0.001034557384169603,68.33333333333333,3,0,0.0,0.0,0,0.0,0
YER132C,9,0.2222222222222222,6.338044382236716e-05,0.2860777389644288,0.00016319775137774436,0.006879616554105076,55.888888888888886,8,0,0.0,0.0,0,0.0,0
YDR105C,2,0.0,6.0901782889880095e-06,0.24764453006577608,8.590259834009429e-05,0.0005765709028450862,49.0,2,0,0.0,0.0,0,0.0,0
YNL160W,2,0.0,0.00010589180280542662,0.25316498893242967,8.058067366168518e-05,0.002032805484951158,52.0,2,0,0.0,0.0,0,0.0,0
YHR129C,7,0.09523809523809523,0.00042358394312618126,0.28244772028255444,0.00018926510882347368,0.0019074964323639648,54.0,5,7,24.571428571428573,73.0,95,0.6732362821948489,0
YOL015W,3,0.0,2.167623407699699e-05,0.243006452016024,9.526522766761206e-05,0.0003253169192762136,8.666666666666666,3,0,0.0,0.0,0,0.0,0
YGR098C,3,0.0,1.462024218120916e-05,0.2673408228915477,8.03722606377492e-05,0.0030990929376980554,59.666666666666664,3,3,4.666666666666667,9.0,8,1.0,1
YDR115W,5,0.0,0.00014290735524677842,0.2504056285210867,0.00013853237528091503,0.000358175259725082,26.6,4,7,202.14285714285714,559.0,589,0.9439786101197695,0
YKL142W,7,0.0,0.0002618404739046775,0.2588970264176922,0.00020038803796506864,0.0015590589265347319,11.571428571428571,4,6,221.83333333333334,559.0,589,0.9439786101197695,0
YNL041C,10,0.13333333333333333,0.00027173709453524804,0.2729650630068811,0.00023167020435243207,0.0009364597455717607,15.1,7,3,41.333333333333336,95.0,94,1.0,0
YDR116C,6,0.0,7.730546784603084e-05,0.2651330320831263,0.00013555184867573652,0.0016830498490214125,34.5,6,7,202.14285714285714,559.0,589,0.9439786101197695,0
YJL041W,24,0.09420289855072464,0.001013179576422714,0.3022001433687477,0.0004740091635465718,0.0074515480149793725,31.125,10,5,19.0,59.0,59,0.9812974868497955,1
YNL185C,9,0.0,1.8629543733835904e-05,0.22904797292830217,0.0002214447886847969,0.00027007468102456425,5.666666666666667,6,7,202.14285714285714,559.0,589,0.9439786101197695,0
YDR119W,4,0.0,5.194597574249971e-05,0.19751401885279232,0.0001787993146943209,1.0500612490738493e-05,2.75,2,0,0.0,0.0,0,0.0,0
YHR078W,2,0.0,7.078156889531076e-06,0.1804230331081903,0.00010571311275732738,2.2063473750878017e-06,3.0,2,0,0.0,0.0,0,0.0,0
YKL188C,2,0.0,7.354357052584702e-05,0.22003176241324376,8.467009499516531e-05,0.00011404235599727036,14.0,2,1,2.0,2.0,1,0.0,0
YHL020C,4,0.0,1.491399091694924e-05,0.2542703445220214,9.88822591181975e-05,0.0012048760244891717,20.0,3,0,0.0,0.0,0,0.0,0
YDR126W,2,0.0,1.1808374330395609e-05,0.223288585646467,6.91537009917679e-05,0.000107300968425881,20.5,2,0,0.0,0.0,0,0.0,0
YNR051C,3,0.0,3.98615808061937e-05,0.24471625994577617,9.337729972362232e-05,0.00023477439305692843,11.333333333333334,2,1,2.0,2.0,1,0.0,0
YEL062W,6,0.2,4.2665275916362524e-05,0.26520322880859176,0.00013052761788019375,0.0028976382971805325,28.5,5,0,0.0,0.0,0,0.0,0
YER182W,1,0.0,0.0,0.24024382290258814,4.169026005343799e-05,0.0012923369908298483,41.0,1,0,0.0,0.0,0,0.0,0
YGL205W,3,0.0,3.79919571698796e-06,0.2549174416475928,7.531781787547946e-05,0.0019526365607485116,35.666666666666664,3,0,0.0,0.0,0,0.0,0
YHR134W,2,0.0,2.0863878314052775e-05,0.22754943098819877,8.666411802526526e-05,0.00018408924176846077,5.0,2,0,0.0,0.0,0,0.0,0
YIL063C,10,0.13333333333333333,0.0014943539625801496,0.3030962827432979,0.00021166681113594701,0.007405942232800882,64.8,7,1,59.0,59.0,58,1.0,1
YDR132C,4,0.16666666666666666,2.655797715991139e-06,0.2515122269899189,9.597098263422718e-05,0.0008281136511186036,19.25,4,0,0.0,0.0,0,0.0,0
YJL218W,4,0.16666666666666666,2.641490450671009e-05,0.27920409053686335,9.436114006467855e-05,0.005326927062032546,104.25,4,0,0.0,0.0,0,0.0,0
YDR135C,1,0.0,0.0,0.24634120191088754,4.635275336757802e-05,0.0006633265719532637,75.0,1,0,0.0,0.0,0,0.0,0
YDR137W,2,1.0,0.0,0.23259011638184438,6.824721686592024e-05,0.00036155582260882313,11.0,2,2,4.5,7.0,6,1.0,0
YGR003W,3,0.3333333333333333,5.442376519005241e-05,0.2535494849415408,8.63373749856599e-05,0.0021473848170088126,37.333333333333336,3,2,31.5,58.0,57,1.0,0
YHR160C,3,0.6666666666666666,5.159802241892441e-06,0.26272690426744244,7.838124444688642e-05,0.0023733929752834176,51.333333333333336,3,0,0.0,0.0,0,0.0,0
YPL226W,2,0.0,1.0387950261482271e-07,0.2541929135690126,5.4973738606909524e-05,0.0022509949036955824,41.0,2,0,0.0,0.0,0,0.0,0
YPL113C,1,0.0,0.0,0.2375320358572566,4.283801004155589e-05,0.0007931075032110808,19.0,1,0,0.0,0.0,0,0.0,0
YDR144C,1,0.0,0.0,0.24272380420908476,5.004292547451199e-05,0.00034113569791538386,78.0,1,0,0.0,0.0,0,0.0,0
YLR390W-A,3,0.0,2.212714036378128e-05,0.24720449042696224,7.313786652573024e-05,0.0009151872215923328,21.666666666666668,3,0,0.0,0.0,0,0.0,0
YMR019W,2,0.0,6.430427377355906e-06,0.24517147914872994,6.293367072310614e-05,0.00040825290919232636,27.0,2,0,0.0,0.0,0,0.0,0
YPL121C,1,0.0,0.0,0.2305239333540576,4.596282777527678e-05,0.00021542506989273674,19.0,1,1,2.0,2.0,1,0.0,0
YFR016C,11,0.05454545454545454,0.00042964438436768327,0.2964405431222406,0.00020789285969943715,0.013574226860193519,57.45454545454545,8,0,0.0,0.0,0,0.0,0
YFR049W,10,0.022222222222222223,5.11621729678399e-05,0.28201829923139,0.00018685053267686043,0.0036416386165383516,20.6,8,9,161.77777777777777,559.0,593,0.9319709675949136,0
YNL092W,29,0.007389162561576354,0.0035219350938264444,0.31121375604612284,0.0006891501029013169,0.005887111532367797,26.275862068965516,9,0,0.0,0.0,0,0.0,0
YDR150W,10,0.1111111111111111,0.0001502857943691256,0.2696147166263057,0.00018476808835314409,0.002270953302914304,22.3,8,0,0.0,0.0,0,0.0,0
YIR005W,16,0.0,0.00036750998102964085,0.29995585889981763,0.00027551097044684877,0.015332989267265116,45.0,11,7,108.85714285714286,559.0,562,0.9865770960600352,0
YDR156W,2,0.0,3.6930725304016696e-05,0.27000716890669335,7.298453780956623e-05,0.0011083214391886345,153.5,2,3,77.33333333333333,195.0,194,1.0,0
YDR159W,2,0.0,7.813831963703346e-06,0.2560643681195488,6.210090389383968e-05,0.0006440719551378365,48.0,2,2,30.5,59.0,58,1.0,0
YNL093W,17,0.13970588235294118,0.0001757480050805099,0.2930924026246638,0.0002848789995219075,0.008055454374598663,28.58823529411765,10,0,0.0,0.0,0,0.0,0
YKR014C,10,0.24444444444444444,0.0003443718581468474,0.27419046184442436,0.00022019266210380683,0.004206142283584825,30.4,7,0,0.0,0.0,0,0.0,0
YNR049C,1,0.0,0.0,0.21436239411274846,5.1703289423190535e-05,7.147453327134473e-05,7.0,1,0,0.0,0.0,0,0.0,0
YPL232W,5,0.3,3.610545043041956e-05,0.23851619087771478,0.00014292136715180205,0.00020247582441715174,8.6,4,5,27.0,95.0,95,0.9791713325867861,0
YLR228C,1,0.0,0.0,0.2359986323650106,4.4092059600887414e-05,0.00020176517032366703,35.0,1,0,0.0,0.0,0,0.0,0
YPL089C,5,0.1,2.999832604388223e-05,0.2813212928186404,0.00010052451583630542,0.00531789260431305,85.4,5,0,0.0,0.0,0,0.0,0
YDR169C,2,0.0,4.40060502289112e-06,0.24344349273563679,6.13628905233852e-05,0.0006239215777165532,24.0,2,0,0.0,0.0,0,0.0,0
YFR044C,2,0.0,6.197091827208383e-07,0.2472777217364597,5.6848915581025786e-05,0.0011398794501621284,32.0,2,3,302.6666666666667,559.0,560,0.9928699207768975,0
YKR021W,6,0.13333333333333333,0.00012705218247549105,0.2788931382141806,0.0001322831974638128,0.0038005081655025806,46.333333333333336,5,0,0.0,0.0,0,0.0,0
YHR015W,3,0.0,5.906030887608965e-06,0.25493041718671766,7.91522117017816e-05,0.001181104929732289,28.666666666666668,3,1,59.0,59.0,58,1.0,0
YOR069W,8,0.21428571428571427,0.00015318239899665548,0.26698453947706463,0.00017071710789493284,0.002017291491427041,16.75,5,4,31.75,95.0,94,1.0,0
YPL190C,7,0.2857142857142857,0.00012836166921197892,0.2478651378823248,0.00015448668211202277,0.0006472606278879639,15.285714285714286,5,0,0.0,0.0,0,0.0,1
YMR042W,5,0.4,3.0306938971141645e-05,0.2581098214826971,0.00013083694586154111,0.0005727545639888318,28.8,4,3,91.33333333333333,195.0,194,1.0,0
YIL013C,3,0.0,0.0001553396779475539,0.2673550940079141,8.172404716139453e-05,0.0010794621330730135,70.66666666666667,3,0,0.0,0.0,0,0.0,0
YPR104C,8,0.10714285714285714,4.331786040371298e-05,0.2942288201180975,0.000145510968044928,0.006317155422538616,55.875,8,1,5.0,5.0,4,1.0,1
YGL013C,1,0.0,0.0,0.23222344211296217,4.537220816085337e-05,0.00011790167385134943,26.0,1,0,0.0,0.0,0,0.0,0
YJR080C,2,0.0,6.450157221696358e-06,0.241961591190408,6.41877800880744e-05,0.00021589331239728357,19.5,2,0,0.0,0.0,0,0.0,0
YKL168C,4,0.0,0.0003184324605670976,0.26022877356594903,0.00014303028842087287,0.0020141304845156843,26.75,3,0,0.0,0.0,0,0.0,0
YDR178W,3,0.0,7.170411809905846e-05,0.2510457632105391,9.439357564326612e-05,0.0006318970372105043,33.0,3,2,30.0,56.0,55,1.0,0
YDR181C,4,0.8333333333333334,9.407869674820358e-07,0.24259447692178518,0.0001054796248920756,0.00036478572362656976,8.75,4,1,3.0,3.0,2,1.0,0
YMR127C,5,0.5,0.0001519934282907983,0.2570896245598406,0.0001256131832982473,0.0007983790750433452,25.8,4,1,3.0,3.0,2,1.0,0
YOR213C,7,0.23809523809523808,0.00029176969269207865,0.26332087150632255,0.00017089696610959854,0.001007325212218449,27.428571428571427,4,2,6.5,10.0,11,0.6727272727272727,0
YDR184C,4,0.0,0.00011640611954401936,0.26492266469453873,0.00010436571588603977,0.0011177352755821614,41.5,4,0,0.0,0.0,0,0.0,0
YOR230W,14,0.0989010989010989,0.00012926936203550463,0.2947309466280383,0.00021334996452876233,0.01583692647128412,52.0,13,0,0.0,0.0,0,0.0,0
YMR316W,2,0.0,4.4802378899122795e-06,0.25393515063886096,6.407500683887541e-05,0.0007859703719194025,35.5,2,0,0.0,0.0,0,0.0,0
YNL239W,4,0.0,6.649674667121589e-05,0.2707369574598765,9.166657816066356e-05,0.004066505050092715,64.5,4,0,0.0,0.0,0,0.0,0
YJR069C,2,0.0,5.96024289443963e-06,0.25478775886708327,6.444589995324674e-05,0.0005169478487548184,51.0,2,0,0.0,0.0,0,0.0,0
YNL049C,7,0.23809523809523808,7.03538582708195e-05,0.27739479235947134,0.0001396867690857032,0.0019548272899918015,30.857142857142858,6,2,22.0,34.0,33,1.0,0
YOR134W,1,0.0,0.0,0.2373744241931018,4.485680567450627e-05,0.00030056997629142394,31.0,1,0,0.0,0.0,0,0.0,0
YDR196C,2,0.0,1.4740182224431994e-06,0.24018621600087545,6.785616567975901e-05,0.00040955328874030657,21.5,2,0,0.0,0.0,0,0.0,1
YDR198C,1,0.0,0.0,0.22977304106300203,4.366718652971381e-05,0.00043389358132613786,23.0,1,0,0.0,0.0,0,0.0,0
YFR008W,8,0.14285714285714285,0.0002461889057706817,0.2800941209132741,0.00018525367520626714,0.003425427760152941,29.125,6,1,6.0,6.0,5,1.0,0
YMR029C,3,0.3333333333333333,7.600117242460852e-07,0.2451114851490361,7.179383085080575e-05,0.0017625617031152778,18.0,3,1,6.0,6.0,5,1.0,0
YHR083W,2,0.0,3.3063556834240095e-06,0.24456091489087628,6.649638278835891e-05,0.0002458427370259611,21.5,2,1,4.0,4.0,3,1.0,1
YKL179C,2,0.0,3.4118638129651995e-06,0.2481475982782666,6.214299591465839e-05,0.0008857355401918156,30.5,2,0,0.0,0.0,0,0.0,0
YDR205W,2,0.0,5.816937135766729e-06,0.21866761159842188,8.718265297954484e-05,4.002817037385049e-05,4.0,2,0,0.0,0.0,0,0.0,0
YKL221W,5,0.0,0.0004610160937612229,0.27489779768649514,0.00016568495014440029,0.0012037759734843975,52.0,3,0,0.0,0.0,0,0.0,0
YNR039C,3,0.0,4.270737604892448e-05,0.23796089590204092,0.00010395756041797045,0.00042922734171332394,10.666666666666666,2,0,0.0,0.0,0,0.0,0
YJL030W,10,0.022222222222222223,0.0001304483148406514,0.268890957588868,0.000196373282735269,0.0020633815084581944,13.5,7,5,32.6,59.0,114,0.4817574910728148,0
YJR094C,4,0.3333333333333333,2.1426811038760254e-05,0.27182431348983743,9.852953534121402e-05,0.0019464527950823738,48.75,4,3,90.66666666666667,195.0,194,1.0,0
YOR260W,12,0.4090909090909091,8.627518345027298e-05,0.2848088129684535,0.0001981107745737578,0.008933327423017357,40.333333333333336,10,5,63.2,266.0,270,0.9641470466749277,1
YLR030W,3,0.0,2.0629955583847492e-05,0.24330157765607263,0.00010440595764061987,0.0006168998635616747,10.666666666666666,2,0,0.0,0.0,0,0.0,0
YPL180W,14,0.26373626373626374,0.0002541460401181561,0.2826389941337616,0.00024076451699894515,0.006349256090924056,27.071428571428573,10,2,4.5,5.0,4,1.0,0
YDR213W,1,0.0,0.0,0.23997905970533084,4.4963245502689856e-05,0.00032966909231551785,40.0,1,0,0.0,0.0,0,0.0,0
YDR215C,2,0.0,2.6827986108209187e-06,0.21656849329976025,8.194185986835631e-05,8.044152912796262e-05,4.0,2,0,0.0,0.0,0,0.0,0
YPL175W,2,0.0,3.671579943978595e-05,0.23379530277519628,7.974548387260509e-05,0.0001346522791401164,14.0,2,1,6.0,6.0,5,1.0,1
YOL001W,8,0.07142857142857142,1.7550437242115964e-05,0.2704445691479159,0.0001505501527431632,0.0031273518438268634,23.75,6,4,11.75,25.0,30,0.7655172413793103,0
YDR218C,2,1.0,0.0,0.23989859539446545,6.055877324755424e-05,0.0008311411534328836,29.0,2,3,29.333333333333332,73.0,72,1.0,0
YDR219C,5,0.0,0.00010400567423446592,0.28884958625354723,0.00010440405718723823,0.01080976351625901,109.2,5,1,58.0,58.0,57,1.0,0
YDR221W,1,0.0,0.0,0.1727259958632313,7.946208646863517e-05,1.133424575992565e-06,2.0,1,1,2.0,2.0,1,0.0,0
YLR385C,7,0.5238095238095238,1.2569360681367622e-05,0.2705468331919974,0.00012887908415434764,0.003098766205106652,29.857142857142858,7,2,48.0,83.0,82,1.0,0
YFL007W,4,0.16666666666666666,7.573018589726617e-06,0.2600801254634811,8.487996628127545e-05,0.002069470745345639,34.75,4,2,30.5,46.0,45,1.0,0
YMR219W,1,0.0,0.0,0.2456404422016899,4.238027151149326e-05,0.0011642185248861483,34.0,1,0,0.0,0.0,0,0.0,0
YDR229W,10,0.044444444444444446,0.0006264545391380103,0.2917776275007431,0.00020179980575935367,0.00570449173342335,52.5,7,0,0.0,0.0,0,0.0,0
YOR165W,2,0.0,7.3837918430532814e-06,0.21923234738674788,6.796505440866157e-05,7.834517168507025e-05,15.5,2,0,0.0,0.0,0,0.0,0
YOR285W,7,0.047619047619047616,0.00012575969625646646,0.255125208906844,0.0001927614340897013,0.002061479175303798,12.714285714285714,3,0,0.0,0.0,0,0.0,0
YJR131W,4,0.0,0.00015880966706600548,0.26970182962036915,9.035431007270171e-05,0.004053029879753289,57.75,4,0,0.0,0.0,0,0.0,0
YDR236C,1,0.0,0.0,0.2300051883375548,4.365390658212611e-05,0.0006585908504965484,30.0,1,0,0.0,0.0,0,0.0,1
YDR245W,5,0.4,0.00016485092971678348,0.2384253535204349,0.00015034463832815022,0.00013402277378049953,14.0,4,3,7.333333333333333,9.0,11,0.7818181818181819,0
YJL183W,4,0.5,0.0001955625368152366,0.2068289480095088,0.00015947549550092088,1.7819221520444644e-05,4.75,3,3,7.333333333333333,9.0,11,0.7818181818181819,0
YER183C,1,0.0,0.0,0.23395912440090882,4.582828076336909e-05,0.00036194183485371845,36.0,1,0,0.0,0.0,0,0.0,0
YGR200C,9,0.3888888888888889,0.0011588146701596695,0.251222059392569,0.0002327968598291021,0.0005686202016433456,10.333333333333334,5,1,6.0,6.0,5,1.0,0
YNL210W,4,0.0,0.00011598295980975369,0.2630166461532536,0.00010481754583602432,0.0012438079839020345,42.0,4,4,181.75,559.0,558,1.0,0
YNL295W,1,0.0,0.0,0.23395912440090882,4.582828076336909e-05,0.00036194183485371845,36.0,1,0,0.0,0.0,0,0.0,0
YOL116W,2,0.0,5.167208719479218e-06,0.23976078204079923,7.18750968706956e-05,0.00038276747786413146,20.0,2,0,0.0,0.0,0,0.0,0
YOR028C,11,0.0,0.0006503836533443924,0.2805962785618385,0.0002522506639603792,0.0019027950266538637,31.0,7,0,0.0,0.0,0,0.0,0
YPL086C,7,0.6666666666666666,0.00018170678629536645,0.2422190344851891,0.00018261070800479473,0.00045999751289853914,11.428571428571429,5,3,78.66666666666667,195.0,199,0.9507639206131668,0
YDR250C,1,0.0,0.0,0.19072212399277438,6.816104819251999e-05,6.4114210354363925e-06,7.0,1,0,0.0,0.0,0,0.0,0
YDR251W,4,0.16666666666666666,8.382711986741446e-06,0.26235531566528314,9.485822472449373e-05,0.002227691250412167,35.0,3,0,0.0,0.0,0,0.0,0
YPL057C,3,0.0,0.00012014008245112229,0.26781257558688065,8.874894591052646e-05,0.0012135227134808567,86.0,3,1,2.0,2.0,1,0.0,0
YDR252W,3,0.0,0.0009924062853941037,0.23526695678552495,0.0001080102219232217,0.0002693886205633892,6.333333333333333,2,4,267.75,559.0,559,0.9964478299061945,0
YHR193C,7,0.09523809523809523,0.00113267567744371,0.2988640038220704,0.00015571894430568844,0.008304595981479278,106.0,6,4,68.75,195.0,195,0.9899550621200106,0
YJR055W,3,0.0,0.0021878102074941804,0.20683748971876828,0.00015020808841712246,1.8478106048828232e-05,3.6666666666666665,2,0,0.0,0.0,0,0.0,0
YDR253C,1,0.0,0.0,0.21208397103748697,4.9127967831820836e-05,5.423150189320255e-05,9.0,1,4,69.5,195.0,194,1.0,0
YNL103W,9,0.08333333333333333,0.00025612235216387875,0.2697744667950582,0.00020910504041788457,0.0022139111346126746,15.333333333333334,6,6,47.333333333333336,195.0,194,1.0,1
YDR256C,4,0.16666666666666666,2.4383883418866492e-05,0.27142656492793493,9.320925560585692e-05,0.0026099059331524074,77.25,4,1,2.0,2.0,1,0.0,0
YGR066C,4,0.0,2.7601577455359936e-05,0.27678159580272205,9.304400473374744e-05,0.003861570751768207,59.25,4,0,0.0,0.0,0,0.0,0
YOR303W,8,0.03571428571428571,0.0007335659796965089,0.2897016992162341,0.00019820253414955314,0.003026599322145435,59.875,6,1,2.0,2.0,1,0.0,0
YDR262W,1,0.0,0.0,0.00019630938358853554,0.00019627085377821394,6.463110539297873e-30,1.0,1,0,0.0,0.0,0,0.0,0
YDR454C,1,0.0,0.0,0.00019630938358853554,0.00019627085377821394,6.463110539297873e-30,1.0,1,0,0.0,0.0,0,0.0,1
YDR263C,1,0.0,0.0,0.19765432637634694,7.625857230861233e-05,4.575245096482004e-05,2.0,1,0,0.0,0.0,0,0.0,0
YJR086W,4,0.16666666666666666,0.00038212035777307853,0.24377527262352178,0.00015804444282692734,0.0017937346895437198,18.0,2,4,6.25,16.0,17,0.7941176470588235,0
YKL178C,2,0.0,2.683544909444547e-06,0.2216972677637225,6.927836802894499e-05,0.00014160057008461507,11.0,2,0,0.0,0.0,0,0.0,0
YER098W,1,0.0,0.0,0.22982576064841478,4.351734580405955e-05,0.000617266392930227,21.0,1,0,0.0,0.0,0,0.0,0
YHR044C,4,0.0,3.15849244983915e-05,0.26881879534379555,8.529398114680586e-05,0.003150268583978582,47.75,4,0,0.0,0.0,0,0.0,0
YDR268W,3,0.0,0.00011226995671738236,0.2776716181210986,8.672596157368973e-05,0.0013770146182636267,124.66666666666667,3,0,0.0,0.0,0,0.0,0
YDR270W,3,0.0,0.00019699811741796344,0.26326550546942046,0.00011627525882362152,0.0013836930315288343,83.0,2,0,0.0,0.0,0,0.0,0
YNL259C,1,0.0,0.0,0.20804033297541977,6.271284221887174e-05,3.390407068836955e-05,3.0,1,0,0.0,0.0,0,0.0,0
YOR244W,14,0.34065934065934067,0.00011262095580271293,0.29106543709247723,0.0002471321738849456,0.0056295230862778035,26.785714285714285,9,7,28.0,133.0,134,0.971944787341488,1
YDR275W,1,0.0,0.0,0.1875299725184504,7.607126080785121e-05,7.401404655836179e-06,2.0,1,0,0.0,0.0,0,0.0,0
YOR060C,4,0.16666666666666666,3.565624454706355e-05,0.26958569146572586,0.00010303935642021322,0.0010968817775592814,48.25,4,0,0.0,0.0,0,0.0,1
YDR279W,5,0.0,1.8834582454862068e-05,0.26347324825347235,0.0001123936906923212,0.002818901445602676,24.6,4,1,3.0,3.0,2,1.0,0
YLR154C,3,0.0,2.0644196135610687e-06,0.2537678848829679,7.42641238518653e-05,0.0024731742782125076,35.666666666666664,3,1,3.0,3.0,2,1.0,0
YOL142W,6,0.4666666666666667,1.2807193252911869e-05,0.2504056285210867,0.00012082736267165741,0.0012611015434963507,18.0,6,3,12.0,14.0,13,1.0,1
YOR076C,14,0.1978021978021978,0.0008632982014857598,0.26798453507679676,0.0002824149921693094,0.001867634946901053,19.785714285714285,9,1,14.0,14.0,13,1.0,1
YPR189W,3,0.0,6.722457032599928e-06,0.23774627247936272,8.03858244961575e-05,0.0002654538144140334,13.333333333333334,3,1,3.0,3.0,2,1.0,0
YDR281C,1,0.0,0.0,0.2136673624594819,5.2303525067463904e-05,0.0001227139427517047,6.0,1,0,0.0,0.0,0,0.0,0
YNL213C,1,0.0,0.0,0.22979412599450585,4.37160489683658e-05,0.00035980710194618426,18.0,1,0,0.0,0.0,0,0.0,0
YHL017W,5,0.0,0.0004929274814133987,0.26028286955879093,0.000129434648539085,0.0008606914130181474,25.0,4,0,0.0,0.0,0,0.0,0
YPL147W,3,0.0,3.691280486380321e-05,0.2250848490427511,8.312147237196876e-05,0.00014066427121799975,11.333333333333334,3,1,2.0,2.0,1,0.0,0
YDR286C,1,0.0,0.0,0.23403565308646052,5.1112215773369564e-05,0.00016802934731041604,56.0,1,0,0.0,0.0,0,0.0,0
YDR287W,1,0.0,0.0,0.00019630938358853554,0.00019627085377821394,6.463110539297873e-30,1.0,1,0,0.0,0.0,0,0.0,0
YHR163W,1,0.0,0.0,0.00019630938358853554,0.00019627085377821394,6.463110539297873e-30,1.0,1,0,0.0,0.0,0,0.0,0
YDR289C,2,0.0,1.7189683175563844e-05,0.27167686336046953,6.152178175965561e-05,0.002270323614437658,130.5,2,1,3.0,3.0,2,1.0,0
YDR291W,1,0.0,0.0,0.2529859562585369,4.589349215509739e-05,0.0008232066834345704,95.0,1,0,0.0,0.0,0,0.0,0
YDR293C,3,0.0,3.121286545752835e-06,0.2686745869883727,6.947760246105237e-05,0.00463002439523073,85.66666666666667,3,0,0.0,0.0,0,0.0,0
YGL086W,5,0.1,1.8114512673528772e-05,0.24421508562757244,0.00010956759131581224,0.0009230890781893608,13.8,4,2,30.5,59.0,58,1.0,0
YDR296W,4,0.0,2.6287610899515935e-05,0.23953144464346718,0.00010577750186729272,0.00035799233990816586,21.25,4,0,0.0,0.0,0,0.0,0
YGR125W,1,0.0,0.0,0.2132761136162439,4.2715792005851365e-05,7.617037427484106e-05,27.0,1,0,0.0,0.0,0,0.0,0
YOL003C,12,0.3333333333333333,9.855313112834512e-05,0.2589371820933852,0.00020169272095350865,0.0013649656638090625,37.0,10,0,0.0,0.0,0,0.0,0
YDR305C,1,0.0,0.0,0.2430418292837509,4.856149529417057e-05,0.0004442156893259439,95.0,1,0,0.0,0.0,0,0.0,0
YIR017C,9,0.08333333333333333,0.0003289563353460552,0.2744158115199307,0.00019143620919665898,0.0016821338556709592,26.555555555555557,6,6,47.333333333333336,195.0,194,1.0,0
YER145C,5,0.1,0.00021364108987463005,0.2571820363587478,0.00014697036915481176,0.0007373181869756609,29.8,4,1,2.0,2.0,1,0.0,0
YJL091C,8,0.17857142857142858,0.000343805512543874,0.2684585643251638,0.00015663668821109964,0.0013087461014782765,54.625,7,0,0.0,0.0,0,0.0,1
YGR207C,2,0.0,1.2691712127230356e-05,0.24817219047868072,6.632713140921904e-05,0.00039140508471486815,66.5,2,2,35.0,56.0,55,1.0,0
YKL007W,8,0.10714285714285714,0.00039425461622807445,0.2762320322127988,0.00020187661024963978,0.0019564784985391134,33.5,6,5,27.2,73.0,73,0.9729832572298326,0
YMR238W,5,0.1,0.000233143375984807,0.25787060941459455,0.00014446710924117718,0.0007054803411563308,34.0,4,0,0.0,0.0,0,0.0,0
YDR310C,4,0.16666666666666666,7.61747576007283e-05,0.25652340586202904,0.00010778141705376152,0.000741373569049227,28.75,3,3,55.0,133.0,132,1.0,0
YOR279C,3,0.3333333333333333,1.6923107507912658e-05,0.2289746708750631,8.500259365355121e-05,0.00011463794380494788,15.0,3,3,55.0,133.0,132,1.0,0
YGR258C,8,0.03571428571428571,0.00013377210797967093,0.29312671052617667,0.00014257711051506586,0.012061994382825137,71.375,7,6,44.666666666666664,195.0,194,1.0,0
YHR113W,4,0.16666666666666666,0.00021803959626166824,0.2700654071744543,0.00012219227036683772,0.003434685439113073,54.75,3,2,452.5,559.0,558,1.0,0
YKL028W,5,0.1,0.00010817884189731257,0.243006452016024,0.0001365291028956807,0.00030046621271061414,13.0,3,4,101.0,195.0,264,0.7423378269385874,1
YKR050W,5,0.0,0.0002231376787614932,0.25685229888969974,0.00011624344950238394,0.0006095571153922055,24.2,5,0,0.0,0.0,0,0.0,0
YMR294W,12,0.06060606060606061,0.0007266625640771042,0.2772719357831066,0.0002696887942440684,0.0017330277585426376,26.583333333333332,6,7,24.571428571428573,73.0,95,0.6732362821948489,0
YPL170W,3,0.0,5.622512526986353e-06,0.2464260468436457,7.751749588752124e-05,0.0007232282306691578,17.333333333333332,3,0,0.0,0.0,0,0.0,0
YDR312W,2,0.0,7.519270582051048e-06,0.25641833790959734,5.849090306383204e-05,0.0010265841754817004,45.5,2,0,0.0,0.0,0,0.0,0
YDR313C,5,0.0,0.0005022252835367876,0.2861921700600146,0.00011722348506246189,0.002783174774272887,81.0,4,0,0.0,0.0,0,0.0,0
YDR314C,2,0.0,7.793010424093456e-06,0.23083204941006846,7.201658771620006e-05,0.000391607178870816,20.5,2,0,0.0,0.0,0,0.0,0
YDR315C,5,0.0,5.34811291607646e-05,0.23892581700459187,0.0001377792991364009,0.00030067403129197993,12.2,3,0,0.0,0.0,0,0.0,0
YLR323C,2,0.0,1.6411335022903062e-05,0.2461958893010006,6.577835338339387e-05,0.0010585975359047523,31.5,2,2,325.0,559.0,558,1.0,1
YFL053W,1,0.0,0.0,0.22557145322930483,4.722183029201652e-05,0.00023397224528643156,11.0,1,0,0.0,0.0,0,0.0,0
YDR317W,1,0.0,0.0,0.22703367978468972,5.238252862101461e-05,0.00012524558406600748,31.0,1,0,0.0,0.0,0,0.0,0
YDR478W,1,0.0,0.0,0.22842118836314215,5.587682837919391e-05,9.210501517358095e-05,40.0,1,5,160.8,559.0,619,0.8502282102357388,1
YER035W,1,0.0,0.0,0.22842118836314215,5.587682837919391e-05,9.210501517358095e-05,40.0,1,0,0.0,0.0,0,0.0,0
YER084W,3,0.0,0.0001672360329408531,0.270429966309409,9.238438529252574e-05,0.0013351547151167588,59.0,3,0,0.0,0.0,0,0.0,0
YFL015C,1,0.0,0.0,0.22842118836314215,5.587682837919391e-05,9.210501517358095e-05,40.0,1,0,0.0,0.0,0,0.0,0
YGR036C,1,0.0,0.0,0.22842118836314215,5.587682837919391e-05,9.210501517358095e-05,40.0,1,0,0.0,0.0,0,0.0,0
YGR146C,3,0.0,8.358147451556974e-05,0.26285100115725074,8.201809626852871e-05,0.0019246266335520188,41.666666666666664,3,0,0.0,0.0,0,0.0,0
YJR060W,8,0.14285714285714285,0.00023042345893561274,0.2571952434678917,0.0001898539841762667,0.0011924497561114084,15.25,6,8,46.375,195.0,248,0.6581232858821993,0
YLL033W,3,0.0,0.00019182386050977946,0.2543478226626507,8.986264566301165e-05,0.0007809294987549,48.666666666666664,3,0,0.0,0.0,0,0.0,0
YDR319C,3,0.0,0.00012409170109219225,0.27183906730624485,9.094526840479754e-05,0.001337425701115478,106.66666666666667,3,0,0.0,0.0,0,0.0,0
YDR320C,3,0.3333333333333333,5.9458506977760544e-06,0.2610834059349557,7.97394050335163e-05,0.0022771717944208543,38.333333333333336,3,0,0.0,0.0,0,0.0,0
YGR167W,4,0.3333333333333333,2.8775945513254413e-05,0.257446436519495,0.00010328567353688788,0.0016182672418572602,21.75,3,5,29.8,95.0,104,0.8676250933532487,0
YDR321W,4,0.16666666666666666,2.853027426233836e-05,0.27271238638988593,9.255743283780054e-05,0.003834026782527706,66.0,4,0,0.0,0.0,0,0.0,0
YDR323C,1,0.0,0.0,0.2148036960049003,4.81491698277132e-05,0.00010302932622822594,10.0,1,0,0.0,0.0,0,0.0,1
YDR326C,3,0.0,9.927458079933182e-05,0.24469234786252958,8.797046602457989e-05,0.0012282579895476872,19.0,2,0,0.0,0.0,0,0.0,0
YER007C-A,3,0.0,9.905106035320495e-06,0.20754891948324788,0.00010913864975739768,4.761424156438448e-05,3.3333333333333335,2,2,452.5,559.0,558,1.0,0
YDR327W,1,0.0,0.0,0.19824109309888596,5.9873312534756566e-05,2.2017921553385888e-05,3.0,1,0,0.0,0.0,0,0.0,1
YGR140W,8,0.17857142857142858,8.210513884722777e-05,0.2591381474646999,0.00018280091480111504,0.0015435409753950336,21.0,6,5,27.4,55.0,54,1.0,1
YJL204C,1,0.0,0.0,0.23974930474151532,4.5262437222043436e-05,0.0006469421028046211,72.0,1,0,0.0,0.0,0,0.0,0
YLR224W,3,0.6666666666666666,4.838746194891168e-06,0.2581497333153062,7.774231911983069e-05,0.0027966498091588476,61.0,3,1,58.0,58.0,57,1.0,0
YOL098C,2,0.0,3.7864696147596807e-06,0.2476322855896294,6.061451664819764e-05,0.0009717848070140853,43.5,2,0,0.0,0.0,0,0.0,0
YPR036W,6,0.4666666666666667,1.9131477462511318e-05,0.2573935130049468,0.0001313859227808733,0.0014635661340931792,23.5,6,5,12.8,15.0,15,0.9904761904761905,0
YGL053W,10,0.08888888888888889,0.00017554785922230205,0.24555613728428394,0.0002616626523660917,0.0004848153537268878,17.6,4,0,0.0,0.0,0,0.0,0
YMR074C,1,0.0,0.0,0.195692688471467,7.678667736882704e-05,1.0894181147183124e-05,2.0,1,0,0.0,0.0,0,0.0,0
YDR333C,1,0.0,0.0,0.2015600038655125,5.865680997564433e-05,2.5038889653009946e-05,6.0,1,0,0.0,0.0,0,0.0,0
YML041C,9,0.16666666666666666,0.00031861112730104205,0.29434986635617133,0.000185662390649595,0.004257517209627984,67.22222222222223,8,2,48.0,83.0,82,1.0,0
YFR002W,13,0.24358974358974358,6.473243611142126e-05,0.27976555558318933,0.00024680291809773164,0.0037236699791255603,25.153846153846153,7,4,23.25,59.0,59,0.9812974868497955,1
YML103C,5,0.4,6.140472521458615e-06,0.2639036239883157,0.00010785272707094568,0.0024357426109238084,32.2,5,3,32.0,59.0,59,0.9812974868497955,0
YOR359W,3,0.0,7.2478804004154906e-06,0.24285326945886898,8.190063281251114e-05,0.0005126424110435898,13.0,3,0,0.0,0.0,0,0.0,0
YPR084W,3,0.0,5.1793016363174674e-05,0.25995863054345764,8.766547029524239e-05,0.0010307155392885181,30.666666666666668,3,0,0.0,0.0,0,0.0,0
YGL006W,3,0.0,4.991981086190702e-06,0.23214809381896057,0.00010031615868911782,0.0003151584720054201,5.333333333333333,2,0,0.0,0.0,0,0.0,0
YER048C,3,0.0,8.379804527398397e-06,0.2461353929649231,9.619254654188376e-05,0.00047085750163906794,9.0,2,0,0.0,0.0,0,0.0,0
YDR344C,1,0.0,0.0,0.17774649451858804,7.805766166726178e-05,2.474953138766489e-06,2.0,1,0,0.0,0.0,0,0.0,0
YDR345C,2,0.0,1.4349170010830855e-05,0.24920948281088,6.573703243830294e-05,0.00040233890152532805,25.5,2,0,0.0,0.0,0,0.0,0
YDR346C,1,0.0,0.0,0.20234992428791787,7.957089740867953e-05,1.5336819981882484e-05,2.0,1,0,0.0,0.0,0,0.0,0
YLR077W,2,0.0,0.0001955625368152366,0.25421871864627454,0.00011672527278282335,0.0006260378919399457,76.5,1,0,0.0,0.0,0,0.0,0
YDR349C,2,0.0,0.0001955625368152366,0.20570760159568963,0.0001266837565849886,3.1917418209370074e-05,3.5,1,0,0.0,0.0,0,0.0,0
YLR099C,1,0.0,0.0,0.17036986685887184,8.357454584765622e-05,7.818775968982834e-07,2.0,1,0,0.0,0.0,0,0.0,0
YDR350C,2,0.0,2.4976016765373227e-06,0.23220190903844662,6.724218098760529e-05,0.000280279921349577,13.5,2,0,0.0,0.0,0,0.0,0
YDR351W,4,0.0,6.047257848659302e-05,0.2639870849699692,0.00010781097408024738,0.0012100395742946498,31.5,3,0,0.0,0.0,0,0.0,0
YNL070W,4,0.0,8.151806045369067e-05,0.23585415474689217,0.0001207241478024629,0.00019644215711386715,10.75,3,4,10.5,18.0,18,0.9281045751633987,0
YDR357C,3,0.0,4.3861912464759315e-05,0.25777770220033225,8.824917099378138e-05,0.0007444098875904452,36.666666666666664,3,0,0.0,0.0,0,0.0,0
YGL079W,3,0.0,5.106107651237845e-06,0.22514555972354483,9.878924673967414e-05,7.942107261521191e-05,8.333333333333334,3,0,0.0,0.0,0,0.0,0
YDR359C,8,0.6071428571428571,1.9600072313224075e-05,0.2664306296441246,0.000143513462985229,0.0029074279433240445,32.0,8,2,73.0,133.0,132,1.0,0
YFL024C,13,0.5,0.0005067564824724192,0.2858328373502029,0.00022315759786465045,0.006627427154138084,36.76923076923077,9,4,39.5,133.0,134,0.971944787341488,1
YDR361C,2,0.0,1.6880609790878302e-05,0.2715001342250911,6.669890894076409e-05,0.001223920544167246,147.5,2,0,0.0,0.0,0,0.0,1
YJL207C,2,0.0,1.1859322429175785e-06,0.2515248581784981,5.6457020390529914e-05,0.0021458452686679845,53.5,2,4,238.25,559.0,591,0.8944105079010009,0
YHR065C,3,0.0,9.156708704767914e-05,0.2692378763600825,8.933542915048138e-05,0.005327418161602556,90.33333333333333,2,3,78.33333333333333,131.0,130,1.0,1
YDR370C,1,0.0,0.0,0.20076817830715366,5.29775383611648e-05,1.7124906640424527e-05,6.0,1,0,0.0,0.0,0,0.0,0
YDR371W,1,0.0,0.0,0.2166621810023471,5.0813673785138716e-05,2.5077028752163997e-05,21.0,1,0,0.0,0.0,0,0.0,0
YJL053W,8,0.25,0.00012394307999716498,0.2625753893284185,0.00018259884266534705,0.0010139323082377638,18.625,5,4,32.0,95.0,94,1.0,0
YDR373W,4,0.0,1.626614569812917e-05,0.25259042647015606,0.00010777941726472959,0.0009249609974358983,13.5,3,0,0.0,0.0,0,0.0,1
YDR374C,1,0.0,0.0,0.19072212399277438,6.816104819251999e-05,6.4114210354363925e-06,7.0,1,0,0.0,0.0,0,0.0,0
YIR024C,2,0.0,9.755258720614362e-06,0.23378438949027935,7.998467300374658e-05,0.00027184088925950026,21.0,2,0,0.0,0.0,0,0.0,0
YGL251C,2,0.0,6.356120901079159e-07,0.23636617943509627,6.3455088187064e-05,0.00034198960138575544,18.0,2,0,0.0,0.0,0,0.0,0
YJL139C,1,0.0,0.0,0.22213975765325358,4.7355514001294655e-05,0.00013106552497878202,21.0,1,0,0.0,0.0,0,0.0,0
YLR053C,3,0.0,3.7337969590724615e-05,0.23192234202594372,0.00010822407085870101,0.00018660549534957462,9.666666666666666,2,0,0.0,0.0,0,0.0,0
YMR221C,5,0.0,9.966351494105449e-05,0.2679701966854069,0.00011113681191538352,0.001144665342322871,40.0,5,0,0.0,0.0,0,0.0,0
YOR320C,3,1.0,0.0,0.2452555201043169,8.026474589433287e-05,0.0006844989565582457,34.0,3,0,0.0,0.0,0,0.0,0
YOR382W,1,0.0,0.0,0.15338610118982773,9.017194773836232e-05,6.585369620079903e-08,2.0,1,0,0.0,0.0,0,0.0,0
YKL214C,7,0.23809523809523808,0.00011262597903275557,0.28273472824038925,0.0001367848195845562,0.0055022483183901376,60.857142857142854,7,0,0.0,0.0,0,0.0,0
YOL104C,2,0.0,1.74382614319476e-05,0.22972034565866686,7.593036931992142e-05,0.00010976191634307813,7.5,2,0,0.0,0.0,0,0.0,0
YPL002C,4,0.16666666666666666,4.664561923584677e-05,0.2508571488129354,0.0001276165469524669,0.00035020535907340596,33.75,4,1,3.0,3.0,2,1.0,0
YNR060W,2,0.0,3.432059622389502e-06,0.2165029601024621,7.445505993205292e-05,5.335779148599564e-05,10.0,2,0,0.0,0.0,0,0.0,0
YFR001W,7,0.2857142857142857,6.179458214753186e-06,0.28510064188821393,0.00012075041388839598,0.008445482677821591,72.85714285714286,7,0,0.0,0.0,0,0.0,0
YGR264C,4,0.0,2.5752730598763186e-05,0.2768734024020264,8.739475310260936e-05,0.0034272986486872377,79.25,4,1,3.0,3.0,2,1.0,1
YHR143W-A,6,0.13333333333333333,6.503526984282028e-05,0.27458130351152715,0.0001341743655062652,0.003090984568114907,35.833333333333336,5,11,38.90909090909091,195.0,213,0.8788200903534414,1
YML074C,12,0.030303030303030304,0.00024259677605140004,0.2914889405220728,0.00020496668313409576,0.009118891888835705,54.833333333333336,9,0,0.0,0.0,0,0.0,0
YNL024C,2,0.0,1.1819444891744545e-05,0.2775177578572757,6.409248899047151e-05,0.002024105474530347,168.5,2,0,0.0,0.0,0,0.0,0
YPL108W,1,0.0,0.0,0.24865271452935436,4.218628754259372e-05,0.0011250276345725649,57.0,1,0,0.0,0.0,0,0.0,0
YPL127C,3,0.3333333333333333,4.854219329459579e-06,0.2579768711265198,7.030574137655644e-05,0.0020306560051225235,38.333333333333336,3,1,11.0,11.0,10,1.0,0
YDR387C,2,0.0,9.57970155916885e-06,0.22750808467567252,7.486552620862467e-05,6.441331790478933e-05,12.0,2,0,0.0,0.0,0,0.0,0
YOR292C,3,0.0,1.6628413189407535e-05,0.23109832853683346,9.654977398253263e-05,9.761968672781054e-05,10.333333333333334,2,0,0.0,0.0,0,0.0,0
YDR515W,4,0.0,8.204500774588905e-05,0.280172464536264,9.61144048759558e-05,0.003510430138496848,92.0,4,2,287.0,559.0,558,1.0,0
YGL026C,5,0.1,7.28220955388762e-05,0.2762167977084853,0.00011282142943848391,0.008559358814353109,86.0,4,0,0.0,0.0,0,0.0,0
YGL226W,2,0.0,3.921037285600981e-05,0.2723712734419325,6.633332347904665e-05,0.0030036626781024004,142.0,2,0,0.0,0.0,0,0.0,0
YJL085W,3,0.0,6.963636428813016e-06,0.2630166461532536,7.849872839151946e-05,0.002877433308500494,58.333333333333336,3,2,7.5,8.0,7,1.0,1
YJL133W,3,0.3333333333333333,6.0156996542566435e-05,0.2713530354906136,7.69489284262582e-05,0.0027840495838036368,75.66666666666667,3,3,53.0,131.0,130,1.0,0
YJL195C,2,0.0,1.7122983473542965e-06,0.2703715707217801,6.0007240049626224e-05,0.0033969519792202535,127.0,2,0,0.0,0.0,0,0.0,1
YLR243W,4,0.16666666666666666,0.0001194546080354594,0.2676122348944833,9.466160426770714e-05,0.00360939342892255,62.25,4,0,0.0,0.0,0,0.0,1
YLR436C,3,0.0,5.577973979418798e-05,0.2732778401293313,7.772690833173145e-05,0.0031990560658507797,83.0,3,0,0.0,0.0,0,0.0,0
YMR003W,3,0.0,6.71575448909883e-05,0.27476206802996794,8.687848778693551e-05,0.003066910074002304,97.66666666666667,3,0,0.0,0.0,0,0.0,0
YMR068W,9,0.19444444444444445,0.00013379234141946384,0.29474829190502916,0.00016828531673669298,0.004905012516812944,46.111111111111114,8,1,8.0,8.0,7,1.0,0
YMR162C,6,0.13333333333333333,0.00010702151186923831,0.2875560071223664,0.00013132204855591,0.005580855149488203,110.16666666666667,6,0,0.0,0.0,0,0.0,0
YOR004W,2,0.0,1.9232454561685694e-05,0.2687322517599536,6.366345928235742e-05,0.002717978200484626,94.0,2,2,302.5,559.0,558,1.0,1
YOR042W,5,0.1,3.148189733176978e-05,0.27413043109196794,0.00011067051687509532,0.0044145773807629796,88.2,5,0,0.0,0.0,0,0.0,0
YPR095C,1,0.0,0.0,0.26119233251891816,4.3554375961260926e-05,0.002573745295785683,159.0,1,0,0.0,0.0,0,0.0,0
YDR390C,4,0.3333333333333333,8.43258890319718e-06,0.25285823072904806,0.00010154237990997391,0.000505896487216951,15.75,4,1,2.0,2.0,1,0.0,1
YPR180W,9,0.027777777777777776,0.00043828139581346854,0.26191627319580874,0.00023833245892272034,0.000886267224497811,12.0,6,1,2.0,2.0,1,0.0,1
YDR392W,6,0.6,3.3861749700168173e-06,0.2601882163255366,0.00011750983198878534,0.0013059573032850637,32.5,6,9,55.22222222222222,195.0,255,0.7764397097421646,0
YGL074C,1,0.0,0.0,0.25490446742926787,4.091870544157082e-05,0.0025270815433946973,86.0,1,0,0.0,0.0,0,0.0,1
YDR397C,1,0.0,0.0,0.2045231532199549,7.877444224312164e-05,2.0051600187667417e-05,2.0,1,3,90.66666666666667,195.0,194,1.0,1
YER159C,2,0.0,0.0001955625368152366,0.2576583483923374,0.00011476209628351496,0.0008183068080197738,88.5,1,3,90.66666666666667,195.0,194,1.0,1
YLR336C,1,0.0,0.0,0.2300051883375548,4.365390658212611e-05,0.0006585908504965484,30.0,1,0,0.0,0.0,0,0.0,1
YPL216W,1,0.0,0.0,0.2300051883375548,4.365390658212611e-05,0.0006585908504965484,30.0,1,0,0.0,0.0,0,0.0,0
YDR403W,1,0.0,0.0,0.00019630938358853554,0.00019627085377821394,6.463110539297873e-30,1.0,1,0,0.0,0.0,0,0.0,0
YKR053C,1,0.0,0.0,0.00019630938358853554,0.00019627085377821394,6.463110539297873e-30,1.0,1,0,0.0,0.0,0,0.0,0
YGR063C,3,0.3333333333333333,8.982509377542294e-06,0.24216047655208658,7.459306683046211e-05,0.0007330241960909478,18.666666666666668,3,3,25.333333333333332,55.0,72,0.6216744913928013,0
YDR405W,3,0.0,4.2238894864999516e-05,0.22372746252346357,0.00010183406805946551,8.541940297346188e-05,15.666666666666666,3,7,202.14285714285714,559.0,589,0.9439786101197695,0
YDR410C,3,0.3333333333333333,2.0608164658600526e-05,0.246729542147409,7.298429670889724e-05,0.0004608374463080673,28.0,3,0,0.0,0.0,0,0.0,0
YDR412W,3,0.3333333333333333,4.049448701812433e-06,0.27172108159994873,7.094714864113629e-05,0.003888464356985009,79.0,3,0,0.0,0.0,0,0.0,1
YDR413C,2,0.0,6.185228714118732e-06,0.21856264351081192,8.091626819463597e-05,5.323479409896724e-05,7.5,2,0,0.0,0.0,0,0.0,1
YDR503C,4,0.0,0.00011453101132824286,0.2552422268907479,0.00011046223381027277,0.0007087790930534923,19.75,3,0,0.0,0.0,0,0.0,0
YEL004W,2,1.0,0.0,0.22937316125716764,6.040768504449221e-05,0.0001706998111069785,39.0,2,0,0.0,0.0,0,0.0,0
YFL040W,7,0.047619047619047616,0.00044100776974262737,0.24871445478722032,0.00022904409897890452,0.0004602262442594683,15.571428571428571,4,0,0.0,0.0,0,0.0,0
YGL259W,4,0.16666666666666666,0.000513250466660745,0.25094513358303716,0.00012557851188621576,0.0002824331549565951,32.75,3,0,0.0,0.0,0,0.0,0
YJL193W,1,0.0,0.0,0.22375744878033574,4.7299313721229776e-05,7.762295992775207e-05,42.0,1,0,0.0,0.0,0,0.0,0
YLL056C,2,1.0,0.0,0.23370802501401097,6.310333600378676e-05,0.0002176035763945688,33.0,2,0,0.0,0.0,0,0.0,0
YMR292W,3,0.3333333333333333,1.0712822223260328e-06,0.2419966648652037,7.728017017696407e-05,0.0003177565903473332,38.0,3,0,0.0,0.0,0,0.0,0
YNL326C,3,0.0,2.5835748282459222e-05,0.23383896610562402,9.689866404054347e-05,0.00013071056273382392,16.666666666666668,2,0,0.0,0.0,0,0.0,0
YNR026C,2,1.0,0.0,0.23370802501401097,6.310333600378676e-05,0.0002176035763945688,33.0,2,0,0.0,0.0,0,0.0,1
YOL075C,4,0.0,0.002388134597417549,0.24323068214512433,0.0001513015211055514,0.000165408880955242,14.5,3,0,0.0,0.0,0,0.0,0
YOR305W,1,0.0,0.0,0.19376960483035768,6.711486616391786e-05,7.037467019222344e-06,3.0,1,0,0.0,0.0,0,0.0,0
YGR129W,5,1.0,0.0,0.24105323078645882,0.00011251313886962333,0.00035238361339321166,16.8,5,3,219.33333333333334,559.0,558,1.0,0
YJR050W,8,0.35714285714285715,0.00030359565256608644,0.2752452723703152,0.00017539980316799995,0.001303430187683274,47.0,6,3,219.33333333333334,559.0,558,1.0,0
YPL077C,4,0.0,0.0002330037599570314,0.25597275764337396,0.00011336479168987378,0.0006362107141017512,26.0,3,0,0.0,0.0,0,0.0,0
YPR101W,7,0.47619047619047616,1.3217947092214286e-05,0.26168362903235565,0.00013692391346588868,0.0013892050469833364,23.857142857142858,7,7,130.57142857142858,559.0,619,0.8502282102357388,1
YDR424C,3,0.0,6.65663024327852e-06,0.2587632640687293,7.5247665053075e-05,0.0014979154640563158,25.666666666666668,3,6,30.833333333333332,73.0,131,0.49770992366412214,0
YNR059W,3,0.0,3.709705513332539e-05,0.2618067420831289,7.302981047515894e-05,0.001244110885873918,37.333333333333336,3,0,0.0,0.0,0,0.0,0
YDR428C,2,0.0,1.446827410369433e-05,0.26779825559032483,6.240018323401455e-05,0.001986381198131829,113.5,2,0,0.0,0.0,0,0.0,0
YDR435C,1,0.0,0.0,0.19884714241673304,5.717130796598412e-05,1.1307454762699896e-05,7.0,1,0,0.0,0.0,0,0.0,0
YFR003C,7,0.047619047619047616,0.00021608937474545029,0.26348710943025333,0.0001835057333417068,0.003011878256637114,26.428571428571427,4,0,0.0,0.0,0,0.0,1
YKL088W,5,0.1,0.0001137595150781325,0.2785054204554443,0.00012017260863880403,0.0019484134750074164,68.6,5,0,0.0,0.0,0,0.0,1
YKR072C,2,1.0,0.0,0.2334465822713832,6.372713715853764e-05,0.0006206197457367793,16.5,2,0,0.0,0.0,0,0.0,0
YMR311C,4,0.16666666666666666,4.652588178367476e-06,0.2609201863011334,9.120411108933909e-05,0.0033347345009765708,52.25,4,1,6.0,6.0,5,1.0,0
YOR054C,4,0.16666666666666666,0.00012289884549163935,0.25199310571322037,0.00010733713799139147,0.001397360926453884,24.75,3,0,0.0,0.0,0,0.0,0
YPR005C,2,1.0,0.0,0.2334465822713832,6.372713715853764e-05,0.0006206197457367793,16.5,2,0,0.0,0.0,0,0.0,0
YML022W,4,0.0,0.0003098360621700269,0.2742505188944395,0.00011626439425174874,0.0035234705313867223,79.0,3,0,0.0,0.0,0,0.0,0
YDR446W,1,0.0,0.0,0.24312441631311918,4.698335754270769e-05,0.0002260943863089786,27.0,1,0,0.0,0.0,0,0.0,0
YFL031W,1,0.0,0.0,0.22880729937641076,4.3778590800700056e-05,0.00018701973481046008,34.0,1,0,0.0,0.0,0,0.0,0
YDR450W,1,0.0,0.0,0.21787806047114697,5.573292412507455e-05,5.950756802958046e-05,7.0,1,7,227.28571428571428,559.0,589,0.9439786101197695,0
YIL039W,2,0.0,2.6673664008978534e-06,0.24923428594427746,6.709622113601992e-05,0.0006452407253194108,43.5,2,0,0.0,0.0,0,0.0,0
YOR031W,3,0.0,2.5113082904450804e-06,0.24216047655208658,9.059825568624594e-05,0.0005817445750253255,9.333333333333334,3,0,0.0,0.0,0,0.0,0
YLL046C,2,0.0,3.7048204762004827e-07,0.21938599921373056,9.180744774728257e-05,7.153508805648514e-05,5.0,2,0,0.0,0.0,0,0.0,0
YLR173W,1,0.0,0.0,0.20473216596698096,6.444294523412845e-05,1.3176310044657735e-05,6.0,1,0,0.0,0.0,0,0.0,0
YNR056C,2,0.0,4.056422645177029e-06,0.22583590999910969,6.63763114660741e-05,0.00016435025053493146,11.5,2,0,0.0,0.0,0,0.0,0
YPL092W,4,0.0,0.00013305809010015463,0.2739654819785709,0.00010706341901613818,0.0010690396782269932,88.0,4,0,0.0,0.0,0,0.0,0
YDR464W,2,0.0,5.276985658746263e-05,0.24321887024331076,6.288859676186587e-05,0.0012966825417789181,32.5,2,0,0.0,0.0,0,0.0,1
YJR021C,2,0.0,1.2686285388401106e-05,0.2675121769068612,7.11624092626182e-05,0.0020426077537076728,110.5,2,0,0.0,0.0,0,0.0,0
YHR088W,9,0.5833333333333334,2.92980164024994e-06,0.26613332143313967,0.00014419764253862852,0.004199648865701335,33.77777777777778,9,0,0.0,0.0,0,0.0,1
YOR201C,9,0.027777777777777776,5.0146276917204307e-05,0.27075159347228106,0.00015890993711417702,0.004022700761605783,30.555555555555557,8,0,0.0,0.0,0,0.0,0
YEL005C,6,0.0,0.00022528116948380408,0.2478283426221117,0.0001720583240577144,0.00043203825956100733,8.333333333333334,4,0,0.0,0.0,0,0.0,0
YDR475C,2,0.0,8.800993858198559e-07,0.2563658362024086,5.8082367313411665e-05,0.0024141505146252733,73.5,2,0,0.0,0.0,0,0.0,0
YJL089W,4,0.3333333333333333,5.569727656124841e-06,0.2552682454663739,9.565433685905736e-05,0.0014323388815664358,23.0,3,2,11.0,16.0,15,1.0,0
YNL218W,7,0.0,0.00021291934918255743,0.2719719237605352,0.00016993667117360902,0.004339014236653681,35.142857142857146,5,0,0.0,0.0,0,0.0,0
YHR039C,2,0.0,2.5227881896667314e-06,0.2512094585970936,6.592964387598131e-05,0.0005370591182239965,25.0,2,0,0.0,0.0,0,0.0,0
YGL028C,2,0.0,2.975635807005148e-06,0.2526668840707424,6.669021542273076e-05,0.0007902752337002104,40.0,2,0,0.0,0.0,0,0.0,0
YDR483W,2,0.0,6.81745917449849e-05,0.248998855327148,7.927443260296136e-05,0.000584222102670568,51.5,2,0,0.0,0.0,0,0.0,0
YDR487C,1,0.0,0.0,0.2664448037479521,4.5243656701725876e-05,0.001921446256761567,216.0,1,0,0.0,0.0,0,0.0,1
YIL135C,2,0.0,0.0001955625368152366,0.2300051883375548,0.00011163533791989607,0.00045919652768030894,8.5,1,0,0.0,0.0,0,0.0,0
YOR172W,2,0.0,2.410995113563645e-06,0.2323742855310284,7.776916056461444e-05,0.00048000050499772887,10.0,2,0,0.0,0.0,0,0.0,0
YFR043C,3,0.0,9.074282923233973e-05,0.252246939111068,0.0001063773562776988,0.0004777611380877768,46.333333333333336,3,0,0.0,0.0,0,0.0,0
YJL072C,2,0.0,0.00011026412412183226,0.24441769440487313,8.300315338044173e-05,0.00027796168613001795,61.5,2,3,27.0,56.0,56,0.9766233766233766,1
YDR490C,10,0.022222222222222223,0.00242592050857949,0.2882179303706195,0.00021184150101795222,0.0034004362539000106,34.7,8,0,0.0,0.0,0,0.0,0
YHR207C,3,0.0,2.2621663263452704e-05,0.2518283877740474,8.196228344638327e-05,0.0011126615302833535,20.0,3,0,0.0,0.0,0,0.0,0
YDR492W,2,0.0,0.0003911250736304732,0.22039970850423585,0.0001314692258669428,0.00010352907037517446,4.5,1,0,0.0,0.0,0,0.0,0
YJR067C,2,0.0,0.0001955625368152366,0.18033857756194205,0.00017860635085262114,2.537743187029928e-06,1.5,1,0,0.0,0.0,0,0.0,1
YDR498C,3,0.6666666666666666,1.1501057939448453e-05,0.23622125158240992,8.891733988276268e-05,0.00032416592202799644,13.0,3,5,27.6,95.0,98,0.9217336419103724,1
YGL145W,6,0.06666666666666667,0.00010936080620047283,0.256392084368294,0.0001584970286603233,0.0005328206047819478,30.0,5,1,6.0,6.0,5,1.0,1
YDR500C,3,0.0,4.845049285599581e-05,0.28114757921018607,7.741522787632976e-05,0.002960399910012309,123.33333333333333,3,6,258.8333333333333,559.0,589,0.9439786101197695,0
YPL125W,6,0.13333333333333333,1.4006462469632784e-05,0.27375583361848893,0.00011829230893324445,0.003219742733682675,54.0,6,1,59.0,59.0,58,1.0,1
YER049W,6,0.0,4.9201032327624524e-05,0.2623278323931623,0.00013129423797697564,0.0034537326576288456,30.5,4,0,0.0,0.0,0,0.0,0
YNR074C,3,0.0,0.00018526945755293475,0.2564052104669152,9.714292287283619e-05,0.0006612151420137912,53.0,3,0,0.0,0.0,0,0.0,0
YDR504C,1,0.0,0.0,0.19072212399277438,6.816104819251999e-05,6.4114210354363925e-06,7.0,1,0,0.0,0.0,0,0.0,0
YMR211W,3,0.0,4.283057891160299e-05,0.2467781707834568,9.603819933678699e-05,0.00026404329256057515,11.666666666666666,3,0,0.0,0.0,0,0.0,1
YOL034W,6,0.0,7.618734778093198e-05,0.26064860661203515,0.00015137497550777392,0.0012965991042130731,15.0,4,1,8.0,8.0,7,1.0,1
YOR156C,6,0.06666666666666667,6.24071250880293e-05,0.2790018927107267,0.00012714534149757152,0.0025298278824133773,44.333333333333336,6,0,0.0,0.0,0,0.0,0
YDR511W,1,0.0,0.0,0.24121576728075206,4.858979733482161e-05,0.00031811765428655563,44.0,1,0,0.0,0.0,0,0.0,0
YDR512C,1,0.0,0.0,0.2467781707834568,5.1808217430176554e-05,0.0005267800474026121,96.0,1,0,0.0,0.0,0,0.0,0
YDR514C,1,0.0,0.0,0.19721070152977851,6.139300525962939e-05,2.618902804082144e-05,3.0,1,0,0.0,0.0,0,0.0,0
YNL173C,3,0.0,0.00019561342726030634,0.24615958793130124,0.0001130877422434684,0.001069145680409895,11.0,2,0,0.0,0.0,0,0.0,0
YGR169C,2,0.0,1.4140937762419014e-06,0.22609078078955647,7.361798661982221e-05,0.0001882057124389518,5.5,2,0,0.0,0.0,0,0.0,0
YDR517W,1,0.0,0.0,0.2504807689947614,4.3345161282744774e-05,0.0012178894033106104,57.0,1,3,15.333333333333334,34.0,34,0.9411764705882353,0
YKR034W,7,0.09523809523809523,0.0003359136217509784,0.25195507475853984,0.00017504041305573464,0.0006098043675202406,10.285714285714286,5,0,0.0,0.0,0,0.0,0
YDR524C,2,0.0,3.7425340510000857e-06,0.25039310949156357,7.925856360684432e-05,0.0005754407159961659,49.5,2,0,0.0,0.0,0,0.0,0
YDR526C,1,0.0,0.0,0.26695607782369035,5.134682951460989e-05,0.000899077839957782,280.0,1,0,0.0,0.0,0,0.0,1
YDR527W,3,0.0,6.223915466432417e-05,0.2717063405875471,8.614409406507712e-05,0.0011689557833512913,103.0,3,0,0.0,0.0,0,0.0,1
YDR528W,3,0.0,0.00012118620116729112,0.2774255235168811,8.64047333986498e-05,0.0025944243646873217,106.66666666666667,3,0,0.0,0.0,0,0.0,0
YDR530C,1,0.0,0.0,0.24942046693477368,5.221957558451782e-05,0.0004299173823167175,125.0,1,0,0.0,0.0,0,0.0,0
YDR531W,1,0.0,0.0,0.2467781707834568,5.1808217430176554e-05,0.0005267800474026121,96.0,1,0,0.0,0.0,0,0.0,1
YHR079C,3,0.0,0.00015891210790872103,0.2586162850382244,8.898063489432584e-05,0.0008171944194671937,30.333333333333332,3,0,0.0,0.0,0,0.0,0
YKL194C,2,0.0,5.518096645735101e-05,0.24308901500025507,7.109859079929134e-05,0.0006346311167794663,24.5,2,0,0.0,0.0,0,0.0,0
YDR533C,3,0.0,0.00028524496555578066,0.2879362410055338,0.00012138318098858802,0.002822217855555961,165.66666666666666,2,0,0.0,0.0,0,0.0,0
YMR010W,1,0.0,0.0,0.22314930386964246,6.420248594668012e-05,6.913648434463727e-05,3.0,1,0,0.0,0.0,0,0.0,0
YDR534C,2,0.0,2.8587628456800254e-06,0.2521834328323391,6.328567477423948e-05,0.0005745699668810236,44.0,2,0,0.0,0.0,0,0.0,0
YDR536W,1,0.0,0.0,0.18670505036534035,7.698327152828562e-05,1.1247233969634376e-05,2.0,1,0,0.0,0.0,0,0.0,0
YDR538W,1,0.0,0.0,0.2241379716290112,4.786718270634794e-05,7.467305696941593e-05,22.0,1,0,0.0,0.0,0,0.0,0
YDR541C,1,0.0,0.0,0.2132851961523829,5.2536917393379754e-05,4.39229117024812e-05,9.0,1,0,0.0,0.0,0,0.0,0
YOR187W,4,0.0,0.00012916206778508068,0.2674550345001738,0.00011082705274632727,0.0025852865688364,53.5,3,0,0.0,0.0,0,0.0,0
YPR011C,2,0.0,1.539543710261531e-05,0.2487021042829603,5.637718226911925e-05,0.000714243239815458,35.0,2,0,0.0,0.0,0,0.0,0
YEL003W,2,1.0,0.0,0.20816138720075875,7.762830449556339e-05,3.279860127723989e-05,7.0,2,3,6.0,7.0,6,1.0,0
YLR200W,10,0.1111111111111111,0.00046243874665931014,0.26344553027459133,0.00025037135526963857,0.001206228440142084,16.8,5,3,6.0,7.0,6,1.0,0
YML094W,4,0.6666666666666666,9.813657958347149e-06,0.22543945697021314,0.00012583345467846998,0.00013271761702719347,6.5,3,3,6.0,7.0,6,1.0,0
YEL006W,1,0.0,0.0,0.22703367978468972,5.238252862101461e-05,0.00012524558406600748,31.0,1,0,0.0,0.0,0,0.0,0
YEL008W,1,0.0,0.0,0.26695607782369035,5.134682951460989e-05,0.000899077839957782,280.0,1,0,0.0,0.0,0,0.0,0
YEL011W,2,0.0,8.519731236691782e-05,0.2544512003277069,6.717228888324634e-05,0.0005965605082799631,82.0,2,0,0.0,0.0,0,0.0,0
YEL012W,1,0.0,0.0,0.24880094267512443,5.0907175117977186e-05,0.0003290855589820616,109.0,1,0,0.0,0.0,0,0.0,0
YLR254C,5,0.0,0.00011379200647699732,0.2634316734720311,0.00011591341662730537,0.0019125140795670425,32.0,5,0,0.0,0.0,0,0.0,0
YPR185W,7,0.14285714285714285,6.63611939984254e-05,0.2641820327065226,0.0001533894197747708,0.0009518114314011441,19.0,6,0,0.0,0.0,0,0.0,0
YGR116W,7,0.23809523809523808,7.787521056690652e-05,0.2717800616480494,0.00014255324230436366,0.003434748497115431,43.857142857142854,6,1,19.0,19.0,18,1.0,1
YJR140C,5,0.0,2.388680966830581e-05,0.26121957836803084,0.00010392926303953923,0.0015458209654637845,19.4,5,3,32.333333333333336,83.0,82,1.0,0
YEL016C,2,0.0,3.070351371776801e-06,0.24877622571280822,6.83360498338664e-05,0.0009977768573935556,16.5,2,0,0.0,0.0,0,0.0,0
YMR299C,5,0.0,0.0003229875780062978,0.26602023562172705,0.00014110021257931126,0.0010109531804547854,30.2,4,1,4.0,4.0,3,1.0,0
YGR121C,4,0.16666666666666666,4.433202915167575e-05,0.24046298137364389,0.00012267234319444386,0.00020570682750243,23.75,3,0,0.0,0.0,0,0.0,0
YKL063C,2,0.0,4.417103986985033e-05,0.25269238022453355,7.59907432976916e-05,0.00035327129282876595,60.5,2,0,0.0,0.0,0,0.0,0
YPL244C,2,0.0,7.616826806549468e-06,0.21217381809151686,8.43718036039187e-05,2.7991017391103304e-05,7.5,2,0,0.0,0.0,0,0.0,0
YEL018W,3,0.3333333333333333,4.500249290025367e-06,0.24425081570593782,8.145527098622505e-05,0.0006166556357089123,26.0,3,2,73.0,133.0,132,1.0,0
YEL019C,1,0.0,0.0,0.1961448647313486,6.888751141014517e-05,1.0617440909307093e-05,4.0,1,1,8.0,8.0,7,1.0,1
YEL020C,1,0.0,0.0,0.2094760540403302,5.336566009101139e-05,5.8745979596776716e-05,8.0,1,0,0.0,0.0,0,0.0,0
YHR174W,10,0.0,0.0003336548163247457,0.26633145312684153,0.00023456267810233484,0.0018305797153306688,15.6,5,1,5.0,5.0,4,1.0,0
YLR207W,8,0.07142857142857142,0.0002639842186032015,0.25460642448529586,0.00018813947178279944,0.0009736600812572556,12.0,4,4,17.0,58.0,58,0.9661222020568663,0
YHR080C,1,0.0,0.0,0.19437875401887197,5.406268535480066e-05,7.130291396650658e-06,8.0,1,2,452.5,559.0,558,1.0,0
YPL050C,5,0.0,0.00018287065237229352,0.2585762288218419,0.0001337236241599564,0.0016597144016427437,40.2,4,4,6.0,9.0,11,0.7818181818181819,0
YER143W,6,0.06666666666666667,6.916665289978809e-05,0.2698326047115056,0.00013319423727615104,0.0019065875904095838,21.833333333333332,5,0,0.0,0.0,0,0.0,0
YER162C,7,0.23809523809523808,0.00023000197256311023,0.2589773502275327,0.00016171916608156053,0.0020900589728411753,20.0,6,5,50.0,195.0,194,1.0,0
YIL143C,12,0.06060606060606061,0.0005709227982992824,0.29888183899565884,0.00022545036487491327,0.008684182575592742,49.0,9,12,44.0,195.0,266,0.7317349978720386,1
YLR441C,2,0.0,1.7202147741502131e-06,0.24883802732897375,5.7176399694593343e-05,0.0008283874540087442,48.0,2,7,227.28571428571428,559.0,589,0.9439786101197695,0
YEL038W,1,0.0,0.0,0.24136689041206047,4.902972234547256e-05,0.00021637787246339444,71.0,1,0,0.0,0.0,0,0.0,0
YEL039C,1,0.0,0.0,0.20651339996908524,5.2244114561467744e-05,3.74940944933996e-05,8.0,1,0,0.0,0.0,0,0.0,0
YJR049C,3,0.0,0.00024783380259655273,0.2599046692293853,8.956545147380744e-05,0.0008796080434288966,56.0,3,0,0.0,0.0,0,0.0,1
YER073W,5,0.0,0.00039533233991075956,0.26191627319580874,0.00014906652783901552,0.0009332549811759246,36.2,4,0,0.0,0.0,0,0.0,0
YLR250W,1,0.0,0.0,0.203956791661926,5.56273271201591e-05,1.456798116877739e-05,7.0,1,0,0.0,0.0,0,0.0,0
YEL046C,3,0.0,0.00020726677806086728,0.2738606176755389,0.00011113695267787679,0.0027399914144428253,97.33333333333333,2,0,0.0,0.0,0,0.0,0
YNL220W,1,0.0,0.0,0.2146012073035502,6.0997876614137005e-05,6.711765170208904e-05,3.0,1,0,0.0,0.0,0,0.0,0
YEL048C,5,0.0,4.7059582489126063e-05,0.2695131558978774,0.00011837692235121725,0.004664550929927911,50.6,4,0,0.0,0.0,0,0.0,0
YIL136W,2,0.0,1.8760535973033244e-06,0.2564052104669152,6.215240792693943e-05,0.0028081310395280342,58.0,2,0,0.0,0.0,0,0.0,0
YEL049W,2,0.0,3.898953555502139e-06,0.245748919335145,6.992729502459739e-05,0.00022807325304682763,28.0,2,0,0.0,0.0,0,0.0,0
YOL039W,2,0.0,1.218536227527871e-06,0.20973044288317652,8.088345506283913e-05,2.8211216974938096e-05,4.5,2,6,258.8333333333333,559.0,589,0.9439786101197695,0
YEL057C,1,0.0,0.0,0.23976078204079923,5.3043097840996495e-05,0.00012158139249151383,40.0,1,0,0.0,0.0,0,0.0,0
YEL058W,1,0.0,0.0,0.21343971770936523,5.007029696650988e-05,0.000106280852674263,7.0,1,0,0.0,0.0,0,0.0,1
YEL059W,1,0.0,0.0,0.00019630938358853554,0.00019627085377821394,6.463110539297873e-30,1.0,1,0,0.0,0.0,0,0.0,0
YJR130C,1,0.0,0.0,0.00019630938358853554,0.00019627085377821394,6.463110539297873e-30,1.0,1,0,0.0,0.0,0,0.0,0
YLR454W,2,0.0,8.413536237192698e-07,0.21957836713798304,6.84520017053092e-05,6.391249655942228e-05,7.0,2,0,0.0,0.0,0,0.0,1
YOR138C,2,0.0,1.5371076065218648e-06,0.2359430431078464,6.461946180970446e-05,0.00033198509913257886,10.5,2,0,0.0,0.0,0,0.0,0
YOR161C,4,0.0,0.0008671771578021973,0.25473592269214457,0.00010240022531017402,0.0008170161272372486,40.75,3,0,0.0,0.0,0,0.0,0
YIR034C,7,0.14285714285714285,3.63273597238077e-05,0.2736361785527102,0.00013941397573011377,0.004828229232141346,33.714285714285715,6,0,0.0,0.0,0,0.0,0
YEL066W,6,0.13333333333333333,9.218733022562166e-05,0.28327844887162074,0.00013571978912829414,0.0058566555677971085,84.33333333333333,5,0,0.0,0.0,0,0.0,0
YPL112C,2,0.0,4.128644565867832e-06,0.24618378765484936,6.748005284168507e-05,0.0005729749484731256,41.0,2,0,0.0,0.0,0,0.0,0
YLR225C,2,0.0,1.323454075338283e-05,0.22628486766594022,8.584252085601871e-05,5.7049873823207717e-05,5.0,2,0,0.0,0.0,0,0.0,0
YEL071W,2,0.0,2.9377239507276666e-07,0.2532546003261658,5.636190203370749e-05,0.001739675516122068,40.5,2,0,0.0,0.0,0,0.0,0
YEL072W,1,0.0,0.0,0.17947262151688723,7.914183875373223e-05,1.1116607084464317e-06,2.0,1,0,0.0,0.0,0,0.0,0
YER002W,3,0.6666666666666666,9.139914606672199e-08,0.2682572563497726,6.903662931020258e-05,0.0033877894209909834,64.33333333333333,3,1,559.0,559.0,558,1.0,0
YER004W,2,0.0,4.2172104899693156e-07,0.2503555599125346,6.413395004277876e-05,0.0005408951903935289,39.0,2,0,0.0,0.0,0,0.0,0
YJR014W,2,0.0,3.1483597983869456e-05,0.2347156704494449,7.410135122805378e-05,0.00041513105218007234,14.0,2,2,452.5,559.0,558,1.0,0
YOR349W,3,0.0,3.37871451913903e-06,0.27092734913178923,7.441594123265319e-05,0.004040847953380208,52.0,3,0,0.0,0.0,0,0.0,0
YER010C,2,0.0,0.0021782839191046553,0.26647315648046055,0.00011044667665410874,0.0019225999234979616,108.5,1,0,0.0,0.0,0,0.0,0
YOR274W,1,0.0,0.0,0.21003828794507254,7.65890238597618e-05,4.709435708211426e-05,2.0,1,0,0.0,0.0,0,0.0,0
YKL206C,2,0.0,1.1763861535017725e-05,0.2417396937952628,7.04352911790054e-05,0.00096526103852416,25.5,2,0,0.0,0.0,0,0.0,0
YLR199C,2,0.0,2.285817900786319e-06,0.2467781707834568,6.274560196448738e-05,0.0009962607870440598,25.5,2,0,0.0,0.0,0,0.0,0
YKR066C,4,0.16666666666666666,0.00017841819860097305,0.23458374595083162,0.00013577424070047934,0.0006888424029234064,7.25,3,0,0.0,0.0,0,0.0,0
YMR089C,3,0.3333333333333333,3.270635119242866e-05,0.24787740539719152,8.799263592282873e-05,0.0010216541453838418,26.333333333333332,3,4,4.25,8.0,8,0.7857142857142857,0
YER104W,3,0.0,2.3381362561256285e-05,0.25743320360062993,9.749926700494276e-05,0.0007096680363945943,21.666666666666668,3,0,0.0,0.0,0,0.0,1
YPR065W,2,0.0,9.961205894699958e-06,0.23087461282673005,8.193826541826091e-05,0.00013392997656102963,17.5,2,0,0.0,0.0,0,0.0,0
YOR371C,3,0.3333333333333333,9.760294890751764e-06,0.2527178815243847,8.097048185193396e-05,0.0007856589860432046,29.666666666666668,3,0,0.0,0.0,0,0.0,0
YPL036W,5,0.0,0.000571939290244243,0.2595679179087979,0.00012163129298923802,0.003064049684678915,30.4,4,1,4.0,4.0,3,1.0,0
YFR038W,1,0.0,0.0,0.24880094267512443,5.0907175117977186e-05,0.0003290855589820616,109.0,1,0,0.0,0.0,0,0.0,0
YGL027C,3,0.3333333333333333,0.0003911250736304732,0.2518537149778867,0.00013816084095208465,0.00044778038714494403,39.0,2,0,0.0,0.0,0,0.0,0
YGR243W,2,0.0,3.599912452448992e-05,0.26124682990194853,6.614342375142954e-05,0.0008941323810818822,90.5,2,0,0.0,0.0,0,0.0,0
YHL044W,4,0.0,0.0005287066275818908,0.27978118407073654,0.00014063028877775416,0.0014146666192288763,100.5,3,0,0.0,0.0,0,0.0,0
YHL045W,4,0.0,0.0001828399604230497,0.2725343078875907,0.00011649274600931381,0.0017400109733910548,64.75,3,0,0.0,0.0,0,0.0,0
YHR116W,1,0.0,0.0,0.24880094267512443,5.0907175117977186e-05,0.0003290855589820616,109.0,1,0,0.0,0.0,0,0.0,0
YIL078W,4,0.16666666666666666,7.145268930938611e-05,0.2693682017990779,9.35417696566772e-05,0.0033599543732193353,64.75,4,0,0.0,0.0,0,0.0,1
YJR148W,3,0.3333333333333333,2.1506713641952414e-05,0.25670748211431343,9.471423567724275e-05,0.0005749483895194483,43.333333333333336,3,1,2.0,2.0,1,0.0,0
YKL051W,1,0.0,0.0,0.24880094267512443,5.0907175117977186e-05,0.0003290855589820616,109.0,1,0,0.0,0.0,0,0.0,0
YKR093W,2,0.0,6.44422508610065e-05,0.2505810264697181,7.166474249466835e-05,0.0003404790370222865,60.5,2,0,0.0,0.0,0,0.0,0
YML082W,1,0.0,0.0,0.24880094267512443,5.0907175117977186e-05,0.0003290855589820616,109.0,1,0,0.0,0.0,0,0.0,0
YMR039C,2,0.0,8.527012423667629e-05,0.2652453646886058,7.368612263576293e-05,0.0007590029412987791,117.0,2,0,0.0,0.0,0,0.0,0
YMR087W,2,0.0,1.8697527688070768e-05,0.2617109774808097,6.419373272121426e-05,0.0016106641445253424,83.0,2,0,0.0,0.0,0,0.0,0
YMR114C,1,0.0,0.0,0.24880094267512443,5.0907175117977186e-05,0.0003290855589820616,109.0,1,2,452.5,559.0,558,1.0,0
YMR118C,2,0.0,0.0001955625368152366,0.2488256645493966,0.00011924321500098115,0.0003292832146557955,55.0,1,0,0.0,0.0,0,0.0,0
YMR293C,3,0.0,0.0002466897655980861,0.27976555558318933,9.274419596344674e-05,0.0012986957271402162,136.33333333333334,3,0,0.0,0.0,0,0.0,0
YNL073W,2,0.0,3.640033745814382e-05,0.2610153729440408,6.398616511134285e-05,0.001296771130128041,77.0,2,0,0.0,0.0,0,0.0,0
YNL159C,2,0.0,3.929707868635976e-05,0.253626524335355,7.370652616651467e-05,0.0005273687583386196,66.0,2,0,0.0,0.0,0,0.0,0
YNL211C,1,0.0,0.0,0.24880094267512443,5.0907175117977186e-05,0.0003290855589820616,109.0,1,0,0.0,0.0,0,0.0,0
YNL301C,3,0.3333333333333333,6.92844691386226e-05,0.2635564371967718,0.00010454618865526582,0.0011210808749650503,70.0,2,6,258.8333333333333,559.0,589,0.9439786101197695,0
YNR024W,1,0.0,0.0,0.24880094267512443,5.0907175117977186e-05,0.0003290855589820616,109.0,1,2,452.5,559.0,558,1.0,0
YOL022C,1,0.0,0.0,0.24880094267512443,5.0907175117977186e-05,0.0003290855589820616,109.0,1,0,0.0,0.0,0,0.0,1
YOL042W,2,0.0,9.255556139575656e-06,0.2541800129948363,8.006813012393415e-05,0.0003539356085012876,56.0,2,0,0.0,0.0,0,0.0,0
YOR072W,1,0.0,0.0,0.24880094267512443,5.0907175117977186e-05,0.0003290855589820616,109.0,1,0,0.0,0.0,0,0.0,0
YOR143C,1,0.0,0.0,0.24880094267512443,5.0907175117977186e-05,0.0003290855589820616,109.0,1,0,0.0,0.0,0,0.0,1
YOR334W,1,0.0,0.0,0.24880094267512443,5.0907175117977186e-05,0.0003290855589820616,109.0,1,3,53.0,131.0,130,1.0,0
YOR336W,1,0.0,0.0,0.24880094267512443,5.0907175117977186e-05,0.0003290855589820616,109.0,1,0,0.0,0.0,0,0.0,1
YPL053C,3,0.0,0.0002922006346062206,0.2635009720655682,8.909142442713044e-05,0.0006586496542727127,54.0,3,0,0.0,0.0,0,0.0,0
YPL098C,2,1.0,0.0,0.2583361518569276,7.150947252575708e-05,0.0006702212568974454,93.5,2,0,0.0,0.0,0,0.0,0
YLR215C,7,0.09523809523809523,0.00020637470329115337,0.28635580194684135,0.00015133819732988143,0.004009993914946345,59.0,6,0,0.0,0.0,0,0.0,1
YLR220W,2,0.0,2.4853059749164147e-05,0.23473767229331904,6.251864637834829e-05,0.0001446893180185726,16.5,2,0,0.0,0.0,0,0.0,1
YER030W,1,0.0,0.0,0.23295795041863598,4.2764174290119405e-05,0.0006392727346050965,19.0,1,3,32.0,83.0,83,0.9761974728181017,0
YNL146W,2,0.0,7.467623032781548e-06,0.2679271907157896,6.94946703318005e-05,0.0009800409946401226,147.0,2,0,0.0,0.0,0,0.0,0
YOR070C,3,0.0,5.0713340000647876e-06,0.2336099153901887,9.144200298604995e-05,0.0002588139309625361,8.333333333333334,3,0,0.0,0.0,0,0.0,0
YLR456W,6,0.0,0.00021815658457310276,0.2656815540846775,0.00016108344278100404,0.000927939059386424,17.5,4,0,0.0,0.0,0,0.0,0
YER033C,6,0.26666666666666666,2.7575166964059697e-05,0.28252738624980284,0.00011896451865903843,0.004565828860449899,65.83333333333333,6,0,0.0,0.0,0,0.0,0
YGR206W,1,0.0,0.0,0.21706596350930762,5.275785788034588e-05,3.815755486017948e-05,8.0,1,1,4.0,4.0,3,1.0,0
YNL142W,1,0.0,0.0,0.21706596350930762,5.275785788034588e-05,3.815755486017948e-05,8.0,1,0,0.0,0.0,0,0.0,0
YER037W,1,0.0,0.0,0.22019621789625216,5.032733630788682e-05,0.00015514055639937374,11.0,1,0,0.0,0.0,0,0.0,0
YML023C,3,0.0,9.567388018885594e-06,0.2323311674189477,0.00010580995489544015,0.0004438887424497229,7.0,2,1,8.0,8.0,7,1.0,1
YPL051W,7,0.0,0.0002824564188665023,0.2531266034595297,0.0002378426571653669,0.00039237407460427043,19.285714285714285,3,0,0.0,0.0,0,0.0,0
YER045C,5,0.0,0.00017789580242669997,0.2655688517975638,0.00014178943990542824,0.0012725642943268748,25.6,4,0,0.0,0.0,0,0.0,0
YGR247W,2,0.0,3.3131109879746235e-06,0.21830542132552763,8.122801103656358e-05,3.911755828328282e-05,8.0,2,0,0.0,0.0,0,0.0,0
YOR059C,6,0.0,0.00027677709591035374,0.26675701603463414,0.00017823616809458273,0.001337973476401272,38.333333333333336,4,0,0.0,0.0,0,0.0,0
YPL205C,2,0.0,7.336198422676986e-06,0.24741209188609667,7.888559213221663e-05,0.000538316664440328,49.5,2,0,0.0,0.0,0,0.0,0
YGR271W,3,0.0,2.0836097386991624e-06,0.2507441161535123,7.573635014510582e-05,0.0009854889202485532,27.0,3,0,0.0,0.0,0,0.0,0
YER051W,3,0.0,1.673761417165157e-05,0.24954474220479597,0.00010300230967786965,0.0005581655581677731,34.333333333333336,3,0,0.0,0.0,0,0.0,0
YLR121C,3,0.0,2.06400779827916e-05,0.24536365745886024,0.00010252291911707988,0.0003681847096595418,28.666666666666668,3,0,0.0,0.0,0,0.0,0
YKR079C,2,0.0,1.845601165551995e-05,0.22084676673649595,9.429322629474739e-05,0.00015794314856256632,7.0,2,0,0.0,0.0,0,0.0,1
YLR326W,3,0.0,9.068830572510817e-06,0.24248876614942652,8.351879700241533e-05,0.0008138024801439444,12.666666666666666,3,0,0.0,0.0,0,0.0,0
YER055C,1,0.0,0.0,0.23934829037277205,4.82307040043684e-05,0.00042951721455035066,76.0,1,0,0.0,0.0,0,0.0,0
YER058W,1,0.0,0.0,0.26695607782369035,5.134682951460989e-05,0.000899077839957782,280.0,1,0,0.0,0.0,0,0.0,0
YMR165C,2,0.0,4.081486467125473e-06,0.2380853287721171,6.982314147622264e-05,0.000502377335161796,13.0,2,0,0.0,0.0,0,0.0,0
YER061C,1,0.0,0.0,0.17492186979778762,7.022920716215854e-05,1.4981456158579055e-06,3.0,1,0,0.0,0.0,0,0.0,0
YHL032C,3,0.0,1.943801279253908e-06,0.255138205606228,7.458408959858077e-05,0.0022900597637516644,34.666666666666664,3,0,0.0,0.0,0,0.0,0
YPL201C,2,0.0,6.192043173473822e-08,0.22544960504390074,6.125072199901668e-05,0.0004742068476738751,10.5,2,0,0.0,0.0,0,0.0,0
YPL172C,1,0.0,0.0,0.21805829745952,5.405470527502473e-05,3.8781558198309956e-05,7.0,1,0,0.0,0.0,0,0.0,0
YPL212C,3,0.3333333333333333,1.028675334362411e-05,0.25210726749472745,8.285914638831476e-05,0.0010793448061275814,37.666666666666664,3,0,0.0,0.0,0,0.0,0
YPR125W,1,0.0,0.0,0.2039650977825394,5.631043612085236e-05,2.163958305921396e-05,5.0,1,0,0.0,0.0,0,0.0,1
YER065C,2,0.0,1.1704241245630665e-05,0.27383067118918836,5.935005357521206e-05,0.0027383472826444156,145.5,2,0,0.0,0.0,0,0.0,0
YER066W,4,0.0,3.3500654247458626e-05,0.2533314605994059,0.00010920618419127393,0.000915292839632554,21.75,3,0,0.0,0.0,0,0.0,0
YMR154C,6,0.06666666666666667,8.641148123838917e-05,0.2631410169731653,0.000150141364857137,0.0010631650049006158,32.166666666666664,5,0,0.0,0.0,0,0.0,0
YER069W,2,0.0,6.506930863638921e-06,0.2059275102195738,8.590345660906005e-05,1.9078686467302923e-05,4.5,2,1,2.0,2.0,1,0.0,0
YER070W,4,0.16666666666666666,9.926294939470219e-06,0.2675407572676418,8.229404690564065e-05,0.005393017062433328,62.5,4,2,3.5,4.0,3,1.0,1
YOR171C,6,0.0,0.00013428454819751974,0.2557636082141893,0.00015133622867031512,0.0010554333565359181,15.0,5,0,0.0,0.0,0,0.0,0
YPL032C,6,0.0,0.00031239914382125605,0.2966336754353385,0.00013629776451645214,0.004548379024129507,99.83333333333333,5,0,0.0,0.0,0,0.0,0
YPL257W,2,0.0,7.922095281983961e-07,0.21316718348798702,9.494956585787847e-05,3.3414477885862544e-05,3.5,2,0,0.0,0.0,0,0.0,0
YER076C,1,0.0,0.0,0.2430536239954506,5.0162931813981754e-05,0.00026691631167308726,116.0,1,0,0.0,0.0,0,0.0,0
YER077C,5,0.0,2.7934359630517637e-05,0.27173582421193937,0.00011187350050178248,0.004207567867679573,40.4,4,0,0.0,0.0,0,0.0,0
YFL027C,3,0.0,2.609172170540166e-05,0.22371746889043886,0.00010555479729457392,0.00017094901253970733,6.333333333333333,3,0,0.0,0.0,0,0.0,0
YML036W,7,0.14285714285714285,0.00024182597010682176,0.25760533772504146,0.00019079308667090727,0.0021365517051781637,14.0,4,1,5.0,5.0,4,1.0,0
YER079W,4,0.16666666666666666,0.0001166702589870372,0.27811877921203104,0.00010238827137153109,0.002872290060007412,77.75,4,0,0.0,0.0,0,0.0,0
YFR017C,5,0.0,0.0003775094194457833,0.28181200630487596,0.00015358691719289188,0.002954511855994468,65.4,4,0,0.0,0.0,0,0.0,0
YGL039W,1,0.0,0.0,0.2467781707834568,5.1808217430176554e-05,0.0005267800474026121,96.0,1,0,0.0,0.0,0,0.0,0
YGL096W,4,0.16666666666666666,0.0002053569184232913,0.2691365992826189,0.00010153819255780214,0.00229784166087823,72.5,4,0,0.0,0.0,0,0.0,0
YGL110C,1,0.0,0.0,0.2467781707834568,5.1808217430176554e-05,0.0005267800474026121,96.0,1,0,0.0,0.0,0,0.0,0
YHR215W,4,0.0,0.0001621963644815111,0.26359805137106607,0.0001154703366045924,0.0009604378195125463,46.0,4,1,3.0,3.0,2,1.0,0
YIL044C,1,0.0,0.0,0.2467781707834568,5.1808217430176554e-05,0.0005267800474026121,96.0,1,0,0.0,0.0,0,0.0,0
YIL074C,5,0.0,0.00032325892673715386,0.2736212290237246,0.0001344036377923975,0.001971679886912645,57.6,4,1,3.0,3.0,2,1.0,0
YKR073C,1,0.0,0.0,0.2467781707834568,5.1808217430176554e-05,0.0005267800474026121,96.0,1,0,0.0,0.0,0,0.0,0
YLR151C,3,0.0,4.0287574411211124e-05,0.2624102994891677,9.710262989457512e-05,0.0009391094901295069,55.0,3,0,0.0,0.0,0,0.0,0
YOR189W,2,0.0,8.602906292178243e-05,0.27553297992244347,7.371441887805435e-05,0.0014258578873603941,188.0,2,2,47.5,83.0,82,1.0,0
YOR222W,1,0.0,0.0,0.2467781707834568,5.1808217430176554e-05,0.0005267800474026121,96.0,1,0,0.0,0.0,0,0.0,0
YOR246C,1,0.0,0.0,0.2467781707834568,5.1808217430176554e-05,0.0005267800474026121,96.0,1,0,0.0,0.0,0,0.0,0
YOR258W,1,0.0,0.0,0.2467781707834568,5.1808217430176554e-05,0.0005267800474026121,96.0,1,0,0.0,0.0,0,0.0,0
YOR318C,1,0.0,0.0,0.2467781707834568,5.1808217430176554e-05,0.0005267800474026121,96.0,1,0,0.0,0.0,0,0.0,0
YPL229W,3,0.0,2.3198465227907038e-05,0.25394802636904246,8.744035417070209e-05,0.001040821811915914,42.0,3,0,0.0,0.0,0,0.0,0
YPR046W,6,0.0,0.00013493817707697009,0.2628096225035554,0.00015683818256369492,0.001020423489730469,28.0,5,6,26.166666666666668,55.0,54,1.0,0
YPR134W,1,0.0,0.0,0.2467781707834568,5.1808217430176554e-05,0.0005267800474026121,96.0,1,3,53.0,131.0,130,1.0,0
YPR149W,1,0.0,0.0,0.2467781707834568,5.1808217430176554e-05,0.0005267800474026121,96.0,1,0,0.0,0.0,0,0.0,0
YPR112C,2,0.0,1.4294080826028327e-05,0.25133552346315324,6.134816847246758e-05,0.001023874723487801,62.5,2,1,559.0,559.0,558,1.0,1
YMR038C,3,0.0,8.255288924193359e-06,0.2386866976147479,9.284231239221013e-05,0.0003484387817783846,7.666666666666667,3,1,2.0,2.0,1,0.0,0
YOR383C,1,0.0,0.0,0.2259377893287434,4.69251062859579e-05,0.00012219656393359818,13.0,1,0,0.0,0.0,0,0.0,0
YMR233W,3,0.0,6.9588819468167514e-06,0.24914749657000573,7.81430276335247e-05,0.0007171394280891154,18.0,3,0,0.0,0.0,0,0.0,0
YPL238C,1,0.0,0.0,0.2399330734909579,4.302216816120815e-05,0.0006126945937763822,32.0,1,0,0.0,0.0,0,0.0,1
YER096W,2,0.0,8.528460507717119e-06,0.26058080000261474,6.473316716825456e-05,0.000906372758650481,97.5,2,0,0.0,0.0,0,0.0,0
YER099C,4,0.3333333333333333,6.695228251141569e-05,0.24448928367343203,0.00012382314800567966,0.0004908641258537101,19.25,3,0,0.0,0.0,0,0.0,0
YKL205W,9,0.027777777777777776,0.00024368381093056328,0.27831969858573247,0.0001873538284804806,0.00424040078495882,26.0,8,3,74.0,131.0,130,1.0,1
YGL065C,1,0.0,0.0,0.22685885654981452,4.472474997108217e-05,0.00043200092003936477,21.0,1,0,0.0,0.0,0,0.0,1
YPR001W,1,0.0,0.0,0.22685885654981452,4.472474997108217e-05,0.00043200092003936477,21.0,1,0,0.0,0.0,0,0.0,0
YHL008C,2,0.0,4.36347822975617e-07,0.24240661033107086,6.542911908134547e-05,0.000368115133861068,22.0,2,0,0.0,0.0,0,0.0,0
YER109C,1,0.0,0.0,0.23403565308646052,5.1112215773369564e-05,0.00016802934731041604,56.0,1,0,0.0,0.0,0,0.0,0
YOL127W,3,0.0,1.8398833937458032e-05,0.2677553047875036,7.236280942197947e-05,0.002075265209373316,53.333333333333336,3,6,258.8333333333333,559.0,589,0.9439786101197695,1
YER111C,6,0.13333333333333333,7.875521870450693e-06,0.2704445691479159,0.00011781617271236654,0.0039836399060667734,34.333333333333336,6,3,90.66666666666667,195.0,194,1.0,0
YIL029C,1,0.0,0.0,0.23892581700459187,4.5718753124661835e-05,0.00034887735767609093,45.0,1,0,0.0,0.0,0,0.0,0
YKL209C,4,0.16666666666666666,6.552098906388984e-05,0.2562740099293995,0.00010622915688493498,0.0006917072446417502,26.25,3,0,0.0,0.0,0,0.0,0
YLL032C,3,0.0,9.679873053258719e-05,0.265287513959969,9.175564978364457e-05,0.0012095992756254693,48.333333333333336,2,2,452.5,559.0,558,1.0,0
YNL091W,7,0.0,0.00028596715716032196,0.26121957836803084,0.00018220087180610415,0.0007394110750630278,15.428571428571429,4,0,0.0,0.0,0,0.0,0
YOR219C,1,0.0,0.0,0.23892581700459187,4.5718753124661835e-05,0.00034887735767609093,45.0,1,0,0.0,0.0,0,0.0,0
YPL272C,1,0.0,0.0,0.24301824329420424,4.546162588815865e-05,0.000309564807312383,46.0,1,0,0.0,0.0,0,0.0,0
YGL085W,3,0.0,2.3531808304024322e-05,0.2629061929685173,8.122478820312356e-05,0.001220690704624168,65.33333333333333,3,0,0.0,0.0,0,0.0,0
YGR257C,2,0.0,0.0021782839191046535,0.24819678755390528,0.00011080197819136555,0.00046180681625280286,36.5,1,0,0.0,0.0,0,0.0,0
YHR143W,1,0.0,0.0,0.24817219047868072,4.542535519622266e-05,0.00046152929346694174,72.0,1,0,0.0,0.0,0,0.0,0
YJL062W,3,0.0,6.513377509928489e-06,0.25879000547978376,7.986825331266799e-05,0.0006415923549573121,47.333333333333336,3,0,0.0,0.0,0,0.0,0
YMR065W,7,0.047619047619047616,0.00016563016214650862,0.2665724385804905,0.00015900442053141302,0.0013273981090368198,21.285714285714285,5,2,23.0,32.0,31,1.0,0
YNR033W,2,0.0,1.2158807030488186e-05,0.25728773122625376,6.421543113385897e-05,0.0008910465080172922,74.0,2,0,0.0,0.0,0,0.0,0
YER119C,3,0.0,0.00022688884226439526,0.2639731711405816,0.0001236772652892172,0.0008425456981269797,74.66666666666667,2,0,0.0,0.0,0,0.0,0
YKL055C,1,0.0,0.0,0.2084819954231468,6.480661023884256e-05,2.064072071422134e-05,3.0,1,0,0.0,0.0,0,0.0,0
YLR305C,6,0.0,6.089091568919777e-05,0.2649647114617636,0.0001473337128907239,0.0012398821472392367,22.333333333333332,4,0,0.0,0.0,0,0.0,1
YNL027W,7,0.047619047619047616,0.00022958677209423788,0.2674407527126745,0.0001795705283756487,0.002471019435439588,25.428571428571427,4,2,10.5,12.0,18,0.7647058823529411,0
YER121W,1,0.0,0.0,0.23976078204079923,5.3043097840996495e-05,0.00012158139249151383,40.0,1,0,0.0,0.0,0,0.0,0
YER176W,1,0.0,0.0,0.20977436548901593,4.796522794210506e-05,0.0001147811385594445,8.0,1,5,132.4,559.0,610,0.8446256965194218,0
YHR003C,3,0.0,0.00019317349047017594,0.26848734727405676,9.425503419790445e-05,0.0009519706346932324,97.66666666666667,3,0,0.0,0.0,0,0.0,0
YFR022W,2,0.0,7.370052195686333e-06,0.25695772284902035,6.751795521508249e-05,0.0008203153798406755,45.0,2,0,0.0,0.0,0,0.0,0
YHR097C,2,0.0,2.8905607672653513e-06,0.2664164570482608,5.988308718940863e-05,0.0017157820897362082,60.5,2,0,0.0,0.0,0,0.0,0
YKL020C,4,0.0,7.478505076152703e-05,0.2712207828468675,0.00010037137596476074,0.0015860764372201024,36.0,3,0,0.0,0.0,0,0.0,0
YKR018C,1,0.0,0.0,0.25173978266148556,4.540075086218137e-05,0.00076045375905968,62.0,1,0,0.0,0.0,0,0.0,0
YLR392C,3,0.3333333333333333,1.3762073301539233e-05,0.2775946666694521,8.417659837569035e-05,0.0018161549443007421,118.66666666666667,3,0,0.0,0.0,0,0.0,0
YML111W,8,0.03571428571428571,2.1799568030818582e-05,0.28395299784841,0.0001407442661266309,0.004607679642877446,45.75,8,2,30.0,58.0,57,1.0,0
YMR171C,1,0.0,0.0,0.25173978266148556,4.540075086218137e-05,0.00076045375905968,62.0,1,0,0.0,0.0,0,0.0,0
YMR275C,5,0.1,4.531078418553457e-05,0.27485253957031364,0.00010350610971471735,0.0036918674938205783,52.6,5,2,30.0,58.0,57,1.0,0
YOR018W,4,0.16666666666666666,0.00020287881418136749,0.26256162390827026,0.00012031396004919928,0.001976492793934852,31.75,3,0,0.0,0.0,0,0.0,0
YOR340C,3,0.3333333333333333,1.4441823755242302e-06,0.26139681503393813,8.1053647450786e-05,0.0014601841915092698,37.666666666666664,3,3,77.33333333333333,195.0,194,1.0,1
YOR385W,1,0.0,0.0,0.25173978266148556,4.540075086218137e-05,0.00076045375905968,62.0,1,0,0.0,0.0,0,0.0,0
YHR204W,6,0.0,2.655926904910226e-05,0.25029300230136203,0.00014063381394668605,0.0007348977175150847,12.5,5,0,0.0,0.0,0,0.0,0
YER128W,1,0.0,0.0,0.1992426692147136,5.4995248210787526e-05,1.9087885081874367e-05,8.0,1,0,0.0,0.0,0,0.0,0
YPR173C,8,0.03571428571428571,0.0007469013402680326,0.24933354786928139,0.0002392846770393622,0.0007792541287047816,8.5,4,2,49.0,95.0,94,1.0,0
YLR420W,2,0.0,3.963049945247627e-06,0.2696292315504848,6.630066908731577e-05,0.0011524406952459127,148.0,2,0,0.0,0.0,0,0.0,0
YER131W,4,0.0,0.00014550946534864934,0.2593125699518616,0.00012575549924164492,0.0011725192033287936,35.0,3,7,227.28571428571428,559.0,589,0.9439786101197695,0
YLR435W,5,0.0,0.00041135951231611973,0.21943405958860213,0.000244184930154051,9.066559448408837e-05,2.8,2,0,0.0,0.0,0,0.0,0
YHR100C,1,0.0,0.0,0.2548007212072779,4.26286968144524e-05,0.0019243858593744505,124.0,1,0,0.0,0.0,0,0.0,0
YOR227W,4,0.3333333333333333,4.765325919622234e-05,0.27571500005781746,8.5713237348549e-05,0.004208880609929743,79.75,4,2,452.5,559.0,558,1.0,0
YPL137C,2,0.0,1.1708071381768094e-06,0.26575204160300625,5.534467457883461e-05,0.002936488777584272,86.0,2,2,452.5,559.0,558,1.0,1
YFL005W,7,0.3333333333333333,1.6205481731816948e-05,0.2607028773124905,0.00014365724253834932,0.001187177079016303,17.0,6,1,3.0,3.0,2,1.0,1
YGL210W,5,0.2,1.2887253807388321e-05,0.24409606082709112,0.00012075624369672981,0.00038400424180030695,15.6,4,0,0.0,0.0,0,0.0,0
YER137C,1,0.0,0.0,0.20479076611262084,5.233446552334644e-05,1.884703927506659e-05,6.0,1,0,0.0,0.0,0,0.0,0
YER139C,2,0.0,2.2453977937180727e-06,0.24944531208537976,5.59591828005744e-05,0.00112877732062785,47.0,2,0,0.0,0.0,0,0.0,0
YOR034C,3,0.0,1.3814543067438999e-05,0.2164748865858513,9.209855679475693e-05,5.9237776088625266e-05,5.666666666666667,3,0,0.0,0.0,0,0.0,0
YIL056W,1,0.0,0.0,0.20422292350555601,5.451771514835788e-05,1.8086220522586654e-05,5.0,1,0,0.0,0.0,0,0.0,0
YPL090C,1,0.0,0.0,0.23284964322145404,4.593389451090118e-05,0.00027866774422640264,36.0,1,8,204.625,559.0,589,0.9439786101197695,0
YKL058W,5,0.4,0.00019212257653614513,0.27092734913178923,0.00012284245725271986,0.001619406766202341,53.6,5,4,101.0,195.0,264,0.7423378269385874,1
YNL039W,6,0.2,5.188341769296743e-05,0.2704445691479159,0.0001336396999640659,0.0028678689533358248,24.0,5,3,110.33333333333333,195.0,255,0.7764397097421646,1
YOR194C,6,0.26666666666666666,3.982156734046143e-05,0.2611378578679939,0.00015196708163416856,0.0008941543832072152,29.833333333333332,5,4,101.0,195.0,264,0.7423378269385874,1
YIL040W,2,0.0,2.1138763638622856e-06,0.22784964178382489,7.123218029382449e-05,0.00012953279526916578,11.0,2,0,0.0,0.0,0,0.0,0
YKL034W,1,0.0,0.0,0.21414242244100629,5.241660836660345e-05,3.1541156723231644e-05,9.0,1,0,0.0,0.0,0,0.0,0
YER152C,1,0.0,0.0,0.21779278900896917,6.293594046456708e-05,5.217289231996211e-05,3.0,1,0,0.0,0.0,0,0.0,0
YJL107C,3,0.0,0.00020514316586414227,0.2790796264376605,0.00011729615788485213,0.0021296447658540377,108.33333333333333,2,0,0.0,0.0,0,0.0,0
YER153C,2,0.0,5.810101363839475e-06,0.20764357280473694,0.00012144654197129048,1.9477658289833783e-05,2.5,2,3,97.66666666666667,266.0,265,1.0,0
YGR222W,3,0.0,0.0003447988066469558,0.25452878874067464,0.0001660325857242928,0.0006265153926402562,51.666666666666664,2,6,75.33333333333333,266.0,389,0.7843929716693611,0
YJL170C,2,0.0,5.2136368347356973e-05,0.2347156704494449,0.0001024704082450857,0.00016850656129220365,29.0,2,0,0.0,0.0,0,0.0,0
YGR080W,7,0.0,0.0002619374507490523,0.28459841891409565,0.0001706807596515712,0.003984997978547646,49.42857142857143,5,3,43.666666666666664,73.0,72,1.0,0
YHL031C,2,1.0,0.0,0.22617246098492844,6.412391414421976e-05,8.076291776682702e-05,16.5,2,3,40.666666666666664,95.0,94,1.0,0
YPR105C,13,0.0641025641025641,0.0005121713363549607,0.28168520675198283,0.0002783386377271835,0.0014837753919007886,17.53846153846154,7,3,41.333333333333336,95.0,94,1.0,1
YPL253C,4,0.0,8.093696492339971e-05,0.23307720476778923,0.00012049926907395535,0.00017248764320226776,6.5,3,1,6.0,6.0,5,1.0,0
YLR389C,3,0.0,2.528233485567064e-06,0.2550602452663605,7.380207858430707e-05,0.001492949364197477,20.666666666666668,3,0,0.0,0.0,0,0.0,0
YLR167W,1,0.0,0.0,0.20535335503916746,4.906367259229912e-05,5.119645674208587e-05,7.0,1,7,227.28571428571428,559.0,589,0.9439786101197695,1
YER163C,1,0.0,0.0,0.19858695384814654,6.162125523559051e-05,1.3416372145690281e-05,9.0,1,0,0.0,0.0,0,0.0,0
YNL255C,2,0.0,8.872365135508962e-06,0.25015548554269296,6.562773165111303e-05,0.0008594019713161254,37.0,2,0,0.0,0.0,0,0.0,0
YER166W,3,0.0,7.793922149335316e-05,0.25128508233657393,7.811673034956772e-05,0.0004686085902368496,22.666666666666668,3,0,0.0,0.0,0,0.0,0
YGR229C,5,0.0,0.0006866333316562422,0.27092734913178923,0.00011918265241791246,0.0037690289386357765,36.0,4,0,0.0,0.0,0,0.0,0
YER168C,2,0.0,5.658453016213619e-06,0.244286556240867,6.514617412890563e-05,0.0008289673347347047,28.5,2,0,0.0,0.0,0,0.0,1
YER169W,1,0.0,0.0,0.00019630938358853554,0.00019627085377821394,6.463110539297873e-30,1.0,1,0,0.0,0.0,0,0.0,0
YPL071C,1,0.0,0.0,0.00019630938358853554,0.00019627085377821394,6.463110539297873e-30,1.0,1,0,0.0,0.0,0,0.0,0
YER170W,1,0.0,0.0,0.23976078204079923,5.3043097840996495e-05,0.00012158139249151383,40.0,1,0,0.0,0.0,0,0.0,0
YOR142W,2,0.0,1.319039623800664e-07,0.2573935130049468,5.424055179350396e-05,0.004632830686687185,86.5,2,1,2.0,2.0,1,0.0,0
YHR156C,6,0.06666666666666667,0.00034274322653056086,0.2896179365090068,0.00014368303095398105,0.0031868404815391725,71.83333333333333,5,9,96.11111111111111,559.0,629,0.7997934239972456,0
YHR079C-A,3,0.0,0.00013085513550296302,0.2820024198226495,8.388274844538697e-05,0.002771133288023198,146.33333333333334,3,1,2.0,2.0,1,0.0,0
YER174C,3,0.3333333333333333,9.098256156650926e-06,0.25016798082169106,8.699217253979241e-05,0.001800317950440387,25.0,3,0,0.0,0.0,0,0.0,0
YER175C,1,0.0,0.0,0.2000544428220593,6.307613070234464e-05,1.1152708523850553e-05,4.0,1,0,0.0,0.0,0,0.0,0
YIL028W,2,0.0,2.6043582394637855e-06,0.26060791841243913,6.562695324963783e-05,0.002056172938660406,52.0,2,0,0.0,0.0,0,0.0,0
YKL140W,4,0.16666666666666666,3.7190971751694503e-06,0.2785209084668143,8.550270867895717e-05,0.00502712901898849,65.0,4,0,0.0,0.0,0,0.0,0
YKL124W,1,0.0,0.0,0.23997905970533084,4.38074171939232e-05,0.0005697842563722309,28.0,1,0,0.0,0.0,0,0.0,0
YGR085C,2,0.0,3.425853350184032e-06,0.25986421294299045,6.293935600168047e-05,0.002338990660549577,74.5,2,6,258.8333333333333,559.0,589,0.9439786101197695,0
YJL125C,2,0.0,0.0003911250736304732,0.24366853050745624,0.00010995476988261775,0.0015509997186188126,26.0,1,1,2.0,2.0,1,0.0,1
YER180C,2,0.0,2.982002923765242e-06,0.2415531482613222,7.0311853556309e-05,0.0003776821522688557,30.5,2,0,0.0,0.0,0,0.0,0
YER184C,1,0.0,0.0,0.24136689041206047,4.902972234547256e-05,0.00021637787246339444,71.0,1,0,0.0,0.0,0,0.0,0
YER186C,1,0.0,0.0,0.24920948281088,4.2773995666296174e-05,0.0018158529160777895,83.0,1,0,0.0,0.0,0,0.0,0
YER188W,1,0.0,0.0,0.22345794744345937,4.955664535374483e-05,8.969290558256283e-05,19.0,1,0,0.0,0.0,0,0.0,0
YFL002C,4,0.5,2.1584434611099624e-05,0.2607028773124905,9.155245588450062e-05,0.0032880325633663295,53.0,4,0,0.0,0.0,0,0.0,1
YNL272C,4,0.0,0.00010898657044865789,0.26532967662906626,9.429232295080279e-05,0.0023607701013289573,42.5,4,0,0.0,0.0,0,0.0,1
YKL159C,3,0.0,4.0407052333707005e-06,0.2553984179525882,7.72686786202971e-05,0.0010464646761832704,26.333333333333332,3,1,4.0,4.0,3,1.0,0
YPL059W,5,0.1,0.00014625393145907935,0.25633959341029044,0.0001311288433812452,0.0010060264778896865,21.2,4,0,0.0,0.0,0,0.0,0
YFL011W,2,0.0,3.6131120528919616e-06,0.21415157891350986,7.35008606391738e-05,5.119676958642948e-05,6.0,2,0,0.0,0.0,0,0.0,0
YFL012W,2,1.0,0.0,0.26327934479578696,6.347687959497834e-05,0.0011077660695125828,95.0,2,0,0.0,0.0,0,0.0,0
YJR084W,2,0.0,1.14447152467187e-06,0.23974930474151532,5.804265475472811e-05,0.0005123136128896297,34.0,2,3,8.0,16.0,19,0.672514619883041,0
YPR057W,2,1.0,0.0,0.2399560643948953,5.734519198719369e-05,0.00047221551524824615,36.0,2,7,142.57142857142858,559.0,619,0.8502282102357388,0
YJR051W,1,0.0,0.0,0.2465594927411143,4.242858222450118e-05,0.001143316963387569,49.0,1,0,0.0,0.0,0,0.0,0
YGR072W,5,0.1,0.00029468264081774164,0.24260622825277345,0.0001746032107131282,0.00024253388227058178,7.2,3,3,192.33333333333334,559.0,558,1.0,0
YFL021W,6,0.06666666666666667,3.004307260528121e-05,0.25393515063886096,0.00014848662171718273,0.0010486464194784202,16.166666666666668,5,0,0.0,0.0,0,0.0,0
YLR068W,2,0.0,2.175039468727475e-05,0.2677839371250738,7.242051581930144e-05,0.000924765056676805,143.0,2,0,0.0,0.0,0,0.0,0
YLR060W,1,0.0,0.0,0.20577521574634353,5.204340694522698e-05,0.00012163911518878069,6.0,1,2,2.5,3.0,2,1.0,1
YFL026W,6,0.0,0.00042642258964751867,0.25741997204205674,0.000164329698449599,0.0009946849663682508,22.833333333333332,4,0,0.0,0.0,0,0.0,0
YGR141W,3,0.0,3.836511505292073e-05,0.2563264740288784,0.00010165125631876802,0.0008500855684919808,35.0,2,0,0.0,0.0,0,0.0,0
YIL077C,2,0.0,4.301730762033274e-06,0.23702617018695007,6.75059165250174e-05,0.0002569864850471314,18.5,2,0,0.0,0.0,0,0.0,0
YIR016W,2,1.0,0.0,0.2502679880097069,5.739679897579643e-05,0.0013977825883434015,29.5,2,0,0.0,0.0,0,0.0,0
YFL034W,2,0.0,1.1987713986795308e-06,0.25039310949156357,6.024872054562117e-05,0.0010261098937800804,26.5,2,0,0.0,0.0,0,0.0,0
YFL036W,2,0.0,1.22293483656682e-05,0.20503389593688356,9.819791082664288e-05,1.7630922054762494e-05,4.0,2,1,2.0,2.0,1,0.0,0
YMR228W,3,0.0,5.034684182130658e-06,0.2027266940315829,0.00015028244549521215,1.419662555821005e-05,3.0,2,1,2.0,2.0,1,0.0,0
YOR265W,4,0.16666666666666666,1.4989408614586228e-05,0.29047459552547583,9.287141559976921e-05,0.00524347068630933,117.25,4,3,39.666666666666664,73.0,72,1.0,0
YIL138C,1,0.0,0.0,0.2615469724816051,4.209497867505134e-05,0.002617187833047289,126.0,1,3,43.666666666666664,73.0,72,1.0,0
YOR122C,6,0.13333333333333333,0.00042421611308936566,0.29064316249131006,0.00016206241554083637,0.004488345013585972,77.0,5,3,43.666666666666664,73.0,72,1.0,1
YMR266W,2,0.0,3.092499739323342e-05,0.24875151366098416,7.038489341348091e-05,0.0016545862099731769,43.5,2,0,0.0,0.0,0,0.0,0
YFL042C,3,0.3333333333333333,3.204023742781365e-05,0.26798453507679676,7.680835529773229e-05,0.003416717596931959,86.33333333333333,3,0,0.0,0.0,0,0.0,0
YFL044C,1,0.0,0.0,0.17030034941855401,8.740107890771042e-05,4.969059364447177e-07,3.0,1,0,0.0,0.0,0,0.0,0
YOL152W,2,0.0,2.2357424013687347e-05,0.24440576693588986,7.369984210841445e-05,0.0002840412183135118,61.0,2,0,0.0,0.0,0,0.0,0
YFL050C,2,0.0,2.6682847048261982e-05,0.24708253458560706,6.813234736268924e-05,0.00037580974352559906,46.5,2,0,0.0,0.0,0,0.0,0
YFL051C,2,0.0,0.0,0.00039261876717707107,0.00030154011692822024,4.062999385087866e-28,1.0,1,0,0.0,0.0,0,0.0,0
YKL026C,1,0.0,0.0,0.00026174584478471405,0.0001436362222032108,2.8729744171524027e-28,2.0,1,0,0.0,0.0,0,0.0,0
YNL316C,1,0.0,0.0,0.00026174584478471405,0.0001436362222032108,2.8729744171524027e-28,2.0,1,0,0.0,0.0,0,0.0,0
YFL052W,2,0.0,0.0001955625368152366,0.1956238956351166,0.0001639341173135961,3.8011970364626954e-05,1.5,1,0,0.0,0.0,0,0.0,0
YFL054C,2,0.0,1.4524215750107662e-05,0.2670984468055173,5.6525666837587216e-05,0.00312118888005663,113.0,2,0,0.0,0.0,0,0.0,0
YFL056C,2,0.0,4.6001382410871446e-07,0.23833458532646118,6.392178415305128e-05,0.00018145139999367583,15.0,2,0,0.0,0.0,0,0.0,0
YMR095C,3,1.0,0.0,0.22727063466217068,9.232908939783819e-05,0.00026817314467246267,8.0,3,1,2.0,2.0,1,0.0,0
YMR096W,6,0.4,3.3496568704319964e-05,0.24985597286356973,0.00016312660836072322,0.0006367196130349953,12.166666666666666,4,1,2.0,2.0,1,0.0,0
YMR322C,4,0.5,4.112757834348309e-06,0.23531117158664985,0.00011350130404283286,0.00035088428116666627,7.5,4,0,0.0,0.0,0,0.0,0
YNL334C,6,0.06666666666666667,2.5933223944675782e-05,0.2646007489460194,0.00014273941266555704,0.0022957596500651854,24.5,5,0,0.0,0.0,0,0.0,0
YOR071C,2,0.0,3.059756138611777e-06,0.22660225210615578,6.469241983602262e-05,7.611338534558646e-05,21.0,2,0,0.0,0.0,0,0.0,0
YOR079C,4,0.0,0.00023068505563522785,0.25190438467207804,9.744807091894932e-05,0.0003955333976683731,43.0,4,0,0.0,0.0,0,0.0,0
YOR092W,4,0.0,1.2518568265678162e-05,0.24055537829251944,0.00010049272389063617,0.000200337270624886,18.5,3,0,0.0,0.0,0,0.0,0
YFL063W,1,0.0,0.0,0.24288860213628782,4.7275225828631454e-05,0.0004199466907811517,69.0,1,0,0.0,0.0,0,0.0,0
YLR415C,1,0.0,0.0,0.00019630938358853554,0.00019627085377821394,6.463110539297873e-30,1.0,1,0,0.0,0.0,0,0.0,0
YIL149C,4,0.0,3.0792302443428007e-06,0.2596755833489011,8.780864260440644e-05,0.00235578611391518,35.5,4,2,309.0,559.0,613,0.8374063056435189,0
YLR178C,4,0.5,1.9435358975181436e-07,0.24682681859199915,9.178370537369387e-05,0.0007269489434871724,23.0,4,0,0.0,0.0,0,0.0,0
YIL064W,1,0.0,0.0,0.20817869216270077,5.171760962034046e-05,7.377399057993489e-05,7.0,1,0,0.0,0.0,0,0.0,0
YOR147W,3,0.0,1.5667165762512848e-05,0.2571028221791712,8.557577568358343e-05,0.0007525903770648595,39.333333333333336,3,0,0.0,0.0,0,0.0,0
YPL179W,5,0.1,4.9117437781594e-05,0.26811364968149115,0.0001326970696944051,0.0017402500471976328,44.2,4,0,0.0,0.0,0,0.0,0
YIR011C,2,0.0,9.468093466650994e-06,0.2693971801436316,5.7524604347665865e-05,0.002431713167732114,122.5,2,0,0.0,0.0,0,0.0,1
YFR006W,1,0.0,0.0,0.24817219047868072,4.354702494021829e-05,0.0008169010258828485,75.0,1,0,0.0,0.0,0,0.0,0
YLR395C,1,0.0,0.0,0.21841014242947343,4.9102612813609325e-05,8.390606483881163e-05,8.0,1,3,26.333333333333332,56.0,56,0.9707792207792207,0
YFR011C,3,0.0,1.4387339557138491e-05,0.26414023395655584,7.603424728418442e-05,0.0017560480854560232,45.333333333333336,3,0,0.0,0.0,0,0.0,0
YKL119C,6,0.06666666666666667,0.00020868606858621069,0.25678645283276536,0.00014940401797771226,0.0009101847704623869,12.666666666666666,4,2,4.5,7.0,6,1.0,0
YJL137C,4,0.5,2.474889079035077e-06,0.23872082821974522,0.00010193745763688146,0.0006015616097714342,12.0,3,0,0.0,0.0,0,0.0,0
YPL219W,4,0.5,4.031811709625266e-05,0.27611020321132673,9.570535300605442e-05,0.0021726393752247363,91.25,4,4,11.75,25.0,30,0.7655172413793103,0
YOR010C,3,0.0,0.00019606562315771205,0.24002506355076464,0.00011113243622281848,0.000661745951667255,11.666666666666666,2,0,0.0,0.0,0,0.0,0
YJL212C,1,0.0,0.0,0.21945328963501248,5.5796928090305636e-05,7.237888072334804e-05,5.0,1,0,0.0,0.0,0,0.0,0
YFR018C,1,0.0,0.0,0.18638543321983758,5.992181434897176e-05,5.6557476083987135e-06,3.0,1,0,0.0,0.0,0,0.0,0
YLR094C,4,0.0,0.0004311624852831174,0.2800314775538303,0.0001079233072881261,0.0017677702015422157,94.75,4,0,0.0,0.0,0,0.0,0
YNL242W,2,0.0,1.6201277355263193e-05,0.2536008393361818,6.166014378286713e-05,0.0010343815334134326,49.5,2,0,0.0,0.0,0,0.0,0
YGR241C,9,0.16666666666666666,0.0002703918881804195,0.29410787339539934,0.0001772466563986602,0.0046333972959182596,68.55555555555556,9,0,0.0,0.0,0,0.0,0
YHL027W,7,0.0,0.0003704717569281638,0.27968743932820994,0.00015665115368594724,0.0028258228663836987,52.142857142857146,5,0,0.0,0.0,0,0.0,0
YHR182W,3,0.0,7.13400761257934e-06,0.267283753658355,7.823872198343809e-05,0.001634177424854339,66.66666666666667,3,0,0.0,0.0,0,0.0,0
YJL045W,2,0.0,9.177098760023971e-06,0.2480001473656972,6.991451045282806e-05,0.0005255329125889472,46.0,2,0,0.0,0.0,0,0.0,0
YLR422W,2,0.0,6.2982823209294295e-06,0.25402530817864954,6.155979402691191e-05,0.0008173294867221433,55.0,2,0,0.0,0.0,0,0.0,0
YNL065W,1,0.0,0.0,0.24641392256089817,4.552108734021323e-05,0.0005166238517202495,86.0,1,0,0.0,0.0,0,0.0,0
YOL107W,3,0.0,0.00021509975574279984,0.24809842849607444,0.00012225158104615404,0.0005289163264071502,32.333333333333336,2,0,0.0,0.0,0,0.0,0
YOR247W,5,0.4,1.3703942244081e-05,0.2672980186823,0.00010776793654291612,0.002621943369622648,58.2,5,0,0.0,0.0,0,0.0,0
YPR097W,1,0.0,0.0,0.24641392256089817,4.552108734021323e-05,0.0005166238517202495,86.0,1,0,0.0,0.0,0,0.0,0
YFR026C,2,0.0,5.785077420215543e-06,0.25252674714114126,6.671753211760529e-05,0.0004857665977479729,45.0,2,0,0.0,0.0,0,0.0,0
YMR076C,2,0.0,6.310132575584555e-07,0.25088228102240423,6.631322105008851e-05,0.0010228604956338393,32.0,2,0,0.0,0.0,0,0.0,1
YKL001C,4,0.16666666666666666,3.519098635808357e-05,0.2761406503859654,8.94588402900462e-05,0.003989985417233745,64.25,4,0,0.0,0.0,0,0.0,0
YKL150W,3,0.0,0.00015207724251162816,0.273427033687299,8.319884818531086e-05,0.0024955886537671775,76.33333333333333,3,0,0.0,0.0,0,0.0,0
YNL001W,5,0.1,9.526029887569456e-06,0.2689631585870928,9.984245077468271e-05,0.003247412010167444,41.6,4,0,0.0,0.0,0,0.0,0
YOR032C,2,0.0,4.527032201506514e-06,0.2621356105961612,6.528236167135026e-05,0.0019401664393429575,50.5,2,0,0.0,0.0,0,0.0,0
YOR093C,3,0.3333333333333333,2.5603954928690825e-05,0.2731139151516117,7.336150003762679e-05,0.002980028530163126,65.0,3,0,0.0,0.0,0,0.0,0
YPR042C,1,0.0,0.0,0.2610289767055952,4.273718454103708e-05,0.001898042091906411,97.0,1,0,0.0,0.0,0,0.0,0
YPR069C,3,0.0,6.52637993093909e-05,0.2685161363955745,8.627620433923657e-05,0.0031226606654177,52.0,2,0,0.0,0.0,0,0.0,0
YFR029W,1,0.0,0.0,0.24170469456349863,4.280703283921974e-05,0.0007188539292851015,29.0,1,0,0.0,0.0,0,0.0,1
YFR033C,1,0.0,0.0,0.23244978075049916,4.530067844452543e-05,0.0003474473165104814,29.0,1,2,33.0,56.0,55,1.0,0
YJR031C,2,0.0,4.074829902222696e-06,0.2372619724312026,6.222966098785708e-05,0.00029588908137537077,16.5,2,0,0.0,0.0,0,0.0,0
YML127W,3,0.0,0.00019748897599097698,0.23452882116835658,0.00011469619704095857,0.0002772154650815547,14.333333333333334,2,2,50.0,83.0,82,1.0,1
YFR039C,2,0.0,7.797723091776202e-06,0.2559465952601316,5.8649157439837074e-05,0.0012130705739279153,46.5,2,0,0.0,0.0,0,0.0,0
YFR042W,4,0.0,8.478537915370998e-05,0.2636535573831467,0.00010714294505262192,0.0015840571595360324,44.75,3,0,0.0,0.0,0,0.0,1
YFR045W,1,0.0,0.0,0.2005832422624156,5.479901432113848e-05,3.50881885972563e-05,5.0,1,0,0.0,0.0,0,0.0,0
YKR067W,2,1.0,0.0,0.25421871864627454,5.745434025204985e-05,0.0029020497133952616,62.5,2,0,0.0,0.0,0,0.0,0
YJR133W,4,0.0,0.00027252161675275994,0.2971793138343473,0.00010188881799427508,0.003782441597001879,162.5,4,0,0.0,0.0,0,0.0,0
YGL005C,2,0.0,2.349716907635371e-05,0.25568526526701324,6.506717817774619e-05,0.000636242103982826,58.5,2,7,35.857142857142854,95.0,163,0.5252594107399834,0
YNL328C,2,0.0,0.0002514605052333336,0.24956961212130033,8.051416954868666e-05,0.00043763695274750153,64.0,2,2,9.0,11.0,10,1.0,0
YGL009C,2,0.0,7.767137547343367e-07,0.23370802501401097,6.067301868709137e-05,0.00035835000485464843,15.5,2,0,0.0,0.0,0,0.0,0
YGL010W,2,0.0,6.57342652946654e-05,0.24949501723872944,9.208572591796037e-05,0.0004307360121103413,63.5,2,0,0.0,0.0,0,0.0,0
YPL144W,10,0.24444444444444444,6.855698344514211e-05,0.26033698804710753,0.00019900377852228506,0.0015636183889813741,18.7,8,0,0.0,0.0,0,0.0,0
YGL014W,3,0.0,9.992662707639022e-05,0.24571274964677697,9.279820241028458e-05,0.00047571996246749523,22.0,2,0,0.0,0.0,0,0.0,1
YNL231C,2,0.0,7.07207323427295e-05,0.24340799844723246,7.213699591595738e-05,0.0005655450269232107,37.0,2,0,0.0,0.0,0,0.0,0
YGL015C,1,0.0,0.0,0.22694109275681976,4.7996046252618725e-05,0.00016217412511180412,9.0,1,0,0.0,0.0,0,0.0,0
YGL017W,1,0.0,0.0,0.24693634631940908,4.256109537820585e-05,0.0012491389116404078,59.0,1,0,0.0,0.0,0,0.0,0
YGL018C,1,0.0,0.0,0.2576318403318032,4.805030359999908e-05,0.0008178154132161975,176.0,1,0,0.0,0.0,0,0.0,1
YMR172W,6,0.6,9.003771837723436e-06,0.2691076769679359,0.00011206998733044238,0.003182434003597238,48.833333333333336,6,0,0.0,0.0,0,0.0,0
YNL087W,1,0.0,0.0,0.2326765610244021,4.34669406656373e-05,0.000308231756056885,36.0,1,0,0.0,0.0,0,0.0,0
YGL021W,3,0.0,1.3056830761583071e-05,0.21958799439013743,0.00010554197180722493,7.531433898794567e-05,3.6666666666666665,2,0,0.0,0.0,0,0.0,0
YLR133W,4,0.16666666666666666,0.0001359157531785596,0.2617930571350298,0.00010694471952904316,0.0014866312661177558,38.0,3,0,0.0,0.0,0,0.0,0
YGL023C,1,0.0,0.0,0.2529220773684605,4.2014255963683715e-05,0.0016455445594185816,84.0,1,0,0.0,0.0,0,0.0,0
YNR002C,2,0.0,0.0001955625368152366,0.20086480211960595,0.00015047761003228688,1.0976269261555018e-05,2.0,1,0,0.0,0.0,0,0.0,0
YGL029W,1,0.0,0.0,0.23315315749035218,4.465297110399264e-05,0.0003074365638943769,16.0,1,0,0.0,0.0,0,0.0,1
YGL030W,2,0.0,2.125232719634208e-05,0.2584427976701716,6.792429876569467e-05,0.0008358183289093388,91.0,2,6,258.8333333333333,559.0,589,0.9439786101197695,1
YGL032C,1,0.0,0.0,0.19851611146102718,7.669641741084795e-05,1.131966914446518e-05,2.0,1,0,0.0,0.0,0,0.0,0
YGL037C,4,0.5,0.00011721396287209425,0.2862085248328622,9.510265402533263e-05,0.003532862668679235,124.25,4,0,0.0,0.0,0,0.0,0
YGL038C,1,0.0,0.0,0.19244430263401557,5.1515162525628085e-05,1.4046606597499611e-05,6.0,1,0,0.0,0.0,0,0.0,0
YGL040C,3,0.3333333333333333,3.5041445237333225e-06,0.2766440000027759,7.380943945940445e-05,0.0053385493934118055,146.66666666666666,3,0,0.0,0.0,0,0.0,1
YGR004W,4,0.3333333333333333,0.00011810292925272712,0.26904985098309186,0.00010208979349179747,0.0010513451500042798,58.75,4,0,0.0,0.0,0,0.0,0
YGL045W,1,0.0,0.0,0.26695607782369035,5.134682951460989e-05,0.000899077839957782,280.0,1,0,0.0,0.0,0,0.0,0
YGL047W,1,0.0,0.0,0.24942046693477368,5.221957558451782e-05,0.0004299173823167175,125.0,1,1,2.0,2.0,1,0.0,1
YLL034C,7,0.19047619047619047,1.8921068193046452e-05,0.28056484096410594,0.00011965051837950098,0.007361235520331921,54.0,7,0,0.0,0.0,0,0.0,1
YGL050W,1,0.0,0.0,0.2411925343631233,4.5196324514128066e-05,0.0007841257078647974,47.0,1,0,0.0,0.0,0,0.0,0
YMR011W,2,0.0,1.1185421159173513e-07,0.23198679772338945,5.683727629598885e-05,0.00026977022391639645,46.0,2,0,0.0,0.0,0,0.0,0
YJL134W,2,0.0,2.2845472189263766e-05,0.2584961536025938,7.025675638732106e-05,0.0008297901573372592,93.0,2,0,0.0,0.0,0,0.0,0
YKL153W,2,0.0,5.291484358501583e-06,0.24109964742936768,7.01270666671283e-05,0.00016956224064675643,19.0,2,0,0.0,0.0,0,0.0,1
YOL080C,1,0.0,0.0,0.2093272162522049,5.001798334603182e-05,2.532933594781344e-05,9.0,1,0,0.0,0.0,0,0.0,0
YGL059W,1,0.0,0.0,0.20325323550384541,6.086098090384966e-05,3.7350055254111765e-05,3.0,1,0,0.0,0.0,0,0.0,0
YIL042C,3,0.0,0.00020327564967211338,0.2556461117885894,0.000110631035948496,0.001524819553553596,35.0,2,1,7.0,7.0,6,1.0,0
YIR004W,2,0.0,4.703517703572442e-06,0.24456091489087628,6.373827859983518e-05,0.00038699952131448373,29.5,2,0,0.0,0.0,0,0.0,1
YJL179W,3,0.0,1.5697471717505676e-05,0.2484430267399303,8.792439563276999e-05,0.0006138975186138445,39.333333333333336,3,2,6.5,7.0,6,1.0,0
YGL064C,1,0.0,0.0,0.21784015380149865,5.0966992438642076e-05,6.915233157366638e-05,32.0,1,0,0.0,0.0,0,0.0,0
YGL069C,1,0.0,0.0,0.26695607782369035,5.134682951460989e-05,0.000899077839957782,280.0,1,0,0.0,0.0,0,0.0,1
YJL190C,2,0.0,1.4154398909910675e-05,0.24699723706910565,6.701378301780826e-05,0.0004730164058556351,34.0,2,7,227.28571428571428,559.0,589,0.9439786101197695,0
YKL036C,3,0.0,1.5151478049322278e-05,0.2435618818290257,0.00010137333519613027,0.000301223743129716,23.0,2,0,0.0,0.0,0,0.0,1
YKL086W,2,0.0,1.7028131358959084e-05,0.23422171706730838,8.112755320323483e-05,0.00017546769968207078,30.0,2,0,0.0,0.0,0,0.0,0
YKL190W,5,0.0,8.258507249654346e-05,0.2609337801422453,0.0001221510367440029,0.00149785978429681,22.4,4,2,3.5,4.0,3,1.0,0
YGL073W,3,0.0,1.3592773234689058e-05,0.24548392197089772,8.274178026880526e-05,0.0004467711466036491,20.0,3,0,0.0,0.0,0,0.0,1
YGL077C,1,0.0,0.0,0.2252265582610179,4.279774970035808e-05,0.00014249590192080936,62.0,1,0,0.0,0.0,0,0.0,0
YGL083W,1,0.0,0.0,0.20859487613703687,4.535122273334844e-05,3.1986390877623964e-05,15.0,1,0,0.0,0.0,0,0.0,0
YGL084C,6,0.0,0.00048192283171535894,0.2789242022750198,0.00016704489962443537,0.0013776332251565484,62.333333333333336,4,0,0.0,0.0,0,0.0,1
YLR308W,1,0.0,0.0,0.21769812118796206,5.315279209793348e-05,3.379703421928373e-05,6.0,1,0,0.0,0.0,0,0.0,0
YOL081W,3,0.0,1.2799113679463338e-05,0.2635148361596472,7.900267274694038e-05,0.0022155757834441446,54.0,3,0,0.0,0.0,0,0.0,0
YOR220W,6,0.06666666666666667,8.063273147546845e-05,0.2711620452653089,0.00012922111199744544,0.00351500410831612,41.666666666666664,5,0,0.0,0.0,0,0.0,0
YHR036W,1,0.0,0.0,0.22587665070356988,4.502055361260221e-05,0.00014545813647581817,20.0,1,0,0.0,0.0,0,0.0,1
YGL094C,2,0.0,1.3181679380692518e-06,0.228556700408445,6.849122378940575e-05,0.0001595955746632842,9.0,2,1,2.0,2.0,1,0.0,0
YKL025C,6,0.0,0.0006856354156181307,0.2680849467963952,0.00015122427054652457,0.0014610182341507104,32.5,5,1,2.0,2.0,1,0.0,0
YOR364W,2,0.0,5.469589574537962e-05,0.2203609193967905,8.986110365096643e-05,9.015671462874765e-05,5.5,2,0,0.0,0.0,0,0.0,0
YLR440C,4,0.0,3.5845590460591486e-05,0.23206204133306713,0.00012189104863861617,0.0001942929766039889,10.0,3,1,6.0,6.0,5,1.0,1
YGL102C,1,0.0,0.0,0.17535670936067557,8.316080749879061e-05,1.189706732463981e-06,2.0,1,0,0.0,0.0,0,0.0,1
YHR194W,2,0.0,0.0001955625368152366,0.21302211628813128,0.0001241661481075363,4.8567134294541244e-05,10.0,1,0,0.0,0.0,0,0.0,0
YGL225W,4,0.16666666666666666,0.0005579690062575429,0.28593074766215204,0.00010686541757678309,0.0018746516100163453,125.75,4,0,0.0,0.0,0,0.0,1
YPL270W,4,0.0,0.0001451943478908047,0.2748072963539235,0.00012633713123571337,0.0010468982609519411,79.75,3,0,0.0,0.0,0,0.0,0
YMR227C,3,1.0,0.0,0.23405752762175228,7.38942021283568e-05,0.00040282573534988915,26.0,3,8,59.25,195.0,266,0.731961980422755,1
YGL113W,2,0.0,3.816019292724461e-06,0.2400480720882983,6.594782856453142e-05,0.00018289116008461632,16.0,2,3,31.0,56.0,56,0.9766233766233766,1
YGL114W,1,0.0,0.0,0.18462649670255668,5.4111312208998425e-05,2.7835417288080524e-06,6.0,1,0,0.0,0.0,0,0.0,0
YML110C,1,0.0,0.0,0.23388264574812062,4.4416637083122296e-05,0.0004331811686681477,28.0,1,0,0.0,0.0,0,0.0,0
YGL117W,1,0.0,0.0,0.24634120191088754,4.635275336757802e-05,0.0006633265719532637,75.0,1,0,0.0,0.0,0,0.0,0
YIL002C,3,0.0,3.965907094574547e-06,0.24630485767926896,7.617826011699672e-05,0.0005743723792638238,17.0,3,0,0.0,0.0,0,0.0,0
YNL224C,1,0.0,0.0,0.2348807848825332,4.393940725931503e-05,0.0002771361245902693,28.0,1,0,0.0,0.0,0,0.0,0
YIL092W,5,0.0,5.46907036563741e-05,0.25908452620403777,0.00014016577613717806,0.0009881062475039408,19.8,3,0,0.0,0.0,0,0.0,0
YGL126W,1,0.0,0.0,0.21316718348798702,4.7557346046660686e-05,0.00011174196581397227,21.0,1,0,0.0,0.0,0,0.0,0
YGL157W,3,0.0,5.9669297850948225e-05,0.2779644231352123,8.838989921212045e-05,0.0012374987479713518,120.33333333333333,3,0,0.0,0.0,0,0.0,0
YHR130C,3,0.0,8.796476459335188e-05,0.27571500005781746,8.946519097836731e-05,0.0011488726380463677,120.0,3,0,0.0,0.0,0,0.0,0
YIL025C,4,0.0,0.00021022759905172848,0.24615958793130124,0.0001542040429738926,0.0003382229699549097,20.0,2,0,0.0,0.0,0,0.0,0
YJL032W,1,0.0,0.0,0.24136689041206047,4.902972234547256e-05,0.00021637787246339444,71.0,1,0,0.0,0.0,0,0.0,1
YKL137W,3,0.0,0.0003223986543680038,0.24253573733899542,0.00014994192144851366,0.00022277557081176069,24.666666666666668,2,0,0.0,0.0,0,0.0,0
YMR072W,2,0.0,3.418288050164798e-05,0.25171447836609817,6.600056529330189e-05,0.000409205711762984,53.0,2,0,0.0,0.0,0,0.0,0
YMR202W,2,0.0,5.069019350176771e-05,0.27429557895012074,7.093592379335035e-05,0.0011154557124211765,175.5,2,0,0.0,0.0,0,0.0,0
YNR028W,6,0.0,0.00016376885293957081,0.2509702834260501,0.00017130644805896797,0.0003635958859243226,17.166666666666668,3,0,0.0,0.0,0,0.0,0
YOR162C,1,0.0,0.0,0.24136689041206047,4.902972234547256e-05,0.00021637787246339444,71.0,1,0,0.0,0.0,0,0.0,0
YOR289W,2,0.0,3.132630544915866e-05,0.26394534788143637,6.882376622601184e-05,0.00084204003231334,111.5,2,0,0.0,0.0,0,0.0,0
YOR377W,2,0.0,1.158379767531792e-05,0.24843070317709598,6.777589417761109e-05,0.00031561659217033074,42.5,2,0,0.0,0.0,0,0.0,0
YPL064C,2,0.0,1.5462654054237964e-05,0.25425743608743295,6.321796678598494e-05,0.0010223750986635095,47.0,2,2,325.0,559.0,558,1.0,0
YKR058W,1,0.0,0.0,0.2134943081994226,4.645313143435874e-05,0.00010453633678403515,12.0,1,0,0.0,0.0,0,0.0,0
YGR202C,3,0.0,4.975055008655444e-05,0.286143116954251,7.425052096999283e-05,0.005438530644148805,140.66666666666666,3,0,0.0,0.0,0,0.0,0
YHR018C,3,0.0,1.4221690727240209e-05,0.2791262874686649,7.039507994119167e-05,0.005693669555728742,132.0,3,0,0.0,0.0,0,0.0,0
YKL204W,5,0.1,6.298416762930859e-05,0.28247958127751016,0.00010345318376788745,0.005928860224289835,79.2,5,1,3.0,3.0,2,1.0,0
YNL181W,1,0.0,0.0,0.25402530817864954,4.1994628246633764e-05,0.0026938777039526678,111.0,1,0,0.0,0.0,0,0.0,1
YGL138C,1,0.0,0.0,0.227559769914592,4.7686030069516454e-05,0.00035603206271734965,17.0,1,0,0.0,0.0,0,0.0,0
YGL139W,1,0.0,0.0,0.19325370335122147,6.091101603833282e-05,1.6208813573475592e-05,3.0,1,0,0.0,0.0,0,0.0,0
YGL142C,1,0.0,0.0,0.20895168659728214,4.81151709796545e-05,2.5035205918820224e-05,10.0,1,0,0.0,0.0,0,0.0,1
YGL146C,2,0.0,1.8795438692779747e-07,0.23444099499369261,5.849382214458613e-05,0.0006340622631483832,17.0,2,0,0.0,0.0,0,0.0,0
YGL147C,1,0.0,0.0,0.2364331292097557,4.503615396111985e-05,0.00024972792053534277,26.0,1,6,258.8333333333333,559.0,589,0.9439786101197695,0
YGL148W,1,0.0,0.0,0.1984531828684176,6.430610212580277e-05,1.296243116417592e-05,3.0,1,0,0.0,0.0,0,0.0,0
YLR284C,5,0.2,4.58278347074133e-05,0.2813529001769707,0.0001138399568048371,0.005434965281768802,87.0,4,0,0.0,0.0,0,0.0,0
YOL105C,3,0.0,7.553148686891481e-06,0.22910036027858996,0.00010170485453287473,0.00013961087256710592,12.333333333333334,3,0,0.0,0.0,0,0.0,0
YGL254W,5,0.0,0.0001228220723039341,0.274671656029958,0.00013330310878335874,0.002252666480008475,53.0,4,0,0.0,0.0,0,0.0,0
YGL155W,1,0.0,0.0,0.17808145982258053,7.550692570821321e-05,1.7590208768509786e-06,3.0,1,2,4.0,6.0,5,1.0,1
YGL156W,7,0.2857142857142857,1.3869468770183214e-05,0.28048627778059226,0.00013300781262207592,0.006164422171060608,48.857142857142854,6,0,0.0,0.0,0,0.0,0
YGR071C,4,0.16666666666666666,5.580548280343343e-05,0.2505810264697181,0.00011436082474827028,0.001022209424230387,14.25,3,0,0.0,0.0,0,0.0,0
YPL128C,5,0.1,4.8666374022783764e-05,0.2550732353476066,0.0001221465985954655,0.0016458843365900078,21.8,3,0,0.0,0.0,0,0.0,1
YNL304W,4,0.3333333333333333,9.152791212622827e-06,0.24852932592547913,9.345282572239728e-05,0.0004564315320568503,20.5,4,0,0.0,0.0,0,0.0,0
YGL166W,8,0.0,0.0004172660356218978,0.2824158664740191,0.00017222832930483537,0.0027611423728377267,41.375,5,0,0.0,0.0,0,0.0,1
YJL154C,9,0.2222222222222222,7.775713558871936e-05,0.2638758153872632,0.00018469149880628974,0.0016017012248067358,13.88888888888889,5,4,32.0,95.0,94,1.0,0
YLL024C,13,0.05128205128205128,0.0006325762785888916,0.27976555558318933,0.00028683024929344213,0.004000183992950111,33.15384615384615,8,1,11.0,11.0,10,1.0,0
YGL174W,5,0.0,6.186619038649567e-06,0.26497873001694383,0.00010466354131376113,0.0022663656225128076,23.4,4,3,217.66666666666666,559.0,559,0.9964285943280692,0
YIL010W,2,0.0,5.3341084562343825e-05,0.2622179568612699,6.915499124024224e-05,0.0011070397800604112,71.5,2,0,0.0,0.0,0,0.0,0
YIL052C,1,0.0,0.0,0.24121576728075206,4.858979733482161e-05,0.00031811765428655563,44.0,1,6,258.8333333333333,559.0,589,0.9439786101197695,0
YIL057C,2,0.0,3.184766863605004e-06,0.2461958893010006,7.830796916469092e-05,0.00035476435371346366,24.5,2,0,0.0,0.0,0,0.0,0
YNR068C,3,0.0,1.9174355827932528e-05,0.2514364664918045,9.25440996226959e-05,0.000473595653525296,26.0,3,0,0.0,0.0,0,0.0,0
YOR384W,1,0.0,0.0,0.24121576728075206,4.858979733482161e-05,0.00031811765428655563,44.0,1,0,0.0,0.0,0,0.0,0
YPL188W,1,0.0,0.0,0.24121576728075206,4.858979733482161e-05,0.00031811765428655563,44.0,1,0,0.0,0.0,0,0.0,0
YGL184C,1,0.0,0.0,0.18967479553305264,6.191912414401052e-05,6.790588894859075e-06,3.0,1,0,0.0,0.0,0,0.0,0
YGL189C,5,0.1,0.000603901544732898,0.27702654881632033,0.00014843710223616345,0.002500588998092444,75.8,3,7,227.28571428571428,559.0,589,0.9439786101197695,1
YHR108W,4,0.16666666666666666,1.480641771022021e-05,0.2696873068790186,8.607645687155736e-05,0.0028446055248809096,44.75,4,0,0.0,0.0,0,0.0,0
YJL050W,4,0.0,2.4331451612933534e-05,0.25439950099305403,9.092123817991459e-05,0.0017746397248149853,23.5,4,3,3.3333333333333335,4.0,3,1.0,1
YGR138C,1,0.0,0.0,0.22523668717621223,4.337099720559998e-05,0.00012382717253638437,45.0,1,0,0.0,0.0,0,0.0,0
YMR209C,3,0.0,8.382339054422884e-06,0.2564577283040737,9.160387008249875e-05,0.0014333080032730464,25.666666666666668,2,0,0.0,0.0,0,0.0,0
YPL106C,5,0.0,2.628761799669021e-06,0.2639731711405816,0.00010042571880711384,0.0026397553719311622,26.2,5,0,0.0,0.0,0,0.0,0
YGR231C,1,0.0,0.0,0.23603199849428602,4.177615230604747e-05,0.001059006972872528,26.0,1,2,5.5,9.0,9,0.7777777777777778,0
YMR053C,2,0.0,2.3497455639751032e-05,0.24152985031106555,6.382444041318488e-05,0.00022953851919977104,28.5,2,6,73.16666666666667,195.0,255,0.7764397097421646,0
YLL029W,1,0.0,0.0,0.2140875000448942,5.0976162024977935e-05,0.0001037346235693677,8.0,1,0,0.0,0.0,0,0.0,0
YGL221C,2,0.0,2.764710065959226e-06,0.2760036909539433,5.897157383895502e-05,0.004900139234897388,190.0,2,0,0.0,0.0,0,0.0,0
YGL222C,2,0.0,9.843636633676609e-05,0.2802822192652222,6.995650504787687e-05,0.0017168932531739798,228.0,2,0,0.0,0.0,0,0.0,0
YJL178C,1,0.0,0.0,0.23391541619028794,4.784136633122236e-05,0.00017460148553255413,16.0,1,0,0.0,0.0,0,0.0,0
YKL110C,4,0.5,0.00013224028711011375,0.21488664247008432,0.0001233025153272037,4.400928606050511e-05,6.5,3,0,0.0,0.0,0,0.0,0
YOR090C,6,0.0,6.607942320490007e-05,0.2645588176034153,0.00012251325624183142,0.002151139413531333,27.833333333333332,5,1,7.0,7.0,6,1.0,0
YOR298W,1,0.0,0.0,0.22477169805449487,4.395969087254992e-05,0.00035741826580540516,16.0,1,0,0.0,0.0,0,0.0,0
YGL236C,5,0.1,0.0006603375783180866,0.2744609259124427,0.0001741282134636685,0.001495700987095467,67.2,3,1,2.0,2.0,1,0.0,1
YMR023C,1,0.0,0.0,0.21496965301958346,5.9158799896601394e-05,3.6646699426908034e-05,5.0,1,6,73.5,266.0,390,0.7803704436095181,0
YGR267C,13,0.0641025641025641,0.00015957942646508444,0.3008206484503727,0.0002180588483603911,0.015556691109643654,69.53846153846153,11,0,0.0,0.0,0,0.0,1
YNL063W,1,0.0,0.0,0.2504807689947614,4.3345161282744774e-05,0.0012178894033106104,57.0,1,0,0.0,0.0,0,0.0,0
YPL166W,1,0.0,0.0,0.2504807689947614,4.3345161282744774e-05,0.0012178894033106104,57.0,1,0,0.0,0.0,0,0.0,0
YPR085C,3,0.0,0.00019769357099608256,0.25581586352284474,0.0001201554107285483,0.0014170228789040814,27.0,2,0,0.0,0.0,0,0.0,1
YGL242C,1,0.0,0.0,0.2015681159113879,5.267567590411369e-05,1.9992254256305586e-05,6.0,1,0,0.0,0.0,0,0.0,0
YOR048C,2,0.0,4.070553703291481e-06,0.22035122425316797,7.101746191544821e-05,0.00015854341645784125,7.5,2,4,59.5,131.0,132,0.9699282905389776,1
YGL247W,1,0.0,0.0,0.18756508786046944,4.84153095304574e-05,6.981737202517452e-06,8.0,1,0,0.0,0.0,0,0.0,1
YLR146C,2,0.0,3.39106193864077e-08,0.22396757785753757,7.001595265635356e-05,0.0002746923141905608,5.5,2,0,0.0,0.0,0,0.0,0
YGL258W,1,0.0,0.0,0.23976078204079923,5.3043097840996495e-05,0.00012158139249151383,40.0,1,0,0.0,0.0,0,0.0,0
YLR297W,3,0.0,1.8580971869195288e-05,0.23168631059121317,8.763522642143718e-05,0.0001443929361188786,11.333333333333334,3,0,0.0,0.0,0,0.0,0
YMR183C,4,0.0,2.8291748163406655e-05,0.23642196828031795,0.00011549988080700855,0.00020082778742879813,8.5,4,4,33.0,95.0,94,1.0,0
YGR010W,6,0.13333333333333333,5.7925993683285244e-05,0.27539662245959834,0.0001351375730726153,0.0030269166996729326,47.666666666666664,5,0,0.0,0.0,0,0.0,0
YIL009W,5,0.0,5.828837359060069e-05,0.2504431931218249,0.00012137011305224556,0.000866950375269598,23.0,4,0,0.0,0.0,0,0.0,0
YGR017W,3,0.0,2.7487533955810864e-05,0.24646242685154546,8.362175482767929e-05,0.0007771618292861327,16.333333333333332,3,0,0.0,0.0,0,0.0,0
YGR021W,1,0.0,0.0,0.23997905970533084,4.4963245502689856e-05,0.00032966909231551785,40.0,1,0,0.0,0.0,0,0.0,0
YGR023W,3,0.0,3.5208583404826624e-06,0.22039970850423585,0.00011229822100182035,5.221913061011178e-05,4.333333333333333,2,0,0.0,0.0,0,0.0,0
YLR460C,2,0.0,4.332048300773635e-05,0.24961936682866104,8.392614122671085e-05,0.0004311975283231382,64.0,2,0,0.0,0.0,0,0.0,0
YGR024C,5,0.0,0.00026073600960827784,0.2751394262511814,0.0001492780073428209,0.003488538035183762,59.8,3,0,0.0,0.0,0,0.0,1
YGR026W,1,0.0,0.0,0.23352277596168486,5.083251539744925e-05,9.929771573853824e-05,10.0,1,0,0.0,0.0,0,0.0,0
YGR028W,1,0.0,0.0,0.21258809695022093,4.93471126441391e-05,4.909470938308907e-05,7.0,1,0,0.0,0.0,0,0.0,0
YLR067C,7,0.0,0.00022090120707505572,0.27059068431845346,0.0001639720108052459,0.00200417240528803,26.571428571428573,6,4,73.75,266.0,266,0.9926798127393957,0
YGR029W,2,0.0,0.00019556096288394579,0.20116331188698458,0.00013920937038441468,5.263522649749031e-05,2.5,1,0,0.0,0.0,0,0.0,1
YKL084W,1,0.0,0.0,0.16724089144322488,8.825565904752008e-05,1.2894729597970935e-06,2.0,1,0,0.0,0.0,0,0.0,0
YGR031W,1,0.0,0.0,0.2576318403318032,4.805030359999908e-05,0.0008178154132161975,176.0,1,0,0.0,0.0,0,0.0,0
YOR118W,1,0.0,0.0,0.21883959521324195,5.823942610283522e-05,5.821804786127823e-05,5.0,1,0,0.0,0.0,0,0.0,0
YPL251W,1,0.0,0.0,0.19025843245898247,6.232671732747333e-05,6.635125327413138e-06,4.0,1,0,0.0,0.0,0,0.0,1
YGR042W,1,0.0,0.0,0.26695607782369035,5.134682951460989e-05,0.000899077839957782,280.0,1,0,0.0,0.0,0,0.0,0
YOR271C,2,0.0,0.0001955625368152366,0.24307721685353598,0.0001180665712482682,0.00026707659655330696,58.5,1,0,0.0,0.0,0,0.0,1
YGR046W,1,0.0,0.0,0.23244978075049916,4.530067844452543e-05,0.0003474473165104814,29.0,1,0,0.0,0.0,0,0.0,1
YLR257W,2,0.0,2.2724335317304862e-05,0.2086470161660663,0.00010112001290812751,2.8879208605080644e-05,5.5,2,0,0.0,0.0,0,0.0,0
YJL086C,3,0.0,4.336710974055565e-05,0.26973087979589916,7.962637441136887e-05,0.001587601543203841,82.0,3,0,0.0,0.0,0,0.0,1
YPL060W,2,0.0,7.284476706198607e-06,0.24742431459590236,6.587288210766517e-05,0.0007974638467648462,35.0,2,0,0.0,0.0,0,0.0,0
YGR053C,1,0.0,0.0,0.2430536239954506,5.0162931813981754e-05,0.00026691631167308726,116.0,1,0,0.0,0.0,0,0.0,0
YOR097C,4,0.0,0.00017584583481585487,0.2728015129391718,0.00012148671044421612,0.0011338042216895742,75.5,3,0,0.0,0.0,0,0.0,0
YJL129C,2,0.0,1.0338892726483538e-06,0.2320190390090918,6.61729592114382e-05,0.00017222011823659025,27.5,2,0,0.0,0.0,0,0.0,0
YJL202C,1,0.0,0.0,0.224429242518832,4.334675318840032e-05,0.0001248267418783753,51.0,1,0,0.0,0.0,0,0.0,1
YGR065C,1,0.0,0.0,0.23587637055763458,4.903614152514139e-05,0.00022603108948882097,11.0,1,0,0.0,0.0,0,0.0,1
YJL199C,11,0.03636363636363636,0.0009815883428767917,0.30948297448249734,0.00025186170369943963,0.009227431809014402,90.81818181818181,8,0,0.0,0.0,0,0.0,0
YHR109W,2,0.0,1.4216409945953086e-06,0.21575681626891202,8.06886370042283e-05,6.989244947955561e-05,3.5,2,0,0.0,0.0,0,0.0,0
YIL008W,6,0.0,0.0005232828443822862,0.29067689936449537,0.00014811906143944408,0.0038775993509155998,86.0,4,0,0.0,0.0,0,0.0,0
YKL149C,1,0.0,0.0,0.1949234442301804,5.914645526241248e-05,5.9416068004395806e-06,5.0,1,0,0.0,0.0,0,0.0,0
YGR073C,2,0.0,6.633226708420753e-05,0.24643817231955198,8.018170299293242e-05,0.0003864148707822939,40.5,2,0,0.0,0.0,0,0.0,1
YKL183W,3,0.0,0.00022668570543369558,0.25508622675207576,0.00012151869403598825,0.0009032487661434094,41.333333333333336,2,0,0.0,0.0,0,0.0,0
YGR076C,1,0.0,0.0,0.21784015380149865,5.0966992438642076e-05,6.915233157366638e-05,32.0,1,7,202.14285714285714,559.0,589,0.9439786101197695,0
YGR079W,3,0.0,0.00019948806262028642,0.23404658984299523,0.00012034425861503172,0.00027710766500761984,7.333333333333333,2,0,0.0,0.0,0,0.0,0
YNL081C,1,0.0,0.0,0.18935925653333793,6.35376783372196e-05,6.788347995961225e-06,3.0,1,5,209.8,559.0,560,0.9958727319192435,0
YNL138W-A,1,0.0,0.0,0.22113930484149838,5.0155597608227956e-05,9.762129773585094e-05,7.0,1,5,145.6,559.0,558,1.0,1
YNL003C,4,0.0,5.762717526758766e-05,0.2402092554460554,0.00010814599072676487,0.00020340552545053373,18.75,4,0,0.0,0.0,0,0.0,0
YNL131W,7,0.09523809523809523,0.0006548618082196772,0.2756846466697999,0.00017260000765977716,0.0019197616446636494,36.714285714285715,4,4,10.5,18.0,18,0.9281045751633987,1
YGR251W,1,0.0,0.0,0.20445635924437686,5.725637662415437e-05,2.0360801401683318e-05,5.0,1,0,0.0,0.0,0,0.0,1
YGR088W,1,0.0,0.0,0.2664448037479521,4.5243656701725876e-05,0.001921446256761567,216.0,1,1,2.0,2.0,1,0.0,0
YLR003C,3,0.0,2.969672748940373e-05,0.26607676651172796,7.985303322038508e-05,0.0015270355272578335,67.66666666666667,3,0,0.0,0.0,0,0.0,0
YKL170W,1,0.0,0.0,0.2237374570493748,4.534802383102982e-05,0.00019617908690467103,31.0,1,7,202.14285714285714,559.0,589,0.9439786101197695,0
YNL241C,2,0.0,1.8926110558771412e-05,0.2758668673120493,6.324760772884144e-05,0.002619151225905742,168.0,2,0,0.0,0.0,0,0.0,1
YHR081W,5,0.5,2.598908330265722e-05,0.25161331203467746,0.0001126496853507508,0.0005498066636347804,17.0,5,3,52.333333333333336,131.0,136,0.9196078431372549,0
YGR100W,2,0.0,1.5600835235902454e-05,0.24809842849607444,6.635219006629242e-05,0.0006653158239228007,48.0,2,0,0.0,0.0,0,0.0,0
YGR101W,3,0.0,0.00019726073860483074,0.20355061881935604,0.00015016843845741925,2.8104914816761044e-05,3.3333333333333335,2,0,0.0,0.0,0,0.0,0
YJL213W,1,0.0,0.0,0.16888764039960394,7.223767051770089e-05,6.885219519337489e-07,3.0,1,2,452.5,559.0,558,1.0,0
YPR143W,4,0.3333333333333333,6.511965138664043e-07,0.2670414809944151,8.10160973938258e-05,0.0024261126322872757,53.75,4,0,0.0,0.0,0,0.0,1
YOR368W,6,0.06666666666666667,0.00027639500436643134,0.2711620452653089,0.00016474016813533874,0.0024069277116105254,32.666666666666664,5,1,3.0,3.0,2,1.0,0
YGR110W,1,0.0,0.0,0.2576318403318032,4.805030359999908e-05,0.0008178154132161975,176.0,1,0,0.0,0.0,0,0.0,0
YOL151W,3,0.0,1.0397442587818796e-05,0.2556722127750398,8.40606463949761e-05,0.0010960785772372577,28.666666666666668,3,0,0.0,0.0,0,0.0,0
YLR329W,4,0.0,0.0001996953507649824,0.24981858420043174,0.0001391951192074184,0.0011023216453682717,16.0,3,1,3.0,3.0,2,1.0,0
YPR045C,2,0.0,4.844713719371508e-06,0.2350902636148261,7.225998838813716e-05,0.0002488835214508156,19.5,2,0,0.0,0.0,0,0.0,0
YGR114C,1,0.0,0.0,0.2576318403318032,4.805030359999908e-05,0.0008178154132161975,176.0,1,0,0.0,0.0,0,0.0,1
YGR115C,1,0.0,0.0,0.1956773969935634,6.298357835760216e-05,4.3934635865556575e-05,4.0,1,0,0.0,0.0,0,0.0,1
YPR133C,3,0.3333333333333333,3.4780480088608198e-06,0.24561634917611963,9.269700713817e-05,0.0007296425301834058,17.666666666666668,2,1,19.0,19.0,18,1.0,1
YPR083W,2,1.0,0.0,0.24250050724109112,6.352496226892962e-05,0.00033756194516169127,25.5,2,0,0.0,0.0,0,0.0,0
YGR122W,2,0.0,1.5194424408366009e-05,0.25297317789929563,7.531586491116548e-05,0.00047384029401919875,67.0,2,0,0.0,0.0,0,0.0,0
YMR008C,1,0.0,0.0,0.227559769914592,4.7686030069516454e-05,0.00035603206271734965,17.0,1,0,0.0,0.0,0,0.0,0
YMR021C,4,0.0,5.2017579550983654e-05,0.2696873068790186,9.314254191046138e-05,0.0031765568492762,45.5,4,0,0.0,0.0,0,0.0,0
YNL011C,1,0.0,0.0,0.227559769914592,4.7686030069516454e-05,0.00035603206271734965,17.0,1,0,0.0,0.0,0,0.0,0
YGR126W,1,0.0,0.0,0.1983667211680234,6.393358469742322e-05,1.0576262398848586e-05,3.0,1,0,0.0,0.0,0,0.0,0
YGR131W,1,0.0,0.0,0.24219560791383796,4.586516073383975e-05,0.0005538916459932176,71.0,1,0,0.0,0.0,0,0.0,0
YIL108W,4,0.0,8.210161087930175e-05,0.2571952434678917,0.0001053402293897304,0.0017196756765113631,38.5,3,0,0.0,0.0,0,0.0,0
YLR149C,1,0.0,0.0,0.23897141788578372,4.644998513599668e-05,0.0003296441966068757,48.0,1,0,0.0,0.0,0,0.0,0
YNL082W,4,0.16666666666666666,6.14683000860868e-05,0.25483961614258666,9.579560916495483e-05,0.0012306903574776182,39.5,4,5,47.6,195.0,194,1.0,0
YOL024W,1,0.0,0.0,0.23897141788578372,4.644998513599668e-05,0.0003296441966068757,48.0,1,0,0.0,0.0,0,0.0,0
YOR113W,1,0.0,0.0,0.23897141788578372,4.644998513599668e-05,0.0003296441966068757,48.0,1,0,0.0,0.0,0,0.0,0
YIL121W,1,0.0,0.0,0.21568248464968154,4.5869926346664216e-05,0.00010634022612910894,10.0,1,0,0.0,0.0,0,0.0,0
YGR148C,1,0.0,0.0,0.24942046693477368,5.221957558451782e-05,0.0004299173823167175,125.0,1,6,258.8333333333333,559.0,589,0.9439786101197695,0
YGR149W,2,0.0,0.00019556096288394579,0.21668092827075605,0.00011942112837631718,2.5092249269387977e-05,11.0,1,0,0.0,0.0,0,0.0,0
YNL219C,1,0.0,0.0,0.17782853912974916,8.04462185178356e-05,6.174803916247079e-07,2.0,1,0,0.0,0.0,0,0.0,0
YGR153W,2,0.0,1.798064852407099e-06,0.25785733285539075,6.690896866260396e-05,0.0011202835887530165,72.0,2,0,0.0,0.0,0,0.0,0
YMR260C,1,0.0,0.0,0.21388635873122033,4.472773464481999e-05,0.00010761650367100771,14.0,1,5,240.0,559.0,589,0.9439786101197695,1
YML121W,7,0.047619047619047616,0.00025459776864297356,0.28075357228825915,0.00018073966786734364,0.002370284759322892,49.57142857142857,4,1,5.0,5.0,4,1.0,0
YGR168C,1,0.0,0.0,0.20052702498599675,5.552857320135943e-05,1.732170455817656e-05,5.0,1,0,0.0,0.0,0,0.0,0
YGR177C,1,0.0,0.0,0.2274977504451626,4.749620636823734e-05,7.344289760533616e-05,21.0,1,0,0.0,0.0,0,0.0,0
YOL103W,2,0.0,4.14010026450692e-05,0.227559769914592,8.941519783049008e-05,7.382181899722781e-05,11.5,2,0,0.0,0.0,0,0.0,0
YJL035C,2,0.0,0.0001955625368152366,0.22351778355202637,0.00011926813484775377,6.579176152776645e-05,4.5,1,0,0.0,0.0,0,0.0,1
YJR135W-A,2,1.0,0.0,0.21861988633507595,8.707858377653895e-05,0.00011010909205245248,6.5,2,2,3.5,5.0,4,1.0,0
YPL177C,1,0.0,0.0,0.22112954108571042,4.43208911285654e-05,0.0003181644024483083,13.0,1,0,0.0,0.0,0,0.0,0
YGR185C,3,0.0,1.0296281936553828e-06,0.23447392209973103,8.792060327366092e-05,0.0002305218742378295,8.0,3,0,0.0,0.0,0,0.0,1
YLR283W,2,0.0,1.7167983094558393e-05,0.26949865346805074,6.760318586246559e-05,0.0009261736463042706,146.0,2,0,0.0,0.0,0,0.0,0
YGR194C,1,0.0,0.0,0.2124528283723702,4.6813974253845696e-05,0.00013732232656233045,14.0,1,0,0.0,0.0,0,0.0,0
YGR197C,1,0.0,0.0,0.2031625416213798,5.708665273632897e-05,7.944436010184744e-06,11.0,1,0,0.0,0.0,0,0.0,0
YHR187W,7,0.5714285714285714,0.0010124928119105271,0.256799619343191,0.0001856236941906636,0.0007174103896757916,28.0,5,1,6.0,6.0,5,1.0,0
YJR127C,2,0.0,2.7896714964333466e-05,0.2193091463874526,7.60287286887703e-05,6.246682125121172e-05,14.0,2,0,0.0,0.0,0,0.0,0
YMR312W,6,0.6666666666666666,6.292813294881315e-05,0.22549020647653215,0.00016708599297426952,0.00011336740207256189,7.166666666666667,5,1,6.0,6.0,5,1.0,0
YPL101W,5,1.0,0.0,0.22351778355202637,0.0001385487752929953,0.00010565674789079749,8.4,5,1,6.0,6.0,5,1.0,0
YGR208W,2,0.0,1.860156304162849e-06,0.2220412739869771,8.366166748004477e-05,7.139764421149454e-05,5.0,2,0,0.0,0.0,0,0.0,0
YGR211W,4,0.0,8.27410660826429e-05,0.264810605194853,0.00010216565761956439,0.0023706936409069674,33.5,4,0,0.0,0.0,0,0.0,1
YGR213C,2,0.0,4.690890848432392e-06,0.21247085423596873,9.16868433950466e-05,3.72932102347858e-05,4.0,2,0,0.0,0.0,0,0.0,0
YGR217W,1,0.0,0.0,0.2529859562585369,4.589349215509739e-05,0.0008232066834345704,95.0,1,0,0.0,0.0,0,0.0,0
YJR134C,4,0.16666666666666666,3.233793166755338e-05,0.2792975114906455,9.631171850654058e-05,0.0031653073195608127,89.0,4,0,0.0,0.0,0,0.0,0
YLL060C,1,0.0,0.0,0.2459661612832853,4.6882828681105916e-05,0.00040405069913186355,66.0,1,0,0.0,0.0,0,0.0,0
YML120C,1,0.0,0.0,0.2459661612832853,4.6882828681105916e-05,0.00040405069913186355,66.0,1,2,35.0,56.0,55,1.0,0
YMR180C,2,0.0,4.057839840738097e-06,0.2503180215938752,6.443071137693547e-05,0.0005546890581282314,38.5,2,0,0.0,0.0,0,0.0,0
YNL164C,2,0.0,5.0772712514772206e-06,0.24798786769906195,6.888067618381367e-05,0.0004221640763954998,36.5,2,0,0.0,0.0,0,0.0,0
YOR184W,4,0.0,9.50194193298683e-05,0.2771491879835236,9.930626871025182e-05,0.0018845510460023945,64.0,4,0,0.0,0.0,0,0.0,0
YPL056C,1,0.0,0.0,0.2459661612832853,4.6882828681105916e-05,0.00040405069913186355,66.0,1,0,0.0,0.0,0,0.0,0
YKL167C,1,0.0,0.0,0.21784015380149865,5.0966992438642076e-05,6.915233157366638e-05,32.0,1,7,202.14285714285714,559.0,589,0.9439786101197695,0
YKR006C,2,0.0,2.7978840384422984e-06,0.22877594445689087,7.574186881499523e-05,0.00011177772186998352,18.0,2,7,202.14285714285714,559.0,589,0.9439786101197695,0
YML009C,2,0.0,1.9001730365999602e-07,0.22816103940823904,6.935063971392065e-05,0.0002479343563508181,30.0,2,7,202.14285714285714,559.0,589,0.9439786101197695,0
YMR193W,4,0.0,7.936418645974864e-05,0.25779097056054434,0.00010674849215878732,0.0006973933296948001,50.0,4,7,202.14285714285714,559.0,589,0.9439786101197695,0
YMR225C,2,0.0,1.9001730365999602e-07,0.22816103940823904,6.935063971392065e-05,0.0002479343563508181,30.0,2,7,202.14285714285714,559.0,589,0.9439786101197695,0
YPL183W-A,1,0.0,0.0,0.21784015380149865,5.0966992438642076e-05,6.915233157366638e-05,32.0,1,7,202.14285714285714,559.0,589,0.9439786101197695,0
YNR045W,1,0.0,0.0,0.2025463249100277,7.724895108578445e-05,1.5348520190959257e-05,3.0,1,3,97.66666666666667,266.0,265,1.0,0
YGR223C,3,0.0,1.6032277934177407e-05,0.2609881696743228,7.618506579253062e-05,0.0014571331211183473,38.333333333333336,3,0,0.0,0.0,0,0.0,0
YGR236C,2,0.0,5.544869039770407e-07,0.22873415126279936,6.718399753089695e-05,0.00016989326299796114,14.5,2,0,0.0,0.0,0,0.0,0
YNL045W,2,0.0,8.847779909399342e-06,0.2532546003261658,7.675975215456257e-05,0.0013855809953687407,23.0,2,0,0.0,0.0,0,0.0,0
YGR244C,1,0.0,0.0,0.2015600038655125,5.865680997564433e-05,2.5038889653009946e-05,6.0,1,1,2.0,2.0,1,0.0,1
YOL063C,5,0.1,0.00014972643055262554,0.26815671553516385,0.00011957893258702314,0.0024409386584336593,32.0,5,0,0.0,0.0,0,0.0,0
YNR036C,1,0.0,0.0,0.24927149990295913,4.160938385779652e-05,0.0015606853478894818,67.0,1,4,254.25,559.0,558,1.0,0
YGR256W,2,0.0,4.753128686055562e-07,0.24873915947604944,5.669310346763001e-05,0.001897014549771069,47.5,2,0,0.0,0.0,0,0.0,0
YIL047C,3,0.0,5.501057783448871e-05,0.25331864731426107,7.225754193066942e-05,0.0018286120653596008,41.333333333333336,3,0,0.0,0.0,0,0.0,0
YKR052C,3,0.0,9.82290557572821e-05,0.2551122135314922,9.569211002920504e-05,0.0008722795291926768,46.333333333333336,2,3,53.0,131.0,130,1.0,0
YMR150C,2,0.0,0.00015950645643164082,0.21584050060551005,8.975405035943613e-05,7.866520665844698e-05,20.0,2,3,4.333333333333333,8.0,8,0.7857142857142857,0
YMR257C,7,0.0,0.00020693818302412086,0.2671411871159726,0.00015569625805999656,0.0007008411909385584,16.857142857142858,5,3,97.66666666666667,266.0,265,1.0,0
YKR038C,3,0.6666666666666666,3.6643423940822626e-06,0.2502179744229744,8.570368936183735e-05,0.0017161658516006094,24.333333333333332,3,1,5.0,5.0,4,1.0,1
YLR174W,2,0.0,9.643452995221514e-06,0.2513607516210919,6.4764079398853e-05,0.0016863251653726292,32.0,2,0,0.0,0.0,0,0.0,0
YOR073W,3,0.0,1.9863034162782235e-05,0.2622179568612699,7.357773038036905e-05,0.0023848243082325396,38.666666666666664,3,1,55.0,55.0,54,1.0,0
YGR263C,4,0.0,4.703577981655334e-05,0.27483745684301464,0.00011369709532307333,0.001273713707444804,77.0,3,0,0.0,0.0,0,0.0,0
YGR266W,1,0.0,0.0,0.25485258375993564,4.239368969169768e-05,0.002747769924707454,110.0,1,0,0.0,0.0,0,0.0,0
YOR124C,2,0.0,2.902890335505508e-06,0.24762004232424875,6.357328878442008e-05,0.000524854679484941,27.5,2,0,0.0,0.0,0,0.0,0
YOR302W,9,0.05555555555555555,0.000248690675131519,0.2939870260654059,0.00017104402031222502,0.005993376134975508,48.666666666666664,8,0,0.0,0.0,0,0.0,0
YKL201C,3,0.0,0.00021593576063202286,0.23286046940906896,0.00011288269743095616,0.0002056651480275998,15.0,2,0,0.0,0.0,0,0.0,0
YGR275W,2,0.0,4.763239804275508e-06,0.252246939111068,6.294292747562264e-05,0.0010367573879205207,68.0,2,3,37.333333333333336,83.0,82,1.0,0
YNR015W,2,0.0,2.987054809838695e-06,0.2264997727953263,8.780349809133577e-05,6.646691854802285e-05,15.0,2,0,0.0,0.0,0,0.0,0
YGR279C,2,0.0,4.995470820897175e-06,0.26701300719999227,5.82795554186526e-05,0.0022789661829958016,83.5,2,0,0.0,0.0,0,0.0,0
YPR021C,2,0.0,7.487508547597151e-07,0.21690614881118472,7.354275051502888e-05,5.035361205791853e-05,5.0,2,0,0.0,0.0,0,0.0,0
YGR283C,1,0.0,0.0,0.21206601075709255,5.334352383002688e-05,4.187355004869894e-05,6.0,1,2,452.5,559.0,558,1.0,0
YGR291C,1,0.0,0.0,0.2430536239954506,5.0162931813981754e-05,0.00026691631167308726,116.0,1,0,0.0,0.0,0,0.0,0
YLR054C,3,0.0,0.0008127153969976421,0.21392290176192785,0.00015938341901832256,3.3317089258847966e-05,6.0,2,0,0.0,0.0,0,0.0,0
YGR294W,5,0.0,0.00030656542760196774,0.28222489440156967,0.00012751546966041578,0.0014294063842844042,87.0,5,0,0.0,0.0,0,0.0,1
YJL056C,3,0.0,1.2629358256368611e-05,0.2523613310516102,8.349017726680711e-05,0.0008645341278597531,46.333333333333336,3,0,0.0,0.0,0,0.0,0
YKR009C,1,0.0,0.0,0.2393139801247255,4.56004492015363e-05,0.00036578787936624997,56.0,1,0,0.0,0.0,0,0.0,0
YMR189W,2,0.0,8.0695665123272e-06,0.25304986742371943,6.202498186864397e-05,0.0009196795253594676,63.5,2,1,4.0,4.0,3,1.0,0
YNR006W,2,1.0,0.0,0.25186638049033216,6.0325312211010086e-05,0.0009973137171886595,49.5,2,1,2.0,2.0,1,0.0,0
YOR067C,2,0.0,1.3604385473054042e-05,0.24452509403623937,6.245122582954287e-05,0.0003898056369151091,34.5,2,0,0.0,0.0,0,0.0,0
YMR158W,1,0.0,0.0,0.23261172152014561,4.897232029450338e-05,0.00015554392875768235,36.0,1,9,161.77777777777777,559.0,593,0.9319709675949136,0
YLR046C,1,0.0,0.0,0.20130076270298453,5.246342926439488e-05,2.1908200761603428e-05,7.0,1,0,0.0,0.0,0,0.0,0
YHL009C,2,1.0,0.0,0.2760493290001794,6.503770058226515e-05,0.002547108416611513,184.0,2,0,0.0,0.0,0,0.0,0
YHL015W,2,0.0,1.2621104319844057e-05,0.20050294151288103,0.00012440130434928167,2.446212966427934e-05,2.0,2,7,227.28571428571428,559.0,589,0.9439786101197695,1
YOR350C,2,0.0,5.136425749050071e-06,0.19617559639836485,0.00012501295981453604,9.305657634242029e-06,2.0,2,0,0.0,0.0,0,0.0,0
YLR170C,4,0.8333333333333334,1.8174021985811805e-06,0.24679033093772815,0.00010579350095971647,0.001220388390612769,17.0,4,6,28.833333333333332,95.0,104,0.8676250933532487,0
YOR107W,1,0.0,0.0,0.19703225839137084,5.9730512709003494e-05,1.1216025375341447e-05,5.0,1,0,0.0,0.0,0,0.0,0
YHL024W,1,0.0,0.0,0.198910321142629,5.513540635303861e-05,1.218561314591338e-05,5.0,1,0,0.0,0.0,0,0.0,0
YHL026C,3,0.0,0.00020784969646206095,0.26971635392591176,9.761770362031559e-05,0.000998109695444985,99.33333333333333,3,0,0.0,0.0,0,0.0,0
YOR275C,4,0.16666666666666666,4.781645699297688e-05,0.2552682454663739,0.00011274755083695879,0.0008794170893561122,22.75,4,0,0.0,0.0,0,0.0,0
YHL033C,1,0.0,0.0,0.26695607782369035,5.134682951460989e-05,0.000899077839957782,280.0,1,6,258.8333333333333,559.0,589,0.9439786101197695,0
YHL036W,1,0.0,0.0,0.21012640973569352,5.5160375651225174e-05,2.0199536368865983e-05,6.0,1,0,0.0,0.0,0,0.0,0
YPR163C,6,0.06666666666666667,0.0003074751192000365,0.2666150107027019,0.0001808928611096517,0.0008242875843169293,31.0,4,4,299.5,559.0,589,0.9439786101197695,0
YHL039W,1,0.0,0.0,0.22671508650809175,4.494978260836474e-05,0.00018440535839222744,20.0,1,0,0.0,0.0,0,0.0,0
YNL329C,4,0.0,0.00029926295438099053,0.255281256743476,0.00013332228051435524,0.0007600949985682925,30.5,3,0,0.0,0.0,0,0.0,0
YHL043W,2,0.0,5.488791506200163e-06,0.25806992198950146,7.028458330549872e-05,0.0006925263126553639,78.5,2,0,0.0,0.0,0,0.0,0
YHL046C,1,0.0,0.0,0.22535830525784084,4.8104905673174815e-05,9.364703701289429e-05,15.0,1,0,0.0,0.0,0,0.0,0
YHL047C,1,0.0,0.0,0.22906892499315107,4.371260692506551e-05,0.00015055621714276334,31.0,1,0,0.0,0.0,0,0.0,0
YKL079W,3,0.0,3.953990510079243e-05,0.2688332246940556,8.003725841134075e-05,0.0009360808096320876,71.0,3,3,37.666666666666664,73.0,72,1.0,0
YHR001W,1,0.0,0.0,0.23569876116759636,4.254038615700292e-05,0.0009631113467650891,33.0,1,0,0.0,0.0,0,0.0,0
YMR069W,2,0.0,0.0001955625368152366,0.22076888724544896,0.00011650837286635542,9.599508999760437e-05,8.0,1,0,0.0,0.0,0,0.0,0
YPR004C,1,0.0,0.0,0.20436458873180133,5.160479696009761e-05,8.08722604575395e-05,5.0,1,2,35.0,56.0,55,1.0,0
YHR012W,5,0.5,8.247653116511163e-06,0.2575655940370406,0.00011216471050362145,0.000799782611414333,15.8,5,4,32.0,95.0,94,1.0,0
YKL109W,3,0.0,2.877949245614628e-06,0.2631271921850507,7.894229085512287e-05,0.0014876144403319794,58.666666666666664,3,3,110.66666666666667,195.0,255,0.7764397097421646,0
YPR052C,2,0.0,1.4355806027268303e-06,0.26323783118102884,6.328655223345144e-05,0.001382862235316018,124.0,2,0,0.0,0.0,0,0.0,0
YPR188C,4,0.0,2.8067087648338356e-05,0.27825784632758793,9.620582153786408e-05,0.00226106870406247,84.0,4,0,0.0,0.0,0,0.0,0
YHR024C,3,0.6666666666666666,1.0695321185643155e-07,0.24076353120133906,7.28001515591671e-05,0.0016344701889788576,16.666666666666668,3,2,5.0,8.0,7,1.0,1
YHR025W,2,0.0,2.764710065959226e-06,0.2760036909539433,5.897157383895502e-05,0.004900139234897388,190.0,2,0,0.0,0.0,0,0.0,0
YIL088C,2,0.0,1.5098711896475513e-07,0.24513547922520948,5.851106114245985e-05,0.0005389576679461323,26.5,2,0,0.0,0.0,0,0.0,0
YLR346C,1,0.0,0.0,0.25284546526909607,4.197128280558407e-05,0.002261243772103112,96.0,1,0,0.0,0.0,0,0.0,0
YPR047W,3,0.0,2.7991680231660974e-05,0.2809740800028193,8.316403893723762e-05,0.0032198425704609776,127.66666666666667,3,1,3.0,3.0,2,1.0,0
YHR035W,4,0.0,2.7980365763036506e-05,0.2803135935551718,8.811317253607188e-05,0.004924083053242365,72.25,4,2,22.0,34.0,33,1.0,0
YHR038W,3,0.0,0.00014091194819712674,0.28184372403209085,8.368489283175019e-05,0.003871271449658854,144.0,3,0,0.0,0.0,0,0.0,0
YHR040W,2,0.0,4.79918584720182e-06,0.2503805917137557,6.895641914746121e-05,0.0004131143721962299,62.0,2,0,0.0,0.0,0,0.0,1
YJL015C,3,0.0,2.5249263579146985e-05,0.25628712394075603,8.104289848391021e-05,0.0011896424498484656,45.0,3,0,0.0,0.0,0,0.0,1
YLR164W,1,0.0,0.0,0.22263348933367066,4.7526345391451305e-05,9.75678672888049e-05,31.0,1,0,0.0,0.0,0,0.0,0
YLR344W,2,0.0,1.4825748497277249e-05,0.24590577778024525,6.271531103698318e-05,0.0005921300003974668,37.5,2,6,258.8333333333333,559.0,589,0.9439786101197695,0
YHR043C,2,0.0,7.3256596644796276e-06,0.26033698804710753,5.866002531776317e-05,0.0014189936968268637,58.5,2,0,0.0,0.0,0,0.0,0
YHR045W,1,0.0,0.0,0.2243890222244738,5.223997911526959e-05,0.00019828319935655798,23.0,1,0,0.0,0.0,0,0.0,0
YHR046C,1,0.0,0.0,0.2228216833229637,4.5929749680317154e-05,0.0002815994414648113,9.0,1,0,0.0,0.0,0,0.0,0
YHR047C,1,0.0,0.0,0.22875504595095714,4.461347366866735e-05,0.0004160870287043565,19.0,1,0,0.0,0.0,0,0.0,0
YNL192W,3,0.0,0.0006059851950699361,0.2602017340009484,7.936404310066549e-05,0.001711324668643896,28.0,3,0,0.0,0.0,0,0.0,0
YHR049W,1,0.0,0.0,0.26695607782369035,5.134682951460989e-05,0.000899077839957782,280.0,1,0,0.0,0.0,0,0.0,0
YHR050W,4,0.16666666666666666,9.290455196983695e-05,0.240255347599072,0.00010638206238656474,0.00027913737821570983,14.5,3,0,0.0,0.0,0,0.0,0
YHR053C,1,0.0,0.0,0.22110025499074054,4.96246634403065e-05,6.925634356457551e-05,11.0,1,0,0.0,0.0,0,0.0,0
YHR067W,1,0.0,0.0,0.22499384438680392,5.1557832419633204e-05,5.986162078099545e-05,28.0,1,0,0.0,0.0,0,0.0,0
YHR068W,3,0.6666666666666666,1.1660669339893857e-06,0.2726975376266065,7.863120713003441e-05,0.0024218857532759875,91.0,3,0,0.0,0.0,0,0.0,1
YHR071W,1,0.0,0.0,0.2385616355173028,4.3729533249813244e-05,0.0007897288958653409,52.0,1,1,14.0,14.0,13,1.0,0
YHR074W,2,0.0,2.6513763700201414e-05,0.23800612916648078,6.75704131237564e-05,0.0006510491395911032,16.5,2,0,0.0,0.0,0,0.0,1
YHR085W,3,0.3333333333333333,0.0001955625368152366,0.24804927819574338,0.000109831262413441,0.0010699347910812134,35.0,2,1,3.0,3.0,2,1.0,1
YLR356W,1,0.0,0.0,0.19842173353077355,6.066697777698239e-05,2.6207642577469697e-05,3.0,1,0,0.0,0.0,0,0.0,0
YHR087W,3,0.0,5.977859553636046e-06,0.2430536239954506,8.313428571397988e-05,0.0007072725757999652,14.666666666666666,3,0,0.0,0.0,0,0.0,0
YMR239C,2,0.0,2.443738939091943e-06,0.2689487152856973,5.91471484402445e-05,0.0021418146417050104,119.0,2,3,78.33333333333333,131.0,130,1.0,1
YHR091C,1,0.0,0.0,0.16808279276605884,9.965154099992861e-05,3.759579189070625e-07,2.0,1,0,0.0,0.0,0,0.0,0
YOL088C,2,0.0,0.0001955625368152366,0.20238263127046735,0.00017134330204962792,1.5346036726660892e-05,1.5,1,0,0.0,0.0,0,0.0,0
YHR092C,2,0.0,9.944997573844765e-07,0.2283691111235354,6.700261623889915e-05,8.188273066206622e-05,14.0,2,0,0.0,0.0,0,0.0,0
YJR048W,4,0.0,5.536038057061306e-05,0.2583361518569276,0.00011703591029098344,0.000985238822028438,29.25,3,0,0.0,0.0,0,0.0,0
YNL136W,1,0.0,0.0,0.23443002134666988,4.4077072172319775e-05,0.0002560261903876838,42.0,1,2,73.0,133.0,132,1.0,0
YLR365W,1,0.0,0.0,0.23123703661527562,4.58339159844788e-05,0.0002987920455340484,22.0,1,0,0.0,0.0,0,0.0,0
YHR106W,1,0.0,0.0,0.21022342914918798,4.9855643929998295e-05,7.924692247687343e-05,11.0,1,0,0.0,0.0,0,0.0,0
YMR198W,7,0.09523809523809523,2.7919781429708913e-05,0.27893973690059903,0.00012814264201718977,0.00759058550110977,47.57142857142857,6,7,25.571428571428573,73.0,95,0.6736842105263158,1
YPL241C,3,0.0,0.00046078131456437173,0.24529155529680943,9.685429851002451e-05,0.0011384607352531325,17.666666666666668,2,3,39.666666666666664,73.0,72,1.0,0
YJL010C,3,0.0,0.00014921163709216194,0.26827162547807887,9.470165062028525e-05,0.001830909444664201,71.66666666666667,2,4,148.5,559.0,558,1.0,1
YHR112C,5,0.0,4.3435788107437106e-05,0.2879693523487957,0.00010057851300051914,0.010345448433575589,128.0,5,0,0.0,0.0,0,0.0,0
YPR145W,1,0.0,0.0,0.212263741303253,5.544393742361255e-05,8.413074667354024e-05,4.0,1,0,0.0,0.0,0,0.0,0
YIR021W,1,0.0,0.0,0.2576318403318032,4.805030359999908e-05,0.0008178154132161975,176.0,1,4,40.25,131.0,131,0.9847328244274809,0
YJL174W,2,0.0,1.339853178065379e-05,0.2600126142690403,6.961086537857442e-05,0.0008397202780900383,91.0,2,0,0.0,0.0,0,0.0,1
YKR032W,1,0.0,0.0,0.2576318403318032,4.805030359999908e-05,0.0008178154132161975,176.0,1,0,0.0,0.0,0,0.0,0
YLL054C,1,0.0,0.0,0.2576318403318032,4.805030359999908e-05,0.0008178154132161975,176.0,1,0,0.0,0.0,0,0.0,0
YLR081W,4,0.16666666666666666,8.406534941345583e-05,0.2776716181210986,9.927817730733242e-05,0.004305588004238299,83.25,3,0,0.0,0.0,0,0.0,0
YLR461W,2,0.0,0.004165246553856895,0.25772464241497733,0.0001060107544409774,0.0008183123191526424,89.5,2,0,0.0,0.0,0,0.0,0
YML131W,1,0.0,0.0,0.2576318403318032,4.805030359999908e-05,0.0008178154132161975,176.0,1,0,0.0,0.0,0,0.0,0
YOL002C,1,0.0,0.0,0.2576318403318032,4.805030359999908e-05,0.0008178154132161975,176.0,1,0,0.0,0.0,0,0.0,0
YOR175C,1,0.0,0.0,0.2576318403318032,4.805030359999908e-05,0.0008178154132161975,176.0,1,2,452.5,559.0,558,1.0,0
YPL063W,3,0.3333333333333333,0.0007080328354146774,0.259648658616323,0.00010993213597972003,0.0009270566222736148,62.666666666666664,2,2,8.5,11.0,10,1.0,1
YPR094W,2,0.0,2.301066019494206e-05,0.2580034502395557,7.425742543555779e-05,0.0008356878140266437,89.5,2,5,145.6,559.0,558,1.0,1
YOR215C,2,0.0,1.0574440287358117e-05,0.25899074237512953,6.451523341306751e-05,0.0018565688880322333,64.0,2,0,0.0,0.0,0,0.0,0
YHR127W,1,0.0,0.0,0.24942046693477368,5.221957558451782e-05,0.0004299173823167175,125.0,1,0,0.0,0.0,0,0.0,0
YJR008W,1,0.0,0.0,0.21983859959837831,5.255115855432693e-05,4.673036405977446e-05,7.0,1,0,0.0,0.0,0,0.0,0
YHR132C,2,0.0,6.89586631910903e-06,0.24414365682218267,8.436062642986521e-05,0.0004542495779518662,48.5,2,0,0.0,0.0,0,0.0,0
YPL171C,1,0.0,0.0,0.24746098997234325,4.2628243368170145e-05,0.0017822548953033328,84.0,1,0,0.0,0.0,0,0.0,0
YHR136C,2,0.0,6.138688189786218e-07,0.23214809381896057,6.620321304037294e-05,0.0005751661035709291,12.5,2,0,0.0,0.0,0,0.0,0
YMR152W,3,0.0,0.00016399109903124856,0.2706199263008729,8.738837382022877e-05,0.0012450556315050131,95.33333333333333,3,0,0.0,0.0,0,0.0,0
YHR138C,1,0.0,0.0,0.24942046693477368,5.221957558451782e-05,0.0004299173823167175,125.0,1,0,0.0,0.0,0,0.0,0
YIL023C,5,0.0,0.00010816303526055286,0.259648658616323,0.00012101349252361673,0.0006282804005239197,25.6,4,0,0.0,0.0,0,0.0,0
YJL131C,1,0.0,0.0,0.21335788429966154,4.469672122184429e-05,6.039423122034322e-05,25.0,1,0,0.0,0.0,0,0.0,0
YOR316C,1,0.0,0.0,0.21335788429966154,4.469672122184429e-05,6.039423122034322e-05,25.0,1,0,0.0,0.0,0,0.0,0
YHR144C,3,0.0,4.862942963722893e-06,0.26662920443197696,7.448336093737738e-05,0.001519985738666305,47.333333333333336,3,0,0.0,0.0,0,0.0,0
YLR448W,1,0.0,0.0,0.2148774230328752,5.343059796128035e-05,5.822328701704986e-05,5.0,1,6,258.8333333333333,559.0,589,0.9439786101197695,0
YHR151C,1,0.0,0.0,0.00019630938358853554,0.00019627085377821394,6.463110539297873e-30,1.0,1,0,0.0,0.0,0,0.0,0
YNL193W,1,0.0,0.0,0.00019630938358853554,0.00019627085377821394,6.463110539297873e-30,1.0,1,0,0.0,0.0,0,0.0,0
YLR132C,1,0.0,0.0,0.23367531265106403,4.948216680709393e-05,0.00019036421024352964,18.0,1,0,0.0,0.0,0,0.0,1
YOR173W,3,0.0,1.990063562866244e-05,0.25562001613077395,8.088441485126191e-05,0.0009625444261367454,21.333333333333332,3,3,192.33333333333334,559.0,558,1.0,0
YHR154W,1,0.0,0.0,0.22660225210615578,4.510568911214409e-05,0.0003750073443701527,11.0,1,0,0.0,0.0,0,0.0,0
YJR010W,2,0.0,8.209301326817518e-06,0.27089804067775075,6.564977225541029e-05,0.001999515615513556,111.0,2,0,0.0,0.0,0,0.0,0
YHR157W,1,0.0,0.0,0.19955227412743068,5.902897238632946e-05,2.699994500747699e-05,4.0,1,1,3.0,3.0,2,1.0,0
YJR122W,1,0.0,0.0,0.23265494384030544,4.5321815065072816e-05,0.00019681495457993516,20.0,1,3,94.33333333333333,195.0,194,1.0,0
YKR044W,1,0.0,0.0,0.20921354175405218,7.728220399779378e-05,4.434800683112457e-05,2.0,1,0,0.0,0.0,0,0.0,0
YLR451W,2,0.0,7.3499051445344165e-06,0.24653521910166157,6.025561014149905e-05,0.0007010256221606837,32.5,2,2,135.0,195.0,194,1.0,0
YKL075C,4,0.0,0.00023682135454725873,0.24452509403623937,0.00013878665079479797,0.0009289484672122684,14.25,3,0,0.0,0.0,0,0.0,0
YKL134C,3,0.0,4.2199794812529296e-05,0.246074926352393,9.746949734571337e-05,0.0003487972507182174,42.666666666666664,3,0,0.0,0.0,0,0.0,0
YNL212W,1,0.0,0.0,0.20817869216270077,5.288245197759416e-05,6.111092879767956e-05,8.0,1,1,10.0,10.0,9,1.0,0
YIL091C,1,0.0,0.0,0.20995024003564264,4.939047768150966e-05,4.4841626869907396e-05,10.0,1,0,0.0,0.0,0,0.0,1
YHR175W,1,0.0,0.0,0.2504431931218249,5.000582197215272e-05,0.0007889221257738557,99.0,1,0,0.0,0.0,0,0.0,0
YMR020W,3,0.0,2.7206295961721046e-05,0.23248215086340132,0.00010511697542536509,0.0001552788384508455,8.0,2,0,0.0,0.0,0,0.0,0
YNL252C,4,0.0,0.0001996519005131775,0.23857299938313986,0.00014020251384139605,0.00030396479551107676,11.75,3,7,202.14285714285714,559.0,589,0.9439786101197695,0
YHR190W,4,0.0,0.00013488257120085892,0.2596217394666039,0.00010965510813530169,0.0005972309737750992,33.75,4,0,0.0,0.0,0,0.0,1
YOR065W,2,0.0,1.5594068755843711e-06,0.20965142852569194,8.789249662678381e-05,5.051490330145859e-05,5.0,2,2,33.0,56.0,55,1.0,0
YLR009W,5,0.1,0.0002631337573038121,0.28775426463948606,0.00011314456765871647,0.0038566455144028104,108.8,5,2,452.5,559.0,558,1.0,1
YLR075W,2,0.0,5.490516535371324e-06,0.23968046401465617,8.320214941853307e-05,0.0005353535797399246,23.5,2,6,258.8333333333333,559.0,589,0.9439786101197695,1
YMR142C,2,0.0,2.4026658006153448e-06,0.24693634631940908,6.085896037943562e-05,0.0006916621096853711,36.5,2,6,258.8333333333333,559.0,589,0.9439786101197695,0
YOR063W,3,0.0,5.2707903296283904e-05,0.25167653145981184,9.312250180417469e-05,0.0009324704151974079,40.666666666666664,2,6,258.8333333333333,559.0,589,0.9439786101197695,1
YHR198C,2,0.0,4.941321102817121e-06,0.26081148654117875,5.99638025778284e-05,0.0030318490762630316,87.0,2,0,0.0,0.0,0,0.0,0
YNL095C,3,0.0,2.653592781615027e-05,0.24371595990512188,7.714019722899763e-05,0.0005854642825301714,16.0,3,0,0.0,0.0,0,0.0,0
YNL034W,1,0.0,0.0,0.18650342504097173,8.164009360628677e-05,2.682538776546907e-06,2.0,1,0,0.0,0.0,0,0.0,0
YHR209W,2,0.0,1.2461037954361945e-05,0.26217677726274696,6.293165454661256e-05,0.0012891815120463555,88.0,2,0,0.0,0.0,0,0.0,0
YOR360C,1,0.0,0.0,0.21035587282331283,8.131044511432977e-05,2.204212726252301e-05,2.0,1,0,0.0,0.0,0,0.0,0
YHR214W-A,1,0.0,0.0,0.23478168835787808,4.2645250712885446e-05,0.000698648440844849,27.0,1,0,0.0,0.0,0,0.0,0
YIL001W,1,0.0,0.0,0.2518537149778867,4.3751580320307964e-05,0.0020186801472570374,102.0,1,0,0.0,0.0,0,0.0,0
YIL166C,2,0.0,0.0001955625368152366,0.21055042569681992,0.00013002552425672373,2.1758003057259152e-05,3.0,1,0,0.0,0.0,0,0.0,0
YIL009C-A,2,0.0,2.7111665482344343e-06,0.2350902636148261,7.038307538239372e-05,0.0002133558829672926,17.0,2,5,125.2,559.0,611,0.8418716964932521,0
YIL011W,1,0.0,0.0,0.22743576477227442,4.47384623985452e-05,0.00030724424698866495,17.0,1,0,0.0,0.0,0,0.0,0
YIL014W,1,0.0,0.0,0.2365224545950534,4.53257406911367e-05,0.0003401103317229904,16.0,1,0,0.0,0.0,0,0.0,0
YMR222C,1,0.0,0.0,0.2187153577034043,4.2841354388288e-05,0.0001016653548601011,41.0,1,0,0.0,0.0,0,0.0,0
YIL019W,1,0.0,0.0,0.20310486946146458,6.171023739300089e-05,2.6107746624997304e-05,3.0,1,0,0.0,0.0,0,0.0,1
YIL020C,1,0.0,0.0,0.24942046693477368,5.221957558451782e-05,0.0004299173823167175,125.0,1,0,0.0,0.0,0,0.0,0
YIL024C,1,0.0,0.0,0.23688043210756538,4.954971138782858e-05,0.00014423290469894296,29.0,1,0,0.0,0.0,0,0.0,0
YOR352W,1,0.0,0.0,0.19721070152977851,6.22066578161397e-05,8.285545690935268e-06,4.0,1,0,0.0,0.0,0,0.0,0
YIL032C,1,0.0,0.0,0.24942046693477368,5.221957558451782e-05,0.0004299173823167175,125.0,1,0,0.0,0.0,0,0.0,0
YOR295W,1,0.0,0.0,0.252081889271706,4.234571520579952e-05,0.0011214683074516642,97.0,1,4,38.0,133.0,134,0.9710470205364157,1
YPL037C,3,0.0,3.250058922877864e-06,0.26330702781400844,6.841221029626347e-05,0.003400989332965386,71.66666666666667,3,7,191.85714285714286,559.0,749,0.621923705760979,0
YIL037C,1,0.0,0.0,0.24549595490663473,4.2654213514228896e-05,0.0016432787552104768,80.0,1,0,0.0,0.0,0,0.0,0
YPL231W,2,0.0,3.9608697924293646e-07,0.24231278610722604,5.770580674424753e-05,0.0007651581413683735,18.5,2,1,2.0,2.0,1,0.0,1
YNL245C,1,0.0,0.0,0.23965752589004952,4.354374627121369e-05,0.0009564511576489461,34.0,1,2,325.0,559.0,558,1.0,1
YOR087W,3,0.0,7.563832324655845e-06,0.2577644352058803,8.393657619179659e-05,0.0017711140042693423,47.666666666666664,3,0,0.0,0.0,0,0.0,0
YJL165C,2,0.0,1.4042596474778842e-06,0.2053617753013882,9.927296109181312e-05,1.546239764406565e-05,2.5,2,0,0.0,0.0,0,0.0,0
YIL054W,1,0.0,0.0,0.23436420103183225,4.633848777050576e-05,0.00018832086778110702,19.0,1,0,0.0,0.0,0,0.0,0
YIL055C,2,0.0,6.868422215674054e-06,0.26146504703995066,6.544909224522267e-05,0.0008304968176403463,83.5,2,0,0.0,0.0,0,0.0,0
YLR017W,1,0.0,0.0,0.24807385091140002,4.499698923862123e-05,0.0007471772586286042,67.0,1,0,0.0,0.0,0,0.0,0
YLR213C,1,0.0,0.0,0.24807385091140002,4.499698923862123e-05,0.0007471772586286042,67.0,1,0,0.0,0.0,0,0.0,0
YMR044W,1,0.0,0.0,0.24807385091140002,4.499698923862123e-05,0.0007471772586286042,67.0,1,3,30.0,83.0,82,1.0,0
YOR346W,1,0.0,0.0,0.24807385091140002,4.499698923862123e-05,0.0007471772586286042,67.0,1,1,3.0,3.0,2,1.0,0
YIL065C,5,0.1,0.0011334207391243088,0.27757928149699357,0.00012980499278672392,0.002045352589649038,69.4,4,0,0.0,0.0,0,0.0,0
YJL112W,2,0.0,1.266450982589429e-06,0.2300157516326929,7.102176506165647e-05,0.00013231385746950437,5.5,2,0,0.0,0.0,0,0.0,0
YNL134C,2,0.0,2.495442407857932e-05,0.2554374955908734,6.097268802378168e-05,0.0015145139204948322,64.0,2,0,0.0,0.0,0,0.0,0
YIL072W,1,0.0,0.0,0.22283159708356715,4.674012701041815e-05,0.00014346922316126068,10.0,1,2,4.5,5.0,4,1.0,0
YIL085C,1,0.0,0.0,0.18180495774830316,7.080646176303024e-05,1.228408287042263e-06,3.0,1,0,0.0,0.0,0,0.0,0
YIL086C,1,0.0,0.0,0.21605465579786268,5.098209292660918e-05,4.793366965763406e-05,8.0,1,0,0.0,0.0,0,0.0,0
YNR040W,3,0.0,0.00014618378618451488,0.2589639594648529,9.210896725661398e-05,0.0007001616223291893,56.666666666666664,3,0,0.0,0.0,0,0.0,0
YIL096C,1,0.0,0.0,0.26695607782369035,5.134682951460989e-05,0.000899077839957782,280.0,1,0,0.0,0.0,0,0.0,0
YIL098C,1,0.0,0.0,0.20719687969759454,5.187115417262439e-05,2.1710306809668356e-05,9.0,1,0,0.0,0.0,0,0.0,0
YIL103W,1,0.0,0.0,0.14034138414689537,9.971373498188134e-05,2.901856595985889e-09,2.0,1,0,0.0,0.0,0,0.0,0
YKL191W,2,0.0,0.0001955625368152366,0.16347432764468633,0.0001678131368911816,1.17906300954708e-07,2.0,1,0,0.0,0.0,0,0.0,0
YPL187W,4,0.16666666666666666,8.637897082112439e-06,0.26434936007865806,8.857467480194808e-05,0.0019919932393643045,27.0,4,0,0.0,0.0,0,0.0,0
YIL117C,4,0.0,9.892263745720041e-05,0.2608386529894409,0.00012184367259349409,0.0008501080188201813,44.5,3,0,0.0,0.0,0,0.0,0
YLR114C,1,0.0,0.0,0.2094760540403302,5.336566009101139e-05,5.8745979596776716e-05,8.0,1,0,0.0,0.0,0,0.0,0
YIL119C,1,0.0,0.0,0.21338515512974543,5.8085523608467494e-05,5.819550092810482e-05,4.0,1,0,0.0,0.0,0,0.0,0
YPL191C,1,0.0,0.0,0.23670130800369843,4.362887250724448e-05,0.0008059972262001151,23.0,1,0,0.0,0.0,0,0.0,0
YIL130W,2,0.0,3.255960133906589e-06,0.23974930474151532,6.236795230791126e-05,0.00040316391172434256,17.5,2,0,0.0,0.0,0,0.0,0
YJL197W,1,0.0,0.0,0.23958873785161955,4.386521945759338e-05,0.00046604152389330194,34.0,1,0,0.0,0.0,0,0.0,0
YIL137C,2,0.0,6.438065632059286e-06,0.2728015129391718,6.454700774595945e-05,0.0014731471827397879,154.5,2,2,452.5,559.0,558,1.0,1
YIL139C,1,0.0,0.0,0.23247135982409278,4.548054063010552e-05,0.00032714915728920217,43.0,1,4,22.75,56.0,56,0.964935064935065,0
YPL260W,2,0.0,1.9801071434329377e-06,0.25195507475853984,5.763151768540418e-05,0.0006498837438753642,35.5,2,0,0.0,0.0,0,0.0,0
YNL327W,1,0.0,0.0,0.2393254157810606,4.416549107620587e-05,0.0006315258378224095,43.0,1,0,0.0,0.0,0,0.0,0
YIL153W,1,0.0,0.0,0.21177010469557103,4.944371043128746e-05,3.812249327521142e-05,12.0,1,1,3.0,3.0,2,1.0,0
YIL157C,1,0.0,0.0,0.24942046693477368,5.221957558451782e-05,0.0004299173823167175,125.0,1,0,0.0,0.0,0,0.0,0
YIL158W,1,0.0,0.0,0.20684603213357514,5.051869272193998e-05,7.241013067539588e-05,9.0,1,0,0.0,0.0,0,0.0,0
YKL217W,1,0.0,0.0,0.17367836377051202,8.378537955693342e-05,5.347037476932924e-07,2.0,1,0,0.0,0.0,0,0.0,0
YMR057C,1,0.0,0.0,0.23030132781764176,4.399709797456491e-05,0.00037561439981528095,16.0,1,0,0.0,0.0,0,0.0,0
YNL036W,3,0.0,8.292545769313218e-05,0.24140179187594615,0.00010053726735296761,0.00021176600742028512,14.333333333333334,3,0,0.0,0.0,0,0.0,1
YNL165W,1,0.0,0.0,0.22891187787605718,4.722658469266974e-05,0.00012420523120667756,26.0,1,0,0.0,0.0,0,0.0,0
YOR011W,1,0.0,0.0,0.22891187787605718,4.722658469266974e-05,0.00012420523120667756,26.0,1,0,0.0,0.0,0,0.0,0
YIR012W,3,0.0,0.00022485246489836074,0.25813642799970393,0.0001372407887074444,0.0016652657266545765,24.666666666666668,2,3,356.0,559.0,558,1.0,1
YJR004C,1,0.0,0.0,0.2048242669740821,6.801318377300118e-05,4.0791446631262644e-05,3.0,1,0,0.0,0.0,0,0.0,0
YIR013C,1,0.0,0.0,0.20086480211960595,7.549474712912973e-05,4.9474447896878834e-05,2.0,1,0,0.0,0.0,0,0.0,0
YJL102W,2,0.0,0.00019556096288394579,0.2518790472767177,0.00010807897921975566,0.0020198921145925665,51.5,1,0,0.0,0.0,0,0.0,0
YLR437C,2,0.0,1.6710963861787805e-06,0.22469102629207066,6.275446991765626e-05,0.00015495104331157008,13.5,2,0,0.0,0.0,0,0.0,0
YNL314W,3,0.3333333333333333,3.422356312320566e-06,0.2567601238619017,8.0296780830998e-05,0.000765396399643406,25.0,3,0,0.0,0.0,0,0.0,0
YIR025W,2,0.0,2.109238404737272e-05,0.2784589667547123,6.627543546549984e-05,0.001463750216147933,169.5,2,3,29.666666666666668,58.0,57,1.0,0
YPR164W,4,0.16666666666666666,7.424277681258538e-06,0.26925235073653325,9.06370205081031e-05,0.0026673678061385603,42.0,4,0,0.0,0.0,0,0.0,0
YIR027C,1,0.0,0.0,0.19231129194218236,5.9408451683797106e-05,7.447585890829232e-06,4.0,1,0,0.0,0.0,0,0.0,0
YIR028W,1,0.0,0.0,0.1711383214095423,6.343843506306947e-05,4.3799287445640117e-07,4.0,1,0,0.0,0.0,0,0.0,0
YIR035C,2,0.0,1.179976580162261e-05,0.2476322855896294,6.507470156149055e-05,0.0005118032881076357,53.5,2,0,0.0,0.0,0,0.0,0
YIR036C,1,0.0,0.0,0.24942046693477368,5.221957558451782e-05,0.0004299173823167175,125.0,1,0,0.0,0.0,0,0.0,0
YIR037W,2,0.0,6.504059821487987e-06,0.26056724291401356,6.359332763915649e-05,0.0012525044459079633,90.0,2,0,0.0,0.0,0,0.0,0
YMR119W,2,0.0,4.7051239269927885e-06,0.22827543190748656,7.397003445435433e-05,7.176098035599426e-05,13.0,2,0,0.0,0.0,0,0.0,0
YIR042C,1,0.0,0.0,0.2476322855896294,4.202676248029915e-05,0.001547466807812101,63.0,1,0,0.0,0.0,0,0.0,0
YML019W,4,0.0,0.00012123147351184474,0.2514238441792297,0.00011169682727033917,0.0003683537935394058,37.75,3,2,19.0,29.0,28,1.0,0
YJL006C,2,1.0,0.0,0.23776884618544697,5.813259415431145e-05,0.0008609250824370806,17.0,2,3,74.33333333333333,195.0,214,0.8490632267122987,0
YJL011C,6,0.8,2.689828255415105e-06,0.26573794110735155,0.00012082326980762971,0.00378076214062815,36.333333333333336,6,2,17.5,18.0,17,1.0,1
YJR143C,2,0.0,3.813266036323332e-06,0.24555613728428394,6.51788337856404e-05,0.00032500994493819656,28.0,2,0,0.0,0.0,0,0.0,0
YJR152W,2,0.0,8.178748507968006e-07,0.23279552737985754,7.003457235289297e-05,0.00014437268716679732,8.0,2,0,0.0,0.0,0,0.0,0
YJL118W,1,0.0,0.0,0.2529859562585369,4.589349215509739e-05,0.0008232066834345704,95.0,1,2,452.5,559.0,558,1.0,0
YJR023C,2,0.0,1.3600756439633696e-05,0.2599046692293853,6.33765234741956e-05,0.001087053760417514,67.5,2,0,0.0,0.0,0,0.0,1
YJR047C,1,0.0,0.0,0.2529859562585369,4.589349215509739e-05,0.0008232066834345704,95.0,1,5,240.0,559.0,589,0.9439786101197695,0
YJR149W,1,0.0,0.0,0.2529859562585369,4.589349215509739e-05,0.0008232066834345704,95.0,1,0,0.0,0.0,0,0.0,0
YMR184W,2,0.0,5.50806536233688e-05,0.2651891864900061,6.661579590234705e-05,0.0010901229951076575,105.5,2,0,0.0,0.0,0,0.0,0
YPL202C,2,1.0,0.0,0.264782605130862,6.179161129565969e-05,0.0016386494285170385,96.0,2,0,0.0,0.0,0,0.0,0
YLR316C,1,0.0,0.0,0.18240750905234568,7.972978343588903e-05,1.6119224224781878e-06,2.0,1,0,0.0,0.0,0,0.0,1
YLR312W-A,1,0.0,0.0,0.2316220217384385,4.611617676434912e-05,0.00018254266167089478,24.0,1,7,202.14285714285714,559.0,589,0.9439786101197695,0
YPL207W,2,0.0,7.906427216788277e-07,0.24929631538328795,6.17394358527994e-05,0.0009623488998419342,25.5,2,0,0.0,0.0,0,0.0,1
YJL048C,4,0.0,4.736812081738883e-05,0.2679415245051496,0.00010030512531152363,0.0011611536660659446,26.5,4,0,0.0,0.0,0,0.0,0
YOR132W,3,1.0,0.0,0.22303005771509865,8.444562282301263e-05,0.00011349482871220026,8.333333333333334,3,4,31.75,95.0,94,1.0,0
YJL055W,1,0.0,0.0,0.22499384438680392,5.1557832419633204e-05,5.986162078099545e-05,28.0,1,0,0.0,0.0,0,0.0,0
YJL143W,5,0.2,0.000557183559065873,0.27223802663750907,0.0001442230481787515,0.004124582982736613,40.2,4,5,9.2,18.0,24,0.644927536231884,1
YNR029C,2,0.0,3.6176969156187275e-06,0.2079366842169831,9.573280189888753e-05,2.4293413580192763e-05,3.0,2,0,0.0,0.0,0,0.0,0
YML093W,1,0.0,0.0,0.23368621575449117,4.347895190840667e-05,0.0004632053002843854,35.0,1,2,302.5,559.0,558,1.0,1
YJL078C,3,0.0,1.1276274522796954e-05,0.25562001613077395,9.18816180804265e-05,0.0005636907940228693,45.0,3,0,0.0,0.0,0,0.0,0
YJL082W,1,0.0,0.0,0.18745978126474735,6.326113869581512e-05,3.4143641471873115e-06,5.0,1,0,0.0,0.0,0,0.0,0
YLR014C,5,0.0,0.0002107517945178404,0.23115165809988714,0.00020127215964267544,0.00013936765426814356,4.4,2,0,0.0,0.0,0,0.0,0
YMR280C,3,0.3333333333333333,1.01737381972149e-05,0.2621356105961612,8.091125171217167e-05,0.0012429567230124172,41.333333333333336,3,0,0.0,0.0,0,0.0,0
YJL094C,1,0.0,0.0,0.00019630938358853554,0.00019627085377821394,6.463110539297873e-30,1.0,1,0,0.0,0.0,0,0.0,0
YLR193C,1,0.0,0.0,0.00019630938358853554,0.00019627085377821394,6.463110539297873e-30,1.0,1,0,0.0,0.0,0,0.0,0
YJL209W,1,0.0,0.0,0.23938261046029324,4.321860873644151e-05,0.0005907356253103764,58.0,1,3,45.666666666666664,131.0,131,0.985554903112155,0
YJL100W,3,0.0,6.66288158288261e-05,0.27091269411209257,9.611071592665712e-05,0.0020992399856735724,66.0,2,0,0.0,0.0,0,0.0,0
YPL040C,2,0.0,3.436287496214661e-07,0.24156479892202068,7.154793618899926e-05,0.0007417896548807959,11.0,2,0,0.0,0.0,0,0.0,0
YMR100W,2,0.0,1.0178850432040766e-07,0.2592588764908508,5.480808440609521e-05,0.002861812367173811,60.0,2,0,0.0,0.0,0,0.0,0
YOR099W,3,0.0,2.2088153547531622e-05,0.24211365058736609,8.191891353383636e-05,0.00032200432708414354,26.666666666666668,3,0,0.0,0.0,0,0.0,0
YJL123C,1,0.0,0.0,0.22714694435349697,4.474798091195674e-05,0.0004192036183015419,16.0,1,2,452.5,559.0,558,1.0,1
YNL163C,1,0.0,0.0,0.23680203196455105,4.585659351560124e-05,0.00027476568735306103,45.0,1,0,0.0,0.0,0,0.0,1
YPL247C,2,1.0,0.0,0.24929631538328795,5.832679216946781e-05,0.0012453659520851828,39.0,2,0,0.0,0.0,0,0.0,0
YJL158C,2,0.0,5.239509213316281e-06,0.2123087314985271,7.710474985139876e-05,3.5808672998657007e-05,4.0,2,0,0.0,0.0,0,0.0,0
YJL163C,1,0.0,0.0,0.19882346074038332,4.7530049954909344e-05,3.4674045610215204e-05,15.0,1,0,0.0,0.0,0,0.0,0
YOR380W,4,0.0,2.9359185292816014e-05,0.26716968825617493,9.692257173250115e-05,0.004586876076447099,61.75,3,0,0.0,0.0,0,0.0,0
YJL181W,1,0.0,0.0,0.2385616355173028,4.3729533249813244e-05,0.0007897288958653409,52.0,1,0,0.0,0.0,0,0.0,0
YMR204C,2,0.0,8.681911762967786e-06,0.2499058418267679,7.312942368930346e-05,0.0004601889936872129,37.5,2,0,0.0,0.0,0,0.0,0
YJL189W,1,0.0,0.0,0.23623239356871162,4.4550552043021056e-05,0.00035630068869189186,34.0,1,6,258.8333333333333,559.0,589,0.9439786101197695,0
YJL191W,1,0.0,0.0,0.21405090076289662,4.9068538645958876e-05,2.2942131375484806e-05,10.0,1,8,204.625,559.0,589,0.9439786101197695,0
YJL192C,1,0.0,0.0,0.26695607782369035,5.134682951460989e-05,0.000899077839957782,280.0,1,0,0.0,0.0,0,0.0,0
YJL198W,1,0.0,0.0,0.23934829037277205,4.82307040043684e-05,0.00042951721455035066,76.0,1,0,0.0,0.0,0,0.0,1
YLR198C,2,0.0,1.6438778722676925e-06,0.24513547922520948,6.77691597857869e-05,0.0002674819280069346,11.0,2,0,0.0,0.0,0,0.0,1
YJL200C,1,0.0,0.0,0.2518537149778867,4.3751580320307964e-05,0.0020186801472570374,102.0,1,0,0.0,0.0,0,0.0,0
YMR285C,2,0.0,2.332390640303378e-06,0.26064860661203515,5.890388460971078e-05,0.003114314571923037,75.0,2,0,0.0,0.0,0,0.0,0
YOL136C,1,0.0,0.0,0.23192234202594372,4.624025719698069e-05,0.00023538597641296614,21.0,1,0,0.0,0.0,0,0.0,0
YKL222C,1,0.0,0.0,0.17816381402476808,7.340651805359267e-05,2.802592163192562e-06,3.0,1,2,452.5,559.0,558,1.0,0
YJL215C,2,0.0,5.682967945978879e-06,0.2543478226626507,6.489120001919728e-05,0.001875714536858785,55.5,2,0,0.0,0.0,0,0.0,0
YJL225C,1,0.0,0.0,0.24942046693477368,5.221957558451782e-05,0.0004299173823167175,125.0,1,0,0.0,0.0,0,0.0,0
YNR075W,3,0.0,0.0023775969918749676,0.24035911964535467,0.00013155388400158885,0.00035702803893582577,11.666666666666666,2,0,0.0,0.0,0,0.0,0
YJR003C,1,0.0,0.0,0.19811562405262087,5.788850679715669e-05,1.1867388214210966e-05,7.0,1,0,0.0,0.0,0,0.0,1
YML053C,1,0.0,0.0,0.2447880242448805,4.2297224510747157e-05,0.0008655244501339313,31.0,1,0,0.0,0.0,0,0.0,0
YJR011C,2,0.0,1.412869408033917e-06,0.25029300230136203,6.779426880317238e-05,0.00048413341364358887,24.0,2,0,0.0,0.0,0,0.0,0
YJR016C,1,0.0,0.0,0.2393597293084618,4.323413939644359e-05,0.0008089910918024559,37.0,1,0,0.0,0.0,0,0.0,1
YJR019C,3,0.0,3.930235447688724e-05,0.2683003683532573,7.885465956734589e-05,0.0025397330327650656,83.0,3,0,0.0,0.0,0,0.0,0
YNL050C,1,0.0,0.0,0.24634120191088754,4.635275336757802e-05,0.0006633265719532637,75.0,1,0,0.0,0.0,0,0.0,0
YNR050C,5,0.0,0.000640507686153469,0.26156063171350824,0.00015121578538447288,0.0010391951055572237,33.2,3,0,0.0,0.0,0,0.0,0
YOL031C,2,0.0,0.0001955625368152366,0.2463654373579741,0.00011226894756533715,0.0006637248404159292,38.0,1,0,0.0,0.0,0,0.0,0
YOL140W,1,0.0,0.0,0.24634120191088754,4.635275336757802e-05,0.0006633265719532637,75.0,1,0,0.0,0.0,0,0.0,0
YJR024C,1,0.0,0.0,0.2488627565739257,4.558103532439751e-05,0.0004513081256808841,72.0,1,0,0.0,0.0,0,0.0,0
YJR025C,2,0.0,2.2305638930452875e-05,0.2522596442052108,8.784594367635305e-05,0.0007959620637051153,51.0,2,0,0.0,0.0,0,0.0,0
YJR034W,1,0.0,0.0,0.23244978075049916,4.530067844452543e-05,0.0003474473165104814,29.0,1,0,0.0,0.0,0,0.0,0
YMR318C,2,0.0,2.3791943389330822e-07,0.24600240562160494,5.457011038527953e-05,0.0017206399740440827,36.0,2,0,0.0,0.0,0,0.0,0
YPL046C,2,0.0,2.4219479265735855e-07,0.24976875005237656,5.693839869917852e-05,0.001107376413295812,25.0,2,5,17.6,58.0,75,0.6335135135135135,0
YPL193W,1,0.0,0.0,0.1711441694932427,7.196851352049831e-05,4.558639883360717e-07,3.0,1,0,0.0,0.0,0,0.0,0
YNL148C,3,0.0,1.363364551250186e-07,0.2587231623127521,6.611534122162828e-05,0.003907322037671658,43.666666666666664,3,0,0.0,0.0,0,0.0,0
YLR406C,1,0.0,0.0,0.15259164511761183,0.00010344468080352126,6.216196290967039e-08,2.0,1,6,258.8333333333333,559.0,589,0.9439786101197695,0
YOR262W,1,0.0,0.0,0.2236575258362102,4.4708894800075424e-05,0.0004153389328557598,13.0,1,0,0.0,0.0,0,0.0,1
YJR074W,2,1.0,0.0,0.24339616931769717,6.170923843290936e-05,0.00048509494601676497,19.5,2,0,0.0,0.0,0,0.0,0
YOR084W,2,0.0,6.733038281709522e-07,0.24458480129170557,6.219703531391445e-05,0.0007889773390406054,23.0,2,0,0.0,0.0,0,0.0,0
YJR079W,1,0.0,0.0,0.2541929135690126,4.923467194727138e-05,0.0006256621598499456,152.0,1,0,0.0,0.0,0,0.0,0
YNL051W,1,0.0,0.0,0.21275064678859246,5.4406498939687465e-05,3.938701364709073e-05,17.0,1,3,41.333333333333336,95.0,94,1.0,0
YOR354C,1,0.0,0.0,0.21275064678859246,5.4406498939687465e-05,3.938701364709073e-05,17.0,1,0,0.0,0.0,0,0.0,0
YPR096C,3,0.0,0.00011873329058177574,0.26822852271048925,0.00010554394902119698,0.0009420997356705453,100.0,3,2,452.5,559.0,558,1.0,0
YJR119C,2,0.0,7.468223703663621e-05,0.26712693882608435,8.516734014369291e-05,0.0009024922041049693,142.5,2,0,0.0,0.0,0,0.0,0
YJR123W,1,0.0,0.0,0.26695607782369035,5.134682951460989e-05,0.000899077839957782,280.0,1,7,227.28571428571428,559.0,589,0.9439786101197695,1
YKL111C,1,0.0,0.0,0.26695607782369035,5.134682951460989e-05,0.000899077839957782,280.0,1,0,0.0,0.0,0,0.0,1
YKL117W,5,0.5,0.00016749492542964393,0.28593074766215204,0.00010410201172065067,0.004622564238619289,88.6,5,0,0.0,0.0,0,0.0,0
YKL138C,1,0.0,0.0,0.26695607782369035,5.134682951460989e-05,0.000899077839957782,280.0,1,7,202.14285714285714,559.0,589,0.9439786101197695,0
YKL160W,2,0.0,2.736543859419914e-05,0.2676837507242253,8.011329792337993e-05,0.0009064582131112948,141.5,2,0,0.0,0.0,0,0.0,0
YKR087C,1,0.0,0.0,0.26695607782369035,5.134682951460989e-05,0.000899077839957782,280.0,1,0,0.0,0.0,0,0.0,0
YLL030C,2,0.0,7.901009969287524e-06,0.27262331805836676,6.51472677355028e-05,0.0016794426431633231,153.5,2,0,0.0,0.0,0,0.0,0
YLR037C,3,0.0,0.0001846880418290154,0.2738157004018509,9.38063482722641e-05,0.001477142061194084,103.66666666666667,3,0,0.0,0.0,0,0.0,0
YLR066W,2,0.0,4.6375061875602e-05,0.2691365992826189,7.035573599961682e-05,0.0009158747078903925,144.0,2,1,4.0,4.0,3,1.0,1
YLR104W,2,0.0,0.000107785980609893,0.27801071196504334,7.191202342003052e-05,0.0016879999657316374,189.5,2,0,0.0,0.0,0,0.0,0
YLR118C,2,0.0,0.00038606389479893055,0.2684010169373127,7.592681382366181e-05,0.0009476158315861315,149.5,2,0,0.0,0.0,0,0.0,0
YLR172C,3,0.0,2.7549314823949415e-05,0.27047377955663743,0.00010233617698126484,0.0010142409464738238,99.33333333333333,2,0,0.0,0.0,0,0.0,0
YLR205C,1,0.0,0.0,0.26695607782369035,5.134682951460989e-05,0.000899077839957782,280.0,1,0,0.0,0.0,0,0.0,0
YLR333C,1,0.0,0.0,0.26695607782369035,5.134682951460989e-05,0.000899077839957782,280.0,1,7,227.28571428571428,559.0,589,0.9439786101197695,0
YLR379W,1,0.0,0.0,0.26695607782369035,5.134682951460989e-05,0.000899077839957782,280.0,1,0,0.0,0.0,0,0.0,1
YML013W,1,0.0,0.0,0.26695607782369035,5.134682951460989e-05,0.000899077839957782,280.0,1,2,31.5,58.0,57,1.0,0
YMR067C,1,0.0,0.0,0.26695607782369035,5.134682951460989e-05,0.000899077839957782,280.0,1,0,0.0,0.0,0,0.0,0
YMR160W,1,0.0,0.0,0.26695607782369035,5.134682951460989e-05,0.000899077839957782,280.0,1,0,0.0,0.0,0,0.0,0
YMR278W,1,0.0,0.0,0.26695607782369035,5.134682951460989e-05,0.000899077839957782,280.0,1,0,0.0,0.0,0,0.0,0
YNL215W,2,0.0,1.800655586127005e-05,0.27950013818015823,6.405101437151434e-05,0.002650876420212628,178.0,2,0,0.0,0.0,0,0.0,0
YOL072W,1,0.0,0.0,0.26695607782369035,5.134682951460989e-05,0.000899077839957782,280.0,1,2,30.5,59.0,58,1.0,0
YOL101C,1,0.0,0.0,0.26695607782369035,5.134682951460989e-05,0.000899077839957782,280.0,1,0,0.0,0.0,0,0.0,0
YOR008C,4,0.0,9.748039288499703e-05,0.2704883871273631,0.00011598678579090589,0.0010536896564889372,76.0,3,0,0.0,0.0,0,0.0,0
YOR033C,3,0.3333333333333333,8.333152363511651e-05,0.2716621271452731,8.190237760593173e-05,0.0013706067862781738,104.66666666666667,3,0,0.0,0.0,0,0.0,0
YPL052W,1,0.0,0.0,0.26695607782369035,5.134682951460989e-05,0.000899077839957782,280.0,1,0,0.0,0.0,0,0.0,0
YPL088W,3,0.0,0.00026900237825895455,0.2879693523487957,0.00010825960886624871,0.0028224554015375642,166.0,2,0,0.0,0.0,0,0.0,0
YPL159C,2,0.0,3.928448211461733e-05,0.27694995443763853,6.74872367722753e-05,0.0013503859656386662,176.0,2,0,0.0,0.0,0,0.0,0
YPR114W,1,0.0,0.0,0.26695607782369035,5.134682951460989e-05,0.000899077839957782,280.0,1,0,0.0,0.0,0,0.0,0
YML030W,1,0.0,0.0,0.2233284123807302,4.499010443349659e-05,0.00014980239002379992,18.0,1,0,0.0,0.0,0,0.0,0
YJR097W,1,0.0,0.0,0.23688043210756538,4.954971138782858e-05,0.00014423290469894296,29.0,1,0,0.0,0.0,0,0.0,0
YJR098C,1,0.0,0.0,0.22733253034588785,4.61709598228288e-05,0.00022126007093323347,24.0,1,0,0.0,0.0,0,0.0,0
YJR099W,2,0.0,6.706418667218602e-05,0.2460991094319815,7.625868692103573e-05,0.0003908242793670902,23.5,2,0,0.0,0.0,0,0.0,0
YJR100C,1,0.0,0.0,0.24942046693477368,5.221957558451782e-05,0.0004299173823167175,125.0,1,0,0.0,0.0,0,0.0,0
YJR102C,5,0.2,6.729563538633171e-05,0.25063118531002626,0.00016795761509082063,0.000450028107306652,28.0,4,1,3.0,3.0,2,1.0,0
YLR417W,4,0.3333333333333333,1.2025959793374387e-05,0.23166487700866162,0.00013158977975882854,0.00011234972150635347,8.25,4,1,3.0,3.0,2,1.0,0
YMR077C,5,0.1,3.1183049792138446e-05,0.234123175768991,0.00015337381722943264,0.00012457900964942822,6.2,4,1,4.0,4.0,3,1.0,0
YJR120W,1,0.0,0.0,0.24942046693477368,5.221957558451782e-05,0.0004299173823167175,125.0,1,0,0.0,0.0,0,0.0,0
YJR125C,1,0.0,0.0,0.17517271085482336,8.088892089961954e-05,1.8750033307458899e-06,2.0,1,2,24.0,34.0,33,1.0,0
YJR136C,2,0.0,0.0001955625368152366,0.25421871864627454,0.00011672527278282335,0.0006260378919399457,76.5,1,0,0.0,0.0,0,0.0,1
YKL033W,1,0.0,0.0,0.20234992428791787,7.957089740867953e-05,1.5336819981882484e-05,2.0,1,0,0.0,0.0,0,0.0,1
YJR146W,2,0.0,0.00010121179430238107,0.2505684898964506,9.271910634680477e-05,0.0007903217077264226,51.0,2,0,0.0,0.0,0,0.0,0
YLR246W,3,0.0,0.0001981888529259021,0.2246204859869155,0.0001537249735960834,5.6960945798269655e-05,3.6666666666666665,2,1,2.0,2.0,1,0.0,0
YJR154W,1,0.0,0.0,0.24942046693477368,5.221957558451782e-05,0.0004299173823167175,125.0,1,0,0.0,0.0,0,0.0,0
YNR072W,3,0.0,1.6443722030418434e-05,0.23893721559325676,8.689957064491675e-05,0.0003442068208034192,19.333333333333332,3,0,0.0,0.0,0,0.0,0
YPR122W,2,0.0,2.525173056133022e-07,0.2450515205034864,5.8726651669306726e-05,0.0014768995914044118,21.0,2,0,0.0,0.0,0,0.0,0
YKL017C,2,0.0,2.0288120520404577e-06,0.24375154407213973,6.575468777349852e-05,0.00036684725949180386,17.5,2,1,7.0,7.0,6,1.0,0
YKL024C,1,0.0,0.0,0.2504431931218249,5.000582197215272e-05,0.0007889221257738557,99.0,1,0,0.0,0.0,0,0.0,1
YMR090W,2,0.0,3.5011115302138347e-06,0.253113810888475,7.237523962492462e-05,0.0005780072797301463,65.0,2,0,0.0,0.0,0,0.0,0
YKL038W,1,0.0,0.0,0.24531558464196,4.595717086819922e-05,0.00038851703518584394,42.0,1,0,0.0,0.0,0,0.0,0
YKL044W,1,0.0,0.0,0.2504431931218249,5.000582197215272e-05,0.0007889221257738557,99.0,1,0,0.0,0.0,0,0.0,0
YKL047W,1,0.0,0.0,0.17175456022120217,8.325796591448795e-05,5.83918975159722e-07,2.0,1,0,0.0,0.0,0,0.0,0
YPL130W,2,0.0,0.0001955625368152366,0.20772969622771695,0.00012814229461171833,2.3833562055861817e-05,3.0,1,0,0.0,0.0,0,0.0,0
YKL049C,1,0.0,0.0,0.20754891948324788,5.096756153341553e-05,4.4668477026924424e-05,9.0,1,5,20.8,55.0,64,0.7321428571428571,1
YLR285W,3,0.0,0.00020024893345644252,0.22751841984510313,0.00013374600581093476,0.00029548881348708217,5.333333333333333,2,0,0.0,0.0,0,0.0,0
YOR344C,4,0.0,9.273752413294617e-05,0.26182042846203435,0.00010918139998535937,0.001051628958662591,49.0,3,0,0.0,0.0,0,0.0,0
YNL122C,1,0.0,0.0,0.2190884941404311,4.861360898351115e-05,8.702593683470806e-05,9.0,1,2,452.5,559.0,558,1.0,0
YKL069W,1,0.0,0.0,0.2664448037479521,4.5243656701725876e-05,0.001921446256761567,216.0,1,0,0.0,0.0,0,0.0,0
YKL072W,2,0.0,1.5345113063094748e-05,0.2330446687473945,8.023198164364446e-05,0.00019624220344677688,20.0,2,0,0.0,0.0,0,0.0,0
YOR148C,1,0.0,0.0,0.19616022936120378,5.925410726668073e-05,2.2753213151631996e-05,4.0,1,6,156.5,559.0,619,0.8502282102357388,1
YKL087C,1,0.0,0.0,0.18506311111296808,6.732137695303195e-05,7.238310699314076e-06,3.0,1,0,0.0,0.0,0,0.0,0
YKL093W,1,0.0,0.0,0.20051096869446133,6.127684109528421e-05,2.1079504138428614e-05,4.0,1,0,0.0,0.0,0,0.0,0
YOR239W,4,0.0,0.00021923719402114242,0.251322911283132,0.00014946502222265917,0.0008604832543343457,29.25,2,0,0.0,0.0,0,0.0,0
YKL106W,1,0.0,0.0,0.2430418292837509,4.856149529417057e-05,0.0004442156893259439,95.0,1,0,0.0,0.0,0,0.0,0
YKL107W,1,0.0,0.0,0.2504431931218249,5.000582197215272e-05,0.0007889221257738557,99.0,1,0,0.0,0.0,0,0.0,0
YKL114C,1,0.0,0.0,0.22499384438680392,5.1557832419633204e-05,5.986162078099545e-05,28.0,1,0,0.0,0.0,0,0.0,0
YKR069W,3,0.3333333333333333,9.169551966216953e-06,0.2593528546450342,7.457862093052326e-05,0.0015705464252026204,46.333333333333336,3,0,0.0,0.0,0,0.0,0
YML106W,1,0.0,0.0,0.23785918389296426,4.638520376135974e-05,0.0005303605137582009,28.0,1,0,0.0,0.0,0,0.0,0
YKL133C,1,0.0,0.0,0.23319658127532966,4.6923659385830305e-05,0.0002638470769829437,40.0,1,0,0.0,0.0,0,0.0,0
YML043C,1,0.0,0.0,0.19487793681129395,7.192530475923442e-05,5.457467187841878e-06,3.0,1,5,68.8,195.0,255,0.7764397097421646,1
YMR210W,1,0.0,0.0,0.20530284796270773,5.35893082702397e-05,3.818982868451932e-05,7.0,1,0,0.0,0.0,0,0.0,0
YNL178W,2,0.0,2.570991279489848e-06,0.23091719194293214,7.765241617980081e-05,0.00012021826983218364,6.5,2,9,179.77777777777777,559.0,589,0.9439786101197695,1
YKL163W,1,0.0,0.0,0.2504431931218249,5.000582197215272e-05,0.0007889221257738557,99.0,1,0,0.0,0.0,0,0.0,0
YKL164C,1,0.0,0.0,0.2430418292837509,4.856149529417057e-05,0.0004442156893259439,95.0,1,0,0.0,0.0,0,0.0,0
YLR012C,1,0.0,0.0,0.20613940467773523,5.968262501563436e-05,4.934010817797437e-05,4.0,1,0,0.0,0.0,0,0.0,0
YKL176C,2,0.0,3.311673667424237e-06,0.24277086650752572,6.048657327281508e-05,0.0007859156537323366,27.0,2,1,34.0,34.0,33,1.0,0
YKL180W,1,0.0,0.0,0.20914364956154238,5.0686856051422615e-05,5.924529438550648e-05,8.0,1,6,258.8333333333333,559.0,589,0.9439786101197695,1
YNL104C,1,0.0,0.0,0.2028991644810507,6.409806448411643e-05,2.2125511377363407e-05,3.0,1,0,0.0,0.0,0,0.0,0
YKL186C,1,0.0,0.0,0.20739421823057913,4.845927749749462e-05,3.4920260073883895e-05,10.0,1,2,30.5,59.0,58,1.0,1
YPL163C,1,0.0,0.0,0.1990209805702466,5.8415783384816e-05,1.1346810115872705e-05,4.0,1,0,0.0,0.0,0,0.0,0
YKL197C,1,0.0,0.0,0.20302253743768517,5.782581393771312e-05,1.8639351918024218e-05,4.0,1,0,0.0,0.0,0,0.0,0
YOR198C,7,0.0,0.00011124304521324106,0.26278204397136545,0.00015296100295025106,0.0012185836731995704,25.0,6,2,287.0,559.0,558,1.0,0
YOR003W,1,0.0,0.0,0.1885820835925241,6.142340008819788e-05,5.04435414539088e-06,3.0,1,0,0.0,0.0,0,0.0,0
YNR034W,1,0.0,0.0,0.2173297017162185,4.715038135364812e-05,0.00010387203073833498,9.0,1,0,0.0,0.0,0,0.0,0
YKL208W,1,0.0,0.0,0.2430536239954506,5.0162931813981754e-05,0.00026691631167308726,116.0,1,0,0.0,0.0,0,0.0,0
YKL216W,2,0.0,1.0468112495637591e-07,0.24406037600751693,5.6310118504695255e-05,0.0017855288840736955,38.0,2,0,0.0,0.0,0,0.0,0
YOR221C,1,0.0,0.0,0.21523756826895246,5.769952348644235e-05,2.9514663359861483e-05,5.0,1,0,0.0,0.0,0,0.0,0
YKR005C,1,0.0,0.0,0.2430418292837509,4.856149529417057e-05,0.0004442156893259439,95.0,1,0,0.0,0.0,0,0.0,0
YKR016W,1,0.0,0.0,0.00019630938358853554,0.00019627085377821394,6.463110539297873e-30,1.0,1,0,0.0,0.0,0,0.0,0
YLR388W,1,0.0,0.0,0.00019630938358853554,0.00019627085377821394,6.463110539297873e-30,1.0,1,7,227.28571428571428,559.0,589,0.9439786101197695,0
YLR289W,5,0.1,3.445763458388718e-05,0.2661050409675498,0.00010743487300026271,0.005268826132483476,50.4,4,0,0.0,0.0,0,0.0,0
YMR269W,1,0.0,0.0,0.24920948281088,4.2773995666296174e-05,0.0018158529160777895,83.0,1,2,452.5,559.0,558,1.0,0
YOR190W,4,0.0,3.434398217122444e-05,0.26236905946095945,0.00011035398371554958,0.002319110663352855,46.5,3,0,0.0,0.0,0,0.0,0
YLL002W,2,0.0,2.145883776440103e-05,0.2406478462449671,7.653295508758577e-05,0.00047949017269091236,20.0,2,1,2.0,2.0,1,0.0,0
YKR051W,1,0.0,0.0,0.25485258375993564,4.239368969169768e-05,0.002747769924707454,110.0,1,0,0.0,0.0,0,0.0,0
YKR061W,1,0.0,0.0,0.2540124246107549,4.533874720729439e-05,0.0008154427450824685,97.0,1,0,0.0,0.0,0,0.0,0
YKR063C,1,0.0,0.0,0.22776674592069923,4.827472037981016e-05,0.00027789708712187556,11.0,1,0,0.0,0.0,0,0.0,1
YKR064W,1,0.0,0.0,0.24330157765607263,4.5852084236622446e-05,0.0003551908401870536,45.0,1,0,0.0,0.0,0,0.0,0
YKR065C,2,0.0,0.0001955625368152366,0.21583119914028248,0.00011494463504726848,5.070682642683811e-05,8.5,1,3,8.0,11.0,10,1.0,0
YLR036C,1,0.0,0.0,0.17725581228279083,7.833244923431986e-05,1.2466831677957372e-06,2.0,1,0,0.0,0.0,0,0.0,0
YKR070W,1,0.0,0.0,0.2212858647130409,4.937144746432385e-05,7.053232820037277e-05,20.0,1,0,0.0,0.0,0,0.0,0
YKR071C,1,0.0,0.0,0.22733253034588785,4.61709598228288e-05,0.00022126007093323347,24.0,1,0,0.0,0.0,0,0.0,1
YKR074W,1,0.0,0.0,0.21798237186848254,5.024194074345569e-05,0.00011709388651944321,8.0,1,0,0.0,0.0,0,0.0,0
YKR080W,1,0.0,0.0,0.23247135982409278,4.548054063010552e-05,0.00032714915728920217,43.0,1,0,0.0,0.0,0,0.0,0
YKR084C,1,0.0,0.0,0.20954616861429462,5.21679176455304e-05,2.2733034637863027e-05,6.0,1,3,93.66666666666667,266.0,265,1.0,0
YPL023C,1,0.0,0.0,0.21300399676988285,5.402061237578402e-05,4.85379916283495e-05,19.0,1,0,0.0,0.0,0,0.0,0
YPL067C,1,0.0,0.0,0.21300399676988285,5.402061237578402e-05,4.85379916283495e-05,19.0,1,0,0.0,0.0,0,0.0,0
YPR177C,1,0.0,0.0,0.21300399676988285,5.402061237578402e-05,4.85379916283495e-05,19.0,1,0,0.0,0.0,0,0.0,1
YNL246W,3,0.0,2.591929883470413e-05,0.22388748216585852,0.00011703019408210069,8.329514305496162e-05,8.333333333333334,2,1,2.0,2.0,1,0.0,1
YOL009C,2,0.0,9.742371654951319e-06,0.21990616799342502,6.832173193161106e-05,4.413883663522212e-05,8.0,2,1,3.0,3.0,2,1.0,0
YOR112W,2,0.0,3.2529572415020006e-05,0.25775116957697775,6.90145335173751e-05,0.0006394840261894297,80.5,2,1,59.0,59.0,58,1.0,0
YLL012W,2,0.0,0.0021782839191046535,0.19348514491212113,0.0001464474431491273,8.764055807150804e-06,2.0,1,0,0.0,0.0,0,0.0,0
YOR095C,1,0.0,0.0,0.16189956282690335,9.109425934519357e-05,2.150884269482958e-07,2.0,1,0,0.0,0.0,0,0.0,1
YOR282W,1,0.0,0.0,0.2202058994042497,5.278757001027544e-05,0.0001253817270742263,6.0,1,0,0.0,0.0,0,0.0,1
YOL112W,1,0.0,0.0,0.23039667752554305,4.58574394690466e-05,0.00022055965268690954,17.0,1,0,0.0,0.0,0,0.0,0
YLR459W,2,0.0,2.7491841700703904e-06,0.2269925206694278,7.814341549977352e-05,0.00012545423439647634,8.0,2,1,5.0,5.0,4,1.0,1
YLL038C,2,0.0,2.2621868408563666e-06,0.22975196000047043,6.7727762322332e-05,0.00030754136660584734,16.0,2,0,0.0,0.0,0,0.0,0
YLL059C,1,0.0,0.0,0.20044676923278057,5.780481253399043e-05,1.627862304846974e-05,5.0,1,0,0.0,0.0,0,0.0,0
YOL143C,2,0.0,2.9920923118348856e-05,0.2448598306468297,8.052408820875161e-05,0.000441361189881483,31.0,2,0,0.0,0.0,0,0.0,0
YLR001C,1,0.0,0.0,0.00019630938358853554,0.00019627085377821394,6.463110539297873e-30,1.0,1,0,0.0,0.0,0,0.0,0
YNL019C,1,0.0,0.0,0.00019630938358853554,0.00019627085377821394,6.463110539297873e-30,1.0,1,0,0.0,0.0,0,0.0,0
YLR007W,2,0.0,9.064517753855673e-07,0.24191484210260614,6.469323991189685e-05,0.0008407508261389116,21.5,2,1,8.0,8.0,7,1.0,1
YLR008C,1,0.0,0.0,0.2028252126533939,6.557645531402891e-05,2.1715281345730812e-05,5.0,1,4,7.5,11.0,10,1.0,1
YLR011W,2,0.0,4.647764657412576e-05,0.25979681377996966,6.91266891995912e-05,0.0012331378150997995,97.0,2,0,0.0,0.0,0,0.0,0
YLR021W,2,0.0,9.442236102480823e-06,0.2524249269719397,6.689602296345204e-05,0.0008272262577604079,54.5,2,0,0.0,0.0,0,0.0,0
YLR027C,3,0.0,1.6961646879022176e-06,0.25580279769397085,6.840065251532805e-05,0.003355084510333521,59.333333333333336,3,0,0.0,0.0,0,0.0,1
YLR028C,1,0.0,0.0,0.22703367978468972,5.238252862101461e-05,0.00012524558406600748,31.0,1,0,0.0,0.0,0,0.0,0
YLR038C,1,0.0,0.0,0.19069307706557476,7.741511451220411e-05,4.308892413865778e-06,2.0,1,3,26.333333333333332,56.0,56,0.9707792207792207,0
YML125C,2,0.0,0.0001955625368152366,0.23608762968088315,0.0001129089477188776,0.00017577027280837025,14.5,1,0,0.0,0.0,0,0.0,1
YLR042C,1,0.0,0.0,0.20234992428791787,7.957089740867953e-05,1.5336819981882484e-05,2.0,1,0,0.0,0.0,0,0.0,0
YLR434C,2,0.0,0.00019556096288394579,0.25421871864627454,0.00011672527278282335,0.0006260378919399457,76.5,1,0,0.0,0.0,0,0.0,0
YLR050C,1,0.0,0.0,0.2504431931218249,5.000582197215272e-05,0.0007889221257738557,99.0,1,0,0.0,0.0,0,0.0,0
YLR057W,1,0.0,0.0,0.22703367978468972,5.238252862101461e-05,0.00012524558406600748,31.0,1,0,0.0,0.0,0,0.0,0
YLR070C,1,0.0,0.0,0.2598911824010303,4.316854520396124e-05,0.002978692978135821,164.0,1,0,0.0,0.0,0,0.0,0
YNL038W,1,0.0,0.0,0.24087932743604534,4.3206024874403053e-05,0.0005747306455310011,60.0,1,1,6.0,6.0,5,1.0,1
YLR076C,1,0.0,0.0,0.2303436957204735,4.7128437838864814e-05,0.00026938872528457845,19.0,1,0,0.0,0.0,0,0.0,1
YMR177W,2,1.0,0.0,0.2522977671679137,7.031115256203745e-05,0.00046948073435606525,73.0,2,0,0.0,0.0,0,0.0,0
YPL162C,2,0.0,2.098661823457496e-06,0.22366751411442726,6.828977242094288e-05,5.095683007957268e-05,16.5,2,0,0.0,0.0,0,0.0,0
YLR087C,1,0.0,0.0,0.23934829037277205,4.82307040043684e-05,0.00042951721455035066,76.0,1,0,0.0,0.0,0,0.0,0
YOL138C,2,0.0,2.664292212555964e-07,0.255138205606228,5.829698173733101e-05,0.0012118373891232715,52.5,2,2,452.5,559.0,558,1.0,0
YLR110C,1,0.0,0.0,0.24272380420908476,5.004292547451199e-05,0.00034113569791538386,78.0,1,0,0.0,0.0,0,0.0,0
YLR124W,4,0.0,0.00017040145213565513,0.2640288352601748,0.00010639502981583368,0.0010624917209504042,36.75,4,0,0.0,0.0,0,0.0,0
YMR030W,1,0.0,0.0,0.2028252126533939,6.557645531402891e-05,2.1715281345730812e-05,5.0,1,0,0.0,0.0,0,0.0,0
YLR141W,2,0.0,1.1193231906066097e-05,0.2503680751874753,8.880775134286227e-05,0.00043994272956189524,63.5,2,6,58.333333333333336,195.0,257,0.7645914396887159,1
YMR088C,2,0.0,5.979066144236362e-06,0.237048607348081,6.838343059368577e-05,0.0003678067781100305,24.0,2,0,0.0,0.0,0,0.0,0
YPR014C,1,0.0,0.0,0.23247135982409278,4.548054063010552e-05,0.00032714915728920217,43.0,1,0,0.0,0.0,0,0.0,0
YPR066W,3,0.0,2.0268489096720016e-05,0.24838142114909023,9.821661494025506e-05,0.00033794387790311506,41.333333333333336,3,1,2.0,2.0,1,0.0,0
YLR168C,1,0.0,0.0,0.24942046693477368,5.221957558451782e-05,0.0004299173823167175,125.0,1,0,0.0,0.0,0,0.0,0
YLR330W,1,0.0,0.0,0.2540124246107549,4.533874720729439e-05,0.0008154427450824685,97.0,1,2,5.5,6.0,5,1.0,0
YML035C,2,0.0,1.1390833749564539e-05,0.2552552355155321,7.840334384652745e-05,0.0008270864579303037,50.0,2,0,0.0,0.0,0,0.0,0
YPR157W,2,0.0,0.00010913120345281782,0.26583667601116007,6.606105095454405e-05,0.0010823590567555555,106.5,2,0,0.0,0.0,0,0.0,0
YLR201C,1,0.0,0.0,0.2430536239954506,5.0162931813981754e-05,0.00026691631167308726,116.0,1,0,0.0,0.0,0,0.0,0
YLR203C,2,0.0,3.1229716021205003e-06,0.24506351108529897,7.004598786016731e-05,0.0004829669599994056,50.0,2,4,74.0,266.0,267,0.985075047168483,0
YLR204W,1,0.0,0.0,0.20975679423923674,5.344589442116213e-05,2.480403481448194e-05,5.0,1,0,0.0,0.0,0,0.0,0
YLR450W,5,0.1,6.362117801406319e-05,0.25137336759939044,0.00012077275864069191,0.0013112921055529433,23.0,4,1,3.0,3.0,2,1.0,0
YOL013C,3,0.6666666666666666,4.20902235236529e-06,0.22541916356333852,8.656765337924592e-05,0.0001164001557146627,10.666666666666666,3,3,21.666666666666668,58.0,57,1.0,0
YLR209C,1,0.0,0.0,0.2664448037479521,4.5243656701725876e-05,0.001921446256761567,216.0,1,0,0.0,0.0,0,0.0,0
YLR211C,2,0.0,1.3054043676383644e-05,0.2678698708910657,6.604496937844947e-05,0.0020385401432810105,112.0,2,0,0.0,0.0,0,0.0,0
YOR154W,3,0.0,2.919775853223835e-05,0.26146504703995066,8.112818324870403e-05,0.001194434978364285,53.666666666666664,3,0,0.0,0.0,0,0.0,0
YLR227C,2,0.0,5.18739263601044e-06,0.23399191627967927,7.835798208807353e-05,0.000546413781171523,17.0,2,0,0.0,0.0,0,0.0,0
YLR239C,3,0.0,0.0002833936188412516,0.26422384468743104,0.00010490079794106538,0.001607321297272562,59.0,2,0,0.0,0.0,0,0.0,0
YOL110W,1,0.0,0.0,0.1831412211961186,7.215391244138414e-05,1.399581952566853e-06,3.0,1,1,2.0,2.0,1,0.0,0
YLR251W,1,0.0,0.0,0.24272380420908476,5.004292547451199e-05,0.00034113569791538386,78.0,1,0,0.0,0.0,0,0.0,0
YLR266C,1,0.0,0.0,0.2399560643948953,4.335486728612149e-05,0.0008455879128939531,26.0,1,0,0.0,0.0,0,0.0,0
YLR271W,1,0.0,0.0,0.25485258375993564,4.239368969169768e-05,0.002747769924707454,110.0,1,0,0.0,0.0,0,0.0,0
YLR281C,1,0.0,0.0,0.22759079233164842,4.566999473390374e-05,0.00019709997657670913,29.0,1,0,0.0,0.0,0,0.0,0
YLR290C,1,0.0,0.0,0.2504431931218249,5.000582197215272e-05,0.0007889221257738557,99.0,1,0,0.0,0.0,0,0.0,0
YNL158W,1,0.0,0.0,0.2504431931218249,5.000582197215272e-05,0.0007889221257738557,99.0,1,1,8.0,8.0,7,1.0,1
YNL190W,1,0.0,0.0,0.2504431931218249,5.000582197215272e-05,0.0007889221257738557,99.0,1,0,0.0,0.0,0,0.0,0
YLR455W,2,1.0,0.0,0.25858957951519285,7.294187933176748e-05,0.0006968336939898048,120.5,2,0,0.0,0.0,0,0.0,0
YML079W,1,0.0,0.0,0.24942046693477368,5.221957558451782e-05,0.0004299173823167175,125.0,1,0,0.0,0.0,0,0.0,0
YMR141C,1,0.0,0.0,0.24942046693477368,5.221957558451782e-05,0.0004299173823167175,125.0,1,0,0.0,0.0,0,0.0,0
YNL009W,1,0.0,0.0,0.24942046693477368,5.221957558451782e-05,0.0004299173823167175,125.0,1,0,0.0,0.0,0,0.0,0
YOL008W,1,0.0,0.0,0.24942046693477368,5.221957558451782e-05,0.0004299173823167175,125.0,1,0,0.0,0.0,0,0.0,0
YPR118W,1,0.0,0.0,0.24942046693477368,5.221957558451782e-05,0.0004299173823167175,125.0,1,0,0.0,0.0,0,0.0,0
YLR299W,1,0.0,0.0,0.00019630938358853554,0.00019627085377821394,6.463110539297873e-30,1.0,1,0,0.0,0.0,0,0.0,0
YOL137W,1,0.0,0.0,0.00019630938358853554,0.00019627085377821394,6.463110539297873e-30,1.0,1,0,0.0,0.0,0,0.0,0
YLR300W,2,0.0,1.217074787584145e-07,0.2571952434678917,5.4485327422207576e-05,0.0025585348869355262,56.0,2,0,0.0,0.0,0,0.0,0
YLR303W,1,0.0,0.0,0.2664448037479521,4.5243656701725876e-05,0.001921446256761567,216.0,1,0,0.0,0.0,0,0.0,0
YOR013W,1,0.0,0.0,0.24219560791383796,4.586516073383975e-05,0.0005538916459932176,71.0,1,0,0.0,0.0,0,0.0,0
YPL100W,1,0.0,0.0,0.24219560791383796,4.586516073383975e-05,0.0005538916459932176,71.0,1,0,0.0,0.0,0,0.0,0
YLR312C,2,0.0,0.00039112192576789157,0.2542445289634121,0.0001194455848804679,0.0006260381177688527,77.0,1,0,0.0,0.0,0,0.0,0
YLR317W,1,0.0,0.0,0.00019630938358853554,0.00019627085377821394,6.463110539297873e-30,1.0,1,0,0.0,0.0,0,0.0,1
YNL140C,1,0.0,0.0,0.00019630938358853554,0.00019627085377821394,6.463110539297873e-30,1.0,1,0,0.0,0.0,0,0.0,0
YLR327C,2,0.0,3.000126553046921e-05,0.23587637055763458,6.738182787202679e-05,0.0003224731933282558,19.0,2,2,452.5,559.0,558,1.0,0
YLR332W,3,0.0,6.9525599441892065e-06,0.23457275893636154,9.355423481319878e-05,0.00031244442206833996,7.0,2,0,0.0,0.0,0,0.0,0
YLR377C,5,0.1,3.145004328906336e-05,0.28080079479985737,0.00011363221638830692,0.0055730710768586685,92.2,4,0,0.0,0.0,0,0.0,0
YLR351C,1,0.0,0.0,0.2031625416213798,5.708665273632897e-05,7.944436010184744e-06,11.0,1,0,0.0,0.0,0,0.0,0
YLR358C,3,0.0,0.0003125113892560054,0.23919968363980584,0.00014980461052120888,0.0004272757314208651,13.0,2,0,0.0,0.0,0,0.0,0
YNL145W,1,0.0,0.0,0.19271829213676525,7.129891001361024e-05,1.0467045893408817e-05,3.0,1,0,0.0,0.0,0,0.0,0
YLR363C,1,0.0,0.0,0.22618267515920404,4.630260198058496e-05,0.00013102434162779226,17.0,1,0,0.0,0.0,0,0.0,0
YLR366W,1,0.0,0.0,0.19290386226746736,6.44504203053458e-05,9.045189645119467e-06,3.0,1,0,0.0,0.0,0,0.0,0
YOR312C,3,0.0,0.0001986129657543906,0.2394856298020492,0.000123525604632274,0.0003692499037291857,12.333333333333334,2,6,258.8333333333333,559.0,589,0.9439786101197695,0
YLR369W,1,0.0,0.0,0.2529220773684605,4.2014255963683715e-05,0.0016455445594185816,84.0,1,0,0.0,0.0,0,0.0,0
YPL107W,1,0.0,0.0,0.22703367978468972,5.238252862101461e-05,0.00012524558406600748,31.0,1,0,0.0,0.0,0,0.0,0
YLR387C,1,0.0,0.0,0.00019630938358853554,0.00019627085377821394,6.463110539297873e-30,1.0,1,0,0.0,0.0,0,0.0,0
YOL056W,1,0.0,0.0,0.00019630938358853554,0.00019627085377821394,6.463110539297873e-30,1.0,1,0,0.0,0.0,0,0.0,0
YLR393W,1,0.0,0.0,0.1990605316395173,4.876545692073324e-05,1.6221689097496305e-05,8.0,1,0,0.0,0.0,0,0.0,0
YOR338W,1,0.0,0.0,0.21156435500571347,4.7157068906015126e-05,7.38706509192693e-05,11.0,1,0,0.0,0.0,0,0.0,0
YOR025W,1,0.0,0.0,0.22776674592069923,4.827472037981016e-05,0.00027789708712187556,11.0,1,2,47.5,83.0,82,1.0,0
YLR412W,1,0.0,0.0,0.1973428021612457,7.734367574788932e-05,1.6258078056505737e-05,2.0,1,0,0.0,0.0,0,0.0,0
YLR416C,1,0.0,0.0,0.2000065083682862,5.2775267023824935e-05,2.975498754489148e-05,5.0,1,0,0.0,0.0,0,0.0,0
YPR135W,5,0.0,0.000204918900637184,0.2505308877019786,0.00013732587813439389,0.0012147534971436761,17.0,4,0,0.0,0.0,0,0.0,0
YMR017W,4,0.16666666666666666,6.444527279639884e-05,0.2543607402768032,0.00011407567236331197,0.0005609922929569037,26.25,4,0,0.0,0.0,0,0.0,0
YPR179C,3,0.3333333333333333,2.4840372868667324e-05,0.25468410760489474,7.9123377426556e-05,0.00069732848527262,33.333333333333336,3,3,55.0,133.0,132,1.0,0
YML107C,1,0.0,0.0,0.17967866025867313,6.962328307089277e-05,2.2213425111523346e-06,5.0,1,3,321.3333333333333,559.0,613,0.8374063056435189,0
YOR096W,2,0.0,0.00012315644069306459,0.22924717242872042,7.920886984420895e-05,0.00020409096861896792,16.5,2,8,204.625,559.0,589,0.9439786101197695,0
YNL028W,2,0.0,5.544370102495191e-06,0.24360926971400626,8.102154193371776e-05,0.00047815739309788204,48.5,2,0,0.0,0.0,0,0.0,1
YPR006C,1,0.0,0.0,0.2430418292837509,4.856149529417057e-05,0.0004442156893259439,95.0,1,0,0.0,0.0,0,0.0,0
YNL072W,1,0.0,0.0,0.24272380420908476,5.004292547451199e-05,0.00034113569791538386,78.0,1,1,3.0,3.0,2,1.0,0
YNL133C,1,0.0,0.0,0.24272380420908476,5.004292547451199e-05,0.00034113569791538386,78.0,1,0,0.0,0.0,0,0.0,0
YNR009W,2,0.0,1.4836462363231652e-05,0.2505058258415573,6.659301586912123e-05,0.0004015508423332094,48.5,2,0,0.0,0.0,0,0.0,0
YPR071W,2,0.0,6.54221469151309e-06,0.24111125438331674,8.129530064360146e-05,0.0004411609273981859,39.5,2,0,0.0,0.0,0,0.0,0
YML020W,1,0.0,0.0,0.25485258375993564,4.239368969169768e-05,0.002747769924707454,110.0,1,0,0.0,0.0,0,0.0,0
YML037C,1,0.0,0.0,0.23688043210756538,4.954971138782858e-05,0.00014423290469894296,29.0,1,0,0.0,0.0,0,0.0,0
YNL046W,1,0.0,0.0,0.2264178560601381,5.398542458351717e-05,8.252511157154988e-05,10.0,1,0,0.0,0.0,0,0.0,0
YNL300W,3,0.3333333333333333,0.00014078942311836505,0.2653859143731589,7.606634417163652e-05,0.0009665870279410838,91.33333333333333,3,0,0.0,0.0,0,0.0,0
YML054C,2,1.0,0.0,0.22382744798222448,8.604025097578856e-05,0.00012880141444150848,6.5,2,2,35.0,56.0,55,1.0,0
YML060W,1,0.0,0.0,0.20538704023171028,4.9789897482113035e-05,5.5010183785299184e-05,6.0,1,0,0.0,0.0,0,0.0,0
YMR063W,1,0.0,0.0,0.2069828067963076,6.087947213816739e-05,4.137302438829521e-05,3.0,1,0,0.0,0.0,0,0.0,0
YNL097C,5,0.1,3.160190876634243e-05,0.24521949549795607,0.00011734882476971528,0.0004221016713037172,15.8,5,4,46.25,133.0,133,0.9859876965140123,0
YML078W,1,0.0,0.0,0.2598911824010303,4.316854520396124e-05,0.002978692978135821,164.0,1,0,0.0,0.0,0,0.0,0
YML070W,1,0.0,0.0,0.1961448647313486,6.888751141014517e-05,1.0617440909307093e-05,4.0,1,0,0.0,0.0,0,0.0,0
YML071C,1,0.0,0.0,0.2124528283723702,4.6813974253845696e-05,0.00013732232656233045,14.0,1,3,41.333333333333336,95.0,94,1.0,0
YOR102W,2,0.0,2.534997103580484e-05,0.2610153729440408,6.578476234188064e-05,0.0006860773042677712,85.5,2,0,0.0,0.0,0,0.0,1
YOL144W,2,0.0,8.047390998389027e-06,0.2592454565997337,7.126843413302186e-05,0.0006837306921246898,79.5,2,1,5.0,5.0,4,1.0,1
YNL119W,1,0.0,0.0,0.2285879952556027,4.906947330758616e-05,0.00022139908237246348,8.0,1,0,0.0,0.0,0,0.0,0
YPR007C,1,0.0,0.0,0.24841838083677667,4.392296439395935e-05,0.0009553283306765282,59.0,1,3,6.666666666666667,9.0,8,1.0,0
YMR014W,2,0.0,2.2026150116921815e-05,0.2561822494143353,6.586878467320907e-05,0.002078541768038033,65.0,2,0,0.0,0.0,0,0.0,0
YMR041C,1,0.0,0.0,0.20110676903510502,5.275968048024617e-05,3.825948827919407e-05,5.0,1,0,0.0,0.0,0,0.0,0
YMR157C,1,0.0,0.0,0.2541929135690126,4.923467194727138e-05,0.0006256621598499456,152.0,1,0,0.0,0.0,0,0.0,0
YNR061C,1,0.0,0.0,0.2541929135690126,4.923467194727138e-05,0.0006256621598499456,152.0,1,0,0.0,0.0,0,0.0,0
YOL146W,1,0.0,0.0,0.2541929135690126,4.923467194727138e-05,0.0006256621598499456,152.0,1,3,27.0,56.0,56,0.9766233766233766,1
YOR251C,1,0.0,0.0,0.2541929135690126,4.923467194727138e-05,0.0006256621598499456,152.0,1,0,0.0,0.0,0,0.0,0
YOR286W,1,0.0,0.0,0.2541929135690126,4.923467194727138e-05,0.0006256621598499456,152.0,1,0,0.0,0.0,0,0.0,0
YPL214C,2,0.0,3.774085376497121e-06,0.276460751603569,5.781728459867749e-05,0.003566990816180149,150.0,2,0,0.0,0.0,0,0.0,0
YNR008W,1,0.0,0.0,0.24549595490663473,4.2654213514228896e-05,0.0016432787552104768,80.0,1,0,0.0,0.0,0,0.0,0
YPL263C,1,0.0,0.0,0.2154505280930162,4.92024214068933e-05,0.00010307119926896915,7.0,1,0,0.0,0.0,0,0.0,0
YMR097C,1,0.0,0.0,0.20933596556113918,5.633999588516885e-05,4.833534155281768e-05,4.0,1,0,0.0,0.0,0,0.0,0
YPR167C,1,0.0,0.0,0.25485258375993564,4.239368969169768e-05,0.002747769924707454,110.0,1,0,0.0,0.0,0,0.0,0
YPL134C,1,0.0,0.0,0.1989182213063093,8.08478185136119e-05,8.067217229412188e-06,2.0,1,0,0.0,0.0,0,0.0,0
YMR123W,1,0.0,0.0,0.2228216833229637,4.722964280988409e-05,0.0001764531511721181,14.0,1,0,0.0,0.0,0,0.0,0
YMR131C,2,0.0,4.7855524048718155e-06,0.2379269822351665,7.017522255440737e-05,0.0003425379227866643,17.5,2,0,0.0,0.0,0,0.0,1
YMR133W,1,0.0,0.0,0.19268122094603374,7.952474277111868e-05,6.133987777648288e-06,2.0,1,0,0.0,0.0,0,0.0,0
YMR134W,1,0.0,0.0,0.22420820915257655,5.057068355817153e-05,7.414440406791727e-05,8.0,1,0,0.0,0.0,0,0.0,1
YMR176W,1,0.0,0.0,0.24817219047868072,4.354702494021829e-05,0.0008169010258828485,75.0,1,0,0.0,0.0,0,0.0,0
YMR178W,1,0.0,0.0,0.2076005378673681,5.503627874476632e-05,4.8414386640332714e-05,4.0,1,0,0.0,0.0,0,0.0,0
YMR179W,4,0.0,6.18373456902487e-05,0.24976875005237656,0.00010625082222468521,0.0007167676128115189,14.25,4,0,0.0,0.0,0,0.0,1
YNR011C,2,0.0,1.99385713781029e-05,0.2214326189782587,7.277333897513717e-05,9.52664582962686e-05,13.0,2,6,156.5,559.0,619,0.8502282102357388,1
YMR230W,1,0.0,0.0,0.23934829037277205,4.82307040043684e-05,0.00042951721455035066,76.0,1,7,227.28571428571428,559.0,589,0.9439786101197695,0
YNL096C,2,0.0,2.2894026461081415e-05,0.24548392197089772,7.190047436950537e-05,0.0002754902896887509,62.0,2,8,204.625,559.0,589,0.9439786101197695,0
YMR271C,2,0.0,0.0001880884716459848,0.24337251450752004,9.925232350769988e-05,0.0003554187953056048,23.5,2,0,0.0,0.0,0,0.0,0
YMR282C,1,0.0,0.0,0.23083204941006846,4.514389113170583e-05,0.00027182591118547235,22.0,1,3,97.66666666666667,266.0,265,1.0,0
YMR317W,1,0.0,0.0,0.23301214180935403,4.5479334753430775e-05,0.0003007056350018939,24.0,1,0,0.0,0.0,0,0.0,0
YNR018W,1,0.0,0.0,0.21063897783783722,5.124072743011322e-05,6.052698462693125e-05,7.0,1,0,0.0,0.0,0,0.0,0
YNL029C,2,0.0,2.1383594165045986e-05,0.23503510141490708,6.183030780113218e-05,0.00024973812323207244,16.5,2,0,0.0,0.0,0,0.0,0
YNL062C,2,1.0,0.0,0.24760780026945445,6.563267562824396e-05,0.0004050583382816743,67.5,2,4,75.5,266.0,266,0.9924812030075187,1
YNL074C,1,0.0,0.0,0.22977304106300203,4.456738659769285e-05,0.00027170850829273945,20.0,1,0,0.0,0.0,0,0.0,0
YNL129W,1,0.0,0.0,0.21961688121246462,4.915725492000684e-05,0.00013861423470402437,7.0,1,0,0.0,0.0,0,0.0,0
YNL336W,1,0.0,0.0,0.20266106810384232,4.629140469473865e-05,2.401775754885917e-05,13.0,1,0,0.0,0.0,0,0.0,0
YNL151C,3,1.0,0.0,0.26223168626892795,7.375696436872304e-05,0.0032408712761361324,57.0,3,4,60.75,195.0,199,0.9538094512968884,1
YPR062W,1,0.0,0.0,0.2664448037479521,4.5243656701725876e-05,0.001921446256761567,216.0,1,0,0.0,0.0,0,0.0,0
YNL197C,1,0.0,0.0,0.25773790531341373,4.276620941984706e-05,0.001811414334571587,120.0,1,0,0.0,0.0,0,0.0,1
YPL075W,2,0.0,7.441283687879612e-07,0.23419981183307248,6.589816964220871e-05,0.00020699282702590287,8.5,2,3,90.66666666666667,195.0,194,1.0,1
YNL248C,2,1.0,0.0,0.257711380881458,5.611944377311047e-05,0.0033694154287288083,76.5,2,3,77.33333333333333,195.0,194,1.0,0
YNL289W,1,0.0,0.0,0.2385616355173028,4.3729533249813244e-05,0.0007897288958653409,52.0,1,4,11.75,25.0,30,0.7655172413793103,0
YNL292W,2,0.0,2.995946478322182e-05,0.24359742101411747,7.40006728475901e-05,0.0004549732828496914,40.5,2,0,0.0,0.0,0,0.0,0
YNL320W,1,0.0,0.0,0.20844728747035648,5.705567384067656e-05,6.408772191588621e-05,5.0,1,0,0.0,0.0,0,0.0,0
YOR130C,1,0.0,0.0,0.16703451761106775,9.213909886303373e-05,2.689208408479483e-07,2.0,1,0,0.0,0.0,0,0.0,0
YNR004W,1,0.0,0.0,0.209134916320789,6.161179420312153e-05,2.957911262321637e-05,3.0,1,0,0.0,0.0,0,0.0,0
YOL124C,1,0.0,0.0,0.18941654914905848,6.007353083669283e-05,3.549611836074327e-06,5.0,1,1,2.0,2.0,1,0.0,0
YNR063W,1,0.0,0.0,0.21294060272322513,5.293140172245361e-05,5.895836441483784e-05,6.0,1,0,0.0,0.0,0,0.0,0
YPL196W,1,0.0,0.0,0.19858695384814654,6.162125523559051e-05,1.3416372145690281e-05,9.0,1,0,0.0,0.0,0,0.0,0
YOL066C,1,0.0,0.0,0.2430536239954506,5.0162931813981754e-05,0.00026691631167308726,116.0,1,0,0.0,0.0,0,0.0,1
YOR051C,1,0.0,0.0,0.2411925343631233,4.5196324514128066e-05,0.0007841257078647974,47.0,1,0,0.0,0.0,0,0.0,0
YOR074C,2,0.0,1.3093045414963483e-05,0.25456760069382206,6.28146740787426e-05,0.0007072790501561797,77.5,2,0,0.0,0.0,0,0.0,1
YPL116W,1,0.0,0.0,0.2124257953111191,5.991535065989281e-05,6.090207132225014e-05,5.0,1,0,0.0,0.0,0,0.0,0
YPR068C,1,0.0,0.0,0.2124257953111191,5.991535065989281e-05,6.090207132225014e-05,5.0,1,2,81.0,133.0,132,1.0,0
YPR169W,1,0.0,0.0,0.2033522666795345,5.363916265841984e-05,5.29641261479581e-05,6.0,1,0,0.0,0.0,0,0.0,1
YOR393W,1,0.0,0.0,0.2243890222244738,5.223997911526959e-05,0.00019828319935655798,23.0,1,1,5.0,5.0,4,1.0,0
YOR131C,1,0.0,0.0,0.19502971090538376,8.491573498843655e-05,8.36685235789978e-06,3.0,1,0,0.0,0.0,0,0.0,0
YOR146W,1,0.0,0.0,0.23300130151431753,4.556885384211243e-05,0.00041798487360135655,14.0,1,0,0.0,0.0,0,0.0,1
YOR202W,1,0.0,0.0,0.23721702155308366,4.2558468197238285e-05,0.0005243554582617918,52.0,1,0,0.0,0.0,0,0.0,0
YOR283W,1,0.0,0.0,0.23872082821974522,4.381761638621244e-05,0.00048491884426654495,18.0,1,0,0.0,0.0,0,0.0,0
YOR356W,1,0.0,0.0,0.20098571275132449,5.7688688439612704e-05,1.8666946344263394e-05,4.0,1,2,35.0,56.0,55,1.0,0
YOR288C,1,0.0,0.0,0.20336052363367935,6.362903697030512e-05,3.4709079655827327e-05,3.0,1,0,0.0,0.0,0,0.0,0
YOR293W,1,0.0,0.0,0.23934829037277205,4.82307040043684e-05,0.00042951721455035066,76.0,1,7,227.28571428571428,559.0,589,0.9439786101197695,1
YPR102C,1,0.0,0.0,0.2166153270209011,4.5662755372696777e-05,0.00013077930810877347,11.0,1,6,258.8333333333333,559.0,589,0.9439786101197695,0
YPL104W,1,0.0,0.0,0.22698223322230932,4.4507466390156915e-05,0.00048519930311006506,10.0,1,0,0.0,0.0,0,0.0,0
YPR073C,1,0.0,0.0,0.21698132640370224,4.5719893487052696e-05,9.483354430312349e-05,13.0,1,0,0.0,0.0,0,0.0,0
YPL097W,1,0.0,0.0,0.2430536239954506,5.0162931813981754e-05,0.00026691631167308726,116.0,1,0,0.0,0.0,0,0.0,0
YPL210C,1,0.0,0.0,0.22208065697278537,5.044380540974292e-05,0.00024998362258679414,14.0,1,4,150.25,559.0,579,0.9308496333614213,1
YPL243W,1,0.0,0.0,0.22208065697278537,5.044380540974292e-05,0.00024998362258679414,14.0,1,4,150.25,559.0,579,0.9308496333614213,1
YPR067W,1,0.0,0.0,0.25597275764337396,4.2104255479462186e-05,0.0028789285955100707,129.0,1,0,0.0,0.0,0,0.0,0
