protein,degree,clustering_coeff,betweenness,closeness,pagerank,eigenvector_centrality,avg_neighbor_degree,k_core,n_complexes,mean_complex_size,max_complex_size,co_complex_degree,co_complex_clustering,label
Q0045,1,0.0,0.0,0.17594984778396838,8.387169547771783e-05,3.139357178596495e-06,4.0,1,4,20.5,56.0,58,0.9050211736237145,0
YGL187C,4,0.0,0.00032239820987925536,0.21521604853942325,0.00023793326524722004,0.00011191515143645058,4.5,2,3,26.333333333333332,56.0,56,0.9707792207792207,0
Q0085,1,0.0,0.0,0.15008497650514055,0.00011597563124515439,9.290548011995467e-07,3.0,1,4,26.5,56.0,57,0.9523809523809523,0
YPL078C,3,0.0,0.0023585569731632205,0.17774782141775747,0.00027994601052843673,3.3093444453873576e-05,1.3333333333333333,1,5,21.8,56.0,57,0.9523809523809523,0
Q0250,2,0.0,9.09371587676353e-06,0.18660735478849821,0.000133243590814807,5.726257050770005e-06,4.0,2,3,26.333333333333332,56.0,56,0.9707792207792207,0
YER154W,5,0.0,0.000571251097102519,0.2245931558615448,0.0002854581554100386,0.0001579567711321629,22.6,2,0,0.0,0.0,0,0.0,0
Q0275,2,0.0,3.9845302206960596e-05,0.19005589897995834,0.00013248084226907182,7.571614970825406e-06,4.5,2,3,26.333333333333332,56.0,56,0.9707792207792207,0
YAL001C,4,0.16666666666666666,4.972657988736502e-05,0.19875126690714595,0.0002060844364358704,2.1768584393478862e-05,6.5,3,4,84.75,195.0,255,0.7764397097421646,1
YDR362C,2,0.0,1.4490883867319097e-05,0.18837878569009148,0.00012798514233277616,1.3633301497841289e-05,3.0,2,4,84.75,195.0,255,0.7764397097421646,1
YER148W,14,0.15384615384615385,0.0013181207767439095,0.24294994788563473,0.000532178736972019,0.000548526427425376,17.357142857142858,5,10,46.4,195.0,264,0.7423378269385874,1
YGR246C,5,0.1,0.00014842083614061602,0.1964329023754193,0.00025368375277016867,1.6821851249018784e-05,6.0,3,3,110.33333333333333,195.0,255,0.7764397097421646,1
YAL002W,10,0.28888888888888886,0.0005395458409648542,0.27766164312647135,0.00027290215889870533,0.029191660073298695,104.3,9,2,6.5,7.0,7,0.9047619047619048,0
YOR089C,17,0.16176470588235295,0.005340076275521745,0.26881475409019795,0.0005242624052889932,0.01606056076840063,48.1764705882353,10,0,0.0,0.0,0,0.0,0
YAL003W,3,0.0,8.748414104036358e-05,0.19004735368527823,0.00019046256225448998,8.59201679764351e-05,2.3333333333333335,2,6,198.5,559.0,589,0.9439786101197695,1
YBR118W,2,0.0,2.8871836106548104e-06,0.17832524124854546,0.00013973264260389482,3.3516617813667205e-05,3.0,2,6,198.5,559.0,589,0.9439786101197695,0
YKL081W,3,0.0,0.0002968385117124043,0.23591244032562778,0.00013677970650269688,0.002996401085838467,93.66666666666667,2,6,198.5,559.0,589,0.9439786101197695,0
YPR080W,2,0.0,2.8871836106548104e-06,0.17832524124854546,0.00013973264260389482,3.3516617813667205e-05,3.0,2,6,198.5,559.0,589,0.9439786101197695,0
YML109W,20,0.09473684210526316,0.0028583310605004904,0.2615297112556783,0.0006212532148037056,0.00904602550508528,18.7,8,0,0.0,0.0,0,0.0,0
YAL005C,8,0.10714285714285714,0.001665756155780323,0.26000142666631443,0.00026144685641978245,0.007925299391016438,47.25,5,1,11.0,11.0,10,1.0,0
YAL040C,18,0.12418300653594772,0.0007312083285339824,0.24479314260232077,0.0005379389478302877,0.0037460169074271426,10.444444444444445,6,3,12.333333333333334,25.0,24,1.0,0
YER151C,7,0.09523809523809523,0.0005416822243554902,0.24689504633845055,0.00021447580959900876,0.005894366337237653,33.714285714285715,5,1,2.0,2.0,1,0.0,0
YJL061W,9,0.1111111111111111,0.0012509634235662642,0.25009426621586134,0.0003226655227167733,0.0010212992923525244,27.88888888888889,5,5,18.8,59.0,59,0.9812974868497955,1
YLR310C,12,0.06060606060606061,0.003477537968411883,0.23218034569152832,0.0004990101920427738,0.0007755860386909519,6.416666666666667,5,0,0.0,0.0,0,0.0,1
YNL064C,11,0.09090909090909091,0.0008806313178631087,0.252741162001571,0.0003354692298879335,0.004190240707155439,24.727272727272727,6,1,4.0,4.0,3,1.0,0
YNL189W,145,0.003544061302681992,0.057571161977160536,0.3008001133870106,0.005677681680463895,0.01655468763078457,6.958620689655173,8,1,59.0,59.0,58,1.0,1
YPL240C,10,0.13333333333333333,0.0006188625199012214,0.23678467275302634,0.0003681452324510265,0.0009553063502171513,8.3,5,0,0.0,0.0,0,0.0,0
YAL009W,5,0.2,8.907689173943232e-05,0.21940530461013613,0.00021438959314452175,0.0001655382056926076,9.2,3,1,2.0,2.0,1,0.0,0
YDL116W,24,0.0036231884057971015,0.009424961031112459,0.2589184191922985,0.001083422483626809,0.0011829211474502466,11.958333333333334,5,3,29.666666666666668,59.0,59,0.9812974868497955,0
YGL100W,2,0.0,0.00021126555183561275,0.21439732149704657,9.997255918110494e-05,0.00038260167187037297,8.0,2,3,29.666666666666668,59.0,59,0.9812974868497955,0
YHR004C,8,0.14285714285714285,0.001879215531341602,0.24907738322417636,0.0002840889648452839,0.00402310307535565,47.375,5,1,2.0,2.0,1,0.0,0
YKL057C,8,0.03571428571428571,0.0012512127865145274,0.22823127393705578,0.00032613812280836966,0.00020462413304572392,7.375,5,3,29.666666666666668,59.0,59,0.9812974868497955,0
YML103C,4,0.16666666666666666,7.018084168939889e-05,0.20476907244037754,0.00016688086859127595,0.00010890395088001023,6.5,3,3,32.0,59.0,59,0.9812974868497955,0
YAL011W,18,0.2222222222222222,0.0025239731141865986,0.28105879335822015,0.00048075793619771685,0.04718932604755875,79.66666666666667,12,2,48.0,83.0,82,1.0,0
YDL181W,6,0.0,4.420896224940495e-05,0.24568956017869525,0.00017514702523314352,0.00737213646446641,30.166666666666668,6,4,24.25,56.0,57,0.9523809523809523,0
YHR158C,17,0.051470588235294115,0.0018057951863066962,0.2671159753105582,0.0005116638090541322,0.009253577470532641,23.470588235294116,7,2,2.5,3.0,2,1.0,0
YIR018W,4,0.0,0.00041956474380655285,0.2183061250549671,0.00022346466714314863,0.0013652906122124588,6.75,2,0,0.0,0.0,0,0.0,0
YOR127W,13,0.16666666666666666,0.0018809353844772855,0.27397220594466376,0.00037666530666764114,0.027754657710982168,62.92307692307692,8,0,0.0,0.0,0,0.0,0
YOR269W,27,0.21937321937321938,0.0009804184219592697,0.2735112717299258,0.0006807716981043593,0.0653708466987491,51.851851851851855,14,0,0.0,0.0,0,0.0,0
YAL013W,71,0.03460764587525151,0.008222343190996056,0.29722545484243534,0.0018536529367318513,0.05411711396750544,20.408450704225352,12,3,58.0,133.0,132,1.0,0
YBL008W,6,0.13333333333333333,0.00015024685179313734,0.24744428013782185,0.00019994971732479117,0.006412583256803928,45.333333333333336,4,3,32.333333333333336,83.0,82,1.0,0
YBL027W,4,0.0,0.00011448839942154947,0.24185175907273976,0.00015560396462548228,0.004256239796580143,30.0,2,6,258.8333333333333,559.0,589,0.9439786101197695,0
YBR103W,22,0.12121212121212122,0.003702035073258924,0.28292123114553364,0.0006202771401762281,0.04517266828884654,55.95454545454545,10,3,56.333333333333336,133.0,132,1.0,0
YBR171W,14,0.26373626373626374,0.001299266676922295,0.27391894195543215,0.0003885715349078284,0.04191705450202899,80.64285714285714,10,4,12.25,29.0,28,1.0,0
YCR033W,5,0.2,0.00011469705193494585,0.2588549937726911,0.0001492563638492477,0.016591614978915432,90.4,5,4,43.5,133.0,132,1.0,0
YDL002C,7,0.19047619047619047,0.0009133731441790686,0.25670127494924533,0.00023324669290054537,0.006946096156577652,49.714285714285715,4,2,47.5,83.0,82,1.0,0
YDL074C,20,0.1368421052631579,0.003043483080649167,0.2826374585967417,0.0005167784830517822,0.02469669937009501,55.3,11,2,3.0,4.0,4,0.5,0
YDL080C,3,0.0,8.419150460783167e-07,0.23964413160870127,0.00010051663201425878,0.003483030424014197,47.666666666666664,3,0,0.0,0.0,0,0.0,0
YDR146C,8,0.03571428571428571,0.00033796332219039046,0.2589660086579018,0.0002367072807707922,0.007146324364583906,37.125,6,0,0.0,0.0,0,0.0,0
YDR181C,1,0.0,0.0,0.22720077366772054,5.5182315717585865e-05,0.0015172631997946422,71.0,1,1,3.0,3.0,2,1.0,0
YDR334W,13,0.2692307692307692,0.00016619383405542824,0.2743456346669873,0.00031814488409624307,0.044202853217568394,103.92307692307692,12,2,48.0,83.0,82,1.0,0
YDR363W-A,11,0.09090909090909091,0.0005959386726569775,0.25643652207209083,0.0003343182471066068,0.01092442259038721,40.0,6,3,26.0,46.0,45,1.0,0
YDR392W,20,0.45789473684210524,0.0010116578913769957,0.2535294621709617,0.0005617964846365499,0.003793806482117665,21.1,13,9,55.22222222222222,195.0,255,0.7764397097421646,0
YDR485C,12,0.24242424242424243,0.0005087861077452661,0.2743990647438505,0.00030994428267166937,0.04170185695889457,96.16666666666667,10,2,48.0,83.0,82,1.0,0
YER016W,109,0.11824668705402651,0.012963052743276235,0.30852870024191775,0.0025204452230047545,0.18303079716779946,31.69724770642202,14,4,43.5,73.0,123,0.5407170465147274,1
YER111C,22,0.2943722943722944,0.00157702015643335,0.28286443105897563,0.000555375096394492,0.03155978773470938,60.0,12,3,90.66666666666667,195.0,194,1.0,0
YER139C,3,0.6666666666666666,3.5746482801448587e-07,0.24786507906610405,0.00010286989636976439,0.004433867864007509,79.33333333333333,3,0,0.0,0.0,0,0.0,0
YFR010W,8,0.14285714285714285,0.0002124208051682733,0.2571072502015981,0.0002130789422639588,0.015391948525423386,65.375,8,3,30.0,46.0,46,0.9758454106280193,0
YGL127C,79,0.009737098344693282,0.027689860754688086,0.30389267332764924,0.003002771200315363,0.02733747168578206,14.860759493670885,10,2,49.5,74.0,78,0.9683649683649683,0
YGL133W,2,1.0,0.0,0.23857555981905926,7.681581384435599e-05,0.004877346518576112,81.0,2,3,30.0,83.0,83,0.9761974728181017,0
YGL161C,12,0.15151515151515152,0.0010146761769194489,0.25345345045957146,0.0004073564472137943,0.0032208965394319457,19.916666666666668,5,0,0.0,0.0,0,0.0,0
YGL167C,8,0.21428571428571427,0.00010580559507841467,0.2529831932795231,0.0002107258537780352,0.013784639676725767,50.5,8,1,9.0,9.0,8,1.0,0
YGL194C,6,0.26666666666666666,1.0336561662655979e-05,0.2613033625936123,0.000161862833328159,0.024334618589609905,104.5,6,3,56.333333333333336,133.0,132,1.0,0
YGL244W,15,0.22857142857142856,0.0013890135455992734,0.27391894195543215,0.0004057139546174873,0.02517107795370101,67.86666666666666,11,3,33.333333333333336,74.0,85,0.7873949579831933,0
YGR105W,8,0.25,0.00047650867684000917,0.25209299178829087,0.00026282434362293,0.006128533189360139,64.75,7,0,0.0,0.0,0,0.0,0
YGR181W,4,0.0,0.00019912885709767985,0.24243436726781034,0.00013598841497468358,0.003493696465223338,37.75,4,2,3.5,5.0,4,1.0,0
YGR200C,7,0.38095238095238093,4.694019681381066e-05,0.25615679009237463,0.0001846748437537305,0.016149880025252764,70.14285714285714,7,1,6.0,6.0,5,1.0,0
YGR270W,7,0.5714285714285714,2.2190395959139218e-05,0.26090014155387153,0.00017948823861415776,0.035217173067610325,125.57142857142857,7,2,19.5,36.0,35,1.0,0
YHR041C,24,0.021739130434782608,0.004525795925244009,0.25942694367607394,0.0009764877776306449,0.003483122705469046,9.625,6,6,59.5,195.0,211,0.9097269239449334,0
YHR060W,14,0.07692307692307693,0.00482889253348809,0.28018316275449245,0.0004972735633587238,0.006992110534465396,62.07142857142857,7,2,4.5,7.0,6,1.0,0
YHR200W,12,0.16666666666666666,0.0023010995874334556,0.2748451260364311,0.000337815363952001,0.022663429808817553,64.08333333333333,8,6,25.5,46.0,48,0.9547872340425532,0
YJL115W,9,0.2777777777777778,0.0001567949486974934,0.26480661529346405,0.00023740715852926117,0.015760432200608687,59.888888888888886,9,3,31.666666666666668,83.0,83,0.9759036144578314,0
YJR073C,11,0.21818181818181817,0.0002597734120746738,0.26208105117276,0.0002992504862403283,0.01181464628763172,67.0,10,0,0.0,0.0,0,0.0,0
YJR140C,7,0.19047619047619047,0.0002464432765417775,0.26051421838608774,0.00020712854931042316,0.008494561775286489,63.714285714285715,7,3,32.333333333333336,83.0,82,1.0,0
YKR029C,4,0.3333333333333333,3.716240961344053e-05,0.24222597096356863,0.00013959165827759042,0.004077160251794776,41.75,3,3,56.333333333333336,133.0,132,1.0,0
YLR055C,18,0.5359477124183006,0.001349325716169978,0.26474027266154787,0.0004755464891998138,0.00952057987625404,33.44444444444444,13,7,67.85714285714286,195.0,255,0.7764397097421646,0
YLR085C,60,0.10621468926553672,0.011910960354479154,0.2941231085738134,0.001614410607249708,0.08888999069595359,37.516666666666666,14,2,48.0,83.0,82,1.0,0
YLR087C,14,0.15384615384615385,0.0005479862719060607,0.26709909594402986,0.0003743996371092871,0.01583044336292337,59.07142857142857,10,0,0.0,0.0,0,0.0,0
YLR111W,10,0.5111111111111111,3.599983345301266e-05,0.2553983802606811,0.00025418148685349906,0.014442707457563354,52.8,9,0,0.0,0.0,0,0.0,0
YLR268W,29,0.09359605911330049,0.003760394560679741,0.2858679286699765,0.0007790523346538232,0.02854816351662231,38.41379310344828,12,3,40.666666666666664,95.0,94,1.0,0
YLR384C,6,0.26666666666666666,0.0001938886908110323,0.2552441541856445,0.00019032626419058731,0.011346323213855319,69.83333333333333,5,1,6.0,6.0,5,1.0,0
YLR418C,111,0.020147420147420148,0.022532927834260117,0.2997548537915235,0.0032237072562849474,0.05624623338894469,14.117117117117116,12,6,57.166666666666664,195.0,219,0.8371664362615726,0
YML041C,17,0.17647058823529413,0.0033809430384782943,0.29404126562186245,0.00046981473088825653,0.04057630131021962,97.05882352941177,11,2,48.0,83.0,82,1.0,0
YML047C,3,0.0,8.419150460783167e-07,0.23964413160870127,0.00010051663201425878,0.003483030424014197,47.666666666666664,3,0,0.0,0.0,0,0.0,0
YMR060C,11,0.05454545454545454,0.0007533336863461937,0.2607070371500816,0.000360902946772874,0.006347426768252046,32.0,7,3,10.333333333333334,18.0,20,0.7315789473684211,0
YMR312W,13,0.358974358974359,0.0030942918604820635,0.26816667893124435,0.0003547361322532479,0.04736560362567555,91.53846153846153,10,1,6.0,6.0,5,1.0,0
YNL140C,8,0.2857142857142857,0.002174410021471676,0.2665600802998217,0.00023311396595808247,0.03170666762269998,106.875,7,0,0.0,0.0,0,0.0,0
YNL215W,7,0.23809523809523808,0.0007242643637194175,0.2738479555111288,0.00021098792106201747,0.01299072527107156,108.57142857142857,7,0,0.0,0.0,0,0.0,0
YNL298W,91,0.09523809523809523,0.013885819739099478,0.3021115855417249,0.0023198495333822803,0.11986905905021668,33.84615384615385,14,0,0.0,0.0,0,0.0,0
YOL012C,28,0.3253968253968254,0.0024820955606389464,0.28822660711314513,0.0006677087932201277,0.08095475834754598,77.42857142857143,14,3,32.0,83.0,83,0.9761974728181017,0
YOR123C,14,0.13186813186813187,0.0010520466674842147,0.2660902230603886,0.0004217453031879915,0.012173932334074093,40.285714285714285,8,3,33.333333333333336,74.0,85,0.7873949579831933,0
YOR213C,4,0.0,0.0005752418792299517,0.25233378265860384,0.00015415898087670445,0.00308398512172376,65.0,3,2,6.5,10.0,11,0.6727272727272727,0
YOR304W,2,0.0,1.7874978542461967e-05,0.23121509727664094,8.332857889299201e-05,0.0018620346191436546,50.0,2,3,30.0,83.0,83,0.9761974728181017,0
YPL055C,13,0.19230769230769232,0.0005472294532424755,0.2738834441336275,0.0003348880609582849,0.023146506088432096,77.3076923076923,11,1,2.0,2.0,1,0.0,0
YPL086C,7,0.19047619047619047,9.402744494880047e-05,0.26174024356395276,0.000185996719400873,0.014129413009958068,65.14285714285714,7,3,78.66666666666667,195.0,199,0.9507639206131668,0
YPL101W,6,0.2,4.3016897466111135e-05,0.2548747704603397,0.00016566197031453044,0.0117435189969562,68.0,6,1,6.0,6.0,5,1.0,0
YPL144W,3,0.0,2.3789755538949623e-05,0.2485062727564391,0.00010088835419081683,0.006904529205459751,85.66666666666667,3,0,0.0,0.0,0,0.0,0
YPL174C,50,0.14612244897959184,0.008265360700551463,0.299584888604031,0.0012909155379970754,0.09095253868936384,42.76,14,5,25.2,73.0,73,0.9733637747336378,0
YPR023C,6,0.6666666666666666,3.5375223985776076e-06,0.25458309903717835,0.0001555895059227629,0.035327150151525925,136.33333333333334,6,6,33.333333333333336,133.0,135,0.9585406301824212,0
YAL014C,4,0.16666666666666666,4.004047224085922e-05,0.22937069640298857,0.00014742271811089044,0.0013488729913285174,15.5,4,0,0.0,0.0,0,0.0,0
YAL030W,7,0.19047619047619047,0.00010177027693905247,0.22123119403926897,0.0002486724017095938,0.0003012866338511277,8.0,4,4,31.25,95.0,95,0.9791713325867861,0
YMR197C,9,0.25,0.0007232842426847921,0.25637430662426597,0.00030186145154234583,0.0012403652984723586,40.888888888888886,6,3,40.666666666666664,95.0,94,1.0,1
YOR036W,15,0.06666666666666667,0.0012985373629402367,0.2532256885522569,0.0005013140392386965,0.0014413079994977105,15.066666666666666,6,4,33.0,95.0,94,1.0,1
YAL016W,4,0.16666666666666666,2.453191369794425e-05,0.22411681830934638,0.0001569834967557514,0.0005655596560674328,7.25,4,3,4.0,6.0,5,1.0,0
YCR066W,7,0.047619047619047616,0.0015320138820937468,0.2511941043153428,0.0002494405806014722,0.0030534450305967024,39.57142857142857,5,1,2.0,2.0,1,0.0,0
YDL134C,6,0.13333333333333333,0.000374075017635737,0.24716935812609048,0.00022651904530693044,0.001799332367487844,30.333333333333332,4,4,3.75,6.0,6,0.7333333333333333,0
YNL127W,5,0.1,0.00048102145985268733,0.24428383478670018,0.00018337914167130615,0.0018377232779879797,33.0,4,1,6.0,6.0,5,1.0,0
YOR014W,11,0.05454545454545454,0.0016643425595392948,0.2697927614293913,0.00039689738179698227,0.013484905405515165,54.27272727272727,5,2,4.5,6.0,5,1.0,0
YAL020C,2,0.0,4.478921181923622e-06,0.23173482419486147,7.803582849562324e-05,0.0030821566831557164,48.0,2,0,0.0,0.0,0,0.0,0
YML085C,16,0.2833333333333333,0.000545711581323593,0.262471633961393,0.0004418910017964405,0.031230967330349364,35.0625,10,5,22.8,73.0,72,1.0,1
YAL021C,9,0.08333333333333333,0.0005270223951619569,0.24324355143662732,0.00030864984130136715,0.0029780150055121724,12.88888888888889,5,9,59.666666666666664,195.0,275,0.6880159256801592,0
YDL160C,15,0.08571428571428572,0.003089178100430192,0.2750955543972843,0.0005012405189619521,0.003856214487650092,28.6,7,5,171.6,559.0,749,0.621923705760979,0
YGL178W,9,0.08333333333333333,0.0008046918445941811,0.2466933111540955,0.00030512917682606997,0.0021751421938859135,15.777777777777779,5,0,0.0,0.0,0,0.0,0
YGR092W,16,0.09166666666666666,0.0007185207565581892,0.26119033512415946,0.00046639173588263047,0.009628152480454124,19.625,6,4,71.25,195.0,194,1.0,0
YGR116W,8,0.25,0.001760514140788997,0.22513146169450188,0.00031111166019118886,0.00047253982991951956,10.625,3,1,19.0,19.0,18,1.0,1
YJL127C,1,0.0,0.0,0.19424830851628094,6.216525795439108e-05,8.347704587444812e-05,9.0,1,0,0.0,0.0,0,0.0,0
YJR060W,16,0.09166666666666666,0.0013335221358797323,0.2612064759185684,0.0004947719815666542,0.007244247887687946,28.4375,7,8,46.375,195.0,248,0.6581232858821993,0
YLR150W,6,0.0,0.0007134308638185423,0.25327120817989535,0.00022472503230057717,0.005652480546056359,42.333333333333336,5,4,269.75,559.0,568,0.9653662717042999,0
YML032C,36,0.23809523809523808,0.002375710688326707,0.2825429942054995,0.0008882255252548615,0.07569405841686591,52.888888888888886,13,3,77.66666666666667,195.0,194,1.0,0
YNR052C,9,0.16666666666666666,0.0008090296075653402,0.2568416596776006,0.00030823825719598945,0.0014508646251643843,27.444444444444443,6,10,67.7,195.0,389,0.4481488352370604,1
YAL023C,6,0.3333333333333333,0.0003177746274589153,0.23978007677072116,0.00022582376924400267,0.001955677002617346,33.0,3,1,2.0,2.0,1,0.0,0
YDL095W,4,0.6666666666666666,7.270779629189635e-06,0.1986111828453281,0.00017147970473529306,7.815167852828745e-05,5.0,3,1,2.0,2.0,1,0.0,0
YJR143C,4,0.5,8.696882476350257e-05,0.22695678658259627,0.00016924268215322787,0.0004956813340497653,15.0,3,0,0.0,0.0,0,0.0,0
YOR321W,4,0.5,4.282435300795164e-05,0.21203126126482433,0.00017408702460076526,0.00010011508596667673,11.5,3,1,2.0,2.0,1,0.0,0
YAL024C,19,0.10526315789473684,0.002110228690029815,0.2748629986548493,0.0005256629536148959,0.024099725728820843,39.421052631578945,10,1,3.0,3.0,2,1.0,0
YAR019C,13,0.16666666666666666,0.0005344555486370597,0.2495184883892723,0.0004162358559170421,0.002269685913929389,15.923076923076923,6,0,0.0,0.0,0,0.0,1
YBR140C,2,0.0,1.476370912691177e-06,0.21721790396804938,8.539492009856326e-05,0.0008286976860873005,13.0,2,0,0.0,0.0,0,0.0,1
YGR152C,9,0.2777777777777778,0.0001681225615917733,0.243061713244064,0.0002755114880284826,0.003965391313693209,19.22222222222222,6,0,0.0,0.0,0,0.0,0
YHR152W,20,0.021052631578947368,0.0039213140150066925,0.2704833425042729,0.0007620979183283696,0.010218340308664397,24.45,7,0,0.0,0.0,0,0.0,0
YIL106W,12,0.09090909090909091,0.0006001497295630023,0.2346421224222423,0.0004290222408903754,0.0020161584954691667,7.416666666666667,5,4,71.25,195.0,194,1.0,1
YIR009W,25,0.0,0.003952521684872912,0.26919138920610575,0.0009100192183688328,0.00717648655187456,12.92,6,5,148.0,559.0,558,1.0,0
YML064C,77,0.007177033492822967,0.01869213622724089,0.28705216932524774,0.002642086921772558,0.010507266835981617,8.480519480519481,8,0,0.0,0.0,0,0.0,1
YNL098C,14,0.06593406593406594,0.001824833157668035,0.24028441778831636,0.0005768246417498645,0.005451021318986661,11.142857142857142,5,0,0.0,0.0,0,0.0,0
YOR101W,7,0.2857142857142857,0.0003965358450310534,0.22202138845016667,0.0002792101478065456,0.0009692346443689752,10.428571428571429,5,1,11.0,11.0,10,1.0,0
YAL025C,3,0.3333333333333333,0.00021557413110426748,0.18039533922215326,0.0001880910913393171,7.412862477500059e-06,15.333333333333334,2,0,0.0,0.0,0,0.0,1
YJR044C,1,0.0,0.0,0.151968188441586,8.515709882809517e-05,2.0813990380162608e-07,3.0,1,0,0.0,0.0,0,0.0,0
YAL026C,10,0.1111111111111111,0.0005414624523324235,0.26662733825233537,0.0002961663564752024,0.02133360871129856,66.7,8,0,0.0,0.0,0,0.0,0
YPL048W,1,0.0,0.0,0.2088774062717075,5.8137527058129e-05,0.0005979531838564855,10.0,1,4,71.5,266.0,265,1.0,0
YPL146C,3,0.0,0.00017485758489772189,0.2218931803934208,0.00012900439155670367,0.0007228461610122126,16.0,3,0,0.0,0.0,0,0.0,1
YAL028W,2,0.0,2.746161392066601e-05,0.21947365872133928,0.00010023585521043896,0.0002801031791075683,19.5,2,0,0.0,0.0,0,0.0,0
YLR233C,8,0.0,0.0008440295712457185,0.2466789141123007,0.0003373023044351535,0.007276488637148243,24.25,3,5,125.2,559.0,611,0.8418716964932521,0
YAL029C,1,0.0,0.0,0.20868147091159087,6.0781779765159946e-05,0.00039605509332417996,29.0,1,4,28.75,73.0,72,1.0,0
YFL039C,29,0.054187192118226604,0.0037725607422811587,0.26630816490135284,0.0009475815798862715,0.014124397653484288,17.379310344827587,8,8,46.125,133.0,283,0.3806230108011929,1
YBL050W,12,0.15151515151515152,0.0009415950314565835,0.2443544452141446,0.00039857303310788925,0.0007575483284313203,11.0,6,2,48.5,95.0,94,1.0,1
YDR164C,4,0.0,1.7062962577482403e-05,0.20406716522542717,0.00016318758253039883,0.00015219200353829273,6.75,3,0,0.0,0.0,0,0.0,1
YDR468C,9,0.2222222222222222,0.002235518590751085,0.23579399717250213,0.00031946669172893094,0.00038719333504822433,10.666666666666666,6,4,33.0,95.0,94,1.0,1
YGR009C,13,0.0641025641025641,0.0022626164756565093,0.26340395047761406,0.00042658684574555395,0.0029913610729820467,31.23076923076923,6,2,3.0,3.0,4,0.3333333333333333,1
YOR327C,10,0.08888888888888889,0.0023496548600551214,0.2566233497246235,0.00037717604251156714,0.004469027506969884,32.6,5,3,40.666666666666664,95.0,94,1.0,0
YPL232W,4,0.16666666666666666,0.00016133453711032232,0.22633698491642693,0.0001478844863637436,0.0006364133717917646,18.0,4,5,27.0,95.0,95,0.9791713325867861,0
YAL032C,7,0.09523809523809523,0.0006578395682454377,0.2515528889671055,0.0002572600280636204,0.0011286135085677698,37.0,5,2,325.0,559.0,558,1.0,1
YDR416W,11,0.0,0.0030581498271529334,0.2492389405810645,0.0004775698209742014,0.0013033566150946116,16.818181818181817,5,3,219.33333333333334,559.0,558,1.0,1
YLR345W,7,0.047619047619047616,0.0009360716633210584,0.2479086916899867,0.0002945776560629759,0.0007136239749886731,27.0,5,0,0.0,0.0,0,0.0,0
YLR423C,68,0.013608428446005268,0.020996285284221906,0.298526957646322,0.0022652376783881155,0.012716684286043188,12.970588235294118,8,0,0.0,0.0,0,0.0,0
YPL151C,4,0.16666666666666666,0.0001926209723445045,0.23607054975226321,0.00017109414662106688,0.0013153886444081594,11.5,3,2,325.0,559.0,558,1.0,1
YAL033W,1,0.0,0.0,0.00021992522542335605,0.00021987686895338611,3.4130130264064307e-22,1.0,1,7,106.71428571428571,559.0,619,0.8502282102357388,1
YJR115W,1,0.0,0.0,0.00021992522542335605,0.00021987686895338611,3.4130130264064307e-22,1.0,1,0,0.0,0.0,0,0.0,0
YAL034W-A,4,0.0,0.00013140594808822763,0.2522133297520301,0.00015909501186767066,0.0009368383685409506,80.25,4,3,34.0,55.0,54,1.0,1
YGL172W,9,0.1388888888888889,0.00015373931335911916,0.24834566353197843,0.0002964187101336591,0.0029572288328179337,13.777777777777779,5,3,29.0,59.0,59,0.9812974868497955,1
YGR120C,16,0.075,0.0009176736795582542,0.25495163721058406,0.000547376648332052,0.0012760733475533931,13.25,5,3,41.333333333333336,95.0,94,1.0,1
YKL103C,10,0.06666666666666667,0.0014068792433569216,0.26535521334134426,0.0003612163832593311,0.0015351819775564306,45.8,7,0,0.0,0.0,0,0.0,0
YAL035W,3,0.0,0.00043990039248812117,0.1562141767061229,0.00024253064859738004,5.858381344235304e-07,3.0,2,4,282.5,559.0,558,1.0,1
YDL220C,4,0.16666666666666666,0.00033124321211697817,0.1772930327299305,0.00025546114341623664,1.0313005226515424e-05,2.75,2,1,11.0,11.0,10,1.0,1
YLR241W,3,0.0,0.0027553270910151166,0.18265603013328174,0.00023783547921113084,1.0543112119295914e-05,3.0,2,0,0.0,0.0,0,0.0,0
YAL036C,5,0.1,0.0001290443567073995,0.22075746557237547,0.00023183492046526745,0.0002442024405608283,5.6,2,0,0.0,0.0,0,0.0,0
YDL065C,14,0.04395604395604396,0.0056812128241049194,0.25161278607740184,0.0006030172136150125,0.0011796049641657619,24.642857142857142,6,0,0.0,0.0,0,0.0,0
YDR152W,3,0.0,0.00047775599921939414,0.24388916931015367,0.00016934608095186892,0.0007826833309221571,98.33333333333333,2,0,0.0,0.0,0,0.0,0
YNR022C,2,0.0,1.341250689071566e-05,0.21177630108293366,9.836153792967066e-05,0.0008213453663884667,13.5,2,7,202.14285714285714,559.0,589,0.9439786101197695,0
YAL038W,3,0.0,0.0002423753437157209,0.2078911663050498,0.0001885778942912858,0.0005692064359955825,4.333333333333333,2,1,2.0,2.0,1,0.0,1
YNL307C,10,0.1111111111111111,0.0009800998605053208,0.2584592878387106,0.0003032979652160037,0.02024333001207243,46.8,7,0,0.0,0.0,0,0.0,0
YOR347C,1,0.0,0.0,0.17102339442906223,8.62575855877476e-05,1.5951575046188168e-05,3.0,1,1,2.0,2.0,1,0.0,0
YBL016W,14,0.0989010989010989,0.0013356415013732463,0.22711531853819103,0.0004967233220777366,0.0004933273023722739,8.071428571428571,5,3,8.333333333333334,16.0,15,1.0,0
YBR160W,29,0.04187192118226601,0.006254798026795521,0.27266437835855195,0.0009096675869465031,0.011099010125759267,17.655172413793103,8,14,69.42857142857143,559.0,588,0.9025252349662182,1
YDL047W,12,0.19696969696969696,0.0004295214286511499,0.24637696393764705,0.0003728218746186255,0.005222537400268785,13.166666666666666,6,4,2.25,3.0,5,0.1,0
YDL132W,15,0.19047619047619047,0.001556059657918692,0.2450912207650628,0.0005039709247149639,0.001812186175128276,13.466666666666667,6,7,13.571428571428571,58.0,57,1.0,1
YER167W,2,0.0,1.635544792517031e-05,0.21496430825989285,8.653918892956816e-05,0.00044978077932381375,23.5,2,0,0.0,0.0,0,0.0,0
YFR040W,8,0.5,4.4316239876793193e-05,0.2433135616690233,0.00022208042363519153,0.00607528541948719,22.5,6,1,2.0,2.0,1,0.0,0
YJL013C,22,0.48484848484848486,0.000897821198408883,0.2731048131623876,0.0005075924085521171,0.0742926265033189,68.68181818181819,14,1,4.0,4.0,3,1.0,0
YJL098W,6,0.8,2.443230165487467e-06,0.22920900131848995,0.00017884589527534858,0.0027001822435169893,15.0,6,1,2.0,2.0,1,0.0,0
YJL157C,8,0.17857142857142858,0.0017704151168558351,0.24439683106760757,0.00026643411518669305,0.0025174645509090598,24.625,6,1,4.0,4.0,3,1.0,1
YKL092C,3,0.3333333333333333,3.25878103605049e-05,0.21803586058569446,0.00011924933527302986,0.00036721448969917177,17.666666666666668,3,0,0.0,0.0,0,0.0,0
YKR028W,8,0.42857142857142855,0.0001649958174007632,0.23707685194426345,0.00024495216660572135,0.002806294398116942,15.125,6,1,2.0,2.0,1,0.0,0
YLL024C,6,0.0,0.00026643020374446375,0.21948505521415895,0.00025321245833562954,0.00034243154550626676,7.333333333333333,4,1,11.0,11.0,10,1.0,0
YLR079W,13,0.24358974358974358,0.0005400471402579819,0.24163054898040778,0.00039111659631198016,0.0016482203436445327,13.76923076923077,6,0,0.0,0.0,0,0.0,0
YMR199W,9,0.2777777777777778,0.0009462302579899646,0.2646905374985455,0.0002947752072022016,0.004810213310196768,53.0,6,3,12.333333333333334,25.0,24,1.0,0
YOL145C,4,0.0,0.00016298711694824223,0.2543379982739198,0.00014511387389560688,0.0023028873296546777,83.75,4,3,33.333333333333336,74.0,85,0.7873949579831933,0
YPL256C,10,0.3111111111111111,0.0004526656114589363,0.2515678605710197,0.0003131731507631878,0.004594620148928091,27.5,6,4,12.75,25.0,30,0.7655172413793103,0
YAL041W,21,0.09523809523809523,0.004643446667985711,0.26266736224920906,0.0006740788402896459,0.0068616753304237745,16.38095238095238,7,1,4.0,4.0,3,1.0,1
YBR200W,34,0.15151515151515152,0.005345242421732119,0.28467424523937723,0.0008917992404558412,0.04377213755022694,38.05882352941177,12,3,43.666666666666664,73.0,72,1.0,1
YDR264C,11,0.14545454545454545,0.0010869532064039014,0.23829311045857893,0.00038242603807782757,0.0017554433523242442,13.090909090909092,5,0,0.0,0.0,0,0.0,0
YER155C,36,0.21587301587301588,0.002609552325799766,0.28594528435355654,0.0008595182421305462,0.07281129812331795,54.361111111111114,14,1,4.0,4.0,3,1.0,0
YGL233W,8,0.32142857142857145,0.0002218741472800201,0.2365064454629741,0.00023809957625513047,0.0036293337249366877,20.25,6,2,7.5,8.0,7,1.0,1
YGR221C,2,0.0,5.347820395431922e-05,0.22473645221790053,8.663964241572437e-05,0.0005491565885228657,27.0,2,0,0.0,0.0,0,0.0,0
YHL007C,10,0.3111111111111111,0.00047452541536553044,0.2596819557236759,0.00029406374659275063,0.007468521367130674,30.1,7,1,2.0,2.0,1,0.0,0
YIL079C,2,0.0,5.719675092756964e-05,0.2093014703299962,9.411465249517832e-05,0.00022581147133978746,14.5,2,2,3.5,4.0,3,1.0,0
YJL187C,11,0.10909090909090909,0.0006159088269537565,0.2550285503387398,0.0003083183286035877,0.007552955499349898,28.363636363636363,7,0,0.0,0.0,0,0.0,0
YKL080W,3,0.0,0.0003020486715342416,0.24484986348341964,0.0001247788441720005,0.000912180935845146,62.666666666666664,3,5,12.8,15.0,15,0.9904761904761905,0
YLR206W,3,0.0,6.275686600265618e-05,0.21915503672495842,0.000126493021566131,0.00035252437818359333,13.0,3,0,0.0,0.0,0,0.0,0
YLR229C,43,0.06976744186046512,0.004029782763592733,0.2750597509803002,0.0011280383972153021,0.026001305926887108,17.46511627906977,10,1,2.0,2.0,1,0.0,1
YOR188W,5,0.7,2.0406013484311718e-05,0.24214271272423654,0.0001486274921670495,0.004698516407743316,30.4,5,0,0.0,0.0,0,0.0,0
YOR212W,13,0.14102564102564102,0.002210459568990698,0.23488986903663645,0.0004907922724127456,0.0006180626717226342,9.615384615384615,6,4,6.25,16.0,17,0.7941176470588235,0
YPL161C,31,0.1010752688172043,0.003550903684338643,0.2812832363954398,0.000867130655414752,0.0337544359367284,45.38709677419355,12,0,0.0,0.0,0,0.0,0
YAL042W,2,0.0,0.00021557413110426748,0.21115212275523393,0.0001449746368259643,7.625173842091256e-05,16.0,1,4,33.25,95.0,95,0.9789473684210527,0
YDL239C,31,0.017204301075268817,0.006371087265998977,0.270310366011017,0.0011428678098423716,0.0027173065132369088,10.935483870967742,7,0,0.0,0.0,0,0.0,0
YML067C,1,0.0,0.0,0.17322417906291845,9.45003154856713e-05,2.138457334745097e-06,2.0,1,1,2.0,2.0,1,0.0,0
YAL043C,9,0.4166666666666667,0.0007341044697938238,0.22397431079452484,0.00031237987477520746,0.0002641713393781564,11.11111111111111,6,7,28.714285714285715,131.0,141,0.8656534954407294,1
YDR301W,7,0.9047619047619048,1.0941771068578604e-06,0.19581410142287933,0.000236893341284392,2.7566591376210432e-05,8.857142857142858,6,6,33.0,131.0,141,0.8656534954407294,1
YJR093C,10,0.4888888888888889,0.0007782053688574428,0.22924629533107024,0.0003347334123696028,0.00020301192302186533,11.3,6,6,32.833333333333336,131.0,141,0.8656534954407294,1
YKR002W,13,0.2948717948717949,0.0007745535585304049,0.2247006109890103,0.000440641715915533,0.00025085197325703043,8.692307692307692,6,2,17.5,20.0,19,1.0,1
YLR115W,6,1.0,0.0,0.19580503049586662,0.00020705944030774244,2.597561757798375e-05,9.5,6,6,33.0,131.0,141,0.8656534954407294,1
YLR277C,10,0.4222222222222222,0.00025756513914036,0.20057147163871467,0.0003592211272946044,6.535065402698707e-05,6.5,6,7,28.714285714285715,131.0,141,0.8656534954407294,1
YPR107C,8,0.6785714285714286,7.989526595440868e-05,0.20906336894422162,0.0002643646800883256,0.00011520807705162699,8.75,6,3,17.333333333333332,20.0,22,0.9264069264069265,1
YGL212W,18,0.0196078431372549,0.004137769391923117,0.2649394003581718,0.0005821764384544433,0.005434698788792403,22.11111111111111,6,4,31.5,95.0,94,1.0,0
YHR172W,6,0.2,0.0010690864347977216,0.25947472027711926,0.00022875274611510672,0.002342533149305541,69.66666666666667,4,3,17.0,32.0,31,1.0,1
YIL061C,30,0.0,0.006713847981655842,0.2578443965908786,0.0012425876181364436,0.0022976029871450226,5.266666666666667,6,12,90.16666666666667,559.0,624,0.8370374943408652,1
YLR045C,6,0.2,0.00036459030007074536,0.25262031994467327,0.0001888409947428557,0.007199125026336722,39.166666666666664,6,7,37.57142857142857,73.0,136,0.4761437908496732,1
YLR429W,4,0.0,0.0001283228828341239,0.22944540187353563,0.00016091764043395083,0.0005186862518168344,12.75,3,4,34.75,73.0,77,0.8855092276144908,0
YNL126W,6,0.26666666666666666,0.00027976715739051685,0.2516277648121368,0.00022603238579077515,0.00825330292211168,32.666666666666664,4,6,28.333333333333332,73.0,94,0.687256920613132,1
YAL049C,1,0.0,0.0,0.2041953233485156,5.9779264142913507e-05,0.0002530437544916302,17.0,1,0,0.0,0.0,0,0.0,0
YNL094W,17,0.08088235294117647,0.002146296929783594,0.25904536332133804,0.0005372309254500155,0.009024189732441486,25.0,7,0,0.0,0.0,0,0.0,0
YAL051W,1,0.0,0.0,0.00021992522542335605,0.00021987686895338611,3.4130130264064307e-22,1.0,1,3,90.66666666666667,195.0,194,1.0,0
YOR363C,1,0.0,0.0,0.00021992522542335605,0.00021987686895338611,3.4130130264064307e-22,1.0,1,3,90.66666666666667,195.0,194,1.0,0
YAL054C,4,0.0,0.00020606570484413245,0.24163054898040778,0.00017828245520989578,0.0006141063827594696,43.75,3,0,0.0,0.0,0,0.0,0
YLR153C,3,0.0,0.000405294148424637,0.24948903277737414,0.00014459467258775636,0.0008567473096396707,106.66666666666667,3,0,0.0,0.0,0,0.0,1
YAL058W,8,0.03571428571428571,0.002702694097520811,0.2364402972150961,0.0003304264254006701,0.0018310316851083048,12.375,4,0,0.0,0.0,0,0.0,0
YGL084C,16,0.16666666666666666,0.004093177025453192,0.2762101021573726,0.0004797395882324986,0.01464435476350739,65.1875,10,0,0.0,0.0,0,0.0,1
YKL194C,5,0.0,0.00011700957444083312,0.22613113595732254,0.00018805549442378513,0.0015719705736360792,22.0,4,0,0.0,0.0,0,0.0,0
YKL197C,2,0.0,2.3139423704294913e-05,0.2015565873498771,9.887977950068762e-05,0.00011251511526411497,8.0,2,0,0.0,0.0,0,0.0,0
YNR036C,2,0.0,0.002143422789265288,0.18990220115528228,0.0001509151888623939,5.1415931044353594e-05,4.5,1,4,254.25,559.0,558,1.0,0
YKR011C,2,0.0,7.3544119077854125e-06,0.20209625595573863,0.00011829538361317956,5.169764883753097e-05,5.5,2,0,0.0,0.0,0,0.0,0
YAL067C,1,0.0,0.0,0.00021992522542335605,0.00021987686895338611,3.4130130264064307e-22,1.0,1,0,0.0,0.0,0,0.0,0
YGR055W,1,0.0,0.0,0.00021992522542335605,0.00021987686895338611,3.4130130264064307e-22,1.0,1,0,0.0,0.0,0,0.0,0
YAR003W,7,0.14285714285714285,0.0011520265970582481,0.2571072502015981,0.0002537599916259308,0.0070984440426379615,52.57142857142857,6,2,45.5,83.0,82,1.0,0
YBR175W,10,0.06666666666666667,0.0012164501348260095,0.26590608916169306,0.0003360556667580151,0.009101341358840156,39.8,6,2,45.5,83.0,82,1.0,0
YDR140W,3,0.0,0.0002236803455552519,0.2039785345678155,0.0001808968771919441,0.00022347512280600928,3.6666666666666665,2,0,0.0,0.0,0,0.0,0
YAR007C,5,0.3,0.00021262961289074102,0.23220585581026607,0.00020240445708347523,0.0024147261427928377,22.0,3,3,29.666666666666668,56.0,55,1.0,1
YJL173C,5,0.3,0.00018649152605013412,0.23317941155813277,0.0002032786255106123,0.0023131087566867175,13.0,3,3,29.666666666666668,56.0,55,1.0,1
YNL312W,3,1.0,0.0,0.22079205982627836,0.00012280510187929574,0.0022537855020593606,15.333333333333334,3,3,29.666666666666668,56.0,55,1.0,1
YPL022W,3,0.0,4.045131998516328e-05,0.2043730390346327,0.00013824234000516346,0.0003275485534356733,5.666666666666667,3,4,61.75,195.0,194,1.0,0
YAR008W,5,0.3,0.00021167779161074927,0.2536359551943758,0.00022188827139486855,0.001663286662374584,61.8,3,4,56.5,131.0,130,1.0,1
YBL051C,10,0.15555555555555556,0.0008546082513913826,0.26758946526426136,0.00033931447960731183,0.03036585504060838,78.9,6,0,0.0,0.0,0,0.0,0
YLR105C,6,0.2,0.000756588147954618,0.24473644799457317,0.00027569424822033046,0.0009532565530814788,31.333333333333332,3,4,56.5,131.0,130,1.0,1
YMR059W,3,1.0,0.0,0.2111943236391662,0.0001498292299813404,8.157402820452274e-05,5.0,3,4,56.5,131.0,130,1.0,1
YPL083C,4,0.5,9.437705883426036e-05,0.23751647523681013,0.0001892569407980035,0.0002922137370446942,36.0,3,4,56.5,131.0,130,1.0,1
YAR014C,13,0.02564102564102564,0.003516911899915037,0.2668293159089876,0.00043823575006394746,0.014965278239555058,47.46153846153846,5,1,2.0,2.0,1,0.0,0
YDR195W,3,0.3333333333333333,2.104300623112587e-05,0.22403366689533433,0.00012418040347724713,0.0006934269885974172,15.333333333333334,3,3,17.333333333333332,20.0,22,0.9264069264069265,0
YER054C,2,0.0,3.0972911964605807e-06,0.21192495328725358,9.335969682415111e-05,0.00043918449642007097,10.5,2,2,6.5,7.0,8,0.7857142857142857,0
YER133W,21,0.03333333333333333,0.0014553434029345334,0.24968061866113017,0.0007736130732821173,0.006426512342786046,9.80952380952381,4,11,5.636363636363637,20.0,29,0.4753694581280788,1
YER158C,4,0.0,0.00024761356985536476,0.2179571594551783,0.00019551501349477867,0.0005601229328178677,7.5,2,0,0.0,0.0,0,0.0,0
YIL045W,6,0.06666666666666667,0.0008637724814518307,0.24304773695096732,0.00023943445887866574,0.001383799059342676,34.0,4,0,0.0,0.0,0,0.0,0
YMR071C,3,0.0,0.00017873536780440598,0.23394084532401332,0.00012421989434117147,0.0014064566506137247,41.333333333333336,3,0,0.0,0.0,0,0.0,1
YNL333W,8,0.25,0.0005860078730115829,0.24387509769872334,0.00030922479511187215,0.0012085843956258305,32.625,3,0,0.0,0.0,0,0.0,0
YAR018C,5,0.0,0.0004346249273210469,0.24286619129592468,0.00018864955089034762,0.0006624953345477348,33.0,5,0,0.0,0.0,0,0.0,0
YBL106C,13,0.0641025641025641,0.002391012723058561,0.2656721051737444,0.00041720562848533303,0.005307093627206094,21.46153846153846,6,0,0.0,0.0,0,0.0,0
YFR028C,3,0.0,0.00014820963684488401,0.24654941631557822,0.00012894230113120396,0.0008514815417504197,101.33333333333333,3,3,32.666666666666664,83.0,82,1.0,1
YGL116W,4,0.16666666666666666,6.884396910904067e-06,0.2360837351046846,0.0001254936165594353,0.007688148685243865,35.75,4,4,23.25,58.0,60,0.9045197740112995,1
YMR001C,7,0.047619047619047616,0.0002841090360780733,0.24640568924532316,0.00024271418138530076,0.003338801417988565,17.142857142857142,5,0,0.0,0.0,0,0.0,1
YPR111W,6,0.26666666666666666,0.0002389242746849362,0.225215430163804,0.00021089277333034327,0.0005919250648077056,14.5,5,0,0.0,0.0,0,0.0,1
YAR027W,2,0.0,3.908288543502618e-06,0.20514672846603926,0.00011368017785896942,0.00012428392333504787,6.0,2,0,0.0,0.0,0,0.0,0
YBR135W,10,0.1111111111111111,0.0004186801448625671,0.23583346500665475,0.00035416037373446954,0.003654767945967391,10.8,5,1,14.0,14.0,13,1.0,1
YAR031W,3,0.0,0.00015266977750222859,0.24837484976579347,0.0001606387208196204,0.0008192448784383581,100.66666666666667,2,0,0.0,0.0,0,0.0,0
YBR217W,11,0.09090909090909091,0.0009949615453214776,0.2536968485273557,0.00046991219336006354,0.000775847151036725,21.818181818181817,4,1,3.0,3.0,2,1.0,0
YCR030C,5,0.0,0.0004529445817019338,0.23638740525218238,0.0003076190551088526,0.0007982314076120874,17.2,2,0,0.0,0.0,0,0.0,0
YAR033W,2,0.0,0.00021557413110426748,0.16397731284921724,0.0001918067780700218,5.629043303416136e-07,2.0,1,1,2.0,2.0,1,0.0,0
YGL051W,1,0.0,0.0,0.14014732073323186,0.00011574945118315795,1.5799863331661546e-08,2.0,1,1,2.0,2.0,1,0.0,0
YAR035W,4,0.0,0.0002720637780867789,0.2443544452141446,0.0001707560162921679,0.002866339830875295,59.25,3,0,0.0,0.0,0,0.0,0
YAR066W,2,0.0,0.00019541501015178843,0.23037078664237373,0.00010921153244784393,0.0002495956982321944,69.0,2,0,0.0,0.0,0,0.0,0
YDR074W,8,0.10714285714285714,0.0015272935350306239,0.2381454275347497,0.0003684675605413014,0.001178540265301565,15.375,3,2,4.0,4.0,4,0.8333333333333334,0
YBL001C,5,0.1,0.0004302768416934988,0.24767626821248523,0.00023302959236630067,0.0007607514605783454,36.2,3,0,0.0,0.0,0,0.0,0
YDR510W,22,0.021645021645021644,0.009251908361051381,0.29062453199355565,0.0008467998678553143,0.004157015696096588,40.36363636363637,7,0,0.0,0.0,0,0.0,1
YER067W,2,0.0,5.597036194442338e-06,0.20350713496939205,0.00010432782836385552,5.1479520399865276e-05,5.5,2,0,0.0,0.0,0,0.0,0
YBL002W,2,0.0,5.904728315347398e-05,0.20169123411338805,0.00013223350036348667,4.188362669999375e-05,3.0,2,2,9.5,11.0,10,1.0,0
YCL066W,3,0.0,0.0005883717767885156,0.2546751336575449,0.00016499112757179107,0.0014834964519946075,125.33333333333333,2,0,0.0,0.0,0,0.0,0
YBL006C,1,0.0,0.0,0.18604063350855074,7.746725028244181e-05,1.5316535135579655e-05,7.0,1,2,50.0,83.0,82,1.0,0
YDR489W,7,0.0,0.0014957165588227468,0.23050898147539253,0.00036416151555320315,0.0005462731090351426,13.714285714285714,3,3,27.0,56.0,56,0.9766233766233766,1
YBL007C,39,0.13630229419703105,0.004378029080550431,0.28885691200124874,0.0010282146102044798,0.06047496641083047,45.38461538461539,12,4,33.5,73.0,73,0.9729832572298326,0
YBR205W,9,0.027777777777777776,0.0017238525958042322,0.25019789234724005,0.0002841444628703697,0.003212691685646657,26.333333333333332,6,0,0.0,0.0,0,0.0,0
YCR088W,12,0.25757575757575757,0.0001873366791445037,0.25076193600583013,0.0003369977677584031,0.010607653496472781,27.0,7,3,43.666666666666664,73.0,72,1.0,1
YDR388W,72,0.12832550860719874,0.011239561837657598,0.29926672283448547,0.0018131181912829746,0.08498099047224002,33.236111111111114,12,4,33.25,73.0,73,0.9726027397260274,0
YGL104C,4,0.0,0.00017522458723990422,0.24705378416706256,0.00014975307156454113,0.0026242238276111686,48.0,4,0,0.0,0.0,0,0.0,0
YGR268C,12,0.045454545454545456,0.0013239149656001314,0.2603056529938584,0.00039488894698586573,0.005524275470295356,26.333333333333332,7,0,0.0,0.0,0,0.0,0
YHR016C,21,0.11428571428571428,0.0012710012487418356,0.2592996253796867,0.0006410224533698601,0.006717129532533301,13.476190476190476,7,0,0.0,0.0,0,0.0,0
YIR006C,11,0.0,0.0009571684543425942,0.24328555274054756,0.00042075900048710904,0.0024277719892096443,10.636363636363637,5,4,33.5,73.0,73,0.9729832572298326,1
YJL004C,7,0.23809523809523808,0.0005926675066176582,0.25259012748382176,0.0002137639533405296,0.006010719285118695,66.71428571428571,7,0,0.0,0.0,0,0.0,0
YJL151C,5,0.1,0.0002928011413729754,0.2452903431589063,0.00017637362367182622,0.00279562873575576,41.6,5,0,0.0,0.0,0,0.0,0
YKR030W,8,0.10714285714285714,0.0007826065213883088,0.2578129425626272,0.00025575191705149277,0.005976112952186317,61.75,6,0,0.0,0.0,0,0.0,0
YLR078C,9,0.05555555555555555,0.0009578197996546748,0.26396322945820727,0.0002956344886287673,0.005568479793105555,40.888888888888886,6,3,40.666666666666664,95.0,94,1.0,1
YMR253C,3,0.0,0.00048168096545726596,0.26061059210273585,0.0001284578879131416,0.003208718932749256,145.0,3,0,0.0,0.0,0,0.0,0
YNL138W,8,0.25,0.00044092119428137646,0.24102430252119936,0.00028601710233341606,0.004921978558857191,21.5,5,4,33.25,73.0,73,0.9726027397260274,1
YNL152W,2,0.0,1.2037350958598205e-06,0.2268593384131748,8.1964663715103e-05,0.0018976986129608602,29.5,2,0,0.0,0.0,0,0.0,1
YOR181W,22,0.12121212121212122,0.004454214490681912,0.26723419063755915,0.0007109210710913848,0.011230895036828338,22.5,8,3,43.666666666666664,73.0,72,1.0,1
YOR284W,14,0.12087912087912088,0.004594765215400556,0.2655552675324667,0.000456969119082348,0.006007474984339895,37.142857142857146,7,0,0.0,0.0,0,0.0,0
YPL246C,7,0.19047619047619047,0.00035394979990717196,0.24884276423609283,0.00023093198981420619,0.0031722606256175175,33.0,6,0,0.0,0.0,0,0.0,0
YPR171W,9,0.16666666666666666,0.0005414444665004579,0.2503460787321886,0.0002959433314591572,0.0062699393713105496,34.22222222222222,7,0,0.0,0.0,0,0.0,0
YGR063C,2,0.0,1.330899027150905e-07,0.2029891559004117,9.669879335059869e-05,0.0003993285140352192,5.5,2,3,25.333333333333332,55.0,72,0.6216744913928013,0
YOR038C,4,0.16666666666666666,0.00011720434316697671,0.2438469593466178,0.00014097357922355578,0.004251914795196917,59.25,4,3,32.333333333333336,83.0,82,1.0,0
YBL010C,1,0.0,0.0,0.17265811009820975,7.976341359317466e-05,2.6591050541166873e-06,4.0,1,0,0.0,0.0,0,0.0,0
YKR022C,4,0.0,0.0004046078028170852,0.21031163266565195,0.00022076441118718508,9.482453987296637e-05,9.75,3,3,217.66666666666666,559.0,558,1.0,1
YBL014C,4,0.16666666666666666,0.00022043267337246432,0.20656028897592107,0.00020169616313339895,7.493139674884448e-05,5.5,2,5,68.8,195.0,255,0.7764397097421646,1
YJL025W,2,1.0,0.0,0.17268632566549305,0.00012596194438161586,2.768816927293243e-06,3.5,2,5,68.8,195.0,255,0.7764397097421646,1
YML043C,3,0.3333333333333333,5.811271671110889e-05,0.1892898877435859,0.00017677970790203637,2.3817001919419446e-05,3.0,2,5,68.8,195.0,255,0.7764397097421646,1
YDL159W,7,0.38095238095238093,0.0002814238436759496,0.22507152254069612,0.00024011270442773574,0.0005673080140385714,14.714285714285714,5,3,8.333333333333334,16.0,15,1.0,0
YDR103W,12,0.15151515151515152,0.0028086013643939594,0.23457701278174553,0.0004369057573524478,0.0015606371143317196,11.083333333333334,5,3,8.333333333333334,16.0,15,1.0,0
YDR469W,6,0.06666666666666667,0.0005428408640547288,0.24091440258274568,0.00021266280640789932,0.0017424088193581425,14.166666666666666,4,2,45.5,83.0,82,1.0,0
YDR480W,6,0.26666666666666666,0.0002982734176037754,0.20781961715493746,0.0002445428906330423,8.192136146827344e-05,7.333333333333333,3,1,3.0,3.0,2,1.0,0
YHR168W,4,0.0,0.0002704915501103848,0.2198160691307022,0.00018786755523857778,0.0018592339912201531,11.25,3,0,0.0,0.0,0,0.0,0
YLR313C,6,0.26666666666666666,6.251928158398367e-05,0.22681064570263323,0.00020417816566787488,0.0006290719176844083,11.0,5,1,5.0,5.0,4,1.0,0
YLR362W,20,0.1,0.0033576458781851585,0.24639132575425668,0.0006760458285906597,0.0017116286861993475,12.45,6,3,8.333333333333334,16.0,15,1.0,0
YPL049C,8,0.14285714285714285,0.0023813427970287965,0.24152009561249488,0.00029458813801679784,0.000873238195933847,36.75,5,1,3.0,3.0,2,1.0,0
YBL018C,1,0.0,0.0,0.20443234635878665,6.767319914087157e-05,9.766214683824744e-05,24.0,1,7,106.71428571428571,559.0,619,0.8502282102357388,1
YBL019W,1,0.0,0.0,0.10822519442119707,0.00013295981711321516,3.602295965989125e-11,4.0,1,0,0.0,0.0,0,0.0,0
YEL009C,4,0.0,0.002573691157061154,0.12190589776812717,0.0004351565623744532,1.278182544614636e-09,1.25,1,0,0.0,0.0,0,0.0,0
YBL021C,5,0.5,0.00018301554772026665,0.2446372955963811,0.00018199128885519166,0.007892604946670222,39.4,4,3,110.66666666666667,195.0,255,0.7764397097421646,0
YGL237C,10,0.15555555555555556,0.0009550325895265433,0.2656721051737444,0.0003397191979697866,0.009008199935010244,39.1,6,3,110.66666666666667,195.0,255,0.7764397097421646,0
YKL109W,3,1.0,0.0,0.21326151328528117,0.00012066272879180368,0.0010785299590419385,8.666666666666666,3,3,110.66666666666667,195.0,255,0.7764397097421646,0
YOR358W,11,0.18181818181818182,0.0008555395266749956,0.2626184028154255,0.00036138532039977874,0.021584515897393953,49.81818181818182,6,3,110.66666666666667,195.0,255,0.7764397097421646,0
YBL022C,1,0.0,0.0,0.1434335468904365,0.00011432897798534301,1.0188655323562928e-06,2.0,1,2,6.0,8.0,7,1.0,0
YDR086C,2,0.0,0.00021557413110426748,0.16849410800104733,0.00018816915645702815,3.6368264720771564e-05,1.5,1,6,9.333333333333334,29.0,29,0.9384236453201971,1
YBL023C,5,0.1,0.0024978272314762403,0.23888567838330918,0.000214252891377925,0.004774742569579666,40.0,3,6,22.333333333333332,56.0,57,0.9505012531328321,1
YDL017W,60,0.03502824858757062,0.01159939567603866,0.2836046157618272,0.0018910851020708017,0.036238917610288024,16.416666666666668,12,3,22.0,56.0,55,1.0,1
YDR052C,38,0.09388335704125178,0.005131057208851344,0.28633269159424696,0.0010441592597969767,0.04679528376039675,33.3421052631579,11,3,22.0,56.0,55,1.0,1
YIL150C,3,0.0,6.461489934073516e-06,0.19372304841258872,0.00014921402861881234,0.00021558838985848557,4.333333333333333,3,0,0.0,0.0,0,0.0,1
YLR103C,97,0.048539518900343644,0.020246945010991235,0.3037398098098788,0.002701876957379532,0.08697645984790098,21.09278350515464,13,5,25.6,56.0,57,0.9505012531328321,1
YOR196C,2,0.0,0.0021434227892652875,0.19147647534832493,0.00015237386457525237,0.00013391778401747963,3.0,1,0,0.0,0.0,0,0.0,0
YBL024W,6,0.6666666666666666,3.129689112787207e-05,0.2485647276280078,0.00016523406393474047,0.033909203760904595,125.0,5,0,0.0,0.0,0,0.0,0
YGR237C,3,0.0,2.7050759479193636e-05,0.23312796830369384,0.00011249248210725213,0.003542065808319538,30.333333333333332,3,0,0.0,0.0,0,0.0,0
YBL025W,7,0.0,0.00015468445602703884,0.23382437314345703,0.00026821153327728076,0.0012180764075729118,10.0,4,6,58.333333333333336,195.0,257,0.7645914396887159,0
YDL113C,4,0.0,0.00015956878060660766,0.2348507163748346,0.00014939256674520226,0.0027227325714629332,18.5,4,1,3.0,3.0,2,1.0,0
YMR270C,2,0.0,4.439610627818284e-05,0.20582602226890695,9.909135173066553e-05,6.705950868329308e-05,14.0,2,6,58.333333333333336,195.0,257,0.7645914396887159,1
YBL026W,52,0.0641025641025641,0.013879038383436144,0.28511589836858503,0.0019056320376567627,0.008162216440920012,13.615384615384615,9,6,127.5,559.0,558,1.0,1
YBL066C,5,0.1,0.0008539550814314584,0.2321038489547127,0.00022474719391997372,0.0004215901889622148,16.8,3,0,0.0,0.0,0,0.0,0
YCR020C-A,6,0.26666666666666666,0.0008933657054804897,0.2493565685395713,0.00021337350418096888,0.004068019250943591,66.33333333333333,5,2,281.0,559.0,560,0.9928699207768975,0
YCR077C,38,0.0953058321479374,0.00965173298194575,0.2930626910708086,0.0012377510754105472,0.020105450314478374,27.42105263157895,10,5,229.2,559.0,558,1.0,0
YDL175C,4,0.5,0.002143422789265288,0.23826624539539307,0.00018411978340953885,0.0012292882355635804,34.25,3,2,3.5,4.0,3,1.0,0
YDR166C,4,0.3333333333333333,0.0002376383256943622,0.2355443406695053,0.0001427791265497635,0.0019445053510870538,32.25,4,2,7.5,8.0,7,1.0,1
YDR378C,23,0.233201581027668,0.004952923233848049,0.27429222539352843,0.0008088998452847597,0.00836879176876349,33.91304347826087,9,6,127.5,559.0,558,1.0,1
YDR440W,6,0.13333333333333333,0.00026473620216422704,0.25841188441121676,0.00018965976956851602,0.004570456605020424,58.666666666666664,6,0,0.0,0.0,0,0.0,0
YEL015W,21,0.11428571428571428,0.0072991912915177995,0.2811709700867607,0.0006829035282021052,0.005190576817439149,29.571428571428573,8,2,287.5,559.0,558,1.0,0
YER025W,3,0.3333333333333333,0.00021557413110426748,0.22289949867184902,0.0001649150784121984,0.0003611469610836308,28.666666666666668,2,7,174.28571428571428,559.0,592,0.9345646407829149,1
YER112W,37,0.0945945945945946,0.007118234369233637,0.2743812524059898,0.0012914974463495489,0.00972511534857801,15.405405405405405,9,10,105.4,559.0,619,0.8502282102357388,1
YER146W,33,0.12121212121212122,0.00424968432465197,0.26502245866915,0.001274088868493296,0.004707403913453036,13.121212121212121,9,6,127.5,559.0,558,1.0,1
YGL173C,35,0.21512605042016808,0.009941972164901917,0.295666143908385,0.0009643910187707408,0.060020705842478095,54.74285714285714,13,2,287.5,559.0,558,1.0,0
YGL185C,4,0.0,0.0003802506194098882,0.2280219665163874,0.00018967647845850852,0.00026665628852270306,22.25,3,0,0.0,0.0,0,0.0,0
YGR077C,1,0.0,0.0,0.22005639282144276,6.418438347243257e-05,0.00022888092889331854,52.0,1,0,0.0,0.0,0,0.0,0
YGR158C,6,0.13333333333333333,0.001027297051135466,0.2516277648121368,0.00024048546307675608,0.0015418773320170353,41.666666666666664,5,3,12.0,14.0,13,1.0,1
YIL048W,3,1.0,0.0,0.2325763834771802,0.00012802084752437974,0.000796680555444161,43.666666666666664,3,0,0.0,0.0,0,0.0,1
YIL066C,2,0.0,0.00030748024014269225,0.23628169228656004,0.00010461817746140493,0.00038010778907832034,77.5,2,1,4.0,4.0,3,1.0,0
YIL132C,8,0.03571428571428571,0.0012427599518463504,0.26474027266154787,0.00029323751198739596,0.0029212763533039837,43.875,5,0,0.0,0.0,0,0.0,0
YJL124C,46,0.05410628019323672,0.01687147406515513,0.2887187973575323,0.001670582828780001,0.015546887152769029,18.543478260869566,9,3,192.66666666666666,559.0,560,0.9943713263480706,0
YJR022W,52,0.04751131221719457,0.016741872182217583,0.2785766290986801,0.0020945246556885906,0.005255730694780987,9.865384615384615,9,5,149.0,559.0,558,1.0,1
YLR039C,138,0.016396911033534328,0.030627420249891117,0.3061598720349321,0.004002634714642221,0.05084797527878539,12.195652173913043,12,2,4.5,7.0,6,1.0,0
YLR120C,1,0.0,0.0,0.22005639282144276,6.418438347243257e-05,0.00022888092889331854,52.0,1,0,0.0,0.0,0,0.0,0
YLR126C,1,0.0,0.0,0.22005639282144276,6.418438347243257e-05,0.00022888092889331854,52.0,1,0,0.0,0.0,0,0.0,0
YLR128W,4,0.0,9.457190477386019e-05,0.22897308739513939,0.00015842847156647926,0.0003951398633881313,18.5,3,0,0.0,0.0,0,0.0,0
YLR275W,5,0.6,0.0001446277409158948,0.23836029962861743,0.00019084995811044413,0.0008970177243566589,30.4,4,12,73.0,559.0,565,0.9764513901964477,1
YLR438C-A,21,0.23333333333333334,0.0013233339752031343,0.26119033512415946,0.0007427467896039331,0.005463477984327658,19.38095238095238,9,6,127.5,559.0,558,1.0,1
YMR066W,1,0.0,0.0,0.22005639282144276,6.418438347243257e-05,0.00022888092889331854,52.0,1,0,0.0,0.0,0,0.0,0
YMR207C,1,0.0,0.0,0.22005639282144276,6.418438347243257e-05,0.00022888092889331854,52.0,1,0,0.0,0.0,0,0.0,0
YMR237W,1,0.0,0.0,0.22005639282144276,6.418438347243257e-05,0.00022888092889331854,52.0,1,4,229.0,559.0,563,0.9823644305101673,0
YMR268C,6,0.6666666666666666,0.00010848879557449603,0.24397363309173295,0.00020973084688309307,0.0027194619502141915,32.833333333333336,6,8,125.75,559.0,619,0.8502282102357388,1
YNL118C,35,0.03361344537815126,0.007274690413705403,0.2584434847639421,0.0013862266878003735,0.007095185904811057,11.628571428571428,8,4,145.0,559.0,559,0.9964285943280692,1
YNL147W,15,0.47619047619047616,0.0004861084898359897,0.2583644983688431,0.00048641637442652146,0.004408339566035391,25.866666666666667,9,6,127.5,559.0,558,1.0,1
YNL264C,4,0.0,0.00024275731276112854,0.2364402972150961,0.00015133608908067563,0.0011276179878549962,35.25,4,0,0.0,0.0,0,0.0,0
YNL287W,6,0.06666666666666667,0.00041433671740409534,0.2271031159098578,0.0002594575874861718,0.0003173246938869803,15.0,3,6,30.166666666666668,95.0,107,0.8236642567448422,1
YOL102C,2,0.0,0.00021557413110426748,0.22007930820130547,0.00014458491028964256,0.00022906130340699524,26.5,1,3,74.0,131.0,130,1.0,1
YOL149W,24,0.2572463768115942,0.005147129450148651,0.2776981271476429,0.0007886257829304199,0.0056341210665217375,27.583333333333332,9,4,145.0,559.0,559,0.9964285943280692,1
YOL163W,1,0.0,0.0,0.22005639282144276,6.418438347243257e-05,0.00022888092889331854,52.0,1,0,0.0,0.0,0,0.0,0
YOR017W,4,0.0,0.0002927175971339961,0.24076345370894697,0.00016036529914917767,0.0006849320221033068,30.25,4,0,0.0,0.0,0,0.0,0
YOR043W,10,0.0,0.0008650077073419181,0.2547979500460711,0.0003610347807811731,0.0061873691857156745,31.1,5,1,2.0,2.0,1,0.0,0
YOR191W,5,0.0,0.0002654963172873761,0.2512837044952305,0.00018533275563687135,0.0009976301146117392,31.2,5,0,0.0,0.0,0,0.0,0
YPL042C,4,0.3333333333333333,0.00013551259287846964,0.23956263847847842,0.00014973854706811965,0.0019268370715052469,48.5,4,4,46.75,133.0,172,0.7451380388956889,0
YPL115C,9,0.3611111111111111,0.0004625257416609629,0.2609484623604317,0.00024511881853010443,0.026008549365853586,77.11111111111111,8,0,0.0,0.0,0,0.0,1
YPL119C,1,0.0,0.0,0.22005639282144276,6.418438347243257e-05,0.00022888092889331854,52.0,1,0,0.0,0.0,0,0.0,0
YPL249C,4,0.0,0.0005591148029326264,0.2314810073008912,0.00018232874186175794,0.0003841017469329592,21.5,3,1,2.0,2.0,1,0.0,0
YPR032W,6,0.06666666666666667,0.0009056442560413206,0.25753020126206505,0.00021026204173318628,0.0035978717448715237,76.0,6,1,3.0,3.0,2,1.0,0
YPR184W,4,0.16666666666666666,0.00013849734134296733,0.2391966042280727,0.00016583350937023829,0.0019541876483380673,31.5,3,0,0.0,0.0,0,0.0,0
YBR084C-A,2,0.0,5.359105099872645e-06,0.2302954774607319,8.753668773672758e-05,0.003479382958176534,47.5,2,6,258.8333333333333,559.0,589,0.9439786101197695,0
YBL032W,2,0.0,0.00021557413110426748,0.18035685241996385,0.00018746946409340916,4.2890416963560024e-06,2.0,1,0,0.0,0.0,0,0.0,0
YFR012W,1,0.0,0.0,0.15194087470125714,0.00011409149729438609,1.204765913746403e-07,2.0,1,0,0.0,0.0,0,0.0,0
YBL033C,2,0.0,3.0515865109249017e-06,0.20249320653991917,0.00012654029516374186,3.035300825116398e-05,3.0,2,0,0.0,0.0,0,0.0,0
YPR172W,4,0.0,0.00031028324818009546,0.23162053774531607,0.00019217146977241816,0.00030600427545695235,35.75,3,0,0.0,0.0,0,0.0,0
YBL034C,4,0.16666666666666666,0.00023468503477585328,0.2306221733584828,0.0001692714418210118,0.002871295112392727,20.75,3,5,33.0,73.0,94,0.687256920613132,1
YDR330W,1,0.0,0.0,0.1861143583864327,6.891559868666254e-05,8.046758114177617e-05,4.0,1,0,0.0,0.0,0,0.0,0
YFL037W,31,0.22795698924731184,0.0028286708359012264,0.2898671782549906,0.0007546834078793594,0.0640419273524453,44.096774193548384,14,5,22.8,73.0,72,1.0,1
YBL038W,1,0.0,0.0,0.17828011275525216,8.127360277960713e-05,5.009251577805156e-06,3.0,1,7,202.14285714285714,559.0,589,0.9439786101197695,0
YGR033C,3,0.0,0.00028380184571587025,0.21871278036397976,0.00017074793031599482,0.00017869002929052363,10.666666666666666,2,2,8.5,11.0,10,1.0,0
YBL039C,2,0.0,3.102106704944367e-05,0.20765626103238874,0.00011146256924144312,5.075364039129014e-05,16.5,2,0,0.0,0.0,0,0.0,0
YJR103W,3,0.0,3.6278283737811154e-05,0.2081676037091491,0.00016523844683903808,0.00012935301373748312,6.666666666666667,2,0,0.0,0.0,0,0.0,0
YBL040C,2,0.0,1.6054758671409877e-05,0.18717753933727185,0.0001309379401483495,1.1138334268752666e-05,3.5,2,0,0.0,0.0,0,0.0,1
YCR067C,5,0.0,0.00039411201474159007,0.22883672748168876,0.00021744847503892613,0.0003835668142249681,10.6,4,0,0.0,0.0,0,0.0,0
YDR077W,2,0.0,2.0462505545153315e-05,0.18680528542512365,0.00014222475589085646,1.3334562168629147e-05,2.0,2,2,452.5,559.0,558,1.0,0
YBL042C,4,0.0,0.0012127350853982555,0.23592560802156023,0.00021186511494291596,0.0015786284467605805,41.0,2,0,0.0,0.0,0,0.0,0
YBR021W,3,0.0,0.00027771667752544965,0.2109834877365615,0.00018738707030336837,8.968603188859082e-05,9.333333333333334,2,0,0.0,0.0,0,0.0,0
YER021W,2,0.0,0.00021557413110426748,0.18957004051281665,0.00016546696612290172,4.43124125325781e-05,2.5,1,6,25.666666666666668,46.0,48,0.9547872340425532,1
YBL043W,2,0.0,1.424803728038356e-05,0.1890274671666863,0.00011567120655922515,4.443892206856558e-05,5.0,2,0,0.0,0.0,0,0.0,0
YDR099W,7,0.047619047619047616,0.000443657102006199,0.23360468626695438,0.00029047717958393814,0.001473938123631387,15.571428571428571,3,0,0.0,0.0,0,0.0,0
YBL044W,1,0.0,0.0,0.18566472780964038,9.722666794918683e-05,2.0800504771048115e-05,5.0,1,0,0.0,0.0,0,0.0,0
YJL159W,5,0.0,0.0007121302845013517,0.2299321761036976,0.0003740779632115274,0.000741873182328965,23.0,2,0,0.0,0.0,0,0.0,0
YBL045C,4,0.16666666666666666,0.00029274605314644973,0.23755652185209197,0.00018080410064816804,0.0004456162148169709,43.75,3,3,23.333333333333332,56.0,57,0.9323308270676691,0
YLR090W,4,0.16666666666666666,0.0014980320386646568,0.23043358192848895,0.00020206149243062944,0.00024223327933653362,36.25,3,0,0.0,0.0,0,0.0,0
YPR191W,6,0.0,0.00027506620719086085,0.24228150827205508,0.0002435402425714432,0.0008334238509284127,40.666666666666664,3,3,23.333333333333332,56.0,57,0.9323308270676691,0
YBL049W,3,0.3333333333333333,0.00029699041884355095,0.2512837044952305,0.00012920163886678316,0.002092660842423901,111.66666666666667,3,0,0.0,0.0,0,0.0,0
YGR172C,18,0.0784313725490196,0.0026472705838227703,0.2663752957722632,0.0006457981994844439,0.0018666554403120688,24.5,6,0,0.0,0.0,0,0.0,1
YIL034C,31,0.11182795698924732,0.0048567878580687285,0.2718227133964162,0.0009988205433525763,0.04514019001890543,35.61290322580645,12,5,27.2,73.0,73,0.9729832572298326,0
YBR080C,2,1.0,0.0,0.20505715777976388,8.541792015048566e-05,7.494512554837388e-05,15.5,2,2,48.5,95.0,94,1.0,1
YHL031C,12,0.25757575757575757,0.0005490016269554349,0.25378824336921485,0.0003620162929402397,0.006416573891563658,48.416666666666664,7,3,40.666666666666664,95.0,94,1.0,0
YKR068C,19,0.2573099415204678,0.0009664011152995742,0.24885741497287447,0.0005422989062474783,0.0019131021177332265,12.368421052631579,9,3,37.333333333333336,95.0,94,1.0,1
YLR093C,2,1.0,0.0,0.20896001548913748,8.905075385098975e-05,0.0001512719636352004,10.5,2,4,31.0,95.0,94,1.0,0
YOL018C,17,0.09558823529411764,0.005741722110979923,0.2767526480268626,0.0005383566809050492,0.0063877190927846845,42.05882352941177,8,4,33.0,95.0,94,1.0,0
YOR106W,9,0.1111111111111111,0.0009250843222772899,0.25544468443308593,0.0002954587080244726,0.004635785395963618,36.666666666666664,6,4,31.5,95.0,94,1.0,1
YKR096W,1,0.0,0.0,0.20946742620121278,6.179948263710869e-05,0.0008509612684223349,10.0,1,2,452.5,559.0,558,1.0,0
YPL153C,5,0.0,0.0003551467589560292,0.2263127479420824,0.00020597010632158658,0.0017814311362668973,7.8,3,1,2.0,2.0,1,0.0,1
YEL069C,3,0.0,0.00018600065380982713,0.2116808490241523,0.00014292563140504673,0.00011790855774418527,4.333333333333333,3,0,0.0,0.0,0,0.0,0
YPR165W,14,0.054945054945054944,0.0006376402507019972,0.26252053868171377,0.00042516236559769625,0.00804524151005703,23.857142857142858,7,2,3.0,4.0,3,1.0,1
YBL056W,2,0.0,0.0044989001319841624,0.19947348717858768,0.00016172024421808246,3.277511691071789e-05,6.0,1,0,0.0,0.0,0,0.0,0
YDR071C,3,0.0,0.0042859656841179065,0.1653112438231559,0.0002995654777031078,9.212032078151778e-07,1.3333333333333333,1,0,0.0,0.0,0,0.0,0
YOR020C,9,0.05555555555555555,0.005935127051999463,0.2514032708805254,0.00042408985413897623,0.0011680838899348317,43.44444444444444,5,0,0.0,0.0,0,0.0,1
YBL059W,2,0.0,0.00019882207155688292,0.24401588692496667,0.00011357180619216408,0.0007777557196568535,146.5,2,0,0.0,0.0,0,0.0,0
YBL061C,52,0.12669683257918551,0.008514489981145826,0.28133940317587014,0.0013662704581563923,0.04196659278456685,25.865384615384617,12,0,0.0,0.0,0,0.0,0
YBL047C,9,0.5277777777777778,4.056480244094475e-05,0.25406282342455205,0.00023700191829731983,0.013503988130166577,60.111111111111114,9,0,0.0,0.0,0,0.0,0
YBL067C,2,0.0,4.5646188824348243e-05,0.2234769585129678,8.79308222190074e-05,0.0012211273194064546,34.0,2,0,0.0,0.0,0,0.0,0
YBL069W,2,0.0,0.00021556531452698622,0.21782237533183577,0.0001305673835909293,0.0011778611816440972,26.5,1,0,0.0,0.0,0,0.0,0
YBL072C,5,0.1,0.0024285713956537776,0.24429795360734438,0.0001937648263982137,0.004010491183809277,64.0,4,7,227.28571428571428,559.0,589,0.9439786101197695,0
YBR023C,59,0.09585037989479836,0.006044998223906509,0.28023889102395233,0.0015086749625410907,0.04316117776833408,23.949152542372882,12,0,0.0,0.0,0,0.0,0
YDR129C,23,0.2134387351778656,0.0006805693853135093,0.2658726376471426,0.0005841742663251969,0.02294139756828158,32.21739130434783,12,3,43.666666666666664,73.0,72,1.0,0
YDR207C,15,0.01904761904761905,0.003631533660187983,0.2834334602906372,0.00046692380922046066,0.01592143576306438,48.333333333333336,7,6,74.33333333333333,195.0,255,0.7764397097421646,0
YDR245W,15,0.3142857142857143,0.0006272172291613638,0.26485639409200284,0.0003868251476147383,0.020138416220092666,55.06666666666667,12,3,7.333333333333333,9.0,11,0.7818181818181819,0
YDR377W,2,0.0,0.002572811262648482,0.21786728484687765,0.0001383567360242515,0.001177862652482174,27.5,1,4,26.5,56.0,57,0.9523809523809523,0
YEL031W,15,0.3238095238095238,0.0006534069165947907,0.28036900990410407,0.00037875689444365554,0.038726132011402056,85.33333333333333,12,0,0.0,0.0,0,0.0,0
YFL036W,9,0.0,0.00028469947690967876,0.23486376581176158,0.00028316779721617623,0.0033295577464621828,21.333333333333332,6,1,2.0,2.0,1,0.0,0
YFR019W,18,0.43790849673202614,0.00048402268187665743,0.2743812524059898,0.0004177306521976096,0.06150616310576731,87.44444444444444,13,0,0.0,0.0,0,0.0,0
YGR229C,81,0.08734567901234568,0.01643353341341249,0.302609048776795,0.00214644667919565,0.09205558912317022,33.876543209876544,14,0,0.0,0.0,0,0.0,0
YHR030C,70,0.09813664596273292,0.013454524338604883,0.3049670413646662,0.001902886199130022,0.0680378491703227,33.24285714285714,12,0,0.0,0.0,0,0.0,0
YHR107C,21,0.14285714285714285,0.0013559406743151386,0.26083574164234946,0.0005647122666080716,0.01514687573009937,25.666666666666668,8,4,23.25,73.0,72,1.0,1
YIL007C,7,0.0,0.0004915302603827641,0.234226044182327,0.0002516188208789864,0.002441281999516605,14.857142857142858,4,0,0.0,0.0,0,0.0,0
YJL095W,40,0.15897435897435896,0.0035271530979511566,0.2945740604442312,0.0010119638917768558,0.055505252609068,46.5,12,0,0.0,0.0,0,0.0,0
YJL148W,11,0.05454545454545454,0.0006128770712146295,0.2633055001130177,0.00031777212249056816,0.010551139738260735,44.90909090909091,8,3,77.33333333333333,195.0,194,1.0,0
YJR118C,11,0.4909090909090909,6.236399842728739e-05,0.259331443236657,0.000283298716793256,0.012404170172445498,47.09090909090909,10,0,0.0,0.0,0,0.0,0
YKL079W,19,0.2046783625730994,0.0017763263813045259,0.2647568552028984,0.0004999759285645642,0.020293995057803015,38.8421052631579,12,3,37.666666666666664,73.0,72,1.0,0
YKL126W,5,0.0,0.00029147333354176505,0.23522973973589364,0.00020370478565106214,0.0014557114834478418,24.8,3,0,0.0,0.0,0,0.0,0
YKL176C,4,0.0,0.0010385466569277804,0.2405853032793143,0.00015150024209818622,0.0027757706775300315,45.25,4,1,34.0,34.0,33,1.0,0
YLL043W,12,0.21212121212121213,0.00037653111144459877,0.25484403673666184,0.0003495483331710913,0.009302627724201176,42.416666666666664,7,0,0.0,0.0,0,0.0,0
YLR110C,8,0.35714285714285715,0.00033599905575910937,0.24896001845413318,0.00022598955313853943,0.009827074118027116,55.625,7,0,0.0,0.0,0,0.0,0
YLR337C,22,0.31601731601731603,0.002823068732977488,0.28048063658356154,0.0005485994989622144,0.05150639217551228,61.59090909090909,12,3,43.666666666666664,73.0,72,1.0,0
YLR342W,78,0.03363303363303363,0.014558946840141066,0.28885691200124874,0.0023264821542537607,0.03492114068133798,16.705128205128204,12,4,3.5,5.0,6,0.6,0
YLR370C,9,0.1388888888888889,0.001172449343954674,0.2700513156985863,0.00027048131777265263,0.00844830930553028,73.33333333333333,8,4,29.0,95.0,96,0.962280701754386,0
YLR425W,6,0.26666666666666666,0.0003719182347978083,0.24657818185242522,0.00019033842598508666,0.007077890469142695,53.333333333333336,5,0,0.0,0.0,0,0.0,0
YML115C,17,0.11029411764705882,0.000986935165280425,0.26745401121958196,0.0004607913939590953,0.016088967067742387,40.588235294117645,11,2,5.0,8.0,7,1.0,0
YMR089C,7,0.09523809523809523,0.00033433356881852215,0.23611011022870476,0.00023400944006984163,0.003140882144744672,29.142857142857142,5,4,4.25,8.0,8,0.7857142857142857,0
YNL079C,14,0.2087912087912088,0.000605572740800105,0.2528016263943943,0.00039868875929702967,0.014835057844723354,38.57142857142857,9,3,43.666666666666664,73.0,72,1.0,0
YNL233W,27,0.19373219373219372,0.0009273807551870072,0.26857562544886726,0.0006646562323605771,0.027657937928794785,33.55555555555556,12,1,2.0,2.0,1,0.0,0
YNL271C,80,0.06613924050632912,0.012437619441949469,0.2971209892671357,0.0020369342450939063,0.07871567692471178,26.6125,14,1,5.0,5.0,4,1.0,0
YNR051C,18,0.17647058823529413,0.0011186789526919936,0.284827708444358,0.0004518947164497702,0.0294765505113173,61.72222222222222,12,1,2.0,2.0,1,0.0,0
YOR035C,12,0.25757575757575757,0.00044546303065667506,0.2575458928414741,0.00034494309722168156,0.010819640973326626,37.666666666666664,8,0,0.0,0.0,0,0.0,0
YPL193W,2,0.0,8.274045959304014e-06,0.21884866901285457,9.4364564580437e-05,0.0012178265106198634,28.5,2,0,0.0,0.0,0,0.0,0
YBL063W,3,0.3333333333333333,0.0001625923901018497,0.23790415902033393,0.00010865865860104225,0.008303217667444462,63.333333333333336,3,5,26.6,73.0,73,0.974124809741248,0
YPR141C,84,0.12105565117613311,0.01196344466681863,0.2986113170833114,0.002016199417819504,0.13735607751857995,30.38095238095238,14,6,28.833333333333332,73.0,94,0.687256920613132,0
YGR117C,3,0.0,2.1818457079048056e-05,0.21112048315839735,0.0001315064594913491,0.00019679910412342906,9.666666666666666,3,0,0.0,0.0,0,0.0,0
YML091C,1,0.0,0.0,0.1870781266404476,7.120462390388546e-05,1.1824901394466125e-05,5.0,1,3,192.33333333333334,559.0,559,0.9964221824686941,1
YJL203W,16,0.041666666666666664,0.0014217614839117714,0.25314985885573893,0.000612579390933336,0.0015759803395092743,13.0625,5,11,92.54545454545455,559.0,621,0.8449742870500234,1
YBL068W,1,0.0,0.0,0.17733022291132208,7.55627130140991e-05,4.441909941846425e-06,7.0,1,0,0.0,0.0,0,0.0,0
YOL061W,7,0.0,0.000475354784470149,0.21728490172797374,0.000347339174627977,0.00015825023697155455,3.0,3,0,0.0,0.0,0,0.0,0
YGL008C,1,0.0,0.0,0.1776880441110759,8.834492102201069e-05,3.3041202077321115e-05,2.0,1,1,4.0,4.0,3,1.0,1
YNL261W,3,0.3333333333333333,8.253515883101946e-05,0.1950010699997358,0.00016634716786653367,0.00010626707741547113,3.0,2,7,20.285714285714285,56.0,57,0.9505012531328321,1
YBL075C,1,0.0,0.0,0.1871278197854734,6.825963230211338e-05,2.174537165009941e-05,12.0,1,1,4.0,4.0,3,1.0,0
YBL078C,4,0.16666666666666666,2.5001729615686458e-05,0.20295991516922465,0.00018693759664104988,0.00010673328756556527,4.75,3,6,36.666666666666664,95.0,163,0.5252594107399834,0
YHR171W,6,0.2,0.00024410546125579207,0.208106109660493,0.0002900674093065579,5.851178124073588e-05,4.666666666666667,3,0,0.0,0.0,0,0.0,0
YNL223W,3,0.3333333333333333,6.98257331623314e-05,0.22464090100522285,0.0001168889387248418,0.0026731248074363784,17.0,3,6,36.666666666666664,95.0,163,0.5252594107399834,0
YNR007C,5,0.3,0.0006196598867692183,0.2453615367338639,0.00022219036162885152,0.0009814083696766723,52.2,3,0,0.0,0.0,0,0.0,0
YOL083W,5,0.0,0.00026077224613214525,0.21409325803141735,0.00024830754462380435,9.475316676923065e-05,9.4,3,0,0.0,0.0,0,0.0,0
YBL079W,4,0.3333333333333333,2.8273028336429677e-05,0.21811461857238626,0.00015666334273918258,0.000272203925409473,9.25,4,4,24.75,59.0,59,0.9812974868497955,0
YER105C,9,0.05555555555555555,0.00124897148037546,0.249592157857353,0.0003350229091685303,0.0032702032149524267,17.22222222222222,5,3,32.0,59.0,59,0.9812974868497955,0
YLR335W,7,0.09523809523809523,0.000441987515624994,0.23819910923157356,0.0002703693518552413,0.0006094618980332435,32.0,4,3,32.0,59.0,59,0.9812974868497955,0
YOR098C,12,0.06060606060606061,0.0022095920660068556,0.25753020126206505,0.0004102665201096587,0.004809110760701426,26.75,5,3,32.0,59.0,59,0.9812974868497955,1
YBL082C,3,0.0,0.0019499611828791385,0.2191095948014241,0.00017334219828099755,0.0009487541090452349,17.333333333333332,2,0,0.0,0.0,0,0.0,0
YEL002C,4,0.5,3.474071678659428e-05,0.18294062728042731,0.00022117870198005922,2.8289936302351755e-05,5.25,3,2,19.0,29.0,28,1.0,1
YBL084C,9,1.0,0.0,0.2231937476668219,0.00022534983419162825,0.0009296708233152455,12.88888888888889,9,5,22.2,58.0,67,0.7503392130257802,1
YDL008W,11,0.8363636363636363,1.9755056633299154e-06,0.22575672666315616,0.0002764998451153083,0.0010767930382971978,12.0,9,4,25.0,58.0,57,1.0,1
YDR118W,10,0.9777777777777777,4.1718061254836286e-07,0.22557600562035823,0.0002484136859535621,0.0010500775367588797,12.8,9,4,25.0,58.0,57,1.0,1
YFR036W,18,0.3137254901960784,0.0016600859509371593,0.26709909594402986,0.0004527877405405241,0.017547485394454585,44.333333333333336,9,4,25.0,58.0,57,1.0,0
YGL240W,14,0.5164835164835165,0.00046670808772660986,0.25374253771847,0.00034162384598453974,0.0067777097711791,27.857142857142858,9,4,25.0,58.0,57,1.0,0
YHR166C,17,0.35294117647058826,0.0011970462248493744,0.2499463777017487,0.0004505909191707813,0.0016685255567370088,11.882352941176471,9,4,25.0,58.0,57,1.0,1
YKL022C,11,0.8,1.5410109659070046e-05,0.2257687850290713,0.00027844423547009777,0.0010624881551760876,12.0,9,4,25.0,58.0,57,1.0,1
YLR127C,13,0.5641025641025641,0.0001273974287183117,0.23404447360544148,0.00032996352072267414,0.0017000484580511612,13.23076923076923,9,4,25.0,58.0,57,1.0,1
YNL172W,10,0.9777777777777777,4.1718061254836286e-07,0.22557600562035823,0.0002484136859535621,0.00105007753675888,12.8,9,4,25.0,58.0,57,1.0,1
YOR249C,12,0.7121212121212122,1.0440666853047344e-05,0.22745752533575164,0.000303482214895296,0.0012279867683155376,11.416666666666666,9,4,25.0,58.0,57,1.0,1
YBL085W,14,0.14285714285714285,0.0004948958371586601,0.2568416596776006,0.000424979908930201,0.004864457142782691,16.571428571428573,7,0,0.0,0.0,0,0.0,0
YDR085C,3,0.0,3.411865890535853e-06,0.216439305305662,0.00011219138030453448,0.0005944458276257395,13.0,3,0,0.0,0.0,0,0.0,0
YER114C,18,0.16993464052287582,0.003988229201233408,0.2751313671362542,0.0005007600330902799,0.01816614381087611,40.611111111111114,9,0,0.0,0.0,0,0.0,0
YER124C,7,0.14285714285714285,0.0002730631916826471,0.24279643823966185,0.0002332406653728998,0.0013884244484158135,19.0,6,0,0.0,0.0,0,0.0,0
YIL118W,13,0.08974358974358974,0.0009807066902144145,0.24815612007950877,0.00047074465821881446,0.004661701376995425,15.23076923076923,6,0,0.0,0.0,0,0.0,1
YJR056C,4,0.16666666666666666,9.50576939611548e-05,0.2416719950436977,0.0001563060092479998,0.0009186184185024337,61.5,4,0,0.0,0.0,0,0.0,0
YKR055W,9,0.16666666666666666,0.0001415233713578382,0.24292202260426854,0.0002692928841791137,0.005307737318778849,22.666666666666668,6,0,0.0,0.0,0,0.0,0
YMR032W,20,0.03684210526315789,0.0023750448237326296,0.26703159980505864,0.000625293754770253,0.007224388772214487,17.5,7,0,0.0,0.0,0,0.0,1
YNL078W,9,0.0,0.001653105075730462,0.2616592294982217,0.0003316409972720333,0.0016250078065018132,39.888888888888886,5,0,0.0,0.0,0,0.0,0
YBL086C,2,0.0,1.2735481957401003e-05,0.20784005474328923,0.00010671974581795475,0.00010997394282639229,3.5,2,0,0.0,0.0,0,0.0,0
YJR040W,3,0.0,0.00010113032368793042,0.23585978423716716,0.00012818174493914655,0.0029970774359800835,93.33333333333333,2,0,0.0,0.0,0,0.0,0
YBL088C,1,0.0,0.0,0.17447548886792177,7.962723175704601e-05,5.942017599393182e-06,4.0,1,0,0.0,0.0,0,0.0,0
YBR136W,4,0.0,0.0002866573337827969,0.21301432209415275,0.0002191322058876668,0.0002120260539113271,8.5,3,0,0.0,0.0,0,0.0,1
YBL089W,3,0.0,0.0009450499410825386,0.24556109878082108,0.00016534579726423487,0.0007909393554874116,97.33333333333333,2,0,0.0,0.0,0,0.0,0
YLR325C,3,0.0,0.00021931770032067413,0.21571029310100906,0.0001840336524768671,0.00014763572953595933,4.666666666666667,2,6,258.8333333333333,559.0,589,0.9439786101197695,0
YBL091C,1,0.0,0.0,0.00021992522542335605,0.00021987686895338611,3.4130130264064307e-22,1.0,1,0,0.0,0.0,0,0.0,0
YLR244C,1,0.0,0.0,0.00021992522542335605,0.00021987686895338611,3.4130130264064307e-22,1.0,1,3,356.0,559.0,558,1.0,0
YDR477W,23,0.03162055335968379,0.0036003959940626488,0.2538187229516768,0.0008455528965560127,0.002046785371062687,9.130434782608695,5,6,6.0,16.0,15,1.0,0
YBL099W,1,0.0,0.0,0.00021992522542335605,0.00021987686895338611,3.4130130264064307e-22,1.0,1,4,24.0,56.0,57,0.9523809523809523,0
YDR322C-A,1,0.0,0.0,0.00021992522542335605,0.00021987686895338611,3.4130130264064307e-22,1.0,1,4,26.5,56.0,57,0.9523809523809523,0
YJL162C,2,0.0,8.269732417841894e-06,0.1806111692225045,0.00011626394137100913,1.0090848499871608e-05,4.0,2,0,0.0,0.0,0,0.0,0
YNL229C,5,0.0,0.001216304722964964,0.23532141149728722,0.0002109962849171428,0.003915989511834878,26.6,3,0,0.0,0.0,0,0.0,0
YBL101C,6,0.13333333333333333,0.0003244998723271289,0.2548747704603397,0.0001957628980369638,0.005016433873884713,51.166666666666664,5,0,0.0,0.0,0,0.0,0
YBL102W,8,0.0,0.0006563327683036382,0.250153470634685,0.0002891081733127603,0.0036276786566148177,49.5,6,0,0.0,0.0,0,0.0,1
YGR068C,3,0.0,1.6423014474014667e-05,0.22844096596845231,0.0001253654682051612,0.0003141546195341567,11.0,3,0,0.0,0.0,0,0.0,0
YLR026C,10,0.15555555555555556,0.00030015268496114963,0.24271278744268002,0.00032982495396450824,0.0012870722653663246,13.1,6,4,33.0,95.0,94,1.0,1
YBL103C,2,0.0,1.0409843570761779e-06,0.21719558056185564,8.83562897856589e-05,0.0016740957787889496,19.5,2,3,90.66666666666667,195.0,194,1.0,0
YOL067C,3,0.3333333333333333,2.9742838830296362e-05,0.2440863425139616,0.00011120002029803882,0.01390229887069849,106.66666666666667,2,3,90.66666666666667,195.0,194,1.0,0
YBL105C,33,0.04734848484848485,0.007553763389736159,0.2830159486651672,0.0010251668720639812,0.012720680701922059,19.484848484848484,8,0,0.0,0.0,0,0.0,1
YBR045C,8,0.14285714285714285,0.0009452664890836844,0.23452495107996854,0.0002980223119777178,0.000702908230117229,11.25,4,2,4.5,7.0,6,1.0,0
YDL006W,15,0.26666666666666666,0.0008512658441636934,0.26922568110281997,0.0004407483631330271,0.01391145831077779,51.4,9,0,0.0,0.0,0,0.0,0
YDL055C,5,0.1,0.0005248870647781535,0.24623343780229948,0.00021396782914180162,0.0009942676485261486,43.8,4,0,0.0,0.0,0,0.0,1
YDR017C,2,0.0,8.687826849820223e-05,0.22106920467124858,9.459718703360841e-05,0.00039808021883089913,20.0,2,0,0.0,0.0,0,0.0,0
YDR436W,1,0.0,0.0,0.2188033540384239,5.9380628275594314e-05,0.00035676204142462165,33.0,1,0,0.0,0.0,0,0.0,0
YER165W,16,0.058333333333333334,0.0020301715048711847,0.2514032708805254,0.0005978566375789188,0.0019145451982997984,13.1875,6,7,192.71428571428572,559.0,651,0.7999338296112489,1
YGR238C,4,0.5,2.6927741502306877e-05,0.2438469593466178,0.00013097187209102677,0.0030674172180850424,36.75,4,2,2.5,3.0,2,1.0,0
YHR206W,1,0.0,0.0,0.2188033540384239,5.9380628275594314e-05,0.00035676204142462165,33.0,1,0,0.0,0.0,0,0.0,0
YJR075W,52,0.07993966817496229,0.01364060712635636,0.2961218434436229,0.001443099714410018,0.06250424801112367,34.78846153846154,12,3,7.333333333333333,9.0,11,0.7818181818181819,0
YKL203C,11,0.14545454545454545,0.0038907956808075534,0.24339762716309302,0.0004026165983197899,0.0009311302249169718,10.818181818181818,5,2,6.5,8.0,10,0.6,1
YLR305C,6,0.06666666666666667,0.000264996070846196,0.25442985573432086,0.00018508308639231952,0.007041717084342434,29.833333333333332,5,0,0.0,0.0,0,0.0,1
YML016C,6,0.06666666666666667,0.0006832133961756258,0.2572011192232124,0.00019657918075050877,0.01361116959392109,67.5,5,0,0.0,0.0,0,0.0,0
YMR307W,54,0.06359189378057302,0.0137823770268792,0.29062453199355565,0.0016378565516860925,0.02952208504577323,26.185185185185187,12,0,0.0,0.0,0,0.0,0
YOR008C,8,0.2857142857142857,0.0009111556193463331,0.2675386539220377,0.00025768787922977036,0.00521930921593683,64.0,7,0,0.0,0.0,0,0.0,0
YOR231W,7,0.09523809523809523,0.0004798116770046257,0.24729950815084675,0.00024521578940652595,0.004978397312895733,37.285714285714285,5,0,0.0,0.0,0,0.0,0
YPL084W,6,0.2,0.000363783116355172,0.24708266752290134,0.00021033155136610562,0.004416328090385153,35.5,5,0,0.0,0.0,0,0.0,0
YPR159W,34,0.0106951871657754,0.007709031507718173,0.25764008248898407,0.0012471170757970065,0.004304370989833859,7.882352941176471,7,2,3.5,5.0,4,1.0,0
YHR023W,10,0.13333333333333333,0.0006297140514470178,0.26000142666631443,0.00033120650162268996,0.004989599276002583,24.0,6,4,28.5,73.0,72,1.0,1
YHR161C,7,0.047619047619047616,7.696636391530118e-05,0.22001057637488408,0.0002575326499397604,0.00043217107566536,7.0,5,0,0.0,0.0,0,0.0,0
YIL033C,7,0.14285714285714285,0.001382241051459989,0.24948903277737414,0.000294706380128324,0.0008275470283019173,43.714285714285715,4,2,3.5,4.0,3,1.0,0
YOR197W,8,0.03571428571428571,0.003398029087360222,0.2639302649587432,0.00031862064278668714,0.001762464527493154,61.0,5,0,0.0,0.0,0,0.0,0
YOR326W,60,0.05819209039548023,0.006942987214875272,0.28375692758554466,0.0015082041199994502,0.058083673049874225,21.833333333333332,14,4,28.75,73.0,72,1.0,1
YBL107C,1,0.0,0.0,0.17577424183117532,9.973568780823178e-05,4.385164486458708e-06,2.0,1,0,0.0,0.0,0,0.0,0
YML116W,2,0.0,0.00021556531452698622,0.21495337638904968,0.00015873355522268642,0.00015639570498686452,32.0,1,0,0.0,0.0,0,0.0,0
YBR003W,2,0.0,0.0004870218071447189,0.23701038428363086,0.00010533647235781249,0.000399995285484768,76.5,2,0,0.0,0.0,0,0.0,0
YBR004C,1,0.0,0.0,0.19569624488699816,6.688745223343875e-05,2.7339294337250526e-05,7.0,1,1,8.0,8.0,7,1.0,1
YLR082C,7,0.14285714285714285,0.0023788475130283294,0.24551830816184206,0.00027979540382690887,0.000975181193825562,38.57142857142857,5,0,0.0,0.0,0,0.0,0
YBR006W,2,0.0,6.907754167608825e-06,0.20101979328074726,0.00011081689747539914,3.164032983635692e-05,6.0,2,0,0.0,0.0,0,0.0,0
YKL023W,8,0.0,0.0005937889386465087,0.24741531218182353,0.0003555946071560266,0.0007193308000393886,24.625,4,0,0.0,0.0,0,0.0,0
YBR009C,4,0.3333333333333333,0.0008118917857012076,0.21178691218129436,0.0001671892251162588,0.0014025429278132133,10.0,3,3,8.333333333333334,11.0,14,0.6043956043956044,1
YBR010W,3,0.6666666666666666,1.8877250704175574e-06,0.1869870910557077,0.00013979852204685855,5.30582708724851e-05,5.333333333333333,3,3,8.333333333333334,11.0,14,0.6043956043956044,0
YNL031C,4,0.6666666666666666,2.8172663946480645e-06,0.18994487005411734,0.00017655873939569333,5.483638433461674e-05,5.25,3,2,9.5,11.0,10,1.0,0
YNL030W,4,0.6666666666666666,2.2919556749813297e-05,0.18577897298322224,0.00017994591015275173,1.8048697746513278e-05,5.0,3,2,9.5,11.0,10,1.0,0
YBR013C,1,0.0,0.0,0.13958269577023555,0.00011710132888944895,4.5326306080773224e-08,3.0,1,0,0.0,0.0,0,0.0,0
YGR292W,3,0.0,0.00043114826220853495,0.16320488023917035,0.0002888598928018105,1.614239260519112e-06,1.6666666666666667,1,0,0.0,0.0,0,0.0,0
YBR015C,5,0.9,3.364675604006884e-08,0.24069490309858624,0.0001420405008920257,0.00921890696831962,59.6,5,0,0.0,0.0,0,0.0,0
YBR017C,10,0.06666666666666667,0.0006797849210641981,0.24313161882739565,0.0003537629043527936,0.0007395518960038533,22.3,5,0,0.0,0.0,0,0.0,0
YDR192C,9,0.05555555555555555,0.0007714798159179659,0.24633388853163196,0.00037665360170541836,0.0005022888452090943,22.11111111111111,5,3,32.0,59.0,59,0.9812974868497955,0
YGL092W,11,0.0,0.0014637087535033248,0.23730312111577997,0.00042240904467502545,0.00036415007647154485,12.818181818181818,5,3,29.666666666666668,59.0,59,0.9812974868497955,1
YGL122C,8,0.03571428571428571,0.00023238382361933543,0.2180696070429899,0.00033536786473318544,0.0001126473068101508,6.875,4,0,0.0,0.0,0,0.0,1
YGR119C,22,0.05627705627705628,0.0019327600740694601,0.269054308931526,0.0006744214564190062,0.00635027364471433,16.772727272727273,7,3,29.0,59.0,59,0.9812974868497955,1
YKL068W,11,0.12727272727272726,0.0013738073195019992,0.25209299178829087,0.0003960337810207138,0.001164996621821282,30.09090909090909,6,3,32.0,59.0,59,0.9812974868497955,0
YMR047C,130,0.0020274299344066786,0.05812774309496124,0.29825311835409773,0.0056278841977962565,0.007720856053078038,5.846153846153846,7,4,25.5,59.0,59,0.9812974868497955,1
YNR069C,6,0.0,0.000551571452629103,0.24359400606928727,0.00022526882517361082,0.0022767639573229026,32.166666666666664,4,0,0.0,0.0,0,0.0,0
YOL123W,5,0.2,0.00014190768615723548,0.21609627777680332,0.00020376857701351873,0.00011779555615773749,10.6,4,4,41.75,131.0,139,0.887811489938484,1
YBR019C,2,0.0,1.2715717492000908e-05,0.1931388253741957,0.00011384795883763305,7.450425347074777e-05,4.0,2,0,0.0,0.0,0,0.0,0
YBR020W,2,0.0,0.00039787340650272935,0.21629532255215808,0.0001455823640357115,0.00026737667558961577,49.0,2,0,0.0,0.0,0,0.0,0
YML051W,3,0.0,0.00022537566957324913,0.1793999912276335,0.00024282353519728417,7.961458986520254e-06,1.6666666666666667,2,5,55.4,195.0,194,1.0,0
YEL021W,1,0.0,0.0,0.173110668522516,8.648891090615746e-05,2.517290990506861e-06,3.0,1,0,0.0,0.0,0,0.0,0
YOR128C,23,0.0,0.007227916327659674,0.2602415461959286,0.000993792049650286,0.001616893622907472,11.695652173913043,5,0,0.0,0.0,0,0.0,0
YBR057C,11,0.03636363636363636,0.00351777726032952,0.2604500088307519,0.00034308814042088577,0.014361753696034695,43.90909090909091,7,0,0.0,0.0,0,0.0,0
YBR077C,6,0.0,0.00046975365640419386,0.2347594109033198,0.00023807119122434042,0.0020664543496516237,20.0,4,2,4.0,5.0,4,1.0,0
YDL033C,9,0.2222222222222222,0.0003778654196088681,0.26919138920610575,0.00024699406907113027,0.017468878012158393,70.77777777777777,8,0,0.0,0.0,0,0.0,0
YDL223C,3,0.3333333333333333,2.088558938742164e-05,0.23477245019519402,0.00011052361914868362,0.0026298859900677676,69.0,3,0,0.0,0.0,0,0.0,0
YEL044W,1,0.0,0.0,0.21713979211518922,5.472649770350399e-05,0.0012104653217315023,59.0,1,0,0.0,0.0,0,0.0,1
YGL200C,14,0.07692307692307693,0.0010535147986500606,0.2509405837873589,0.00044955943882881105,0.004774518739655213,28.357142857142858,7,4,33.75,95.0,94,1.0,0
YGR135W,13,0.16666666666666666,0.0007989752349202553,0.2592360130827521,0.0003898967162432631,0.014807465091646686,44.53846153846154,8,7,21.142857142857142,46.0,48,0.9485815602836879,0
YKL041W,8,0.0,0.0002883304775964853,0.249592157857353,0.00024674419159988106,0.004052265968518466,38.5,7,3,34.0,95.0,96,0.9592105263157895,0
YKR020W,13,0.2692307692307692,0.0006872506999164023,0.2710209793097123,0.00035090312956899725,0.015261621361751198,67.38461538461539,10,1,4.0,4.0,3,1.0,0
YLL039C,8,0.0,0.0007514825669379121,0.23983449803190382,0.000287684550899279,0.0035390871966123373,26.375,5,0,0.0,0.0,0,0.0,0
YMR116C,4,0.5,7.009255884899354e-06,0.24744428013782185,0.00012497658261765215,0.005593988700501082,64.75,4,7,227.28571428571428,559.0,589,0.9439786101197695,0
YOR312C,4,0.16666666666666666,0.00010472246340335035,0.23929139454904172,0.00014246706291885612,0.002594265367436651,45.75,3,6,258.8333333333333,559.0,589,0.9439786101197695,0
YPL069C,6,0.06666666666666667,8.252662883111709e-05,0.2584434847639421,0.0001753499264215488,0.0061202460711270576,58.0,6,0,0.0,0.0,0,0.0,0
YBR024W,3,0.3333333333333333,5.190942922881693e-05,0.21739665655064924,0.0001577070554257398,0.0008382329075527937,9.333333333333334,2,0,0.0,0.0,0,0.0,1
YBR037C,3,0.3333333333333333,4.8369824130162894e-05,0.19834091282972516,0.00018178377258318049,4.6094808328331654e-05,2.6666666666666665,2,0,0.0,0.0,0,0.0,0
YLL009C,3,0.3333333333333333,0.00025956321534462726,0.24367826549719088,0.00016773140368506908,0.0007998954679447014,97.33333333333333,2,0,0.0,0.0,0,0.0,0
YBR025C,1,0.0,0.0,0.00021992522542335605,0.00021987686895338611,3.4130130264064307e-22,1.0,1,0,0.0,0.0,0,0.0,0
YNL207W,1,0.0,0.0,0.00021992522542335605,0.00021987686895338611,3.4130130264064307e-22,1.0,1,0,0.0,0.0,0,0.0,1
YBR033W,2,0.0,5.957964472028569e-06,0.20904269007488985,0.00011140425890186079,0.0002394929609031941,23.5,2,0,0.0,0.0,0,0.0,0
YBR034C,8,0.0,0.001952513677073149,0.2356231224323693,0.0003346462065216311,0.0003802729154284497,13.25,4,0,0.0,0.0,0,0.0,0
YDR432W,2,0.0,4.8660424668692635e-06,0.19685372547104474,0.00010362656692355736,1.596483630493174e-05,7.0,2,4,198.5,559.0,619,0.8502282102357388,1
YBR036C,17,0.04411764705882353,0.003712296539324958,0.2504944407558536,0.0007071610483711889,0.006334478888273268,15.117647058823529,6,2,2.0,2.0,2,0.0,0
YBR265W,3,0.0,0.0002279349503309248,0.20578593930449235,0.00018919381330557823,0.00018272640235560882,7.0,2,0,0.0,0.0,0,0.0,1
YDL015C,2,0.0,0.00017521848268499653,0.23337252613263432,0.00010310176749328252,0.0009160378671435495,63.5,2,0,0.0,0.0,0,0.0,1
YDR062W,1,0.0,0.0,0.1988447661153631,6.835993037836976e-05,0.0001775703152056104,17.0,1,1,2.0,2.0,1,0.0,1
YDR208W,1,0.0,0.0,0.1988447661153631,6.835993037836976e-05,0.0001775703152056104,17.0,1,0,0.0,0.0,0,0.0,1
YDR270W,2,0.0,0.00021557413110426748,0.19886347651443298,0.00015112524212030834,0.00017771001912937046,9.0,1,0,0.0,0.0,0,0.0,0
YDR297W,2,0.0,2.87750869817693e-05,0.22737187699377476,8.975567651877813e-05,0.0023399293811525775,37.0,2,0,0.0,0.0,0,0.0,0
YER093C,6,0.26666666666666666,0.0003114232634709331,0.2423370710534499,0.00021052572986615464,0.001339048147397997,14.666666666666666,5,1,8.0,8.0,7,1.0,1
YMR272C,7,0.2857142857142857,0.00030262265935997456,0.25604817017896003,0.000220256157216448,0.00537987726000756,50.0,6,0,0.0,0.0,0,0.0,0
YMR296C,4,0.0,0.0017222577189072116,0.2113104630962492,0.00025545961253871716,0.00019983439278599326,6.0,2,1,2.0,2.0,1,0.0,1
YNL330C,5,0.1,0.00012843495857909194,0.24398771607678785,0.00017051105576040672,0.003214695098978602,21.6,5,10,47.2,195.0,256,0.7707720588235294,0
YOL004W,13,0.02564102564102564,0.0055217056713645395,0.25702907834078886,0.0004846908825913263,0.008186156939948964,28.615384615384617,6,11,43.18181818181818,195.0,256,0.7707720588235294,0
YPL057C,10,0.06666666666666667,0.0019085077393829635,0.2690885659099996,0.0003322500761103454,0.010537433280264498,57.1,7,1,2.0,2.0,1,0.0,0
YPL231W,1,0.0,0.0,0.1988447661153631,6.835993037836976e-05,0.0001775703152056104,17.0,1,1,2.0,2.0,1,0.0,1
YBR039W,1,0.0,0.0,0.18866466672532908,7.433903499797921e-05,4.1552047197851934e-05,5.0,1,4,24.25,56.0,57,0.9523809523809523,0
YPR024W,5,0.1,0.0007345918337413824,0.23455097904191072,0.00024332582819024408,0.0014822424813885316,20.4,3,3,4.666666666666667,8.0,8,0.75,0
YBR040W,1,0.0,0.0,0.1938207627161717,7.563713902515317e-05,2.498787890329175e-05,6.0,1,0,0.0,0.0,0,0.0,0
YCL040W,6,0.0,0.0006063157505842982,0.24257349746423373,0.00030110349167959596,0.0008911283452382211,30.666666666666668,2,3,43.666666666666664,73.0,72,1.0,0
YBR043C,2,0.0,9.055347839853273e-07,0.19340394387162083,0.00012650735865664842,3.091192264753807e-05,6.0,2,0,0.0,0.0,0,0.0,0
YGR074W,10,0.022222222222222223,0.0021751301746417806,0.23979367977048124,0.0005160413510861868,0.0008287845108892632,7.2,3,17,69.17647058823529,559.0,625,0.8344615384615385,1
YJL155C,2,0.0,4.248531212674237e-05,0.2138765973442429,0.00011649686709502949,0.0002735178709993497,19.5,2,0,0.0,0.0,0,0.0,0
YBR044C,4,0.0,0.00044392212646011524,0.22033169272905928,0.00023304620805897187,0.00015935592295454872,14.75,2,0,0.0,0.0,0,0.0,0
YKL141W,3,0.0,0.00037767723195619355,0.23426498882194052,0.0001610603604670561,0.0004174482019215485,49.666666666666664,2,2,30.0,56.0,55,1.0,1
YKL148C,2,0.0,2.5369573633033276e-05,0.1820816401014161,0.0001430996744654304,4.7953197528868335e-06,4.0,2,3,24.666666666666668,56.0,55,1.0,0
YLL041C,2,0.0,2.5369573633033276e-05,0.1820816401014161,0.0001430996744654304,4.7953197528868335e-06,4.0,2,2,30.0,56.0,55,1.0,0
YLR263W,6,0.13333333333333333,0.00026408910401354513,0.23691739214810115,0.00024813142333399575,0.0004192679180795765,10.0,4,2,4.5,5.0,4,1.0,0
YOR178C,5,0.2,0.00021741158628632443,0.23083628383563284,0.00019624155388287364,0.0015518111130560877,15.2,4,3,5.0,7.0,8,0.7857142857142857,0
YOR329C,5,0.1,0.0006281159292404393,0.24763273731995272,0.00020311454409956974,0.0005665901297218284,45.4,4,0,0.0,0.0,0,0.0,1
YBR046C,1,0.0,0.0,0.18868151028096922,6.392748654209535e-05,4.375770216647457e-05,12.0,1,0,0.0,0.0,0,0.0,0
YBR048W,2,0.0,2.017728361884906e-06,0.1860979700310075,0.00011965723799608663,2.7659495969994262e-05,3.0,2,7,227.28571428571428,559.0,589,0.9439786101197695,0
YDR025W,3,0.0,0.00012369006049096643,0.21002947544418746,0.00014980006646378213,0.000821419996602539,10.333333333333334,2,7,227.28571428571428,559.0,589,0.9439786101197695,0
YDR450W,3,0.0,0.00014331119876070264,0.2198160691307022,0.00015524093695571715,0.00016545001641279998,10.0,2,7,227.28571428571428,559.0,589,0.9439786101197695,0
YBR050C,3,0.6666666666666666,1.1057273407279243e-05,0.21238283555995743,0.0001283996750867444,0.0002501747413131197,19.0,3,2,4.5,7.0,6,1.0,0
YDR028C,13,0.07692307692307693,0.0005668250511143986,0.23068510578585782,0.0005015505012977477,0.0004505485924453225,6.923076923076923,4,3,5.0,7.0,8,0.7857142857142857,0
YBR052C,1,0.0,0.0,0.16167545874060102,0.00010063768827950448,1.0509189691820319e-06,3.0,1,0,0.0,0.0,0,0.0,0
YDR032C,3,0.0,0.002573251209854818,0.19423938207409,0.00023785124848892035,3.746892868554532e-05,4.333333333333333,1,0,0.0,0.0,0,0.0,0
YBR054W,3,0.0,0.0004683499829810578,0.24342566190476114,0.00020620340153088744,0.0007787764606935705,96.66666666666667,2,0,0.0,0.0,0,0.0,0
YDR190C,2,0.0,0.00021557413110426748,0.19438230367046552,0.00018641206387615155,2.1866947832920942e-05,2.0,1,3,36.0,83.0,82,1.0,1
YBR055C,4,0.0,0.00026473336712318847,0.21076256261851276,0.000194910105700265,0.00010231018994293612,6.5,3,7,133.57142857142858,559.0,619,0.8502282102357388,1
YDL064W,4,0.0,0.0001239794063111751,0.23273005138829828,0.00015792944477058564,0.0008295901652789401,13.0,3,0,0.0,0.0,0,0.0,1
YPR082C,1,0.0,0.0,0.172961911503162,7.431869029724425e-05,2.869557924929054e-06,4.0,1,6,127.66666666666667,559.0,558,1.0,1
YCL055W,5,0.1,0.00034901802494296955,0.2136819773173385,0.0002508452091777764,0.0004535378547667917,4.4,2,0,0.0,0.0,0,0.0,0
YDR206W,5,0.0,0.00020747635478550133,0.2470104717925592,0.00017301085064264622,0.003591020594750015,23.2,4,2,287.5,559.0,558,1.0,0
YIL144W,23,0.05533596837944664,0.002839299685759143,0.2638149540203641,0.0006920749286526618,0.007289158763159092,15.869565217391305,8,7,28.142857142857142,55.0,75,0.6731531531531532,1
YBR058C,7,0.0,0.0004705961090637686,0.2215442734584765,0.0003123819899527442,0.0006409956830874086,5.571428571428571,3,0,0.0,0.0,0,0.0,0
YOL059W,2,0.0,1.4210584504626731e-05,0.19806209612081313,0.00010975975388949257,3.7748103433673605e-05,7.5,2,0,0.0,0.0,0,0.0,0
YOL064C,5,0.0,0.00017690759104810598,0.24623343780229948,0.00019731885795218465,0.005020384225318013,36.2,3,0,0.0,0.0,0,0.0,0
YOL113W,2,0.0,1.0303116953573156e-05,0.1923565665474776,0.00011127774107119051,2.545282766270492e-05,5.5,2,0,0.0,0.0,0,0.0,0
YOL132W,2,0.0,2.6351552967704604e-05,0.18054945082714421,0.0001258992778282829,1.8083440896095498e-05,4.5,2,0,0.0,0.0,0,0.0,0
YOL156W,2,0.0,2.851429760990994e-06,0.19913517352842142,0.00010639605465985222,6.556795568651952e-05,11.0,2,0,0.0,0.0,0,0.0,0
YBR059C,8,0.0,0.0008691322203867276,0.2383737420096026,0.00034648059085368887,0.0026388613961467766,11.625,3,0,0.0,0.0,0,0.0,0
YER144C,4,0.0,0.0006530100213453682,0.21642822290395664,0.0001718267356687571,0.00031822074078784515,9.75,3,0,0.0,0.0,0,0.0,0
YBR060C,5,0.1,0.0022541886221416315,0.23705026040683488,0.0002091953816825832,0.0035529283728680974,33.8,3,7,20.285714285714285,56.0,57,0.9505012531328321,1
YPR019W,2,1.0,0.0,0.19106103120346574,0.00011567089863607154,0.0001025459558735016,4.0,2,6,22.333333333333332,56.0,57,0.9505012531328321,1
YBR061C,19,0.0,0.0017707205693099806,0.23718327777982565,0.0009061643185532276,0.0005813428683659468,3.3684210526315788,4,0,0.0,0.0,0,0.0,0
YDR383C,9,0.027777777777777776,0.0010790001453681182,0.26342036602980634,0.0003353554184535627,0.0063619013319120175,40.44444444444444,4,1,55.0,55.0,54,1.0,0
YDR461W,2,0.0,7.1443156544110166e-06,0.21116267139502787,0.00010080416135944349,0.0003343724211632425,12.5,2,0,0.0,0.0,0,0.0,0
YER028C,2,0.0,9.465146170469254e-05,0.22645824769966635,0.00010480659096218369,0.00045212416050693655,32.5,2,0,0.0,0.0,0,0.0,0
YGR195W,7,0.2857142857142857,0.0002626617761212294,0.20873299720070485,0.0003257046605643687,7.80201306665781e-05,6.285714285714286,4,6,32.166666666666664,131.0,136,0.9196078431372549,1
YGR201C,2,0.0,1.5369844791182305e-05,0.20160465483708256,0.00010773077590524313,7.42676266262632e-05,12.5,2,0,0.0,0.0,0,0.0,0
YGR235C,1,0.0,0.0,0.19036404221375755,7.386659850556234e-05,1.6306263870469287e-05,19.0,1,0,0.0,0.0,0,0.0,0
YGR277C,1,0.0,0.0,0.19036404221375755,7.386659850556234e-05,1.6306263870469287e-05,19.0,1,0,0.0,0.0,0,0.0,1
YHL011C,5,0.1,0.0004003771689634752,0.23735642370363166,0.00021177327036386954,0.0009133499417333005,37.6,3,0,0.0,0.0,0,0.0,0
YHR008C,3,0.0,2.657949859630334e-05,0.21627318836032916,0.00013262916341572268,0.0007214655996498936,15.333333333333334,3,0,0.0,0.0,0,0.0,0
YHR022C,3,0.0,0.00023661926149147185,0.19985074200067482,0.0001867240992734459,7.912296690097424e-05,7.666666666666667,2,0,0.0,0.0,0,0.0,0
YHR058C,6,0.06666666666666667,0.0011774803481270975,0.262716339941219,0.0002430454096687914,0.0046254870870912415,63.5,4,6,59.5,195.0,211,0.9097269239449334,1
YHR059W,1,0.0,0.0,0.19036404221375755,7.386659850556234e-05,1.6306263870469287e-05,19.0,1,0,0.0,0.0,0,0.0,0
YJL097W,3,0.3333333333333333,1.5649663398902342e-05,0.2109308445189018,0.00015424450468729935,6.310024999067019e-05,17.0,3,0,0.0,0.0,0,0.0,1
YJL140W,4,0.0,0.0008327358856893369,0.254905511597773,0.00021077004454084978,0.001007982664830014,108.0,3,8,114.75,559.0,763,0.602910874672776,0
YJL166W,3,0.0,0.00012354002083792532,0.23438190048321353,0.00014239019530717665,0.00032445759128917236,52.333333333333336,3,2,33.0,56.0,55,1.0,0
YOR317W,4,0.0,0.0004594020526291043,0.2505241342647151,0.0002076197827924683,0.0013623607240522396,83.5,3,1,3.0,3.0,2,1.0,0
YBR066C,2,0.0,0.00035847175981144956,0.24626212965009747,0.00010261737383413419,0.0008325207229720183,154.5,2,0,0.0,0.0,0,0.0,0
YBR067C,3,0.0,0.0002555346607909301,0.24476479201541912,0.0002014352791616005,0.0007867628742941081,96.33333333333333,2,0,0.0,0.0,0,0.0,0
YNL237W,2,0.0,7.791984740541191e-05,0.22744528590800003,0.00012538305389650126,0.00039344508295994677,41.5,2,0,0.0,0.0,0,0.0,0
YPR138C,1,0.0,0.0,0.19521721750019733,8.98829846854671e-05,2.207359185421568e-05,3.0,1,0,0.0,0.0,0,0.0,0
YBR068C,4,0.0,0.000762526212712955,0.18800174324219512,0.00029313831591026846,2.747444015353473e-05,2.0,2,0,0.0,0.0,0,0.0,0
YJL129C,1,0.0,0.0,0.15733057371079703,9.617494516896927e-05,7.701277442525611e-07,4.0,1,0,0.0,0.0,0,0.0,0
YKL106W,3,0.0,0.001501623170329257,0.22596189422186855,0.00020991634268390007,0.0008359915331034433,33.0,2,0,0.0,0.0,0,0.0,0
YKR050W,2,0.0,0.00032755855520681795,0.21516127224811774,0.0001291903089435745,0.00013905378520949284,14.0,2,0,0.0,0.0,0,0.0,0
YOR133W,2,0.0,9.676835842495337e-06,0.17252421197201112,0.00015615807800116815,4.167040079544294e-06,3.5,2,5,236.4,559.0,589,0.9439786101197695,0
YBR069C,1,0.0,0.0,0.16670649549652033,9.03201212951261e-05,5.10464950527093e-06,2.0,1,0,0.0,0.0,0,0.0,0
YOL109W,2,0.0,0.00021557413110426748,0.20154697660281676,0.00013508735485281875,0.00018188934000272386,7.0,1,0,0.0,0.0,0,0.0,0
YBR073W,3,0.0,0.00014427636544335365,0.23076067005045983,0.00013821210294733934,0.00046691189567607804,34.0,3,0,0.0,0.0,0,0.0,0
YER179W,15,0.0,0.001530690593316157,0.2550131640008611,0.0005602743318964826,0.0014574119076008196,20.6,5,3,83.66666666666667,195.0,194,1.0,0
YBR074W,3,0.0,0.0006137473523494418,0.24910674170876196,0.0001705190026078452,0.0010431740769152947,127.66666666666667,2,0,0.0,0.0,0,0.0,0
YMR083W,2,0.0,1.2712690392715427e-05,0.20038130242316646,0.00013261246547032848,3.2453004763887055e-05,2.5,2,0,0.0,0.0,0,0.0,0
YKR007W,4,0.16666666666666666,0.0004515190148579451,0.20695471960998202,0.00023451746509528553,8.714719401966245e-05,4.75,2,2,4.0,5.0,4,1.0,0
YMR004W,7,0.19047619047619047,0.00045284377638665557,0.2417134553276304,0.00025509949308362087,0.003639402152199242,50.714285714285715,5,0,0.0,0.0,0,0.0,0
YOR045W,5,0.1,0.0003279381143281704,0.23727647879837616,0.00020607078852245651,0.0007267599449278432,31.6,4,4,10.5,18.0,18,0.9281045751633987,0
YBR079C,3,0.3333333333333333,7.073476110260658e-05,0.20697498743092121,0.0001353019649895671,0.0002711878907106842,9.0,3,7,174.42857142857142,559.0,592,0.9345532080303653,1
YMR309C,7,0.19047619047619047,0.0005184592648023476,0.21372519559661593,0.00030056348193511557,0.00019806731403746372,6.142857142857143,3,6,54.0,266.0,268,0.9781988931745765,1
YNL243W,13,0.19230769230769232,0.0010643817542293728,0.26006541520422527,0.0003989387701754617,0.009444514610205354,26.384615384615383,7,3,43.666666666666664,73.0,72,1.0,1
YOR361C,7,0.23809523809523808,0.00017766421431019693,0.19510908388636783,0.00032528545368962095,2.8486732776785002e-05,4.142857142857143,3,6,54.0,266.0,268,0.9781988931745765,1
YBR081C,17,0.6397058823529411,0.0003839268735110235,0.2499168209847025,0.00046948722429535924,0.00242859582811176,21.647058823529413,13,9,55.22222222222222,195.0,255,0.7764397097421646,0
YBR198C,16,0.6583333333333333,0.002804970695061434,0.24693831824001125,0.000489534544735155,0.0010896865174275302,18.0625,13,14,45.57142857142857,195.0,266,0.731961980422755,1
YDR145W,14,0.8571428571428571,0.0001671418691243119,0.2377034750486038,0.00039368567352579195,0.0009601843676416967,18.857142857142858,13,14,45.57142857142857,195.0,266,0.731961980422755,1
YDR167W,35,0.14453781512605043,0.0069873871415958334,0.27568765936044043,0.0011811257811234703,0.0026824330962507406,18.428571428571427,13,14,45.57142857142857,195.0,266,0.731961980422755,1
YDR176W,23,0.3201581027667984,0.004735883655288145,0.2589660086579018,0.0007365561674890188,0.0017837922252472115,21.47826086956522,13,10,50.3,195.0,255,0.7764397097421646,0
YDR448W,21,0.3952380952380952,0.0008105576110272073,0.2503016043888359,0.0006095138399882769,0.0013308460326069734,16.285714285714285,13,11,46.18181818181818,195.0,255,0.7764397097421646,0
YGL112C,18,0.5098039215686274,0.0012336483052739586,0.24818526177642375,0.0005141087940518751,0.0020756687697257113,15.88888888888889,13,15,42.86666666666667,195.0,266,0.731961980422755,1
YGR252W,22,0.38961038961038963,0.0012956414840637398,0.2579860347481856,0.000650579082159968,0.0031382335914341255,18.363636363636363,13,11,45.90909090909091,195.0,255,0.7764397097421646,0
YHR099W,15,0.7428571428571429,0.0002142621561169037,0.24346772612834933,0.00042054773624712345,0.0011671020779935733,19.2,13,13,40.53846153846154,195.0,257,0.7653818093385214,1
YMR236W,20,0.41578947368421054,0.0010708157150046776,0.2527109406501418,0.000588127237734081,0.0014416283195553086,18.3,13,14,45.57142857142857,195.0,266,0.731961980422755,1
YNL236W,20,0.07368421052631578,0.0029546474163302944,0.2469527455780716,0.00069412744515362,0.005455709149352357,11.9,6,5,70.0,195.0,211,0.9097269239449334,0
YOL051W,6,0.5333333333333333,2.532512291549041e-05,0.22529946129280276,0.00019142016802235648,0.0006192928344986234,16.5,6,5,70.0,195.0,211,0.9097269239449334,0
YOL148C,23,0.3952569169960474,0.0016809423302427257,0.2530892277896098,0.0006728310353294509,0.001488851990515459,19.695652173913043,13,10,50.0,195.0,255,0.7764397097421646,0
YOR290C,9,0.3055555555555556,0.00041840259855732546,0.2360046450761738,0.0003071504025458848,0.0006197754002319638,14.666666666666666,6,6,64.5,195.0,269,0.6211507518171225,0
YPL254W,14,0.8681318681318682,0.00019735758924895844,0.24798141351213102,0.000383990168989392,0.0022460498747134353,24.0,13,10,50.3,195.0,255,0.7764397097421646,0
YBR082C,7,0.09523809523809523,0.0007051832039353975,0.2509703831679298,0.0002473445733514921,0.00867056643147763,40.857142857142854,4,1,46.0,46.0,45,1.0,0
YDR059C,3,0.6666666666666666,1.3070356063568644e-06,0.20101023365580525,0.00014520837952222126,0.0002679150039307178,4.666666666666667,2,1,46.0,46.0,45,1.0,0
YDR177W,2,1.0,0.0,0.19915393862204453,0.00010415095468397891,0.0002506074615221992,5.0,2,1,46.0,46.0,45,1.0,1
YMR022W,5,0.1,0.0006665387421759576,0.21777748432759406,0.00022389642777868236,0.0006345696219540907,8.2,2,0,0.0,0.0,0,0.0,0
YBR083W,2,0.0,2.216873421499887e-05,0.18402382312309082,0.00012126223929187621,4.416922089404188e-06,3.0,2,0,0.0,0.0,0,0.0,0
YKL043W,2,0.0,0.00018031888543944117,0.22345333016040775,0.00011719813516216697,0.000116678946053031,12.0,2,0,0.0,0.0,0,0.0,0
YBR085W,2,1.0,0.0,0.20854762153711628,8.302416475174817e-05,0.0006976010251863356,14.5,2,0,0.0,0.0,0,0.0,0
YDL143W,6,0.3333333333333333,3.398911248398277e-05,0.2227350578760749,0.0002015082226192006,0.0019355448939079747,11.833333333333334,4,3,9.666666666666666,11.0,12,0.9090909090909091,1
YBR087W,5,0.1,0.00013810647738817728,0.21302505762091892,0.00019338717041921896,0.0007775145222177748,9.8,3,7,16.285714285714285,56.0,60,0.8497175141242937,1
YBR088C,3,0.0,1.2390320177248075e-05,0.21533665460870513,0.00012142349418558347,0.0011636623986354862,15.666666666666666,3,3,29.0,56.0,55,1.0,1
YDR328C,20,0.07368421052631578,0.0044646935038179835,0.2449349941075664,0.0007491509199342758,0.002796214212692501,9.5,6,12,16.0,58.0,113,0.47945638432364096,1
YER173W,19,0.27485380116959063,0.0017755674802865339,0.2607552864475184,0.0005107325888813787,0.0227423874819258,36.10526315789474,11,2,5.5,6.0,5,1.0,0
YJR068W,5,0.3,0.001267532572605225,0.21164905078935822,0.00019615753838839493,0.000991769403667361,9.4,3,7,16.285714285714285,56.0,60,0.8497175141242937,1
YLR390W,2,0.0,1.0360258054019148e-05,0.19515412499719623,8.972875330438852e-05,4.8734385131033006e-05,9.5,2,0,0.0,0.0,0,0.0,0
YJR043C,39,0.22402159244264508,0.0019397811676048094,0.27619205392801055,0.0009479365762663139,0.040043737672660756,28.384615384615383,12,4,27.25,56.0,55,1.0,0
YOR217W,3,0.3333333333333333,8.237010184894679e-07,0.20532610479521388,0.00012347498315592824,0.0006977738047573863,9.0,3,4,24.25,56.0,56,0.9668831168831169,1
YBR091C,7,0.19047619047619047,0.0007109636914688923,0.24511964702587988,0.0003129986592079902,0.0008811110708806122,21.571428571428573,3,5,8.2,18.0,20,0.7526315789473684,1
YDL217C,6,0.26666666666666666,0.0007778388639611703,0.23557059540290212,0.0002601984520895962,0.0009002163279620178,23.666666666666668,3,4,9.0,18.0,18,0.9019607843137255,1
YEL020W-A,2,1.0,0.0,0.1960502408772854,0.00011107947616200347,2.7772324330088733e-05,6.0,2,5,7.8,18.0,19,0.8245614035087719,1
YHR005C-A,5,0.4,3.537877062497465e-05,0.2107940950186651,0.00023543168210305048,0.0001094665466886948,4.8,3,8,24.75,131.0,149,0.773263196081988,1
YOR297C,6,0.26666666666666666,0.0016080633595779762,0.2353345132962682,0.00026024833637212973,0.0016554041932452918,23.0,3,1,4.0,4.0,3,1.0,1
YOR334W,3,0.0,5.6440276198712733e-05,0.23417413813375473,0.00015813735097042772,0.0002992973890533283,36.666666666666664,2,3,53.0,131.0,130,1.0,0
YBR093C,4,0.0,0.000253606673751332,0.23043358192848895,0.00016615111671684245,0.001782726013794886,29.5,3,0,0.0,0.0,0,0.0,0
YKR106W,1,0.0,0.0,0.18599151603072572,6.815015314754128e-05,4.99719598578112e-05,4.0,1,0,0.0,0.0,0,0.0,0
YML077W,17,0.3088235294117647,0.0006015707522371091,0.2525599422391416,0.00048456731162017604,0.0020885096463996175,12.705882352941176,9,3,37.333333333333336,95.0,94,1.0,1
YBR094W,23,0.06324110671936758,0.002040004425982733,0.2781916015081133,0.0006474314435665909,0.0177495495460389,25.956521739130434,10,2,287.5,559.0,558,1.0,0
YBR194W,5,0.0,0.00025188791682732165,0.24500598152760683,0.00016903291702721483,0.005145038761353767,42.6,4,0,0.0,0.0,0,0.0,0
YCR086W,30,0.07586206896551724,0.003466612276066668,0.2769702636337247,0.000925547688726121,0.049600699598516776,41.233333333333334,10,3,20.333333333333332,55.0,54,1.0,0
YDR363W,48,0.054078014184397165,0.006014062795195824,0.2744881611347667,0.0014530733338013655,0.017475187711609327,14.104166666666666,10,0,0.0,0.0,0,0.0,0
YER019W,10,0.2222222222222222,0.0009345709101211984,0.2625368443052344,0.00033007430221696713,0.024616451751480542,65.8,7,0,0.0,0.0,0,0.0,0
YER041W,1,0.0,0.0,0.21590862712950262,5.690293752355694e-05,0.0004974653016849255,23.0,1,0,0.0,0.0,0,0.0,0
YLR234W,23,0.31620553359683795,0.0008465816609990543,0.26757252600584114,0.000570750101340352,0.04077237179255066,49.52173913043478,12,1,3.0,3.0,2,1.0,0
YLR373C,43,0.013289036544850499,0.008213707583627546,0.2886793602864549,0.001501040073218415,0.02084082684982386,18.46511627906977,10,0,0.0,0.0,0,0.0,0
YML028W,6,0.2,0.0006525569163979487,0.253256033152443,0.0001914347670523865,0.010242235917724326,67.0,5,2,287.0,559.0,558,1.0,0
YMR038C,13,0.32051282051282054,0.0006272943838797124,0.26907143633040126,0.0003361110254068794,0.02519670914465838,53.76923076923077,10,1,2.0,2.0,1,0.0,0
YMR190C,33,0.20075757575757575,0.0021762016587816278,0.2686609796805614,0.0008610539526801834,0.02905833610348889,27.454545454545453,12,1,3.0,3.0,2,1.0,0
YNL153C,131,0.11215502055196712,0.01222007056919143,0.314193354145118,0.002961769795499798,0.23410749105425735,30.541984732824428,14,3,6.0,7.0,6,1.0,0
YNL297C,7,0.19047619047619047,0.00026238216063472375,0.25493626015164494,0.00019921611320499616,0.008045515642919032,67.28571428571429,7,1,2.0,2.0,1,0.0,0
YOR001W,3,0.0,0.00015664869464266105,0.24363612849814245,0.00011713521361285701,0.00244582515351675,71.33333333333333,3,2,13.0,14.0,13,1.0,0
YOR144C,34,0.22638146167557932,0.0007607448790761085,0.2740965691793186,0.0008150291614143621,0.04032390731948266,28.5,12,1,5.0,5.0,4,1.0,0
YPL024W,14,0.2967032967032967,0.0006512398063117171,0.25563006914510267,0.0003800550584506754,0.013512031830801852,36.57142857142857,10,1,3.0,3.0,2,1.0,0
YBR097W,2,0.0,3.1750884971537386e-06,0.2031354860300977,0.00010299931464181718,9.550009518090622e-05,9.5,2,3,34.333333333333336,95.0,98,0.9206816747317483,0
YBR288C,16,0.03333333333333333,0.002435809264547952,0.2547365270484104,0.0005903560699550353,0.0029255914147899528,15.3125,5,3,40.0,95.0,94,1.0,0
YLR240W,3,0.3333333333333333,1.987242301158552e-05,0.2109518986532052,0.0001358806486069245,0.00047897786401867475,5.666666666666667,2,2,4.0,4.0,4,0.8333333333333334,1
YBR098W,15,0.34285714285714286,0.0006102697042893073,0.25960221061996513,0.0003924814156930316,0.01152946315724822,33.4,10,1,2.0,2.0,1,0.0,0
YDR369C,10,0.4666666666666667,7.808949107784754e-05,0.2609806861764802,0.00025275045847630016,0.014576929723420779,50.8,10,4,59.5,195.0,194,1.0,0
YKL113C,48,0.14361702127659576,0.00809053235154963,0.2889358939991984,0.0013116771949936393,0.039875990019593986,30.333333333333332,12,2,43.0,56.0,55,1.0,0
YBR101C,12,0.0,0.002010260248526684,0.22887390043936934,0.0006379582153512,0.00023134571283264956,4.166666666666667,4,3,356.0,559.0,558,1.0,0
YBR014C,4,0.0,0.0015514755101284582,0.25637430662426597,0.000188841729098241,0.0010148900488098102,104.25,4,0,0.0,0.0,0,0.0,0
YHL021C,3,0.0,0.0006467223933128024,0.18502268300784735,0.0002609086272290647,6.501904269637672e-06,5.0,1,0,0.0,0.0,0,0.0,0
YJL117W,5,0.0,0.0011853076378226526,0.25988952246152686,0.00019634223247536544,0.003720424411842422,59.2,4,0,0.0,0.0,0,0.0,0
YKL171W,1,0.0,0.0,0.18497410149727683,7.86156066394168e-05,6.491629531434953e-06,12.0,1,0,0.0,0.0,0,0.0,0
YLL062C,2,0.0,1.5997522771721453e-05,0.1931211766488908,0.00012540877673418555,8.272945978486797e-06,7.5,2,0,0.0,0.0,0,0.0,0
YLR074C,2,0.0,9.953265533281958e-05,0.21802461408749538,0.00010903171779152266,0.00044650760478264666,41.0,2,0,0.0,0.0,0,0.0,0
YLR194C,1,0.0,0.0,0.18497410149727683,7.86156066394168e-05,6.491629531434953e-06,12.0,1,0,0.0,0.0,0,0.0,0
YMR092C,5,0.1,0.000304498915104539,0.21490966002208017,0.00021949656201560995,0.0006648769469889093,12.6,4,3,43.666666666666664,73.0,72,1.0,0
YMR173W,3,0.0,2.475316847531095e-05,0.20362478048532,0.00017148374327930995,3.0637204288570427e-05,5.666666666666667,2,0,0.0,0.0,0,0.0,0
YOL011W,3,0.0,0.00020997487064938132,0.22841627632068484,0.00015566465178473552,0.0008453452210914075,36.0,3,0,0.0,0.0,0,0.0,0
YBR102C,4,0.3333333333333333,4.780568770328294e-05,0.2321038489547127,0.00014366933616165865,0.0005836118837966506,23.25,4,1,8.0,8.0,7,1.0,1
YLR166C,13,0.16666666666666666,0.00047470038225165507,0.23831998158064235,0.00040987084510704365,0.0025263915179546768,11.307692307692308,6,2,7.5,8.0,7,1.0,1
YDR227W,6,0.06666666666666667,0.0005194591275072711,0.2285397779569761,0.0002523998866130678,0.001521261148963336,7.833333333333333,3,4,27.25,83.0,90,0.8404494382022472,0
YGL023C,3,0.3333333333333333,3.9058110253154e-05,0.22293476757986672,0.0001305361605907071,0.001329762217192971,11.0,2,0,0.0,0.0,0,0.0,0
YGL236C,7,0.047619047619047616,0.0010052079681346358,0.2510449125921645,0.00029206298281181516,0.0022894334332175838,39.57142857142857,4,1,2.0,2.0,1,0.0,1
YIL112W,4,0.16666666666666666,1.9955868259591365e-05,0.2433555871560984,0.00012858041573333764,0.005958437678856108,41.5,4,3,56.333333333333336,133.0,132,1.0,0
YJR141W,5,0.0,0.00150530646708847,0.25696657506926096,0.0002023899219938059,0.002594906174751955,74.8,4,0,0.0,0.0,0,0.0,1
YMR061W,9,0.25,0.00046948677094434105,0.23782384478221305,0.00030776942876059636,0.001418520700128005,12.11111111111111,6,5,36.8,131.0,141,0.8656534954407294,1
YOR319W,7,0.047619047619047616,0.0003589322579731737,0.2436923144026678,0.0002737763862336097,0.002179120032585987,15.142857142857142,4,7,109.28571428571429,559.0,561,0.9900942195059842,1
YBR107C,14,0.7032967032967034,0.001660544731321042,0.2697066866586443,0.00035862304909081537,0.05869023922077669,96.78571428571429,12,6,26.0,55.0,54,1.0,0
YPL018W,23,0.4505928853754941,0.001145576875647384,0.27107312212622797,0.0005649546685985034,0.06836123346271894,61.608695652173914,14,7,23.0,55.0,54,1.0,0
YBR108W,7,0.47619047619047616,0.00011441354385306785,0.25743609192485983,0.0001959482923483956,0.025166736060008185,86.57142857142857,6,0,0.0,0.0,0,0.0,0
YCR009C,57,0.14536340852130325,0.005689610987444417,0.2930423733578947,0.0014356864902352303,0.0771344386244988,35.98245614035088,12,1,2.0,2.0,1,0.0,0
YGR136W,7,0.047619047619047616,0.00048440991351019397,0.24365017254520827,0.00024872124890554465,0.0018345728846600373,29.571428571428573,5,0,0.0,0.0,0,0.0,0
YBR109C,10,0.022222222222222223,0.000474347215101103,0.24795231966412112,0.0003370204214631449,0.005637573589099419,19.1,5,4,17.0,32.0,31,1.0,1
YCR065W,10,0.15555555555555556,0.0005172627283064216,0.25917243198934775,0.0002650309373736428,0.018855912645845862,34.7,8,0,0.0,0.0,0,0.0,0
YDR356W,4,0.16666666666666666,8.102207045654033e-05,0.22155588601081208,0.00015658071732394367,0.00048750179352414943,6.5,3,4,17.0,32.0,31,1.0,1
YFR014C,1,0.0,0.0,0.19723953305246258,6.163429849455682e-05,0.00015806586476198165,10.0,1,0,0.0,0.0,0,0.0,0
YGL043W,5,0.0,0.001342822968018479,0.23806495034155295,0.00018906629680936013,0.0019717448840136658,35.2,4,0,0.0,0.0,0,0.0,0
YLR433C,7,0.0,0.0006396066168921682,0.24956268485057997,0.0002504186886234894,0.0019004814639539617,32.142857142857146,5,2,3.5,4.0,3,1.0,0
YML057W,5,0.0,0.0002477059642704924,0.23715666236403932,0.00017789226402327508,0.0012418005296169238,22.8,5,2,3.5,4.0,3,1.0,0
YMR109W,25,0.25,0.0025778009690837116,0.27608381406363636,0.0006860839565997149,0.049419837239301614,53.2,12,3,37.666666666666664,73.0,72,1.0,0
YOL016C,4,0.0,0.0001482824549726402,0.23521664960012648,0.00016776573130569003,0.000941808054914484,24.75,4,0,0.0,0.0,0,0.0,0
YBR110W,1,0.0,0.0,0.1961503175699231,6.924295947646155e-05,2.7883724991685525e-05,5.0,1,0,0.0,0.0,0,0.0,1
YBR112C,7,0.047619047619047616,0.0006551298515893446,0.2185657579665067,0.00030125280717475977,0.0001875838826662378,12.0,4,4,68.75,195.0,195,0.989796457837695,1
YCR084C,3,0.0,3.6933073622862744e-05,0.19800642681942535,0.00015140002772131577,4.061660401296547e-05,4.666666666666667,3,4,68.75,195.0,195,0.989796457837695,0
YDL194W,10,0.0,0.002512553861133986,0.20835230410185207,0.0005591433067057148,0.00010076273647783871,3.0,2,0,0.0,0.0,0,0.0,0
YDR043C,2,1.0,0.0,0.20287224349960511,0.00010056165968113309,6.267367569856108e-05,15.0,2,0,0.0,0.0,0,0.0,0
YMR240C,8,0.0,0.0004976759102598556,0.2253595219297437,0.0003267123381714488,0.0004586683385970423,7.25,4,7,109.28571428571429,559.0,561,0.9900942195059842,1
YOR140W,8,0.03571428571428571,0.0004488778169153166,0.23945406714900708,0.00030059802106788025,0.0016821234991009008,18.125,5,0,0.0,0.0,0,0.0,0
YDL043C,23,0.03162055335968379,0.0035962485658450117,0.24502018394958394,0.0009798296353683755,0.0014738557580866048,7.739130434782608,5,11,92.45454545454545,559.0,621,0.8449742870500234,1
YBR114W,5,0.1,0.00018671754483528535,0.24815612007950877,0.00018060094215424814,0.014153697986935769,73.6,4,8,39.625,195.0,251,0.6484462151394422,0
YJR052W,2,0.0,1.615157927574815e-07,0.2060266715399821,9.71100302910716e-05,0.0005633571786360619,5.5,2,8,39.625,195.0,251,0.6484462151394422,0
YLR147C,16,0.008333333333333333,0.0012072648821327841,0.25219828122400195,0.0006416637719836648,0.004406983495019476,10.6875,5,17,69.17647058823529,559.0,625,0.8344615384615385,1
YBR117C,2,0.0,0.0001763779908719386,0.22990716308481224,0.00010345249820268535,0.0008989833810989851,61.5,2,0,0.0,0.0,0,0.0,0
YLR249W,3,0.0,0.0003495239690769419,0.21340148398618028,0.0001855117061540007,0.0011096075580800124,12.0,2,4,295.0,559.0,589,0.9439786101197695,1
YBR119W,7,0.0,0.0003550042472673642,0.23124039571717672,0.0002846084434935172,0.0017153595797249905,8.285714285714286,3,6,127.5,559.0,558,1.0,0
YDR110W,9,0.0,0.0036377886123575356,0.25224343219635215,0.00036628843159905054,0.0014889924018846301,28.11111111111111,5,0,0.0,0.0,0,0.0,0
YLR223C,2,0.0,1.6300947986012935e-06,0.190124289011977,0.00010331350825561536,9.650032051316324e-05,5.0,2,5,48.8,131.0,134,0.9495006172146785,1
YLR449W,4,0.0,9.2363350088659e-05,0.2277025908158311,0.00017440170086588776,0.0004956858448097658,23.75,3,0,0.0,0.0,0,0.0,0
YNL227C,3,0.0,7.266050472174306e-05,0.22385569289875398,0.00013573156701894237,0.00028220032843004973,21.666666666666668,3,3,356.0,559.0,558,1.0,0
YBR123C,2,0.0,1.3777080270419176e-05,0.1835842248659778,0.0001354909353297171,4.9958652839493175e-06,5.0,2,4,84.75,195.0,255,0.7764397097421646,1
YGR047C,5,0.0,0.00020898273471346774,0.19680789650855673,0.0002764401234024227,2.230813873474944e-05,3.8,3,4,84.75,195.0,255,0.7764397097421646,1
YOR110W,5,0.0,0.002554386648418069,0.22234840575035628,0.00032776983332954567,0.00015574628182468578,22.0,2,4,84.75,195.0,255,0.7764397097421646,1
YBR125C,1,0.0,0.0,0.14112056601610154,0.00012140436593548548,2.5852534802483478e-08,3.0,1,0,0.0,0.0,0,0.0,0
YDL022W,1,0.0,0.0,0.18745146983521543,6.728521162950072e-05,0.00015570281192032944,8.0,1,0,0.0,0.0,0,0.0,0
YGL035C,4,0.0,0.00026939283623018354,0.19995473737235786,0.0002000059626814076,0.0001739450770842238,6.5,3,0,0.0,0.0,0,0.0,0
YGL253W,7,0.47619047619047616,0.00046809222025872123,0.25879159941922936,0.00019855052507301892,0.034075269708850726,109.85714285714286,6,0,0.0,0.0,0,0.0,0
YML100W,3,1.0,0.0,0.198499257692978,0.00014856094675037303,0.00019419462466418932,6.333333333333333,3,1,4.0,4.0,3,1.0,0
YMR261C,3,1.0,0.0,0.198499257692978,0.00014856094675037303,0.00019419462466418932,6.333333333333333,3,2,4.0,4.0,4,0.8333333333333334,0
YBR127C,4,0.0,0.0006823876951292982,0.23496821353684325,0.00014496300531429,0.0011425793916567935,23.5,3,5,12.8,15.0,15,0.9904761904761905,0
YBR128C,2,0.0,1.3408071745539383e-05,0.2221380698609561,0.00010724023484623554,0.00036420428852070513,50.5,2,1,4.0,4.0,3,1.0,0
YPL120W,6,0.2,0.00045241468313317345,0.2469671746020609,0.00022700653191764158,0.0034601882494009776,55.166666666666664,4,2,4.0,4.0,4,0.8333333333333334,0
YBR130C,4,0.0,0.0005827193928335112,0.23624207429657237,0.00017625795753926574,0.000664192215956225,41.25,3,0,0.0,0.0,0,0.0,0
YBR131W,4,0.3333333333333333,0.0001621435041055582,0.23948120075434973,0.00014226139565692847,0.005225769978897806,39.0,4,1,2.0,2.0,1,0.0,0
YML001W,6,0.13333333333333333,0.0003636510309856962,0.24453822350675572,0.00021433617461853334,0.005740175911861991,57.833333333333336,4,0,0.0,0.0,0,0.0,0
YBR133C,6,0.06666666666666667,0.0005021280359033767,0.2291220291258821,0.0002325259720150743,0.0009168461791817386,9.666666666666666,5,0,0.0,0.0,0,0.0,0
YDL154W,7,0.0,0.0005546255732852418,0.23478549093563703,0.0002737351757156325,0.0009960342727911165,10.857142857142858,5,0,0.0,0.0,0,0.0,0
YER087W,2,0.0,0.00021557413110426748,0.18515235854896284,0.00014717621520534834,2.5724114297619807e-05,3.5,1,0,0.0,0.0,0,0.0,0
YKL101W,8,0.25,0.0002764831089264112,0.24624778289043242,0.00023012589081464443,0.013945179375529186,46.25,5,0,0.0,0.0,0,0.0,1
YPL016W,13,0.1282051282051282,0.0018596383659540065,0.2466645187508329,0.0004396552216937226,0.0011618620523372973,18.53846153846154,6,6,64.5,195.0,269,0.6211507518171225,1
YBR252W,4,0.0,6.804463050558417e-05,0.23356596083960174,0.0001700966114170765,0.0006699983061074462,46.75,3,0,0.0,0.0,0,0.0,1
YDL155W,13,0.20512820512820512,0.0023573280034819523,0.274025490652465,0.0003553025196848092,0.040995851002579534,84.84615384615384,8,3,12.333333333333334,25.0,24,1.0,1
YDR078C,5,0.1,0.00019997723585963488,0.21905281889066505,0.000208099243611619,0.0011458257076814614,11.2,4,0,0.0,0.0,0,0.0,0
YGR108W,4,0.16666666666666666,6.902629459147342e-05,0.2517176746852235,0.00013616253024715136,0.007467729580454932,54.0,4,3,12.333333333333334,25.0,24,1.0,0
YLR210W,16,0.275,0.0014377699064471777,0.27107312212622797,0.0004067382788926029,0.03512179023370628,43.625,12,3,12.333333333333334,25.0,24,1.0,0
YPR119W,22,0.09956709956709957,0.002601737769265037,0.2634532032731409,0.0006650040069227286,0.029061622238602074,31.40909090909091,10,3,12.333333333333334,25.0,24,1.0,0
YDR499W,3,0.3333333333333333,7.240472158691951e-06,0.1945433420773357,0.00016181329633878025,3.5824520727075264e-05,3.6666666666666665,3,0,0.0,0.0,0,0.0,1
YBR138C,1,0.0,0.0,0.1955152039092591,6.248021174478777e-05,2.1533792358956268e-05,12.0,1,0,0.0,0.0,0,0.0,0
YIL046W,12,0.06060606060606061,0.0009908329353895107,0.24523341803865592,0.0004158306984437145,0.00076783106261553,11.583333333333334,6,5,16.8,58.0,57,1.0,1
YBR139W,1,0.0,0.0,0.13638497655247397,0.00011096853313498134,2.114926976596489e-08,2.0,1,0,0.0,0.0,0,0.0,0
YOR381W,2,0.0,0.00021557413110426748,0.1588501331622486,0.00018208163342210015,7.527539981952952e-07,2.0,1,0,0.0,0.0,0,0.0,0
YBR195C,7,0.047619047619047616,0.00028977417059877184,0.24647753182776094,0.0002390057128939991,0.0054674024521730365,37.714285714285715,4,5,23.0,83.0,86,0.9124487004103967,0
YBR141C,3,0.0,0.0021458143552579244,0.20673203527899212,0.00017170877084099422,0.00013988563868346884,4.666666666666667,2,0,0.0,0.0,0,0.0,0
YDR372C,6,0.06666666666666667,0.002181837708478251,0.25246942977626763,0.0002333828715022498,0.003346339381172678,70.0,4,0,0.0,0.0,0,0.0,0
YGL091C,1,0.0,0.0,0.17023815672456696,8.15552601458965e-05,3.926810674006234e-06,3.0,1,0,0.0,0.0,0,0.0,1
YBR143C,4,0.16666666666666666,0.000646823238937584,0.21943947634276154,0.0002028177728789977,0.0002927684539891132,28.5,3,2,134.0,266.0,265,1.0,1
YDR172W,5,0.1,0.00029034607925683225,0.20529618695974905,0.000268977539049585,7.870985194745258e-05,4.6,3,2,134.0,266.0,265,1.0,1
YMR080C,10,0.044444444444444446,0.0035992905949364033,0.235373827448172,0.00045395844784661875,0.0008232085647246593,11.4,4,3,192.33333333333334,559.0,558,1.0,0
YBR146W,1,0.0,0.0,0.11871154281060138,0.0001275952997188946,3.573026902503116e-10,2.0,1,9,161.77777777777777,559.0,593,0.9319709675949136,0
YIL070C,2,0.0,0.00021556531452698622,0.13537594700426842,0.00021824844771661892,1.268892332938201e-08,1.5,1,0,0.0,0.0,0,0.0,0
YBR149W,2,0.0,0.0,0.0004398504508467121,0.00031051912107475194,8.37171953311446e-21,1.0,1,0,0.0,0.0,0,0.0,0
YDL211C,1,0.0,0.0,0.00029323363389780805,0.00017455574289270312,5.919699652058258e-21,2.0,1,0,0.0,0.0,0,0.0,0
YNL128W,1,0.0,0.0,0.00029323363389780805,0.00017455574289270312,5.919699652058258e-21,2.0,1,0,0.0,0.0,0,0.0,0
YBR152W,2,0.0,0.00014339926945229246,0.24339762716309302,0.00013173387618844697,0.0007772861985517388,144.0,2,7,133.57142857142858,559.0,619,0.8502282102357388,1
YGR075C,2,0.0,3.390118996562723e-06,0.2013357718069102,0.00014043831706521076,7.763579114952954e-05,2.0,2,8,128.25,559.0,619,0.8502282102357388,1
YBR154C,5,0.0,0.00011390327989356413,0.21802461408749538,0.00024014592903833472,0.0005387682026352484,6.4,3,11,38.90909090909091,195.0,213,0.8788200903534414,1
YFL023W,6,0.0,0.00030179134929953866,0.2527562753880448,0.0002279464008628421,0.008338612567088906,40.833333333333336,3,1,7.0,7.0,6,1.0,1
YOR116C,4,0.0,0.000640857748981324,0.2460614270179458,0.00020449850477439425,0.0008124935806262322,74.75,3,4,60.75,195.0,199,0.9538094512968884,1
YBR155W,6,0.06666666666666667,0.0012931981829171501,0.25573833454224787,0.0002537049903573937,0.002220167153322028,69.16666666666667,5,0,0.0,0.0,0,0.0,1
YDR463W,1,0.0,0.0,0.20213491431850572,6.865309573138984e-05,6.225810950301143e-05,6.0,1,3,74.0,131.0,130,1.0,0
YJR032W,13,0.24358974358974358,0.0009489646030402429,0.2743456346669873,0.0003372999971557172,0.039676650950587915,78.61538461538461,9,0,0.0,0.0,0,0.0,0
YMR186W,10,0.1111111111111111,0.0005766891755243964,0.2431036517693836,0.0003307522210229773,0.001334315151680421,13.1,5,1,4.0,4.0,3,1.0,0
YPL209C,3,0.3333333333333333,0.00021557413110426748,0.23097503788602583,0.0001477355941431588,0.004572936660786055,32.666666666666664,2,3,33.333333333333336,55.0,55,0.9643097643097643,1
YBR158W,1,0.0,0.0,0.00021992522542335605,0.00021987686895338611,3.4130130264064307e-22,1.0,1,0,0.0,0.0,0,0.0,1
YDR111C,1,0.0,0.0,0.00021992522542335605,0.00021987686895338611,3.4130130264064307e-22,1.0,1,0,0.0,0.0,0,0.0,0
YDL020C,14,0.16483516483516483,0.0013082992085044782,0.2698616608130162,0.0004105465368109497,0.031051357496444845,61.42857142857143,8,4,26.75,46.0,48,0.9547872340425532,0
YDR168W,2,0.0,5.195674061622603e-06,0.21448435547339892,9.209211812981443e-05,0.00043699214394471686,16.5,2,0,0.0,0.0,0,0.0,1
YFL029C,5,0.1,0.00011803775628916631,0.22288774484888593,0.00019233350793914774,0.0011895352680862286,13.4,3,0,0.0,0.0,0,0.0,1
YFR052W,7,0.14285714285714285,0.00029915937421964395,0.24106554085287288,0.00027418331828120787,0.0018902698441725832,9.428571428571429,4,6,25.666666666666668,46.0,48,0.9547872340425532,1
YGL073W,1,0.0,0.0,0.21256440499443163,5.962252192935028e-05,0.0003111552361285949,29.0,1,0,0.0,0.0,0,0.0,1
YGR109C,1,0.0,0.0,0.21256440499443163,5.962252192935028e-05,0.0003111552361285949,29.0,1,3,12.333333333333334,25.0,24,1.0,0
YGR274C,5,0.4,0.0001272750144989845,0.23504661031609145,0.00018266033242708788,0.0004333560198242401,18.4,5,8,59.25,195.0,266,0.731961980422755,1
YJL194W,6,0.26666666666666666,7.578466107371518e-05,0.22408117443218326,0.00020963839365996788,0.0005868134174749112,14.0,5,4,27.0,56.0,57,0.9505012531328321,1
YKL048C,18,0.3202614379084967,0.0006435715875194566,0.2742566307626702,0.0004404576370802068,0.058822133465389954,78.11111111111111,13,0,0.0,0.0,0,0.0,0
YKL145W,2,0.0,1.353206012275954e-05,0.21786728484687765,9.436129422899149e-05,0.0006733650128204487,20.0,2,6,25.5,46.0,48,0.9547872340425532,1
YMR273C,8,0.2857142857142857,0.0006702408405929259,0.23699709522367662,0.00025490423870802527,0.0026160317900858496,19.375,6,1,59.0,59.0,58,1.0,0
YOR142W,1,0.0,0.0,0.21256440499443163,5.962252192935028e-05,0.0003111552361285949,29.0,1,1,2.0,2.0,1,0.0,0
YPR120C,7,0.23809523809523808,0.0008249449378729442,0.2687463881812229,0.00021836670588435848,0.011430755865432605,88.71428571428571,6,3,12.333333333333334,25.0,24,1.0,1
YBR162C,6,0.0,0.0005660225404389006,0.21528181691526296,0.00036287491285771315,6.589275352878647e-05,3.3333333333333335,2,1,11.0,11.0,10,1.0,0
YBL095W,2,0.0,0.00012162571358937038,0.22293476757986672,0.00012074264714807058,0.0003732198334658409,43.0,2,0,0.0,0.0,0,0.0,0
YBR192W,3,0.0,0.00025184941207881655,0.23219310005022373,0.00017566393134496892,0.0007484144389784802,40.0,2,0,0.0,0.0,0,0.0,1
YGR249W,11,0.0,0.0016791780436394806,0.2546291080309803,0.0004383087166753356,0.001071630470414138,23.0,5,0,0.0,0.0,0,0.0,0
YNL217W,1,0.0,0.0,0.17599380411018334,8.524257793703643e-05,1.8483423601097796e-06,6.0,1,0,0.0,0.0,0,0.0,0
YOL028C,1,0.0,0.0,0.17599380411018334,8.524257793703643e-05,1.8483423601097796e-06,6.0,1,0,0.0,0.0,0,0.0,0
YPR155C,2,0.0,7.580821315905284e-05,0.22170696004795556,0.00012567637192600878,0.00015307520254511156,54.5,2,0,0.0,0.0,0,0.0,0
YBR162W-A,3,0.0,0.0002180035036241968,0.19514511511146226,0.00020487226026524128,1.1616838749013735e-05,2.6666666666666665,2,0,0.0,0.0,0,0.0,0
YIL027C,1,0.0,0.0,0.16230246873686874,9.162188411649518e-05,3.262772651657862e-07,3.0,1,0,0.0,0.0,0,0.0,0
YML108W,3,0.0,0.001009644062842002,0.22454543100904553,0.00018400204450580394,0.00017151053946325747,36.0,2,0,0.0,0.0,0,0.0,0
YBR164C,47,0.08325624421831637,0.005901019634288968,0.2772245814464664,0.001329980251889332,0.016245403268173433,18.27659574468085,9,0,0.0,0.0,0,0.0,0
YCR044C,13,0.14102564102564102,0.001299937751432954,0.27315776097416783,0.0003669649668871756,0.02623718799139962,78.46153846153847,9,0,0.0,0.0,0,0.0,0
YDL077C,7,0.2857142857142857,0.002294356996996036,0.24452407690120753,0.00022839088192414946,0.003995677153214883,54.42857142857143,5,4,5.5,7.0,11,0.5454545454545454,0
YDL100C,28,0.005291005291005291,0.007967958814053598,0.27454164674683507,0.001264848766318542,0.004715337090726877,18.964285714285715,6,1,3.0,3.0,2,1.0,0
YDL192W,11,0.07272727272727272,0.0009860421398298009,0.2365064454629741,0.0003945465635771042,0.0011289062459294936,12.909090909090908,5,5,29.0,95.0,103,0.8431372549019608,0
YDR027C,5,0.1,0.0001630045203877232,0.23540004418101318,0.00017821930144643283,0.0022843611572966843,17.8,4,1,4.0,4.0,3,1.0,0
YDR108W,16,0.35,0.0014629218989990619,0.2589184191922985,0.0004659292114043105,0.006940911698951737,34.8125,9,3,37.333333333333336,95.0,94,1.0,0
YDR137W,8,0.14285714285714285,0.0004764348328063681,0.26028962333359645,0.0002364819773902448,0.0072755648173235005,57.375,7,2,4.5,7.0,6,1.0,0
YDR162C,36,0.08412698412698413,0.007501915058886621,0.2802946414664637,0.0010153487516246272,0.04582551299985552,37.80555555555556,12,0,0.0,0.0,0,0.0,0
YDR202C,3,0.6666666666666666,2.1052360358902327e-07,0.23875074521657666,0.0001067146598794132,0.003449683362917531,108.33333333333333,3,1,3.0,3.0,2,1.0,0
YER083C,14,0.08791208791208792,0.0009339692038215187,0.27450598735642767,0.0003883420679795174,0.013999273415152952,44.42857142857143,10,1,3.0,3.0,2,1.0,0
YER122C,9,0.25,0.000726092671158832,0.2585067086608937,0.0002923852025071475,0.009424625946693094,63.888888888888886,7,3,17.666666666666668,34.0,37,0.8648648648648649,0
YGL005C,8,0.42857142857142855,0.0005838521086004432,0.25556824435058184,0.00024080175199041074,0.00530428629976296,67.125,7,7,35.857142857142854,95.0,163,0.5252594107399834,0
YHR012W,15,0.2857142857142857,0.0007639410648038038,0.27432782926494503,0.0003918338905309954,0.04351739031169358,88.73333333333333,10,4,32.0,95.0,94,1.0,0
YJL154C,14,0.25274725274725274,0.0008684739652713734,0.27194513242709084,0.00040042724907029056,0.019284840694830337,57.785714285714285,9,4,32.0,95.0,94,1.0,0
YJR033C,4,0.3333333333333333,0.000331677588115213,0.23980728431375656,0.000150708877840389,0.0034729279259731,83.75,3,1,3.0,3.0,2,1.0,0
YKL119C,4,0.3333333333333333,1.977998419746291e-05,0.23551809178772345,0.00015296033816561674,0.0011622364632916794,26.25,3,2,4.5,7.0,6,1.0,0
YKR001C,6,0.4,2.6839583319391523e-05,0.24300581771382504,0.0001896156024601646,0.003395018384555847,50.833333333333336,5,0,0.0,0.0,0,0.0,0
YLR242C,5,0.1,0.0007474095986223036,0.2316459249911916,0.00021699135190065853,0.0009089916101616866,22.0,3,0,0.0,0.0,0,0.0,0
YLR262C,140,0.016341212744090443,0.026502581226444874,0.30334743744181664,0.004105042912600643,0.055901793910622936,13.05,12,0,0.0,0.0,0,0.0,0
YLR447C,93,0.004207573632538569,0.03287843194697767,0.294656200300751,0.0038090090207126798,0.029776552666010658,10.344086021505376,8,5,12.6,15.0,16,0.9083333333333333,0
YML071C,8,0.4642857142857143,0.0002431701170360267,0.25564553001779805,0.00023431108289611194,0.0067339862684074655,66.5,8,3,41.333333333333336,95.0,94,1.0,0
YMR054W,5,0.2,0.000316075053910438,0.25295291402239817,0.00016563872547037075,0.004609935251776891,82.0,4,4,12.5,15.0,16,0.9083333333333333,0
YMR123W,6,0.13333333333333333,0.0002923425810769098,0.24782148178437338,0.00019760391850561033,0.004059799489439798,70.33333333333333,5,0,0.0,0.0,0,0.0,0
YNL041C,15,0.13333333333333333,0.0035754015747012148,0.266610520582457,0.0004648439158426397,0.008902247607965348,38.53333333333333,8,3,41.333333333333336,95.0,94,1.0,0
YNL044W,11,0.07272727272727272,0.0019528578769247651,0.259331443236657,0.0003955607063345148,0.0014551501417243828,36.0,6,0,0.0,0.0,0,0.0,1
YNL051W,7,0.5714285714285714,0.00029251507406842265,0.24604710363317264,0.00021733342677942758,0.004784960356879042,64.42857142857143,6,3,41.333333333333336,95.0,94,1.0,0
YNL238W,6,0.26666666666666666,4.674885820326178e-05,0.24881346793703044,0.0001886718628623076,0.005072233448835608,52.5,5,0,0.0,0.0,0,0.0,0
YOR068C,7,0.19047619047619047,0.00033699530613479425,0.2448356807990195,0.00022417766846132974,0.004101234791194124,58.714285714285715,6,0,0.0,0.0,0,0.0,0
YOR069W,11,0.2727272727272727,0.0008372728982694157,0.25595514068755437,0.00034432180839719025,0.006027607422060135,48.72727272727273,8,4,31.75,95.0,94,1.0,0
YOR070C,32,0.10887096774193548,0.001794254996119161,0.2681496665174315,0.0008552724404768499,0.016184240122627574,23.375,10,0,0.0,0.0,0,0.0,0
YOR132W,9,0.4444444444444444,0.0002413410205304254,0.2622599238887059,0.00025280408928367694,0.018774117612258466,85.66666666666667,8,4,31.75,95.0,94,1.0,0
YBR165W,1,0.0,0.0,0.19566000987428936,6.327012401380107e-05,3.3746473677515795e-05,17.0,1,0,0.0,0.0,0,0.0,0
YDR054C,17,0.1323529411764706,0.0011872689037759363,0.24546127719595082,0.0006063601318350216,0.0012037292530011378,10.941176470588236,6,6,15.166666666666666,58.0,57,1.0,1
YBR167C,2,0.0,8.966235806061849e-05,0.20992516480329143,0.00012869568637925683,0.00016075334961967265,23.0,2,7,106.71428571428571,559.0,619,0.8502282102357388,1
YHR062C,2,0.0,4.156726629850416e-06,0.18370390687619073,0.00012991816534243397,1.3837456872830881e-05,3.5,2,7,106.71428571428571,559.0,619,0.8502282102357388,1
YDL126C,3,0.0,0.00023060909510715593,0.20671181500950084,0.00016614464643320998,0.00021782536853523927,4.0,2,3,22.0,58.0,58,0.9661222020568663,1
YDR259C,24,0.03260869565217391,0.009445863991708242,0.2854817772061511,0.0008158481980745431,0.0047233063362468455,28.75,7,0,0.0,0.0,0,0.0,0
YGR048W,7,0.047619047619047616,0.0005411548430836463,0.23054669975533287,0.00026949734407752206,0.0017730365538867424,12.0,4,1,3.0,3.0,2,1.0,1
YOR254C,4,0.0,3.229582366836006e-05,0.2320911043989827,0.00015962526360850318,0.0020835637869642937,9.25,3,4,12.25,29.0,28,1.0,1
YCL057W,1,0.0,0.0,0.21332609232432992,5.648727044653346e-05,0.0011747619255822116,14.0,1,0,0.0,0.0,0,0.0,0
YBR172C,6,0.06666666666666667,0.00023555889488170508,0.23241013874274333,0.0002197958994171069,0.0008484807786321061,13.833333333333334,5,3,37.666666666666664,73.0,72,1.0,0
YIL004C,8,0.10714285714285714,0.0003460236882504756,0.23651967955426517,0.0002763540918713714,0.0004967210024650548,25.0,5,3,40.666666666666664,95.0,94,1.0,1
YKL074C,9,0.1388888888888889,0.00038242270138982273,0.22324089961520402,0.0003558196367587928,0.000186876591589547,8.88888888888889,5,8,121.375,559.0,619,0.8502282102357388,0
YLR116W,18,0.032679738562091505,0.0018141540104917415,0.2284903612797596,0.0007177946725395802,0.0004143859302699965,4.833333333333333,5,4,170.5,559.0,558,1.0,1
YPL085W,5,0.2,2.1754384099546513e-05,0.20196106805457847,0.00020452928594637284,6.836776234067804e-05,6.4,4,5,35.0,95.0,104,0.8676250933532487,1
YHR177W,3,0.0,0.00013598051144495774,0.23694395388274414,0.00013301134653483177,0.0011236352555126288,42.0,3,0,0.0,0.0,0,0.0,0
YIL160C,2,0.0,1.5849969688821417e-05,0.21625105869816194,9.801963231422211e-05,0.0002710648581117749,9.0,2,0,0.0,0.0,0,0.0,0
YOR047C,31,0.0064516129032258064,0.005991579157783056,0.2789995507138134,0.0011228660043639685,0.00636606275833624,15.096774193548388,7,0,0.0,0.0,0,0.0,0
YHR122W,4,0.0,0.0006300060485624292,0.18622915774394294,0.00026629161420960054,1.9190050325031825e-05,2.0,2,0,0.0,0.0,0,0.0,1
YBR182C,1,0.0,0.0,0.20181642443249964,6.572046040166567e-05,0.00017897299552144526,7.0,1,0,0.0,0.0,0,0.0,0
YPL089C,7,0.19047619047619047,0.000671488807116787,0.2552287418220079,0.00027018763473831466,0.006381020220829842,45.714285714285715,5,0,0.0,0.0,0,0.0,0
YBR184W,2,0.0,0.00021557413110426748,0.24336959887806728,0.0001561913690324795,0.0007757209132410051,143.5,1,0,0.0,0.0,0,0.0,0
YNL225C,1,0.0,0.0,0.19432868343130305,9.872659191938885e-05,2.1763822514029757e-05,2.0,1,4,17.0,32.0,31,1.0,1
YBR185C,3,0.3333333333333333,5.6795916121829996e-05,0.20305741705007077,0.00014201596235638116,0.00012092658860746804,9.333333333333334,3,0,0.0,0.0,0,0.0,0
YER017C,3,0.3333333333333333,3.664332426138815e-05,0.20322338541825438,0.00013687146295832375,0.00010217206300258685,6.0,3,4,4.25,8.0,8,0.7857142857142857,0
YBR186W,4,0.0,0.00015996058232992962,0.255660992760798,0.00014933866122900102,0.008374449744056482,72.75,3,0,0.0,0.0,0,0.0,0
YDR285W,3,0.0,7.195466410440864e-06,0.2265917869258214,0.00011858011898488872,0.000989690334831598,15.0,3,2,4.5,5.0,4,1.0,0
YBR187W,3,0.0,0.00015614302191957488,0.215666268346052,0.00013213188211286204,0.00030351068026487644,11.333333333333334,3,0,0.0,0.0,0,0.0,0
YNR032W,7,0.0,0.0013401580408925768,0.2402161396518682,0.00024327319299951588,0.003485672060284591,45.142857142857146,4,0,0.0,0.0,0,0.0,0
YBR188C,5,0.0,0.00038746893475119607,0.22775166729426546,0.00024303620871184826,0.0014683498015194427,18.6,3,6,145.33333333333334,559.0,619,0.8502282102357388,0
YLL036C,2,0.0,3.240749064390576e-06,0.18858049403561494,0.0001234916394752749,4.712619499416748e-05,3.5,2,8,121.5,559.0,674,0.7241855194641998,1
YLR117C,5,0.0,0.0007405505520603457,0.20949857223008886,0.0003088250254623297,0.00017599056221523793,7.2,2,3,219.33333333333334,559.0,558,1.0,1
YBR190W,1,0.0,0.0,0.17210974360984865,8.578372454252876e-05,4.936345562685983e-06,5.0,1,0,0.0,0.0,0,0.0,1
YER078C,4,0.0,0.0004990497251554858,0.21988467946284518,0.0002612443777652617,0.00028895875155407984,25.5,2,0,0.0,0.0,0,0.0,0
YBR193C,14,0.1978021978021978,0.005331745154496678,0.2724710367636352,0.0005100731089490762,0.003912012242906737,46.214285714285715,6,6,59.5,195.0,211,0.9097269239449334,1
YDL005C,7,0.6666666666666666,0.0006380204217402662,0.23927784847519235,0.0002701221818774581,0.0004857857759409163,26.142857142857142,5,5,70.0,195.0,211,0.9097269239449334,0
YER022W,101,0.0057425742574257425,0.04697884490711578,0.2968080326742696,0.0044847113007288044,0.009009484809501547,7.683168316831683,7,6,59.5,195.0,211,0.9097269239449334,1
YGL025C,8,0.5,0.000422606936842049,0.23836029962861743,0.0003061066237883007,0.0004906355351554458,20.25,5,5,70.0,195.0,211,0.9097269239449334,0
YGR104C,3,0.0,5.4245026147139175e-05,0.2409418681704539,0.000116480653285251,0.001474742462588742,37.0,3,6,59.5,195.0,211,0.9097269239449334,0
YIL021W,8,0.35714285714285715,0.0008105088139855978,0.21840764704770696,0.0003307781347841118,0.00021788399411213537,7.625,5,6,57.166666666666664,195.0,208,0.9184318097361576,1
YOL135C,9,0.5277777777777778,0.00030169623582481145,0.2504350748497614,0.0003353976515834693,0.001298240104798523,26.77777777777778,5,5,70.0,195.0,211,0.9097269239449334,1
YOR174W,11,0.38181818181818183,0.0003939797040496008,0.2518526600318342,0.0004154498373184491,0.0013578505716314157,22.363636363636363,5,5,70.0,195.0,211,0.9097269239449334,1
YPR152C,3,0.0,0.0004232798610330138,0.21740783835584163,0.00014052719303685358,0.0004318080452428673,9.0,2,2,325.0,559.0,558,1.0,0
YPR018W,5,0.1,8.653638562642002e-05,0.249385992879478,0.00017818581071666898,0.006748314671088275,51.6,4,4,25.75,83.0,86,0.9124487004103967,0
YBR196C,2,0.0,4.261028031209177e-05,0.20972725976551915,0.00010993357354669792,0.00017477890418369146,7.0,2,0,0.0,0.0,0,0.0,1
YDL215C,3,0.0,6.4853983004675156e-06,0.193068249820229,0.00015066555851810082,4.3678243732485696e-05,3.3333333333333335,2,0,0.0,0.0,0,0.0,0
YGL229C,11,0.01818181818181818,0.0019726847114397692,0.26743708910561675,0.0004451972058416901,0.006191527458133927,47.0,5,0,0.0,0.0,0,0.0,0
YHR137W,2,0.0,4.5676884116573e-05,0.20897034623593577,0.00010194489146413707,4.2737829238146934e-05,9.5,2,0,0.0,0.0,0,0.0,0
YML061C,3,0.0,0.0023585569731632205,0.19663394088734057,0.00022136087535702518,3.062550998639121e-05,6.0,1,0,0.0,0.0,0,0.0,0
YCR038C,6,0.06666666666666667,0.00031379363328660863,0.24640568924532316,0.00023034349938509901,0.005716823588261101,22.833333333333332,3,0,0.0,0.0,0,0.0,0
YDL178W,2,1.0,0.0,0.2240099206801777,8.304983229320096e-05,0.0016230664271914058,31.5,2,3,43.666666666666664,73.0,72,1.0,0
YEL043W,10,0.15555555555555556,0.00031533562338662523,0.2552287418220079,0.0002837314453841826,0.006442504531881635,42.5,7,2,452.5,559.0,558,1.0,0
YGR134W,2,0.0,3.504421740577622e-05,0.22091899823939126,9.921692676082797e-05,0.001229930499159025,18.5,2,3,51.333333333333336,133.0,132,1.0,0
YHR129C,35,0.2235294117647059,0.009632721298896078,0.2982110338164437,0.0008816209908316847,0.07955865340656004,60.457142857142856,14,7,24.571428571428573,73.0,95,0.6732362821948489,0
YBR202W,4,0.5,5.831131113549695e-05,0.23116451699831955,0.00016829631536107297,0.0025889595099897935,26.75,3,6,22.333333333333332,56.0,57,0.9505012531328321,1
YEL032W,3,1.0,0.0,0.23107605474055723,0.00012601339541916729,0.0025830818628640433,35.0,3,6,22.333333333333332,56.0,57,0.9505012531328321,1
YLR274W,4,0.5,2.119702193126744e-05,0.2313796361569013,0.00015848536794277218,0.002595492481281251,27.25,3,6,22.333333333333332,56.0,57,0.9505012531328321,1
YBR203W,1,0.0,0.0,0.1864591818480865,6.886033546955265e-05,8.781452896144523e-06,5.0,1,0,0.0,0.0,0,0.0,0
YKL006C-A,5,0.3,0.00024645030162324884,0.2311518753863214,0.00021151755360424807,0.0003128215627777858,11.6,4,0,0.0,0.0,0,0.0,1
YFL038C,16,0.05,0.0021241499427823956,0.2659228180757643,0.0005097958592494009,0.002672972355016138,27.0,6,0,0.0,0.0,0,0.0,1
YHR105W,5,0.0,0.0007597281669625291,0.21586452138880918,0.00019250409214718813,0.00028407966235539055,7.6,4,0,0.0,0.0,0,0.0,0
YBR207W,2,0.0,1.98449272776162e-06,0.20536600880936123,8.607905153878303e-05,0.00022622784483728047,8.0,2,1,2.0,2.0,1,0.0,0
YBR211C,5,0.0,0.0003149849339879584,0.23703696687495923,0.00019589156703516054,0.002065091099428334,17.4,4,5,29.6,55.0,75,0.6731531531531532,1
YDR394W,7,0.047619047619047616,0.0009521880965712183,0.2306095909931951,0.0003377866435184909,0.00038256117910629567,20.571428571428573,3,6,25.5,46.0,48,0.9547872340425532,1
YBR213W,1,0.0,0.0,0.18871520641638867,8.632300353087174e-05,6.723037890877796e-06,3.0,1,0,0.0,0.0,0,0.0,0
YMR206W,3,0.0,0.00029277007620523947,0.2346290976027906,0.00018834146466381057,0.00023958324379392548,45.333333333333336,2,0,0.0,0.0,0,0.0,0
YBR216C,3,0.6666666666666666,2.855498854491041e-06,0.23457701278174553,0.00013446001467597705,0.00027774474123791145,49.333333333333336,3,0,0.0,0.0,0,0.0,0
YML007W,7,0.14285714285714285,0.001362606047121825,0.259506581121947,0.0002810850377023517,0.0010169549782710742,62.42857142857143,5,2,10.5,12.0,18,0.7647058823529411,0
YMR159C,11,0.03636363636363636,0.002699219121789302,0.2586174249458072,0.00043961587231726483,0.0035584190696278033,23.90909090909091,6,1,3.0,3.0,2,1.0,0
YPL149W,4,0.3333333333333333,0.00021800756053427762,0.21278912572061381,0.0001994068634052765,0.00012325321408116743,7.5,3,1,3.0,3.0,2,1.0,0
YBR218C,2,0.0,3.142824918669914e-06,0.19291844789202522,0.00012951839893249532,5.363490751823765e-05,3.0,2,0,0.0,0.0,0,0.0,0
YER065C,3,0.0,0.0002379210038012608,0.2293582502205368,0.00017706301764447262,0.00046714646281387136,49.666666666666664,2,0,0.0,0.0,0,0.0,0
YNL117W,3,0.0,0.00019951290824461374,0.22324089961520402,0.0001648788414970522,0.001446328777241521,18.666666666666668,2,0,0.0,0.0,0,0.0,0
YBR221C,5,0.0,0.0006447308889226633,0.24484986348341964,0.00022127447100644596,0.0020708377676960134,46.2,4,4,5.5,7.0,7,0.9047619047619048,0
YBR223C,1,0.0,0.0,0.2233234634814959,6.567578483049333e-05,0.0001165549800382465,22.0,1,0,0.0,0.0,0,0.0,0
YBR228W,4,0.5,0.00016507360073072846,0.22331166490460022,0.00015820533457989574,0.0013744374689689562,26.5,4,1,2.0,2.0,1,0.0,0
YLR135W,7,0.14285714285714285,0.00041123193184891543,0.23400560224294265,0.00029217540750821417,0.0014365916291568036,15.142857142857142,4,1,2.0,2.0,1,0.0,0
YBR229C,17,0.08088235294117647,0.0012239990652905992,0.25544468443308593,0.0005054044206578869,0.007309545844278789,19.941176470588236,8,1,2.0,2.0,1,0.0,0
YDR389W,9,0.1111111111111111,0.0012231580148700765,0.26958627420844905,0.0002980754395509246,0.005045853681143701,55.111111111111114,7,0,0.0,0.0,0,0.0,1
YGR157W,5,0.1,5.141601343677735e-05,0.2475167297133146,0.00015817535570090052,0.0028856320535339142,41.2,5,0,0.0,0.0,0,0.0,0
YHR101C,2,1.0,0.0,0.20209625595573863,8.996460291682082e-05,0.0002176104510105692,11.0,2,0,0.0,0.0,0,0.0,1
YHR108W,2,1.0,0.0,0.23335964187678865,8.137830452414718e-05,0.002112637541229896,43.5,2,0,0.0,0.0,0,0.0,0
YMR200W,5,0.3,0.00012222453124238812,0.22404554189092935,0.00018609551568908822,0.0004472616548878633,9.2,4,0,0.0,0.0,0,0.0,1
YNL322C,47,0.11100832562442182,0.006449652900293753,0.2830538534329521,0.0013038092455208753,0.03377423012080331,24.27659574468085,12,0,0.0,0.0,0,0.0,0
YBR230C,2,0.0,0.00021557413110426748,0.21083615289875662,0.00014333610874760292,0.0003782517049252261,6.0,1,0,0.0,0.0,0,0.0,0
YBR233W,2,0.0,1.7660923316780495e-05,0.20295991516922465,0.00011329095631822209,5.456042235684384e-05,9.5,2,1,559.0,559.0,558,1.0,0
YBR234C,42,0.14750290360046459,0.005287140572133724,0.29227238233399755,0.0010186349318422028,0.05608316848341387,37.57142857142857,12,5,29.2,73.0,77,0.8855092276144908,1
YDR310C,13,0.3333333333333333,0.0003391113926700519,0.27269956085898533,0.0003181339230872589,0.03887324075969015,85.38461538461539,10,3,55.0,133.0,132,1.0,0
YEL003W,132,0.1054823039555864,0.014807598744650466,0.31043207941497303,0.003090939346927032,0.22819855182616133,28.931818181818183,14,3,6.0,7.0,6,1.0,0
YER149C,18,0.1111111111111111,0.0023459784071683896,0.2783198257268896,0.0005364940921294272,0.024769673083966114,46.72222222222222,9,2,4.0,5.0,4,1.0,0
YHL027W,5,0.0,0.00018527434444772566,0.23325661902291667,0.00018263923689853097,0.0020522782021219336,15.2,3,0,0.0,0.0,0,0.0,0
YHR142W,34,0.13012477718360071,0.001796089634006595,0.2724183548153051,0.0008714938283244346,0.03346436374493805,30.676470588235293,12,0,0.0,0.0,0,0.0,0
YJL014W,6,0.5333333333333333,0.00010501815727962116,0.2493271511422328,0.00018094130516738618,0.015462380737980893,59.5,4,3,9.666666666666666,11.0,12,0.9090909090909091,1
YJL099W,28,0.10846560846560846,0.003514937707279392,0.27398996521127067,0.000754131532948608,0.024352631587529778,28.107142857142858,11,2,5.5,6.0,5,1.0,0
YJL183W,13,0.32051282051282054,0.00033213705162980593,0.27037953005272647,0.00032646267120531406,0.03118985684447251,72.07692307692308,10,3,7.333333333333333,9.0,11,0.7818181818181819,0
YJR117W,9,0.5277777777777778,0.0002013852983492204,0.2602735956474306,0.0002300229297259597,0.03845749949946829,99.22222222222223,8,0,0.0,0.0,0,0.0,0
YLR200W,166,0.07477181453085067,0.030511053126943695,0.3201668832990663,0.004036905122614722,0.24959635808818742,25.367469879518072,14,3,6.0,7.0,6,1.0,0
YLR330W,78,0.04828504828504829,0.011892360866866571,0.2951500030245285,0.002158208818567221,0.050042118162143025,20.807692307692307,12,2,5.5,6.0,5,1.0,0
YMR198W,16,0.11666666666666667,0.0008106701336540928,0.271595655934863,0.0004065359428791059,0.024006767089832858,36.1875,10,7,25.571428571428573,73.0,95,0.6736842105263158,1
YOR216C,15,0.4,0.00028866484197447387,0.2763545729528783,0.00036555613482978927,0.04941194456626962,97.2,12,0,0.0,0.0,0,0.0,0
YPL234C,5,0.2,0.0006905305843438463,0.25555279282432125,0.00017051654211239776,0.00533747626286472,91.4,5,5,12.6,15.0,16,0.9083333333333333,0
YBR237W,5,0.3,0.00010266168937415602,0.21988467946284518,0.0002066387697882225,0.00023335111135953078,15.0,4,6,156.5,559.0,619,0.8502282102357388,1
YDL030W,19,0.04093567251461988,0.0026254632082969532,0.254905511597773,0.0006909299338778468,0.004335006053047414,10.947368421052632,6,11,92.45454545454545,559.0,621,0.8449742870500234,1
YDR073W,4,0.0,0.0003535435201819483,0.2332694919047612,0.00019358778647228622,0.0004884495227528026,40.0,3,6,64.5,195.0,269,0.6211507518171225,0
YBR239C,3,0.0,7.783965580942434e-06,0.2060568026770474,0.00016392637538350756,4.965429839678223e-05,3.3333333333333335,3,0,0.0,0.0,0,0.0,0
YPL133C,3,0.0,1.1529255702711916e-05,0.21083615289875662,0.0001514427205927819,0.00011696525978456455,6.333333333333333,3,0,0.0,0.0,0,0.0,0
YBR244W,1,0.0,0.0,0.17210974360984865,8.578372454252876e-05,4.936345562685983e-06,5.0,1,0,0.0,0.0,0,0.0,0
YBR246W,1,0.0,0.0,0.1528750838480333,0.00010065915308373282,2.0265052066472116e-07,2.0,1,0,0.0,0.0,0,0.0,0
YDR520C,2,0.0,0.00021557413110426748,0.1816746838010089,0.00015932974608937685,7.216708033745466e-06,3.5,1,0,0.0,0.0,0,0.0,0
YBR250W,2,0.0,0.003216893972723274,0.19615942051764773,0.00015566863463212048,5.734866607420205e-05,4.5,1,0,0.0,0.0,0,0.0,0
YML038C,7,0.0,0.0048118853427514575,0.24607575207045895,0.0003320236201223043,0.00204326669709613,35.714285714285715,3,0,0.0,0.0,0,0.0,0
YNL012W,2,0.0,0.003002199736031677,0.1630663629225058,0.00018220549633308846,1.6111904609994451e-06,2.0,1,0,0.0,0.0,0,0.0,0
YLL037W,2,0.0,8.262938204660237e-06,0.22499963767243014,9.922649142162895e-05,0.0020084318887983827,30.0,2,0,0.0,0.0,0,0.0,1
YBR253W,1,0.0,0.0,0.1861389463323178,8.374591513036689e-05,9.369079224577922e-06,3.0,1,6,59.5,195.0,211,0.9097269239449334,1
YMR112C,3,0.0,0.00022943643345490352,0.23065992869382118,0.00017978368469997072,0.0003341073640580903,35.0,2,6,59.5,195.0,211,0.9097269239449334,1
YBR254C,11,0.6545454545454545,0.00026675930633463733,0.23507275420245108,0.00032370512993137266,0.0009317759864410218,15.090909090909092,9,3,37.333333333333336,95.0,94,1.0,1
YDR246W,9,1.0,0.0,0.2309245625718025,0.0002507681231057827,0.0008347655760101375,15.777777777777779,9,3,37.333333333333336,95.0,94,1.0,1
YDR407C,9,1.0,0.0,0.2309245625718025,0.0002507681231057827,0.0008347655760101375,15.777777777777779,9,2,52.5,95.0,94,1.0,1
YDR472W,10,0.8,0.000331794424752126,0.23718327777982565,0.00028397254410561767,0.0010282499648548579,17.6,9,3,37.333333333333336,95.0,94,1.0,1
YGR166W,41,0.07317073170731707,0.008987855116239823,0.2830917683553863,0.0011663791627451491,0.014237546092906103,22.682926829268293,10,2,52.5,95.0,94,1.0,0
YJR116W,2,0.0,1.1617992348681356e-05,0.20194177026010574,9.334438738925081e-05,7.3749599325745e-05,13.0,2,0,0.0,0.0,0,0.0,0
YMR218C,9,1.0,0.0,0.2309245625718025,0.0002507681231057827,0.0008347655760101376,15.777777777777779,9,2,52.5,95.0,94,1.0,1
YOR115C,10,0.8,0.00027767878995257905,0.23926430393491865,0.00028309918867816227,0.0009466501057906934,15.9,9,3,37.333333333333336,95.0,94,1.0,0
YBR260C,7,0.09523809523809523,0.00014020214904008328,0.2496068969714346,0.0002215659616854279,0.00479838240818346,30.0,6,0,0.0,0.0,0,0.0,0
YJL058C,14,0.03296703296703297,0.005264615878615669,0.2766077608346491,0.0004903932164352454,0.00301739977723003,41.5,6,1,8.0,8.0,7,1.0,0
YBR261C,1,0.0,0.0,0.18749304441599862,8.035097349164911e-05,7.06223376882188e-06,4.0,1,0,0.0,0.0,0,0.0,0
YDR465C,4,0.16666666666666666,0.00038516709716749487,0.23274286621410015,0.00022342746063940317,0.0002517156002977727,36.0,2,0,0.0,0.0,0,0.0,0
YBR263W,1,0.0,0.0,0.19432868343130305,9.872659191938885e-05,2.1763822514029757e-05,2.0,1,0,0.0,0.0,0,0.0,0
YML018C,2,0.0,0.00021556531452698622,0.24336959887806728,0.0001561913690324795,0.0007757209132410051,143.5,1,0,0.0,0.0,0,0.0,0
YBR264C,2,0.0,7.632304562677227e-05,0.21235082608963946,0.00010299947866947108,0.0012804658312032572,16.5,2,0,0.0,0.0,0,0.0,0
YOR370C,2,0.0,1.0349097172237832e-05,0.21462593649407297,0.000100257096682968,0.0005451627121501869,10.0,2,2,4.5,6.0,5,1.0,1
YPR031W,1,0.0,0.0,0.00021992522542335605,0.00021987686895338611,3.4130130264064307e-22,1.0,1,2,69.0,133.0,132,1.0,0
YBR270C,20,0.031578947368421054,0.0023820699232200483,0.269397271721751,0.0006659998325038941,0.0018840624105210839,16.0,7,0,0.0,0.0,0,0.0,0
YFL047W,2,0.0,7.042399582339846e-05,0.24776337592697964,9.969861736073424e-05,0.0008279334588608353,153.0,2,0,0.0,0.0,0,0.0,0
YHR077C,4,0.3333333333333333,0.00011885819483098908,0.2309497974710017,0.00015832930152995806,0.0006845242362696494,21.25,4,3,192.33333333333334,559.0,558,1.0,0
YIL105C,8,0.10714285714285714,0.0005561005839439784,0.2257085060775497,0.00033119261529981946,0.00016386907604086143,9.875,4,1,8.0,8.0,7,1.0,0
YJL039C,6,0.06666666666666667,0.00038302105311820096,0.2427685482346949,0.00022212790508851523,0.0012131744243967166,29.0,5,1,59.0,59.0,58,1.0,1
YKR026C,17,0.014705882352941176,0.003607085000410846,0.25266562217193334,0.0007160383130063589,0.001445601204040315,12.529411764705882,5,5,63.2,266.0,270,0.9641470466749277,0
YLR424W,12,0.0,0.0012468019028942141,0.24204565042170723,0.00044273766723333446,0.0024348776697192976,10.416666666666666,6,3,217.66666666666666,559.0,558,1.0,1
YNL004W,3,0.0,8.638125586078102e-05,0.21587554613453896,0.00013462556944822366,8.819045476578325e-05,14.0,3,2,280.5,559.0,558,1.0,0
YNL018C,3,0.0,8.139688323039039e-05,0.21893935529443037,0.00015059003908073594,7.861948646945761e-05,10.0,2,0,0.0,0.0,0,0.0,0
YNL047C,9,0.08333333333333333,0.0009102386499877281,0.243061713244064,0.0003253691709968991,0.0006869814821661472,23.333333333333332,5,1,8.0,8.0,7,1.0,0
YPL124W,18,0.058823529411764705,0.004198472106639664,0.2769339706030448,0.0005527843742979514,0.008461831543533641,37.888888888888886,8,4,17.0,32.0,31,1.0,1
YPL255W,11,0.0,0.0005022042316744627,0.2505538348141241,0.0003888692268208388,0.0009176582822131338,17.272727272727273,6,4,16.0,32.0,33,0.8825757575757576,1
YBR272C,2,0.0,4.867131134391932e-06,0.20305741705007077,0.00010018811107428028,0.0003272404439071526,5.5,2,0,0.0,0.0,0,0.0,0
YEL034W,2,0.0,0.00012781815959805282,0.21163845350061453,9.852251441339405e-05,0.000552795432648027,14.5,2,5,240.0,559.0,589,0.9439786101197695,1
YLR015W,9,0.1111111111111111,0.0022398961964072294,0.25621890000086517,0.00027008009948708737,0.01111962537236866,56.888888888888886,7,2,45.5,83.0,82,1.0,0
YBR274W,8,0.07142857142857142,0.00126248978814967,0.2535903043745064,0.00029197331319883574,0.005501005415573546,43.75,5,0,0.0,0.0,0,0.0,0
YLR258W,5,0.1,9.620762485056502e-05,0.21735194082965356,0.00022248239709277747,0.00022756479063982822,5.0,3,0,0.0,0.0,0,0.0,0
YMR255W,7,0.047619047619047616,0.00034573072366621976,0.2310507922441387,0.0002623591147410942,0.00042699327778759346,10.571428571428571,5,1,59.0,59.0,58,1.0,0
YBR275C,2,1.0,0.0,0.22279375887172007,0.00010524220453492428,0.0003874237732580203,44.5,2,1,11.0,11.0,10,1.0,0
YLR453C,80,0.0018987341772151898,0.025873483147708355,0.28674060059115886,0.0033224444542613043,0.013246830668773956,7.5875,7,1,11.0,11.0,10,1.0,0
YNL216W,9,0.05555555555555555,0.0010433336021766772,0.23827967716975437,0.00038940222225102825,0.0005723600349002313,18.22222222222222,3,1,11.0,11.0,10,1.0,1
YBR276C,1,0.0,0.0,0.1923565665474776,6.802908287473059e-05,0.0001527891151533891,14.0,1,0,0.0,0.0,0,0.0,0
YBR278W,7,0.0,0.0022064507414382346,0.2589660086579018,0.00033936593839502233,0.0032631531662579566,59.285714285714285,4,6,19.666666666666668,56.0,56,0.9662337662337662,0
YIL006W,1,0.0,0.0,0.20414601271742444,7.421294202880613e-05,9.147631109536367e-05,7.0,1,0,0.0,0.0,0,0.0,0
YKL011C,4,0.0,0.002366232802636481,0.21562226155763264,0.0002604624246302255,0.00013221415579164894,6.5,2,0,0.0,0.0,0,0.0,0
YMR290C,5,0.2,0.000408600960970065,0.22562416960148782,0.00022621045427631206,0.00014530383648691245,16.2,4,0,0.0,0.0,0,0.0,1
YBR281C,3,0.0,5.100430047813625e-05,0.20548581396763604,0.00015591585529690328,3.8397428130080696e-05,13.333333333333334,2,1,3.0,3.0,2,1.0,0
YNL191W,2,0.0,4.561116897696465e-06,0.1890782014455054,0.00011560085799501021,1.1850129349773265e-05,3.5,2,1,3.0,3.0,2,1.0,0
YBR282W,1,0.0,0.0,0.20100067494004817,8.435724903239818e-05,2.782023468269878e-05,3.0,1,7,202.14285714285714,559.0,589,0.9439786101197695,0
YGR187C,3,0.0,0.0005161008157379051,0.253925459168225,0.00018314836688448745,0.00099165369639028,137.33333333333334,2,0,0.0,0.0,0,0.0,0
YBR283C,2,0.0,3.362779275701262e-06,0.20937404365535334,0.00010606241638136659,0.0003968787492195686,14.0,2,2,4.0,5.0,4,1.0,0
YLR311C,2,0.0,3.778355127832813e-05,0.23144298271446492,0.00011041964796658593,0.000777408750895564,40.5,2,0,0.0,0.0,0,0.0,1
YBR284W,3,0.0,0.00021680085088969704,0.22123119403926897,0.00014958695445948855,0.0015878858014164244,8.666666666666666,2,0,0.0,0.0,0,0.0,0
YMR138W,16,0.5333333333333333,0.0010612479943584705,0.27702472101941755,0.0004011989945764852,0.053745013367289575,75.3125,12,3,39.666666666666664,73.0,72,1.0,0
YBR285W,2,0.0,1.6575593150275922e-05,0.1810366281186514,0.00014768095972815914,1.652625744387097e-05,2.5,2,0,0.0,0.0,0,0.0,0
YPR156C,3,0.0,1.7046355322890884e-05,0.18100561807615076,0.00021737753722948,4.825584357827133e-06,2.3333333333333335,2,0,0.0,0.0,0,0.0,0
YDR323C,2,0.0,5.559447646432359e-06,0.20997730716911442,9.811246719768082e-05,0.0001399217536920488,10.5,2,0,0.0,0.0,0,0.0,1
YDR495C,1,0.0,0.0,0.2015085427781404,6.443382453412144e-05,8.206270079665683e-05,16.0,1,1,6.0,6.0,5,1.0,0
YGL095C,4,0.16666666666666666,0.00015646360243257965,0.22647038112485388,0.00015283590722434882,0.0003131317195646532,13.0,4,0,0.0,0.0,0,0.0,0
YGR261C,3,0.3333333333333333,1.3437614337214321e-05,0.23736975309228242,0.00011409909269213369,0.0030760509581629816,98.0,3,3,40.0,95.0,94,1.0,0
YHR135C,7,0.23809523809523808,0.00033426303223215586,0.2230053388896419,0.0002751832713759346,0.00021366691154695039,10.0,4,2,6.0,8.0,7,1.0,0
YML097C,5,0.0,0.0007615011274620622,0.25064297873068503,0.00020652790699624392,0.0033904672559281293,31.4,4,0,0.0,0.0,0,0.0,0
YNL084C,14,0.054945054945054944,0.0018269478715222192,0.2655552675324667,0.0004249199872239187,0.011764210349518729,33.857142857142854,7,1,3.0,3.0,2,1.0,0
YNL154C,11,0.09090909090909091,0.0027738138399626827,0.22688369260946178,0.0004536971787264461,0.0003742436575262349,7.454545454545454,4,2,6.0,8.0,7,1.0,0
YNR006W,2,0.0,2.1108917527147858e-05,0.21930285323826257,9.495872559278607e-05,0.0005657986211399906,18.5,2,1,2.0,2.0,1,0.0,0
YPR173C,5,0.1,0.0002606266761115238,0.21966756019718703,0.00022441779341701745,0.0004425726622134015,10.0,4,2,49.0,95.0,94,1.0,0
YBR289W,4,0.16666666666666666,7.286941874729652e-05,0.22306418245365311,0.00014574535058016805,0.00041656472933199244,21.25,3,6,64.5,195.0,269,0.6211507518171225,0
YPL129W,3,0.0,1.7357221153823566e-05,0.22609484853245645,0.00011677560167818829,0.0005029469356170728,17.666666666666668,3,18,41.22222222222222,195.0,336,0.5164356787491116,0
YBR290W,4,0.16666666666666666,0.00013856782874720357,0.2436220860699869,0.00014390522100036186,0.014005721203581978,75.75,3,0,0.0,0.0,0,0.0,0
YDR123C,2,0.0,1.237726105622479e-06,0.20258055084180554,0.00010485158361506336,0.00043810629730381846,5.0,2,1,2.0,2.0,1,0.0,1
YJR104C,11,0.16363636363636364,0.00043019704882636174,0.25731071974884473,0.00034917677451873596,0.014023922149737826,37.72727272727273,7,1,2.0,2.0,1,0.0,0
YBR296C,3,0.0,0.00043114826220853495,0.1777403470549713,0.00027940130353067073,2.4814479484606525e-06,1.6666666666666667,1,0,0.0,0.0,0,0.0,0
YHR188C,3,0.0,0.0006924179559960151,0.21785605573210354,0.00020341739997831526,8.829964411969693e-05,11.666666666666666,2,1,5.0,5.0,4,1.0,1
YLR137W,1,0.0,0.0,0.15007964753991881,0.0001151287452174356,6.9676268317421e-08,3.0,1,0,0.0,0.0,0,0.0,0
YML089C,1,0.0,0.0,0.15007964753991881,0.0001151287452174356,6.9676268317421e-08,3.0,1,0,0.0,0.0,0,0.0,0
YCL004W,2,0.0,2.6899550198633816e-06,0.18512803054109464,0.00011712582119218596,1.2534914566353917e-05,4.0,2,0,0.0,0.0,0,0.0,1
YER026C,2,0.0,0.0007838355527017467,0.21138443655302425,0.00011483726268208061,3.854503435299569e-05,13.5,2,0,0.0,0.0,0,0.0,1
YCL009C,3,0.0,0.00015515245611988091,0.23334675904351732,0.00014741099424357264,0.001974414361345471,40.333333333333336,2,1,2.0,2.0,1,0.0,0
YER094C,2,0.0,4.509737927723308e-06,0.19960536424793507,0.00011726531401236298,7.200665101192152e-05,3.5,2,7,21.142857142857142,46.0,48,0.9485815602836879,1
YCL014W,2,0.0,0.00021557413110426748,0.15139665436850436,0.00018919100725385465,2.0322244709129882e-07,2.5,1,0,0.0,0.0,0,0.0,0
YIL104C,4,0.0,0.0004811604415778527,0.17957529073473844,0.00028188134017678956,7.237097809964778e-06,3.25,2,1,2.0,2.0,1,0.0,1
YJR092W,1,0.0,0.0,0.130853915959206,0.0001142656033633631,5.7127338460484804e-09,2.0,1,0,0.0,0.0,0,0.0,0
YCL016C,71,0.1533199195171026,0.004218388219085485,0.29745553788277784,0.0017173469177413367,0.12199349621169372,36.32394366197183,14,1,7.0,7.0,6,1.0,0
YAR002W,9,0.4722222222222222,6.876696185930683e-05,0.2536359551943758,0.00022614301085219105,0.021315575092849315,66.88888888888889,9,1,59.0,59.0,58,1.0,0
YBR231C,17,0.3161764705882353,0.004210757566165194,0.28820695440571886,0.00045713707048385105,0.05757398888007479,104.11764705882354,12,2,48.0,83.0,82,1.0,0
YCL061C,30,0.34022988505747126,0.0015478700822856286,0.27472008275797954,0.0007249003056955595,0.04576883442320633,38.166666666666664,12,1,3.0,3.0,2,1.0,0
YDL013W,11,0.10909090909090909,0.0020762208719016157,0.27649919495743264,0.0003534270592482738,0.011081500978240547,58.72727272727273,7,2,30.0,58.0,57,1.0,1
YDR004W,14,0.46153846153846156,0.0002826091950505352,0.2622599238887059,0.0003545193505845483,0.02602718228132505,46.214285714285715,10,4,58.75,195.0,194,1.0,0
YDR217C,16,0.3416666666666667,0.0003769784845780482,0.26629138747018666,0.00040593004700352963,0.030386055054147175,47.875,12,0,0.0,0.0,0,0.0,0
YEL037C,11,0.09090909090909091,0.0012151190951737653,0.24663573306770176,0.000449716643676736,0.012924181169433063,27.181818181818183,4,7,42.57142857142857,195.0,240,0.6874128312412832,0
YER007W,23,0.5019762845849802,0.0005180132029119558,0.2762101021573726,0.0005368198536986488,0.07295175269752503,60.95652173913044,14,0,0.0,0.0,0,0.0,0
YER095W,19,0.2573099415204678,0.002160207929927946,0.26190242228851063,0.0005516828484234015,0.02073526611866209,33.78947368421053,10,3,77.66666666666667,195.0,194,1.0,0
YER164W,2,1.0,0.0,0.2364138482753103,7.384160087359307e-05,0.007826754248732243,89.5,2,4,47.25,133.0,149,0.8233266823870851,0
YGL066W,5,0.5,2.8919486458751182e-05,0.2480832957691204,0.00014710395200918372,0.014456938369332529,66.6,4,8,61.5,195.0,255,0.7764397097421646,0
YGL086W,28,0.5105820105820106,0.00045581477919001906,0.27338743893113465,0.0006176485821118517,0.09184700964039062,68.14285714285714,14,2,30.5,59.0,58,1.0,0
YGL163C,13,0.6666666666666666,4.725097613222307e-05,0.26723419063755915,0.00030836811255970353,0.03182423379892727,61.92307692307692,12,3,77.66666666666667,195.0,194,1.0,0
YGR184C,5,0.4,0.0008704729040717043,0.23722321210653682,0.00015568830129632967,0.01246752883993801,53.2,4,1,46.0,46.0,45,1.0,0
YGR188C,24,0.5579710144927537,0.0004394323078425268,0.27516718920085104,0.0005307548259777953,0.07894389828437345,64.95833333333333,14,3,33.333333333333336,55.0,54,1.0,0
YHL023C,2,1.0,0.0,0.23815884569045936,7.719327133353938e-05,0.005856679649910463,84.0,2,0,0.0,0.0,0,0.0,0
YHR031C,21,0.2761904761904762,0.0005081975857087861,0.2636997437965109,0.0005394175645307399,0.024820541406352682,32.19047619047619,11,0,0.0,0.0,0,0.0,0
YJL030W,46,0.24154589371980675,0.004623098310090989,0.286623936618585,0.0011406852249000066,0.10149977501377128,44.21739130434783,14,5,32.6,59.0,114,0.4817574910728148,0
YJL092W,33,0.26325757575757575,0.0023438296884469695,0.2748808735978587,0.000846540512379769,0.03674957568315975,31.181818181818183,12,0,0.0,0.0,0,0.0,0
YJR145C,7,0.09523809523809523,0.001024134355848526,0.2511941043153428,0.00022636172717235598,0.014573857670367662,55.57142857142857,5,7,227.28571428571428,559.0,589,0.9439786101197695,0
YLR123C,1,0.0,0.0,0.22733519030356977,5.3516572693435874e-05,0.0034188929361521894,71.0,1,0,0.0,0.0,0,0.0,0
YML094W,159,0.08255712124830826,0.02271310397846059,0.3227583379134295,0.003789270405876955,0.2511030511410465,26.89308176100629,14,3,6.0,7.0,6,1.0,0
YMR048W,52,0.18778280542986425,0.007474309610902004,0.2886793602864549,0.00134291439930391,0.0917117941796136,41.65384615384615,14,1,3.0,3.0,2,1.0,0
YMR179W,1,0.0,0.0,0.22733519030356977,5.3516572693435874e-05,0.0034188929361521894,71.0,1,0,0.0,0.0,0,0.0,1
YMR224C,17,0.18382352941176472,0.0009841555095925652,0.2734935744622629,0.00044776897842848664,0.025214107500701414,47.588235294117645,11,4,59.5,195.0,194,1.0,0
YNL206C,4,0.16666666666666666,7.42832010303712e-05,0.24546127719595082,0.00016076384043657783,0.006814425725435873,41.75,3,0,0.0,0.0,0,0.0,0
YNL250W,52,0.1033182503770739,0.0046651830450973,0.29036499232769614,0.001301377059674228,0.051493321755036355,27.826923076923077,12,4,59.5,195.0,194,1.0,0
YNL273W,33,0.3390151515151515,0.0010948970833294723,0.27315776097416783,0.0007851413492035725,0.05425290353431392,39.39393939393939,12,1,3.0,3.0,2,1.0,0
YOR195W,14,0.3956043956043956,0.0006512086269287995,0.26708221871062005,0.0003474830301841208,0.0367708461491054,62.5,11,2,49.0,55.0,54,1.0,0
YOR349W,37,0.47597597597597596,0.00024146047713082558,0.28288336188691426,0.0007902534231771927,0.11184900238490239,54.75675675675676,14,0,0.0,0.0,0,0.0,0
YPL008W,31,0.41935483870967744,0.0011806129078955623,0.2781366844320769,0.0007176893706249866,0.08664191919468968,54.83870967741935,14,0,0.0,0.0,0,0.0,0
YPL194W,24,0.27898550724637683,0.0017538378242236683,0.2738834441336275,0.0006664857731315113,0.03621835435065147,42.833333333333336,12,2,2.5,3.0,2,1.0,0
YPL241C,28,0.46296296296296297,0.0003757997640955013,0.2786500885565477,0.0006167174245248544,0.08380402290106477,55.214285714285715,14,3,39.666666666666664,73.0,72,1.0,0
YPR036W,2,0.0,6.922861512923846e-07,0.23517738793269197,7.622256094661208e-05,0.003872774906531725,51.5,2,5,12.8,15.0,15,0.9904761904761905,0
YPR135W,108,0.10938040844582901,0.013457411337191189,0.30691571255549466,0.002584693845723569,0.15727296968671076,29.685185185185187,14,0,0.0,0.0,0,0.0,0
YCL017C,2,0.0,2.7583330880034064e-08,0.20815735217739945,9.225643150088039e-05,0.0006266938262523617,8.5,2,1,2.0,2.0,1,0.0,1
YCL018W,2,0.0,0.0006467223933128024,0.18311498476429722,0.00018031038766042813,2.345601533418618e-05,2.5,1,0,0.0,0.0,0,0.0,0
YDR160W,2,0.0,0.00043114826220853495,0.15391607287576553,0.00021434161596140303,6.5792247483957e-07,2.0,1,0,0.0,0.0,0,0.0,1
YHR189W,2,0.0,0.00027926633571058885,0.22423571317317098,0.0001169805540189719,0.001991255657896167,30.0,2,0,0.0,0.0,0,0.0,0
YOL030W,3,0.0,0.0002488656584620204,0.1874764123708983,0.00020272658654414718,4.253153990622992e-05,3.3333333333333335,2,0,0.0,0.0,0,0.0,0
YBR038W,4,0.0,0.00016437789163158316,0.1889176362435985,0.00021475428001473367,3.949123797360594e-05,3.75,2,0,0.0,0.0,0,0.0,1
YCL024W,1,0.0,0.0,0.2059664356940977,6.347257234782299e-05,0.0001084534411568027,10.0,1,0,0.0,0.0,0,0.0,0
YKR048C,10,0.044444444444444446,0.0013583647356746956,0.26190242228851063,0.00035945359440335984,0.003868702440564496,25.4,6,1,11.0,11.0,10,1.0,0
YCL025C,2,0.0,4.666462434408391e-05,0.21396320897566554,0.00010218234753044272,0.00016723878303412162,22.0,2,0,0.0,0.0,0,0.0,0
YIR038C,23,0.015810276679841896,0.002435494729796052,0.2458038609743122,0.0010703576372850566,0.0006610421482485728,8.26086956521739,4,0,0.0,0.0,0,0.0,0
YCL027W,25,0.016666666666666666,0.008328811272543691,0.26337112551026687,0.0010096506783745269,0.004756957931826097,15.84,7,0,0.0,0.0,0,0.0,0
YAL017W,1,0.0,0.0,0.20687368800480974,6.725271295451445e-05,0.00013338528063283248,25.0,1,0,0.0,0.0,0,0.0,0
YAL031C,1,0.0,0.0,0.20687368800480974,6.725271295451445e-05,0.00013338528063283248,25.0,1,0,0.0,0.0,0,0.0,0
YER032W,12,0.0,0.003216923127478895,0.2663920837785513,0.0004389177639927821,0.0033465359988364978,24.583333333333332,7,0,0.0,0.0,0,0.0,0
YER118C,24,0.021739130434782608,0.0070309280517227065,0.27039682659379943,0.0008244530341423299,0.006868481813816535,14.291666666666666,7,0,0.0,0.0,0,0.0,0
YGR070W,2,0.0,4.853757741796178e-06,0.21595275089737254,9.442462112291017e-05,0.0003098180805668985,17.0,2,0,0.0,0.0,0,0.0,0
YIL159W,11,0.12727272727272726,0.001171593609805305,0.25313469836592845,0.00035790039974390955,0.004644736323467267,20.818181818181817,6,0,0.0,0.0,0,0.0,0
YKL105C,1,0.0,0.0,0.20687368800480974,6.725271295451445e-05,0.00013338528063283248,25.0,1,0,0.0,0.0,0,0.0,0
YKR023W,1,0.0,0.0,0.20687368800480974,6.725271295451445e-05,0.00013338528063283248,25.0,1,0,0.0,0.0,0,0.0,0
YKR101W,3,0.0,0.002239206229323974,0.23888567838330918,0.0001682508749963353,0.0009003733539372622,35.0,2,2,47.5,83.0,82,1.0,0
YMR232W,4,0.16666666666666666,4.951681858678733e-05,0.23702367483397482,0.00015813481101928438,0.002563292683524558,25.25,3,0,0.0,0.0,0,0.0,0
YNL054W,2,0.0,2.2519226503069168e-05,0.20780939986795835,0.00011438609671154541,0.00013766484633537037,13.5,2,0,0.0,0.0,0,0.0,0
YNL058C,2,0.0,2.916448501709904e-05,0.2268593384131748,9.262507727432157e-05,0.0005441378317660318,20.5,2,0,0.0,0.0,0,0.0,0
YNL075W,2,0.0,0.0002449294893344574,0.207942303011476,0.00011236996157039714,0.00013452032515593422,14.0,2,2,302.5,559.0,558,1.0,1
YPR008W,2,0.0,3.7713209213591956e-05,0.2211617409645392,9.397463643203986e-05,0.0004436321830559489,18.0,2,0,0.0,0.0,0,0.0,0
YCL029C,45,0.22323232323232323,0.005328397444451912,0.29863241439269983,0.0010436291409785985,0.09405093942132059,43.77777777777778,14,7,37.57142857142857,73.0,136,0.4761437908496732,0
YDR289C,9,0.4444444444444444,0.00017846546389460203,0.26808163844195304,0.00023059532740030524,0.03882469829101319,109.66666666666667,9,1,3.0,3.0,2,1.0,0
YEL061C,76,0.1975438596491228,0.007033533600873569,0.30037259759197504,0.001780087653315005,0.15660854660821255,38.48684210526316,14,7,33.0,73.0,124,0.532520325203252,0
YER096W,4,0.0,0.00018371927482695695,0.25176265372054757,0.00014105123089734958,0.004923160313897051,60.75,4,0,0.0,0.0,0,0.0,0
YGL031C,3,0.0,1.3095127452987831e-05,0.24492080155952442,9.644363001043055e-05,0.00681032087825077,56.333333333333336,3,6,258.8333333333333,559.0,589,0.9439786101197695,0
YGR078C,159,0.07642703606400764,0.02106932123988998,0.31922386476204767,0.0038315699663935515,0.24320035274018115,25.50943396226415,14,3,6.0,7.0,6,1.0,0
YML124C,26,0.5446153846153846,0.0002792155844701314,0.27810008509206346,0.000586176617113242,0.08037151419454441,56.65384615384615,14,4,28.0,73.0,72,1.0,0
YMR055C,24,0.35144927536231885,0.0022893146890294526,0.27962709667334434,0.0005917202346114997,0.07382148673126279,70.95833333333333,14,1,2.0,2.0,1,0.0,0
YNL106C,7,0.14285714285714285,0.00023867311405929517,0.24792323264204782,0.00020928363676537157,0.01005652327642237,35.285714285714285,5,0,0.0,0.0,0,0.0,0
YOR026W,17,0.7426470588235294,3.688949883010618e-05,0.27089939071423913,0.0003742116099503094,0.06861577935378248,80.3529411764706,14,4,26.0,55.0,56,0.9318181818181818,0
YOR058C,30,0.42298850574712643,0.00044096039526984025,0.2790916601726162,0.0006785563336726004,0.08633178405355023,55.56666666666667,14,3,39.666666666666664,73.0,72,1.0,0
YOR265W,17,0.5661764705882353,0.0019735050931725434,0.28051786523190025,0.0004116920835090275,0.05672472224262515,78.82352941176471,13,3,39.666666666666664,73.0,72,1.0,0
YPL155C,19,0.4853801169590643,0.0004463820630076479,0.27461299332863004,0.0004363988286012431,0.06379755825051714,70.05263157894737,14,5,26.6,73.0,73,0.974124809741248,0
YPL269W,27,0.4017094017094017,0.0003781097115124406,0.27611988459068937,0.0006142446434752196,0.07611579642589754,51.333333333333336,14,0,0.0,0.0,0,0.0,0
YCL030C,1,0.0,0.0,0.19624138508353559,5.9364262907931546e-05,0.0001464014901657673,12.0,1,0,0.0,0.0,0,0.0,0
YCL031C,3,0.0,0.00043114826220853495,0.20831123125101145,0.00023490023797319854,0.00011520196858254599,6.666666666666667,1,3,5.0,6.0,7,0.7142857142857143,1
YOL082W,18,0.032679738562091505,0.0028851316290059176,0.265638712500897,0.0006956085882467107,0.00410311582658277,23.0,7,0,0.0,0.0,0,0.0,0
YCL032W,10,0.08888888888888889,0.003761591518670643,0.2431456047695739,0.00039213063520464477,0.001334472272862159,18.4,6,0,0.0,0.0,0,0.0,0
YDR309C,15,0.2,0.0010125162147870948,0.25556824435058184,0.0004449819043177701,0.008983008660286366,20.333333333333332,8,0,0.0,0.0,0,0.0,0
YHR061C,13,0.21794871794871795,0.0007640693026182893,0.25371207642942817,0.0003708685336606514,0.009806013397878096,24.846153846153847,8,0,0.0,0.0,0,0.0,0
YMR117C,31,0.04086021505376344,0.0069772281517224526,0.27276995310494795,0.0010395611638190064,0.009490851130430664,14.290322580645162,8,8,26.5,55.0,75,0.6731531531531532,1
YCL037C,10,0.044444444444444446,0.0008196464251043788,0.2620973022455679,0.00030887123081337043,0.008060024164102588,55.8,7,3,192.66666666666666,559.0,561,0.9893430099312452,0
YDR170C,2,0.0,1.2315039040959633e-05,0.21688353395834947,9.174825633052387e-05,0.0002702138975949185,13.0,2,2,60.0,95.0,94,1.0,1
YCL038C,3,0.0,0.00022085221225909106,0.22893588221384784,0.00015240179038710893,0.0012527574186879137,40.333333333333336,3,0,0.0,0.0,0,0.0,0
YMR009W,4,0.0,0.00023844888490278128,0.20820861993568163,0.0002218165129674827,0.00010166292371808559,9.25,3,0,0.0,0.0,0,0.0,0
YDR516C,3,0.0,0.0005672204515822434,0.2469238925875846,0.00017836059063170605,0.0008007474482329614,98.0,2,0,0.0,0.0,0,0.0,0
YJL071W,2,0.0,1.1668567198459088e-05,0.20297940805389322,0.00011304574118718786,4.361614538508526e-05,5.0,2,1,2.0,2.0,1,0.0,0
YML099C,4,0.0,0.00031095748761420406,0.2185205600638098,0.00020628853460974376,0.00023341925356390128,11.25,2,3,91.33333333333333,195.0,194,1.0,0
YCL043C,4,0.0,0.0006467223933128024,0.14393173266980874,0.0004207501461043024,3.5842786471037394e-08,1.25,1,0,0.0,0.0,0,0.0,1
YDR518W,1,0.0,0.0,0.1252397983204229,0.0001286644320128862,1.0076820966552913e-09,4.0,1,0,0.0,0.0,0,0.0,0
YLR354C,1,0.0,0.0,0.1252397983204229,0.0001286644320128862,1.0076820966552913e-09,4.0,1,0,0.0,0.0,0,0.0,0
YOR288C,2,0.0,0.0008622612581079449,0.16914138428628542,0.00019390304044014612,1.2738109302438562e-06,3.0,1,0,0.0,0.0,0,0.0,0
YGL115W,13,0.038461538461538464,0.0029115409310150465,0.2534230585355401,0.000505773191389788,0.003511025199648501,27.0,5,6,6.0,16.0,15,1.0,0
YCL051W,3,0.0,0.0004424011388858359,0.2313796361569013,0.00014686968934264448,0.00020297139606598907,43.666666666666664,3,0,0.0,0.0,0,0.0,0
YMR035W,4,0.0,8.81187945658796e-05,0.2250595385397089,0.000165027074012461,0.0006623600160065066,18.75,3,3,4.333333333333333,8.0,8,0.7857142857142857,0
YCL052C,1,0.0,0.0,0.1844091965147364,8.400567850667998e-05,1.6492007033081922e-05,4.0,1,0,0.0,0.0,0,0.0,1
YEL060C,4,0.0,0.00046001552569670213,0.22800966627005465,0.000239789191434226,0.0005881947771132488,15.25,2,0,0.0,0.0,0,0.0,0
YCL054W,5,0.2,0.0001590510540487023,0.19713834211623865,0.0002312941260579044,1.9806888288859105e-05,12.2,3,0,0.0,0.0,0,0.0,1
YDL014W,4,0.3333333333333333,3.107581478249619e-05,0.19246166985312235,0.0001925260762721791,2.3960520815995102e-05,4.25,3,10,123.2,559.0,619,0.8502282102357388,1
YOR310C,3,0.6666666666666666,4.9861851620447335e-06,0.1909919657184164,0.00014815733022422914,2.36382671328684e-05,4.666666666666667,3,7,111.71428571428571,559.0,619,0.8502282102357388,1
YGL036W,1,0.0,0.0,0.17492315814079923,7.580420190938291e-05,1.271387002859986e-05,5.0,1,0,0.0,0.0,0,0.0,0
YMR147W,6,0.0,0.00041512335806936115,0.23736975309228242,0.00026140412127316975,0.0005431976376467281,18.0,3,0,0.0,0.0,0,0.0,0
YNL196C,2,0.0,9.263743822954963e-05,0.22599813897846724,0.0001108578829607572,0.0008472778706159619,49.0,2,0,0.0,0.0,0,0.0,0
YCL056C,4,0.0,0.0023738020912688782,0.2173631180352912,0.0002503349677379077,0.0012738945485855767,9.25,2,0,0.0,0.0,0,0.0,0
YDL157C,1,0.0,0.0,0.17738231538521435,8.664293098479284e-05,3.571217722419072e-05,4.0,1,0,0.0,0.0,0,0.0,0
YNL100W,1,0.0,0.0,0.17738231538521435,8.664293098479284e-05,3.571217722419072e-05,4.0,1,0,0.0,0.0,0,0.0,0
YCL058C,2,0.0,5.193784523181315e-05,0.22493976868257534,9.558500814943114e-05,0.0005990238314781958,23.0,2,0,0.0,0.0,0,0.0,0
YPL215W,5,0.0,0.0006342110901590188,0.24570384196444064,0.0002268834472792567,0.00712436221608739,44.4,3,0,0.0,0.0,0,0.0,0
YCL059C,1,0.0,0.0,0.1723483463125086,7.717900204448321e-05,9.219828514294637e-06,4.0,1,2,302.5,559.0,558,1.0,1
YGL201C,4,0.0,0.00025642660031662397,0.20985220898194187,0.0002079231075039021,0.00032885574781123803,5.25,3,6,22.333333333333332,56.0,57,0.9505012531328321,1
YHR191C,58,0.2014519056261343,0.0036082290469576527,0.2943074218990581,0.001322693746572551,0.11568305275625602,43.48275862068966,14,1,7.0,7.0,6,1.0,0
YMR078C,65,0.17163461538461539,0.004416740944620988,0.295666143908385,0.0014912801227206039,0.11867690900038089,38.8,14,1,7.0,7.0,6,1.0,0
YOR024W,2,0.0,3.0985026359980223e-07,0.23364342453785159,7.716354924256508e-05,0.0037204981858839237,63.5,2,0,0.0,0.0,0,0.0,0
YOR025W,11,0.18181818181818182,0.0025167557691214556,0.2509554825930222,0.0003513972682794295,0.00868038680694504,26.90909090909091,8,2,47.5,83.0,82,1.0,0
YOR368W,13,0.5,0.0003116714486394901,0.2652552992352854,0.0003477383333900345,0.01823904932120821,48.30769230769231,10,1,3.0,3.0,2,1.0,0
YCL063W,7,0.0,0.0009951570914471727,0.259331443236657,0.00033791235627717156,0.001785367752028309,58.0,3,0,0.0,0.0,0,0.0,0
YER150W,1,0.0,0.0,0.2043730390346327,7.381418864432416e-05,5.0067400992423464e-05,7.0,1,0,0.0,0.0,0,0.0,0
YJL043W,1,0.0,0.0,0.2043730390346327,7.381418864432416e-05,5.0067400992423464e-05,7.0,1,0,0.0,0.0,0,0.0,0
YCL067C,4,0.0,0.00023106957631797875,0.2364138482753103,0.0001803460008835294,0.0012181122589467479,32.0,3,0,0.0,0.0,0,0.0,1
YMR043W,5,0.0,0.0006736264821333114,0.23430394641431668,0.00023981349422010843,0.000315588590657849,23.6,3,3,91.33333333333333,195.0,194,1.0,1
YOL006C,32,0.056451612903225805,0.005157162730332589,0.2773337178212895,0.0009886741347497863,0.017870146432793246,21.75,11,3,29.333333333333332,56.0,55,1.0,0
YOR209C,2,0.0,0.00021557413110426748,0.24336959887806728,0.0001561913690324795,0.0007757209132410051,143.5,1,0,0.0,0.0,0,0.0,0
YCR001W,1,0.0,0.0,0.00021992522542335605,0.00021987686895338611,3.4130130264064307e-22,1.0,1,0,0.0,0.0,0,0.0,0
YOR241W,1,0.0,0.0,0.00021992522542335605,0.00021987686895338611,3.4130130264064307e-22,1.0,1,0,0.0,0.0,0,0.0,0
YCR002C,8,0.4642857142857143,0.00011569939324839055,0.23702367483397482,0.00021596554881212664,0.004324732029463502,19.75,7,4,23.25,73.0,72,1.0,0
YDL029W,50,0.1510204081632653,0.005977459112673222,0.29635022038240716,0.0012311382846829978,0.06768212560975002,38.02,12,7,35.285714285714285,95.0,163,0.5252594107399834,1
YDL225W,15,0.3238095238095238,0.0006673983168696256,0.2583171297020273,0.0003637082035941932,0.02224975683665026,41.0,9,4,23.25,73.0,72,1.0,0
YDR507C,9,0.3888888888888889,0.00016769644011562797,0.24367826549719088,0.0002512239429513017,0.004346771072089782,21.333333333333332,7,0,0.0,0.0,0,0.0,0
YJR076C,11,0.2545454545454545,0.00037607225141105113,0.23686428654044678,0.0003275993137970154,0.004648837538058511,13.090909090909092,7,4,23.25,73.0,72,1.0,1
YLL021W,18,0.0784313725490196,0.0010636986940881397,0.2633219033961047,0.0005085122268117174,0.010763829157660915,25.833333333333332,8,2,4.0,5.0,4,1.0,0
YLR314C,7,0.47619047619047616,7.620156315011535e-05,0.2301826059638552,0.00020493494231286645,0.0017578053607036485,13.428571428571429,6,4,23.25,73.0,72,1.0,1
YCR003W,1,0.0,0.0,0.00021992522542335605,0.00021987686895338611,3.4130130264064307e-22,1.0,1,7,202.14285714285714,559.0,589,0.9439786101197695,0
YIR039C,1,0.0,0.0,0.00021992522542335605,0.00021987686895338611,3.4130130264064307e-22,1.0,1,0,0.0,0.0,0,0.0,0
YCR004C,2,0.0,0.00021556531452698622,0.16168782776047252,0.0002021647864051537,1.0517475226946969e-06,2.0,1,0,0.0,0.0,0,0.0,0
YCR005C,2,0.0,1.9099326534437422e-06,0.17321708029318386,0.000156495192392458,5.670007727906316e-06,2.0,2,0,0.0,0.0,0,0.0,0
YBR095C,5,0.4,2.268809598060327e-05,0.25234884736204616,0.00014176248870042944,0.01461180623387093,88.0,5,3,58.0,133.0,132,1.0,0
YBR255W,6,0.6666666666666666,0.00015769401318588012,0.2540780952941977,0.00016754020078974473,0.02545286004619873,104.16666666666667,5,0,0.0,0.0,0,0.0,0
YCR034W,6,0.06666666666666667,0.00018118428740307373,0.2528621197244719,0.00020513636585307846,0.004378068640910688,34.666666666666664,4,2,4.0,5.0,4,1.0,0
YDL117W,7,0.47619047619047616,1.1649316028432195e-05,0.24834566353197843,0.00018024299373363523,0.01421936078356124,56.285714285714285,7,0,0.0,0.0,0,0.0,0
YIL084C,7,0.7142857142857143,0.00014675508028406668,0.2544451717622365,0.00019489205565640112,0.02635546279406593,89.71428571428571,6,4,46.25,133.0,133,0.9859876965140123,0
YIR003W,4,0.5,0.0004449050717161527,0.2572324241306155,0.0001371190545896708,0.006898107230974408,113.0,4,2,452.5,559.0,558,1.0,0
YJL020C,37,0.13963963963963963,0.004797805794533403,0.2790363872005725,0.0010025564151414175,0.05630710799336821,39.5945945945946,12,0,0.0,0.0,0,0.0,0
YKL007W,15,0.17142857142857143,0.0008163028593109901,0.26117419632441136,0.0004143734382237858,0.020396482991594155,39.93333333333333,10,5,27.2,73.0,73,0.9729832572298326,0
YKL204W,3,0.3333333333333333,0.00032525769672861265,0.23113923515690232,0.00011096719647393975,0.0045552582767032475,46.666666666666664,3,1,3.0,3.0,2,1.0,0
YKL213C,6,0.06666666666666667,0.00039795725430753044,0.2468373740547929,0.00020120748439150367,0.007248960297793294,47.166666666666664,5,0,0.0,0.0,0,0.0,0
YLR372W,4,0.16666666666666666,4.241325808716535e-05,0.23584662388763938,0.00014842713184122036,0.0036396437386961686,35.0,3,0,0.0,0.0,0,0.0,0
YMR263W,56,0.045454545454545456,0.014388090348877941,0.30789941676240334,0.001511709393318719,0.04778173801015402,28.410714285714285,12,6,32.166666666666664,133.0,133,0.9859876965140123,0
YNL097C,7,0.14285714285714285,0.00011113922511107771,0.252846993677949,0.000211389870171006,0.013856451941619543,59.42857142857143,5,4,46.25,133.0,133,0.9859876965140123,0
YPL050C,7,0.23809523809523808,0.0007092283615346717,0.24890137753587754,0.00022569180014826652,0.007718680146009721,45.142857142857146,5,4,6.0,9.0,11,0.7818181818181819,0
YCR011C,1,0.0,0.0,0.1836719764182972,6.817726843458514e-05,1.0497887526954947e-05,11.0,1,0,0.0,0.0,0,0.0,0
YCR012W,3,0.0,0.0001375512704152277,0.2183399552308628,0.00015988275087522333,0.0001473700798466097,17.333333333333332,2,1,11.0,11.0,10,1.0,1
YCR014C,2,0.0,0.00021557413110426748,0.19876061287098057,0.00015919240829139579,3.014866553576148e-05,3.5,1,2,43.0,56.0,55,1.0,0
YJL110C,6,0.06666666666666667,0.0009352092368644298,0.25033125219510055,0.00028825784704721534,0.0010739514880259747,56.666666666666664,4,0,0.0,0.0,0,0.0,0
YCR018C,1,0.0,0.0,0.18385572828683222,7.827277417253595e-05,2.362406568166407e-05,4.0,1,3,78.33333333333333,131.0,130,1.0,0
YDR087C,4,0.16666666666666666,0.0007378090916204027,0.2271641421676935,0.0002169143682969601,0.0008426331438718146,34.75,3,3,195.33333333333334,559.0,558,1.0,1
YEL053C,7,0.42857142857142855,8.64817888066599e-05,0.2593632689031277,0.00019917116605764777,0.02445111853077835,110.42857142857143,5,1,3.0,3.0,2,1.0,0
YFR037C,9,0.05555555555555555,0.0032876632305646517,0.23809177002840493,0.00043463453519380793,0.00044552111968361886,15.555555555555555,4,3,36.666666666666664,83.0,83,0.9782544813399942,1
YCR021C,3,0.0,0.0003017005702499719,0.22497568625262257,0.00017583409404895556,0.00040084736187539545,37.666666666666664,2,0,0.0,0.0,0,0.0,0
YJL068C,1,0.0,0.0,0.18241954137992633,8.249576602960225e-05,1.1239383261941288e-05,3.0,1,0,0.0,0.0,0,0.0,0
YCR022C,1,0.0,0.0,0.21915503672495842,5.979671918265808e-05,0.0010156992707032653,60.0,1,0,0.0,0.0,0,0.0,0
YCR023C,1,0.0,0.0,0.16520140675815964,9.004928100579419e-05,8.758046912603393e-06,2.0,1,0,0.0,0.0,0,0.0,0
YCR027C,1,0.0,0.0,0.17519867335299152,7.507235735825847e-05,2.657389049435931e-06,5.0,1,0,0.0,0.0,0,0.0,0
YCR028C,1,0.0,0.0,0.17532948371139342,7.883434081055205e-05,2.838085273112231e-05,4.0,1,0,0.0,0.0,0,0.0,0
YMR020W,4,0.0,0.0002803368865138896,0.21428862830490608,0.00021531688750861677,0.001012353046247305,7.5,2,0,0.0,0.0,0,0.0,0
YCR028C-A,1,0.0,0.0,0.16333100944063808,9.654811421207603e-05,8.601525593744708e-07,3.0,1,0,0.0,0.0,0,0.0,0
YJR126C,2,0.0,2.84447541901525e-05,0.2270543185063533,0.00012381498068324547,0.00027499031236933116,53.0,2,0,0.0,0.0,0,0.0,0
YMR132C,1,0.0,0.0,0.18985102377444632,8.584666958625313e-05,2.2377528046657154e-05,5.0,1,0,0.0,0.0,0,0.0,0
YCR031C,3,0.3333333333333333,0.0004038909985892494,0.23027038534072092,0.00012314731418218563,0.0023359991408776356,33.333333333333336,2,8,204.625,559.0,589,0.9439786101197695,0
YJL191W,2,0.0,6.0718723124351757e-05,0.21308949351251627,9.421530568539543e-05,0.00031510851835215106,9.0,2,8,204.625,559.0,589,0.9439786101197695,0
YMR202W,4,0.0,0.00041777348371560856,0.2662410678580419,0.00015440649498190092,0.0038710539090247736,112.75,4,0,0.0,0.0,0,0.0,0
YCR035C,6,0.4,0.000902716293286669,0.245318815630544,0.00025755687310813515,0.00151351221834048,35.166666666666664,4,6,32.166666666666664,131.0,136,0.9196078431372549,1
YDL111C,5,0.6,7.61123270905236e-05,0.2131539683970889,0.00022287557134033562,9.184996494657396e-05,5.8,4,6,32.166666666666664,131.0,136,0.9196078431372549,1
YHR069C,5,0.6,0.00021557413110426748,0.20232842818985558,0.0002485957455885351,4.9836665535119455e-05,4.8,4,6,32.166666666666664,131.0,136,0.9196078431372549,1
YOL021C,5,0.6,0.00012605802451811835,0.21659457818674216,0.0002211927562198565,9.27948116089403e-05,7.0,4,6,32.166666666666664,131.0,136,0.9196078431372549,1
YCR036W,1,0.0,0.0,0.20533607934487602,6.589367181528363e-05,9.91939557031161e-05,15.0,1,0,0.0,0.0,0,0.0,0
YGL153W,15,0.05714285714285714,0.0037194053879741496,0.2608840385948817,0.0005810915985546129,0.003537487997937551,16.933333333333334,5,1,3.0,3.0,2,1.0,0
YDR532C,5,0.0,0.00035124920184022036,0.23270442596973534,0.0002361609960123853,0.00046195788177468716,23.4,3,0,0.0,0.0,0,0.0,1
YHR119W,3,0.0,0.00023489164771489397,0.24054422907547648,0.0001376812992276701,0.0017019997977244913,62.333333333333336,3,2,45.5,83.0,82,1.0,0
YCR039C,3,0.0,9.47374433983711e-05,0.21117322108884257,0.0001554751263901685,4.316191491935396e-05,10.666666666666666,3,0,0.0,0.0,0,0.0,1
YDR224C,2,0.0,9.471900790570251e-06,0.16346365508988603,0.00013271189963287705,4.6048801645771577e-07,3.0,2,3,7.333333333333333,11.0,12,0.696969696969697,1
YJL031C,2,0.0,0.0021434227892652875,0.1997751769219337,0.0001529117429315834,4.169230950545093e-05,3.0,1,3,3.6666666666666665,6.0,5,1.0,1
YCR042C,1,0.0,0.0,0.21439732149704657,6.169010357115159e-05,7.526216239818381e-05,35.0,1,8,59.25,195.0,266,0.731961980422755,1
YDR182W,2,0.0,4.9403408149588675e-06,0.2166722982014698,8.735343312601349e-05,0.0007670818328320152,12.0,2,0,0.0,0.0,0,0.0,1
YCR045C,1,0.0,0.0,0.16495641559921453,8.484803958939234e-05,5.174939574630741e-07,4.0,1,0,0.0,0.0,0,0.0,0
YOR348C,4,0.0,0.002184466436906694,0.19899454796451546,0.0002414986299777894,1.84305287011019e-05,2.5,2,0,0.0,0.0,0,0.0,0
YCR046C,2,0.0,2.4163627564719675e-05,0.2280219665163874,9.02234117423388e-05,0.0010549325454919099,49.5,2,8,177.375,559.0,589,0.9439786101197695,0
YDL049C,45,0.00909090909090909,0.00825374517315357,0.26500584284102024,0.001662905347340561,0.008091573749690538,8.155555555555555,8,0,0.0,0.0,0,0.0,0
YCR047C,2,0.0,2.5424353865628588e-05,0.1866485557411584,0.000155519034811172,7.797638460870214e-06,3.0,2,0,0.0,0.0,0,0.0,0
YNL282W,2,0.0,0.0018511327879473965,0.2270665158911777,0.00013652844903020705,0.0002528316099296428,51.5,2,7,106.71428571428571,559.0,619,0.8502282102357388,1
YCR048W,3,0.3333333333333333,8.571444891222712e-05,0.20254172185127572,0.0001655994764152458,4.508848654195042e-05,4.333333333333333,2,0,0.0,0.0,0,0.0,0
YCL026C-A,5,0.0,0.0010474623820491639,0.24338361221363927,0.00023990082381589972,0.0006719222536528699,52.0,3,0,0.0,0.0,0,0.0,0
YNR019W,3,0.3333333333333333,0.00043114826220853495,0.19015850248849525,0.00019502493065770096,2.6783631559837597e-05,3.3333333333333335,2,0,0.0,0.0,0,0.0,0
YCR052W,5,0.1,0.0001285069848038453,0.22359517527053918,0.00020614805331822285,0.0008202670753463627,7.4,3,3,36.666666666666664,83.0,83,0.9782544813399942,1
YLR321C,9,0.08333333333333333,0.0008433591194891277,0.25064297873068503,0.00035038016445664233,0.0012699160141754029,24.666666666666668,5,3,36.666666666666664,83.0,83,0.9782544813399942,1
YNL202W,3,0.0,6.367660457506603e-05,0.21823849614385962,0.0001384614222662445,0.00046762138993662237,26.0,3,0,0.0,0.0,0,0.0,0
YOR232W,9,0.05555555555555555,0.0037420943231343774,0.24281038564535115,0.00038447123299614516,0.0007276916616978575,19.444444444444443,3,3,8.0,11.0,10,1.0,1
YCR053W,1,0.0,0.0,0.17800232432048652,7.26261590147942e-05,3.1534561075919914e-06,12.0,1,0,0.0,0.0,0,0.0,0
YLR208W,12,0.0,0.00326090131505846,0.21829485065920948,0.0005578244986442062,0.00011235973344134238,4.583333333333333,4,8,33.0,95.0,163,0.479815193516625,1
YCR057C,3,0.0,0.0004017380030012712,0.2186788345653822,0.00020052327809367293,0.00016084601868826065,22.333333333333332,2,5,127.6,559.0,558,1.0,1
YGR154C,1,0.0,0.0,0.17825755707297034,8.97542005901631e-05,4.510171055691911e-06,3.0,1,0,0.0,0.0,0,0.0,0
YCR059C,3,0.0,0.00043114826220853495,0.24339762716309302,0.0002472747443914977,0.0007763339465131085,96.0,1,0,0.0,0.0,0,0.0,0
YDR400W,1,0.0,0.0,0.19434655355714162,0.00010270899241107893,2.1781065923617002e-05,3.0,1,0,0.0,0.0,0,0.0,0
YJL160C,1,0.0,0.0,0.19434655355714162,0.00010270899241107893,2.1781065923617002e-05,3.0,1,0,0.0,0.0,0,0.0,0
YCR060W,1,0.0,0.0,0.18249830289341018,8.33790326740286e-05,1.0518337003579826e-05,4.0,1,0,0.0,0.0,0,0.0,0
YHR034C,4,0.0,0.0032483728148853916,0.22509549437183263,0.00023789174282361678,0.00037493678490776663,25.25,2,2,289.5,559.0,558,1.0,0
YCR063W,1,0.0,0.0,0.19340394387162083,7.505370587879232e-05,2.5094000348462176e-05,4.0,1,0,0.0,0.0,0,0.0,0
YDR408C,4,0.16666666666666666,0.00030320147633238224,0.2419209703133169,0.00019852610994696313,0.0008950602372802175,33.0,3,0,0.0,0.0,0,0.0,0
YGL058W,4,0.0,0.00215611644537688,0.20995644711475625,0.00018103862121921828,0.0004429806340112166,5.25,3,2,24.0,46.0,46,0.9565217391304348,0
YPL218W,8,0.10714285714285714,0.0005213781043536128,0.23343696875872716,0.0002891524383048564,0.0010892166452512334,9.625,4,5,35.0,95.0,104,0.8676250933532487,1
YCR068W,1,0.0,0.0,0.2063585994880766,6.099132764909519e-05,0.000689858280272163,10.0,1,0,0.0,0.0,0,0.0,0
YCR073C,3,0.0,6.990279409836411e-05,0.21680566235711288,0.00013312047336409431,0.00028068579810677866,14.0,3,0,0.0,0.0,0,0.0,0
YLR006C,4,0.16666666666666666,7.217553910832106e-05,0.2049477886595361,0.0001813355485335516,4.4742705418454864e-05,11.0,3,0,0.0,0.0,0,0.0,0
YCR073W-A,2,0.0,0.00021557413110426748,0.1753585792115115,0.00017182600064733817,1.9064533989970963e-06,3.5,1,0,0.0,0.0,0,0.0,0
YKL205W,6,0.06666666666666667,0.0008050983725359196,0.21431035812575536,0.0003414563469051399,6.78461720724584e-05,5.333333333333333,3,3,74.0,131.0,130,1.0,1
YNR034W,1,0.0,0.0,0.14837796866339992,0.00010622857584922184,5.3558321830036743e-08,2.0,1,0,0.0,0.0,0,0.0,0
YCR075C,1,0.0,0.0,0.19477642474145307,6.264169480738942e-05,0.00013601981733058751,6.0,1,0,0.0,0.0,0,0.0,0
YDR414C,6,0.13333333333333333,0.0003048017714347434,0.24407224814148706,0.00020988468507730524,0.004849768846185132,42.333333333333336,5,0,0.0,0.0,0,0.0,0
YDR141C,1,0.0,0.0,0.2247603527232943,6.065631266161769e-05,0.0005636225971656862,38.0,1,1,2.0,2.0,1,0.0,1
YER115C,4,0.16666666666666666,0.00010784745094726037,0.2369705215739347,0.00015955535263582776,0.0010782992075690848,26.25,3,0,0.0,0.0,0,0.0,0
YGL143C,2,0.0,1.273326370760737e-05,0.23238458372171494,9.484943243197235e-05,0.0005851493133281396,23.5,2,0,0.0,0.0,0,0.0,0
YMR002W,3,0.0,5.748564007022572e-05,0.23532141149728722,0.0001147245758982158,0.0007808550920398734,19.666666666666668,3,0,0.0,0.0,0,0.0,0
YMR288W,1,0.0,0.0,0.2247603527232943,6.065631266161769e-05,0.0005636225971656862,38.0,1,7,109.28571428571429,559.0,561,0.9900942195059842,1
YNL088W,9,0.16666666666666666,0.0012262718425356878,0.2472127262436702,0.0003745802132382622,0.0009807805881332915,11.444444444444445,5,4,23.25,56.0,59,0.8714202220923437,1
YNR027W,1,0.0,0.0,0.2247603527232943,6.065631266161769e-05,0.0005636225971656862,38.0,1,0,0.0,0.0,0,0.0,0
YNR053C,7,0.19047619047619047,0.0005067025846218475,0.2459898267656563,0.00026567374540202257,0.0010399288401922461,23.285714285714285,5,0,0.0,0.0,0,0.0,1
YCR079W,1,0.0,0.0,0.00021992522542335605,0.00021987686895338611,3.4130130264064307e-22,1.0,1,0,0.0,0.0,0,0.0,0
YMR277W,1,0.0,0.0,0.00021992522542335605,0.00021987686895338611,3.4130130264064307e-22,1.0,1,0,0.0,0.0,0,0.0,1
YCR081W,3,0.0,0.00011255079203258973,0.23201466644605737,0.00012465821543817163,0.0014248961208037118,37.666666666666664,3,4,46.75,133.0,172,0.7451380388956889,0
YCR082W,6,0.2,0.0006722845838779825,0.26399620219313424,0.0002054960324166662,0.01480599168484855,78.66666666666667,5,0,0.0,0.0,0,0.0,0
YOR023C,10,0.26666666666666666,0.000760596374796728,0.25969791062388015,0.0002910659334185167,0.03468025902349977,82.2,6,2,69.0,133.0,132,1.0,0
YDR061W,2,0.0,2.252969490990552e-06,0.22202138845016667,8.979503546611735e-05,0.001563437110731415,20.0,2,0,0.0,0.0,0,0.0,0
YDR439W,2,0.0,8.018828950560316e-05,0.25053898365919464,9.750688158554295e-05,0.0021651010073912027,158.0,2,3,20.333333333333332,55.0,54,1.0,0
YFL008W,22,0.1471861471861472,0.003089759958213414,0.26445868693701263,0.0005911905432161328,0.016947989996321217,21.136363636363637,9,4,6.0,9.0,8,1.0,1
YGL175C,6,0.2,0.0004278930102503042,0.25601715283551013,0.0001899163636382084,0.0045408530982568905,52.0,6,0,0.0,0.0,0,0.0,0
YGR155W,3,0.0,0.00025128092528009315,0.23892618807949087,0.00015896945704372726,0.001855588617424178,58.666666666666664,2,0,0.0,0.0,0,0.0,1
YKL077W,1,0.0,0.0,0.2151722252756197,5.916684730680462e-05,0.0013899921490944862,30.0,1,0,0.0,0.0,0,0.0,0
YML095C,5,0.1,0.00022285392206627396,0.2375698737249479,0.0002081210853643613,0.007836242450637064,34.0,3,4,61.75,195.0,194,1.0,0
YOL020W,4,0.0,0.00015597644942678517,0.23758322709877314,0.00015467813400055924,0.003126518386350153,30.75,3,0,0.0,0.0,0,0.0,0
YOR264W,32,0.04032258064516129,0.011978666932950906,0.273901191894393,0.001263318259249027,0.03952906926598692,29.21875,8,0,0.0,0.0,0,0.0,0
YOR281C,3,0.3333333333333333,3.686094072893902e-05,0.2365461521805514,0.00013519421851094734,0.002151166241369858,47.666666666666664,3,1,10.0,10.0,9,1.0,1
YCR087C-A,5,0.1,0.0005878525105957659,0.2593791846658243,0.00021419227594823452,0.0011919366749680237,79.0,4,0,0.0,0.0,0,0.0,0
YIL095W,7,0.6666666666666666,8.452040566515756e-06,0.25495163721058406,0.00017814219737503662,0.036004748819932056,115.57142857142857,7,0,0.0,0.0,0,0.0,0
YNL020C,4,0.0,6.830678497493918e-05,0.23865638266129935,0.0001474044784524152,0.0005510659687172687,14.25,4,0,0.0,0.0,0,0.0,1
YCR092C,3,1.0,0.0,0.1848123472219961,0.00016096942261455258,3.3019615670281795e-05,5.333333333333333,3,5,47.6,195.0,194,1.0,0
YMR167W,7,0.23809523809523808,0.000819861290226389,0.22748200814349456,0.0003455653628460483,0.0010449523963454034,11.571428571428571,3,6,39.833333333333336,195.0,196,0.9796441653584511,0
YNL082W,4,0.8333333333333334,0.0,0.1848204282166276,0.00020799684779430552,3.392001231898594e-05,4.5,3,5,47.6,195.0,194,1.0,0
YOL090W,5,0.5,0.0001008612185265463,0.20449168811389806,0.0002449492615487059,9.927467074184442e-05,4.2,3,6,40.0,195.0,194,1.0,0
YCR093W,4,0.5,6.648465018979299e-06,0.17231321619707593,0.0002318040610698946,4.100906025205782e-06,3.25,3,7,63.142857142857146,195.0,255,0.7764397097421646,1
YDR376W,2,0.0,8.045206707561714e-06,0.1690737277325709,0.00013502175288544041,5.694332682825656e-06,3.0,2,0,0.0,0.0,0,0.0,1
YER068W,3,1.0,0.0,0.1718159096505944,0.00017418972978337706,3.9455488626901135e-06,4.0,3,7,63.142857142857146,195.0,255,0.7764397097421646,0
YIL038C,4,0.5,0.0005926981480011685,0.20850647165125658,0.00021152842999113826,0.00013232726913680232,11.0,3,7,63.142857142857146,195.0,255,0.7764397097421646,0
YPR072W,4,0.5,1.7595905662118766e-05,0.17565006621153062,0.0002200532455587356,4.267802545816814e-06,3.75,3,7,63.142857142857146,195.0,255,0.7764397097421646,0
YCR095C,4,0.0,0.0003104395656592906,0.22331166490460022,0.0002087922373903958,0.0005859786463930433,18.5,3,1,6.0,6.0,5,1.0,0
YHL029C,4,0.16666666666666666,0.00011458609533902048,0.24676532157827502,0.00013929235294945645,0.01472337701237103,84.5,3,1,6.0,6.0,5,1.0,0
YNL099C,6,0.06666666666666667,0.0007915416485996707,0.23144298271446492,0.0002840281621322418,0.000594186763800383,10.666666666666666,3,1,6.0,6.0,5,1.0,0
YPL027W,1,0.0,0.0,0.1813239755186081,7.708841432202559e-05,1.6427554835822855e-05,4.0,1,0,0.0,0.0,0,0.0,0
YGR203W,2,0.0,5.6700736927244314e-05,0.20649974074523783,0.00011064905872172889,6.706624187175998e-05,18.5,2,0,0.0,0.0,0,0.0,0
YGR205W,4,0.0,0.00042415828729562734,0.23091194719007227,0.00018778046338413526,0.0011391818631228598,32.0,2,0,0.0,0.0,0,0.0,0
YGR262C,2,0.0,0.00019882207155688292,0.24401588692496667,0.00011357180619216408,0.0007777557196568535,146.5,2,1,5.0,5.0,4,1.0,0
YHR148W,3,0.0,0.0002848067787070726,0.20993559120464253,0.0001479053441979531,0.00026806031244651276,6.333333333333333,2,3,208.33333333333334,559.0,558,1.0,1
YIL059C,2,0.0,5.2140688393638756e-05,0.22809579587255263,0.00011459767252770009,0.00021840958931157762,66.0,2,0,0.0,0.0,0,0.0,0
YCR100C,1,0.0,0.0,0.19015850248849525,7.949779045990054e-05,1.8429625366224394e-05,4.0,1,0,0.0,0.0,0,0.0,0
YIL110W,4,0.0,0.0005044632050374905,0.23686428654044678,0.00022060756925807525,0.000657080874435454,49.5,2,0,0.0,0.0,0,0.0,0
YCR101C,1,0.0,0.0,0.20344836317454143,6.839881715131106e-05,6.441938051162298e-05,30.0,1,0,0.0,0.0,0,0.0,0
YCR106W,3,0.0,0.000645822905264848,0.21743020541740085,0.00019891384627767215,0.00030597830406785227,6.333333333333333,2,0,0.0,0.0,0,0.0,0
YBL080C,1,0.0,0.0,0.17742699044260896,9.021474869357746e-05,8.587494806516453e-06,3.0,1,3,97.66666666666667,266.0,265,1.0,0
YJL096W,3,0.0,0.0004339410472057082,0.1824116689674725,0.00022568138707433134,1.0264074026063732e-05,2.6666666666666665,2,7,202.14285714285714,559.0,589,0.9439786101197695,0
YCR107W,3,0.0,0.00014318122312180842,0.22749425152391134,0.0001656251112485304,0.00017863592317195014,19.333333333333332,2,0,0.0,0.0,0,0.0,0
YOR114W,3,0.0,0.0005795591902657338,0.2540017543004791,0.00015885721844565334,0.0009313481378544793,130.66666666666666,2,0,0.0,0.0,0,0.0,0
YDL001W,5,0.0,0.0002883469409006531,0.23395379384038706,0.00022923251911920815,0.000675869511709813,9.8,3,0,0.0,0.0,0,0.0,0
YDL133W,3,0.0,5.959066101382193e-05,0.23151904438375817,0.00012923417359893684,0.0007873678187185107,20.0,3,0,0.0,0.0,0,0.0,0
YMR079W,1,0.0,0.0,0.18827809324339745,7.201442694931742e-05,1.8949894350207524e-05,5.0,1,0,0.0,0.0,0,0.0,1
YER092W,5,0.3,0.00042670730094599297,0.25146309675258927,0.0001848618554706168,0.001992295343715591,35.6,4,0,0.0,0.0,0,0.0,0
YGL150C,2,0.0,1.3440510635176455e-05,0.2098417908610571,9.386206173167048e-05,0.00025430286565578347,9.0,2,2,47.5,83.0,82,1.0,1
YDL003W,24,0.4601449275362319,0.00042080943410745974,0.27051796437211345,0.0005407629669686195,0.06545091838038913,51.25,14,4,6.0,9.0,8,1.0,1
YDR254W,23,0.4426877470355731,0.002513504165385472,0.26922568110281997,0.0005701404419605517,0.06837068417460213,59.82608695652174,14,5,29.8,55.0,54,1.0,0
YDR318W,56,0.05909090909090909,0.0207872924477042,0.2918485944427448,0.001979513353838866,0.07099842738392556,30.5,14,7,23.0,55.0,54,1.0,0
YGL250W,8,0.0,0.0019242523617178653,0.26449178357513753,0.0002824541517153229,0.005780438028711063,47.625,5,0,0.0,0.0,0,0.0,0
YJL074C,16,0.11666666666666667,0.0020201007803238085,0.24860858683180057,0.0004613539520384555,0.007349427735407565,13.1875,7,4,6.0,9.0,8,1.0,1
YJR135C,16,0.7166666666666667,7.492399997593379e-05,0.2700513156985863,0.0003700372770789434,0.0627823090027363,80.5625,14,6,26.166666666666668,55.0,54,1.0,1
YLR381W,17,0.7205882352941176,0.00028115842719068993,0.2672679856664099,0.0003973136735390177,0.06460353612496389,76.70588235294117,14,6,26.166666666666668,55.0,54,1.0,0
YPL017C,9,0.8888888888888888,4.261029147119383e-07,0.2589660086579018,0.00021348570184343303,0.04802648217804819,114.88888888888889,9,0,0.0,0.0,0,0.0,0
YPR046W,22,0.39826839826839827,0.0023912074498714134,0.2758855944986798,0.0005418945891459899,0.06612098287635433,67.31818181818181,14,6,26.166666666666668,55.0,54,1.0,0
YDL230W,3,0.3333333333333333,8.897540995701664e-05,0.25009426621586134,0.00013255006869924388,0.0011778442016402017,102.0,3,0,0.0,0.0,0,0.0,0
YIL147C,3,0.6666666666666666,1.0631447757755991e-05,0.21247892189786724,0.00012862320044627242,0.00040983961704780115,8.666666666666666,3,0,0.0,0.0,0,0.0,1
YOR208W,5,0.3,5.787715541465655e-05,0.2235242302122831,0.00021237697233151157,0.0004482211247939672,6.0,3,0,0.0,0.0,0,0.0,0
YLR102C,13,0.46153846153846156,0.00034325775596259805,0.24837484976579347,0.0003503892755924776,0.004414890425895809,17.615384615384617,9,4,25.0,58.0,57,1.0,0
YEL023C,4,0.0,0.0003826279916374739,0.23611011022870476,0.0001681467053586597,0.0014178295587066157,33.5,3,0,0.0,0.0,0,0.0,0
YDL012C,7,0.0,0.0026498160167071363,0.21237216466433567,0.00042322575531400747,0.00010164733902288591,3.2857142857142856,2,0,0.0,0.0,0,0.0,0
YDR151C,1,0.0,0.0,0.17404443684897775,8.53808618315674e-05,2.8500840016904216e-06,7.0,1,0,0.0,0.0,0,0.0,1
YFR047C,4,0.16666666666666666,0.001547015186295847,0.23364342453785159,0.00020333747882598897,0.0005282046978080569,47.25,2,0,0.0,0.0,0,0.0,0
YHR032W,1,0.0,0.0,0.17404443684897775,8.53808618315674e-05,2.8500840016904216e-06,7.0,1,0,0.0,0.0,0,0.0,0
YHR140W,2,0.0,0.0004632824841850681,0.22794818493848207,0.00012474676244584172,0.000218612811953131,66.0,2,0,0.0,0.0,0,0.0,0
YJL065C,3,0.0,0.0006756394731406425,0.23050898147539253,0.00017136584854625977,0.0007443969674851235,39.666666666666664,2,2,43.5,83.0,82,1.0,0
YOR355W,11,0.0,0.0021087459950045206,0.24303376226508006,0.00042473851808608946,0.002126225512985126,10.909090909090908,5,0,0.0,0.0,0,0.0,0
YER116C,7,0.42857142857142855,0.00034001328508905334,0.25864907559137634,0.0002010063985273188,0.015202571119642927,64.71428571428571,7,2,30.0,58.0,57,1.0,0
YLR443W,2,0.0,7.75092767320994e-06,0.2377569576619571,8.597685182828161e-05,0.0011385701787439229,32.5,2,0,0.0,0.0,0,0.0,0
YLR197W,5,0.1,0.00041221285668686757,0.23361759759654413,0.00020663366822135584,0.0007992836082708113,8.6,3,7,111.71428571428571,559.0,619,0.8502282102357388,1
YPL043W,4,0.0,0.00010244216785059877,0.18856366850973735,0.0002055776336327363,1.1808222621140251e-05,8.25,3,0,0.0,0.0,0,0.0,1
YFR057W,1,0.0,0.0,0.21915503672495842,5.979671918265808e-05,0.0010156992707032653,60.0,1,0,0.0,0.0,0,0.0,0
YGL019W,10,0.24444444444444444,0.0003785983131431297,0.25061325704460297,0.0003418201111233426,0.0037351598854342065,24.9,5,3,6.0,8.0,9,0.7777777777777778,0
YGR099W,2,0.0,0.0003968804508803163,0.23640062602428819,0.00010023051317163044,0.0011669261308882672,81.5,2,1,11.0,11.0,10,1.0,1
YHR154W,17,0.16911764705882354,0.0004903528155150189,0.2528772475808719,0.0004600031109337125,0.010936562496990297,23.0,10,0,0.0,0.0,0,0.0,0
YIL035C,6,0.6666666666666666,5.0928877465922416e-05,0.23160784620900127,0.0002166983618412688,0.0013856999500208105,18.0,5,3,6.0,8.0,9,0.7777777777777778,0
YJL062W,21,0.004761904761904762,0.002461551207150954,0.26028962333359645,0.0007271603014329191,0.005302622752457867,10.857142857142858,6,0,0.0,0.0,0,0.0,0
YJL088W,1,0.0,0.0,0.21915503672495842,5.979671918265808e-05,0.0010156992707032653,60.0,1,1,2.0,2.0,1,0.0,0
YJL138C,5,0.3,0.00033988933692439676,0.2354524951712496,0.00019853681440565692,0.0014650857851350374,31.6,4,6,200.83333333333334,559.0,589,0.9439786101197695,0
YJR053W,20,0.43157894736842106,0.000953107796096411,0.2785766290986801,0.00046036854904459436,0.07004575176307477,82.1,14,1,2.0,2.0,1,0.0,0
YJR070C,13,0.02564102564102564,0.003332597018523873,0.26319073432841056,0.0005070072244998125,0.0054032438588763245,26.0,6,0,0.0,0.0,0,0.0,0
YKL039W,1,0.0,0.0,0.21915503672495842,5.979671918265808e-05,0.0010156992707032653,60.0,1,0,0.0,0.0,0,0.0,0
YKL056C,4,0.0,0.0014006216036322671,0.2276412749522982,0.00019835427698485024,0.0011179890213715749,18.25,2,2,452.5,559.0,558,1.0,0
YKR059W,7,0.2857142857142857,0.000430509461537494,0.23528211485189385,0.0002664288054110345,0.0024105185435812806,18.142857142857142,4,7,172.57142857142858,559.0,589,0.9439786101197695,0
YLR288C,88,0.006792058516196447,0.03233156628349865,0.29670386026353174,0.0038109460832016417,0.025233574205955393,10.875,10,2,2.5,3.0,2,1.0,0
YLR350W,4,0.0,0.0002347021514195544,0.2526505196242841,0.00013908891178680819,0.004727229864853612,71.5,4,0,0.0,0.0,0,0.0,0
YLR435W,5,0.0,0.0014670393154794814,0.22378458244992974,0.0002982531321256468,0.001063740961204013,14.4,2,0,0.0,0.0,0,0.0,0
YMR100W,1,0.0,0.0,0.21915503672495842,5.979671918265808e-05,0.0010156992707032653,60.0,1,0,0.0,0.0,0,0.0,0
YNR048W,2,0.0,0.00034740345483585527,0.25107473675760456,9.813675346139641e-05,0.0017908081289999818,173.0,2,0,0.0,0.0,0,0.0,0
YOL081W,6,0.2,0.0002317439011593678,0.25053898365919464,0.00018772892895615868,0.006473847138560087,48.0,5,0,0.0,0.0,0,0.0,0
YOR006C,2,0.0,1.6167679338187266e-05,0.22138182544986504,0.00010929883358911255,0.0010380407283675957,32.0,2,0,0.0,0.0,0,0.0,0
YOR027W,4,0.3333333333333333,0.00016836981538429402,0.23284543564778676,0.00014268322809566578,0.002391371188676807,29.5,4,0,0.0,0.0,0,0.0,0
YOR039W,11,0.18181818181818182,0.0011865817383670265,0.2630760685451094,0.0003849531761582452,0.003422877987210652,27.818181818181817,5,5,5.4,8.0,11,0.6,0
YOR360C,5,0.0,0.0001386649222838435,0.2561723147463196,0.00018803790994369518,0.004048887602436572,51.2,4,0,0.0,0.0,0,0.0,0
YIL075C,3,0.3333333333333333,0.00021557413110426748,0.21481136318108823,0.00015713074749953456,0.0009239192870763439,7.333333333333333,2,6,25.5,46.0,48,0.9547872340425532,1
YDL024C,1,0.0,0.0,0.1894425956128663,7.509134713165413e-05,2.4799323821995444e-05,12.0,1,0,0.0,0.0,0,0.0,0
YEL017W,12,0.045454545454545456,0.0014494610767964932,0.2357545425463926,0.0005938247584591573,0.0008844503816695079,13.416666666666666,3,0,0.0,0.0,0,0.0,0
YDL028C,4,0.0,5.229665623550174e-05,0.23081107373528492,0.00015306030421978822,0.004490435163359196,23.5,3,2,49.0,55.0,54,1.0,1
YKL042W,4,0.16666666666666666,2.3767520236187013e-05,0.2184979681216993,0.0001444759094719265,0.0011581293714433706,14.25,3,4,17.0,32.0,31,1.0,1
YDR018C,2,0.0,6.321067397338379e-06,0.23140497061832216,9.251174848735549e-05,0.0019290247761102268,27.0,2,0,0.0,0.0,0,0.0,0
YJR065C,6,0.06666666666666667,0.0005779075067008648,0.24916547944554782,0.00026108963145971947,0.0023119829621820916,28.166666666666668,3,4,29.0,95.0,96,0.962280701754386,1
YKR042W,2,0.0,1.1407012440980728e-05,0.23416116521601424,8.430445561461155e-05,0.00233744664125339,60.0,2,0,0.0,0.0,0,0.0,0
YDR421W,1,0.0,0.0,0.2016142710858227,6.387072497941089e-05,0.00012151388780902522,19.0,1,0,0.0,0.0,0,0.0,0
YML049C,3,0.3333333333333333,2.54672402309153e-05,0.22010222835421125,0.00012308713797672414,0.000418101741387822,19.333333333333332,3,7,109.28571428571429,559.0,561,0.9900942195059842,1
YMR005W,1,0.0,0.0,0.2016142710858227,6.387072497941089e-05,0.00012151388780902522,19.0,1,5,50.8,133.0,175,0.8057142857142857,1
YDL035C,2,0.0,2.537470996704978e-05,0.17222194488506998,0.0001413877438857262,5.124406674845688e-06,4.0,2,0,0.0,0.0,0,0.0,0
YER020W,5,0.0,0.00044939921278226735,0.20131659331845458,0.0003015895022029081,0.00015652038603710506,4.8,2,0,0.0,0.0,0,0.0,0
YIR002C,3,0.0,0.00022097534683208057,0.21493151598262347,0.00017123490325368323,0.0010874220652445689,12.0,2,0,0.0,0.0,0,0.0,0
YDL042C,4,0.0,0.00022373324561021003,0.23408335788415977,0.0001701132697381789,0.0025381007829007865,31.0,3,5,22.4,83.0,90,0.8404494382022472,0
YJL076W,2,0.0,4.5401607264960346e-06,0.20573585754754312,0.00010586321542689189,0.00010030361654353306,18.0,2,3,32.666666666666664,83.0,82,1.0,1
YDR131C,2,0.0,0.000240625973083623,0.22081512868635841,0.0001091984291617687,0.0001975872404462957,43.0,2,2,35.5,58.0,57,1.0,0
YDR180W,1,0.0,0.0,0.19537964284525622,6.926932848071244e-05,4.131459450300906e-05,23.0,1,3,5.666666666666667,9.0,9,0.7777777777777778,1
YDR386W,14,0.2087912087912088,0.0026934337152378215,0.25505932858522046,0.00042484722436842256,0.008500427249903549,27.071428571428573,10,1,2.0,2.0,1,0.0,0
YDR409W,2,0.0,3.728586411835961e-05,0.22156749978058776,9.22768904092824e-05,0.0016195525780044085,30.0,2,0,0.0,0.0,0,0.0,0
YER113C,2,0.0,0.00012705149904895446,0.1994546618211718,0.00010848417825988382,5.5869545970149986e-05,14.5,2,0,0.0,0.0,0,0.0,0
YGL049C,5,0.4,0.00017679106055920734,0.2223718009950691,0.00020242127451999188,0.0003244074154618176,17.6,4,6,201.0,559.0,589,0.9439786101197695,0
YGR162W,7,0.3333333333333333,0.00038254049006769834,0.2199647790026162,0.0002771537859957365,0.00023800994937448706,9.428571428571429,4,8,151.5,559.0,589,0.9439786101197695,0
YJL146W,1,0.0,0.0,0.19537964284525622,6.926932848071244e-05,4.131459450300906e-05,23.0,1,0,0.0,0.0,0,0.0,0
YKL155C,1,0.0,0.0,0.19537964284525622,6.926932848071244e-05,4.131459450300906e-05,23.0,1,9,161.77777777777777,559.0,593,0.9319709675949136,0
YLL014W,1,0.0,0.0,0.19537964284525622,6.926932848071244e-05,4.131459450300906e-05,23.0,1,0,0.0,0.0,0,0.0,0
YMR302C,3,0.3333333333333333,2.5345294759540756e-05,0.21266065573124737,0.00015871287614594972,0.00010588005145087998,10.666666666666666,3,3,78.33333333333333,131.0,130,1.0,0
YNL023C,4,0.0,0.0002710319718216375,0.23508582832671152,0.00015424297204619277,0.002351157892559407,24.0,4,0,0.0,0.0,0,0.0,0
YNL286W,1,0.0,0.0,0.19537964284525622,6.926932848071244e-05,4.131459450300906e-05,23.0,1,6,126.5,559.0,561,0.9900942195059842,0
YDL044C,8,0.0,0.000761885469524777,0.23803813669619153,0.00032480591557056994,0.0014350305510807638,10.375,4,3,53.0,131.0,130,1.0,0
YDR505C,2,0.0,6.250848301378416e-06,0.19525328867859723,0.00010310496771204827,4.3389223479198574e-05,8.0,2,0,0.0,0.0,0,0.0,1
YER086W,7,0.047619047619047616,0.0005339023260468708,0.23212934226559795,0.0002872679079667581,0.00036701408562854113,16.285714285714285,5,0,0.0,0.0,0,0.0,0
YLL051C,2,0.0,6.335214790774419e-06,0.2141800452654813,8.880071190144691e-05,0.0005320765581947525,13.0,2,0,0.0,0.0,0,0.0,0
YLR386W,22,0.11255411255411256,0.00567545133112013,0.2926771356677934,0.0006803378949829973,0.044322093297822454,61.22727272727273,10,1,2.0,2.0,1,0.0,0
YKR072C,8,0.25,0.00019875565884775563,0.2574988238388226,0.00022896415583991642,0.005668905845304807,33.25,6,0,0.0,0.0,0,0.0,0
YMR028W,4,0.3333333333333333,1.8898673183461382e-05,0.2098938918122094,0.0001633798396931532,0.00027433130441107876,7.5,3,2,3.0,3.0,4,0.3333333333333333,1
YDR244W,7,0.2857142857142857,0.0002216325056724035,0.23568881416941412,0.0002590484993556077,0.0018186297579120875,16.428571428571427,5,0,0.0,0.0,0,0.0,0
YDR249C,3,0.0,0.0001567790257631092,0.22610694304666057,0.00012618664270000728,0.000738540565087256,28.333333333333332,3,0,0.0,0.0,0,0.0,0
YER075C,1,0.0,0.0,0.20788094198171805,6.446366910245474e-05,0.0002269627922648269,45.0,1,0,0.0,0.0,0,0.0,0
YGR133W,5,0.0,0.000232033222737837,0.2407771685169053,0.00017958214686572018,0.002996964343876613,36.8,4,0,0.0,0.0,0,0.0,0
YGR159C,3,0.0,0.00022341510779795034,0.21092031902765834,0.0001578174026727396,0.00036110237349559033,20.666666666666668,2,3,78.33333333333333,131.0,130,1.0,1
YGR170W,1,0.0,0.0,0.20788094198171805,6.446366910245474e-05,0.0002269627922648269,45.0,1,0,0.0,0.0,0,0.0,0
YGR206W,2,0.0,6.955453602385728e-06,0.21586452138880918,0.00012055110510875589,0.00024892300681924907,24.0,2,1,4.0,4.0,3,1.0,0
YGR214W,3,0.0,0.0013850731313942769,0.2337985061847598,0.00013119649163141256,0.0028101168260459414,43.0,2,7,227.28571428571428,559.0,589,0.9439786101197695,0
YHR013C,6,0.0,0.0002229691224438528,0.2566856861185567,0.00018248986979130347,0.01078461327065564,58.5,6,5,214.6,559.0,558,1.0,0
YHR203C,1,0.0,0.0,0.20788094198171805,6.446366910245474e-05,0.0002269627922648269,45.0,1,7,227.28571428571428,559.0,589,0.9439786101197695,0
YIL121W,4,0.0,0.00019836196855224736,0.23587294605548398,0.00015482826704072938,0.001995012518078197,33.75,3,0,0.0,0.0,0,0.0,0
YJL174W,13,0.02564102564102564,0.0018040146448206318,0.2621460675585632,0.0004452284220576046,0.003294319788160284,22.76923076923077,6,0,0.0,0.0,0,0.0,1
YKL032C,7,0.19047619047619047,0.00027985001836255117,0.24786507906610405,0.00020335213018531138,0.009223419149785094,53.57142857142857,7,0,0.0,0.0,0,0.0,0
YLR191W,12,0.10606060606060606,0.004107488194313872,0.2609162465008811,0.00047454932963976123,0.0015819879839609624,38.083333333333336,5,1,3.0,3.0,2,1.0,0
YLR360W,9,0.1388888888888889,0.0005164125551201905,0.2646242530090949,0.00028794553442280837,0.013528470574327097,69.44444444444444,6,1,4.0,4.0,3,1.0,0
YMR230W,1,0.0,0.0,0.20788094198171805,6.446366910245474e-05,0.0002269627922648269,45.0,1,7,227.28571428571428,559.0,589,0.9439786101197695,0
YMR289W,1,0.0,0.0,0.20788094198171805,6.446366910245474e-05,0.0002269627922648269,45.0,1,0,0.0,0.0,0,0.0,0
YNL329C,8,0.0,0.0017928495388519702,0.24830189704013825,0.0002895899782732108,0.0021795310401157186,31.25,5,0,0.0,0.0,0,0.0,0
YOR311C,1,0.0,0.0,0.20788094198171805,6.446366910245474e-05,0.0002269627922648269,45.0,1,0,0.0,0.0,0,0.0,0
YDL051W,1,0.0,0.0,0.1847154303768856,6.931131648068789e-05,1.2976613561949224e-05,11.0,1,1,559.0,559.0,558,1.0,0
YDR395W,11,0.0,0.0026949268779064743,0.22847801044942018,0.0004675554083441007,0.00046270351982291807,4.363636363636363,4,1,59.0,59.0,58,1.0,1
YDL052C,2,0.0,0.000587198125755365,0.24393139388932789,0.0001260590953123829,0.0007807130514748714,145.0,2,0,0.0,0.0,0,0.0,0
YDL056W,1,0.0,0.0,0.19496509194254028,6.63137199653009e-05,7.358129376311796e-05,7.0,1,3,90.66666666666667,195.0,194,1.0,0
YLR182W,7,0.047619047619047616,0.0004701492883505103,0.24436857219831606,0.0002753438641696866,0.00262412702887476,23.142857142857142,4,4,68.5,195.0,194,1.0,1
YDL058W,3,0.3333333333333333,6.162622003603393e-06,0.21458235319901883,0.00011417819516159136,0.00016574257304578698,14.0,3,0,0.0,0.0,0,0.0,1
YER157W,9,0.08333333333333333,0.00033891680288779063,0.24812698522537557,0.0002960650630450733,0.0025446188162878245,24.666666666666668,5,3,41.333333333333336,95.0,94,1.0,1
YDL059C,3,0.0,1.5877465545711198e-05,0.21149020280767902,0.00015182245820981717,5.30650441540815e-05,9.0,3,0,0.0,0.0,0,0.0,0
YGR049W,4,0.0,0.00040841049604942517,0.2445665216290154,0.00021296139139960864,0.0007888583551159161,74.5,3,0,0.0,0.0,0,0.0,0
YDL063C,3,0.0,0.0025732512098548166,0.2172402319635233,0.0002214815808689665,0.0012865439903782254,13.0,1,0,0.0,0.0,0,0.0,0
YDR381W,1,0.0,0.0,0.17730046951821615,9.578560812093632e-05,3.6073241882405854e-05,3.0,1,2,5.0,7.0,6,1.0,1
YPL131W,2,0.0,0.00021556531452698622,0.17731534496661938,0.00019442163722352477,3.610163934445805e-05,2.0,1,6,258.8333333333333,559.0,589,0.9439786101197695,1
YMR168C,7,0.3333333333333333,0.0002116500271383134,0.22657964048857,0.00021662457941369704,0.004604241730403413,13.0,5,5,27.4,55.0,54,1.0,1
YLR071C,4,0.5,0.00012882783464814008,0.2251554462959715,0.00015248109158379005,0.00026034687553926647,17.5,4,5,70.0,195.0,211,0.9097269239449334,1
YDL070W,5,0.0,0.00011036594490305563,0.21735194082965356,0.00021760259039819668,0.0003231518233711244,8.4,3,0,0.0,0.0,0,0.0,0
YGL063W,2,0.0,1.2494425125848408e-05,0.19277767004078597,0.00011246215466698717,3.0286151606503282e-05,5.0,2,0,0.0,0.0,0,0.0,0
YLR399C,3,0.0,3.6116000616409584e-05,0.20509695731545796,0.0001332170125475551,0.00017061939813719652,11.0,3,0,0.0,0.0,0,0.0,0
YDR183W,6,0.4,0.0016018896505556757,0.25122396394141294,0.0001867707444911819,0.027471545049210587,106.83333333333333,5,0,0.0,0.0,0,0.0,0
YEL068C,5,0.1,0.0028376753251488744,0.2592678153293426,0.0002283116360856989,0.0028822186049910063,78.0,3,0,0.0,0.0,0,0.0,0
YFL017C,8,0.0,0.0013212919066413454,0.23986171792726552,0.00036467763992817874,0.0007054804890249265,26.375,3,0,0.0,0.0,0,0.0,1
YGR269W,3,0.0,0.00035344807707525646,0.24398771607678785,0.00014879972701460886,0.0008093821944533832,99.0,3,0,0.0,0.0,0,0.0,0
YNL155W,2,0.0,2.130772105945256e-05,0.18274289638194002,0.00012763405619703816,2.5152355856613964e-05,3.5,2,0,0.0,0.0,0,0.0,0
YOL069W,27,0.1225071225071225,0.0019651859566588424,0.2710383580195109,0.00072926158988785,0.019395842153312148,22.22222222222222,9,7,28.142857142857142,55.0,75,0.6731531531531532,1
YDL076C,1,0.0,0.0,0.18169030232609495,8.706715299645437e-05,6.528773405745465e-06,4.0,1,4,46.25,133.0,133,0.9859876965140123,0
YLR098C,4,0.0,0.004618877795572042,0.22386754903417577,0.00025689110088437174,0.0002328309566709191,24.25,2,0,0.0,0.0,0,0.0,0
YDR080W,4,0.6666666666666666,7.348112653108115e-06,0.23831998158064235,0.0001364831780145123,0.003556456082195892,75.5,4,4,5.5,7.0,11,0.5454545454545454,0
YDL081C,8,0.03571428571428571,0.001069345237805251,0.2521531464125916,0.00036011251627118964,0.0006273470709652703,46.625,4,6,258.8333333333333,559.0,589,0.9439786101197695,0
YLR340W,4,0.3333333333333333,0.0001789802003533879,0.21305727069480682,0.00019286080000617455,4.2770802216508485e-05,7.25,3,6,258.8333333333333,559.0,589,0.9439786101197695,1
YDL084W,2,0.0,3.544294035341686e-06,0.207564486020147,0.00011480479373251202,0.00016574797770729837,4.5,2,4,165.0,559.0,564,0.9789375558998779,1
YPR057W,2,0.0,5.208858354962506e-05,0.2310886880604818,0.00010553047595353592,0.002442433824057795,49.5,2,7,142.57142857142858,559.0,619,0.8502282102357388,0
YDL085W,2,0.0,7.4400819347215256e-06,0.22051560900011857,0.00011583014567259295,0.00018397234635672118,33.0,2,2,35.0,56.0,55,1.0,0
YML031W,4,0.16666666666666666,4.378078881762837e-05,0.2244142921855202,0.00016879451028436494,0.00022726851700678223,11.75,3,1,59.0,59.0,58,1.0,1
YDL089W,7,0.047619047619047616,0.0002484869568374774,0.2365461521805514,0.00029645134306532066,0.0014820077927678618,11.0,3,0,0.0,0.0,0,0.0,1
YDR233C,3,0.0,5.6792835137649087e-05,0.21278912572061381,0.0001407011806802535,0.00016846876432641194,16.0,3,0,0.0,0.0,0,0.0,1
YLR324W,9,0.08333333333333333,0.0016281535796242353,0.26460768707363674,0.00037851901941003013,0.0014088724111005152,54.77777777777778,4,0,0.0,0.0,0,0.0,0
YML008C,6,0.0,0.0002525295175326316,0.23916953507125405,0.0002718902683531808,0.000818775365629628,22.166666666666668,3,0,0.0,0.0,0,0.0,0
YPR028W,4,0.3333333333333333,8.400511158370635e-06,0.21931423199887265,0.00017960051482933092,9.642575898916099e-05,6.5,3,0,0.0,0.0,0,0.0,0
YDL090C,1,0.0,0.0,0.164943541454549,0.00010205502246749679,2.6704034532450598e-06,3.0,1,2,4.0,6.0,5,1.0,0
YKL019W,3,0.0,0.00043114826220853495,0.19897581289433097,0.00023784945393655853,9.52127419084362e-05,2.3333333333333335,1,3,3.3333333333333335,6.0,5,1.0,1
YDL091C,1,0.0,0.0,0.1872936544361163,7.835792865004072e-05,1.3513008707091615e-05,5.0,1,0,0.0,0.0,0,0.0,0
YIL022W,5,0.1,0.007021692615970101,0.23243569938489264,0.0002686880646557326,0.0004817087417071331,25.2,3,5,10.2,18.0,24,0.644927536231884,1
YDL092W,1,0.0,0.0,0.00021992522542335605,0.00021987686895338611,3.4130130264064307e-22,1.0,1,4,150.25,559.0,579,0.9308496333614213,1
YKL122C,1,0.0,0.0,0.00021992522542335605,0.00021987686895338611,3.4130130264064307e-22,1.0,1,4,150.25,559.0,579,0.9308496333614213,1
YDL093W,1,0.0,0.0,0.00021992522542335605,0.00021987686895338611,3.4130130264064307e-22,1.0,1,1,2.0,2.0,1,0.0,0
YGL055W,1,0.0,0.0,0.00021992522542335605,0.00021987686895338611,3.4130130264064307e-22,1.0,1,1,9.0,9.0,8,1.0,1
YDL097C,1,0.0,0.0,0.10822519442119707,0.00013295981711321516,3.602295965989125e-11,4.0,1,6,25.666666666666668,46.0,48,0.9547872340425532,1
YDL098C,2,0.0,7.556498064853783e-05,0.2240930544647584,0.00012354816315957387,0.0019918279214459437,29.0,2,4,184.25,559.0,558,1.0,1
YDL099W,2,0.0,3.045627991663148e-06,0.19965250547042052,0.0001095654628464288,6.30945769887176e-05,3.0,2,1,2.0,2.0,1,0.0,0
YKL050C,3,0.0,0.00020213251942407897,0.23906131968295194,0.00013765553937339746,0.0009424809348775932,37.666666666666664,2,0,0.0,0.0,0,0.0,0
YNL199C,6,0.0,0.0007532285718175357,0.2520629252378957,0.0002239852214227232,0.003403726838488318,47.333333333333336,5,3,90.66666666666667,195.0,194,1.0,0
YOR164C,5,0.1,0.00011977217352346902,0.23759658197382083,0.00019086760055489352,0.0007100018952135679,24.4,4,0,0.0,0.0,0,0.0,0
YPL252C,1,0.0,0.0,0.21370358427191835,7.15937907437567e-05,0.00013225457678512983,28.0,1,0,0.0,0.0,0,0.0,1
YDL101C,3,0.0,3.553147130811045e-05,0.21382250067352654,0.00013463821847980352,0.00081746073483848,7.333333333333333,3,0,0.0,0.0,0,0.0,0
YKL025C,10,0.2222222222222222,0.002465704727555152,0.2637984892538397,0.00031668323560022434,0.028610778545309485,73.5,6,1,2.0,2.0,1,0.0,0
YDL102W,18,0.1111111111111111,0.003170399235127497,0.2512687666932751,0.0005255777239760032,0.011140062072846166,18.166666666666668,10,4,27.25,56.0,55,1.0,1
YHR118C,5,0.0,3.601545500101388e-05,0.2185205600638098,0.00017895591169382236,0.00045510546780294577,8.4,3,7,20.285714285714285,56.0,57,0.9505012531328321,1
YJR006W,3,0.3333333333333333,0.00014298910641079133,0.23426498882194052,0.00011347556708801035,0.0022691171424100718,50.0,3,4,27.25,56.0,55,1.0,1
YNL291C,6,0.2,0.0001488543224185595,0.25233378265860384,0.00018427511195939338,0.0087499981965504,58.666666666666664,5,0,0.0,0.0,0,0.0,0
YOL093W,2,0.0,3.3443898604852405e-05,0.22933336190734485,9.479123493418535e-05,0.0010194465489813942,53.0,2,0,0.0,0.0,0,0.0,0
YDL104C,1,0.0,0.0,0.13958269577023555,0.00011710132888944895,4.5326306080773224e-08,3.0,1,0,0.0,0.0,0,0.0,0
YDL106C,2,0.0,5.999871596315527e-06,0.20281383778677955,0.0001150880803724321,9.921386764710642e-05,4.5,2,0,0.0,0.0,0,0.0,0
YFR034C,3,0.0,7.7531175394717e-05,0.22359517527053918,0.00017427592171582006,0.00019129674496977384,36.0,2,0,0.0,0.0,0,0.0,0
YDL107W,1,0.0,0.0,0.1713353544107934,8.160809137135533e-05,2.8251116361224294e-06,10.0,1,0,0.0,0.0,0,0.0,0
YDL108W,6,0.0,0.0003753997440695661,0.21204189792887895,0.000265193266641284,0.00014792402122506418,6.666666666666667,3,12,45.0,195.0,282,0.6572777062668786,1
YDL140C,10,0.0,0.001265747018073297,0.23513813936995287,0.0004995263509679754,0.00032777048350008634,14.5,3,6,57.166666666666664,195.0,208,0.9184318097361576,1
YGL134W,2,0.0,8.15333676207136e-05,0.2261553340457075,9.840079969988125e-05,0.00132743861391998,40.0,2,4,11.75,25.0,30,0.7655172413793103,0
YOR151C,4,0.0,4.620094592441013e-05,0.20542589392079477,0.0001789105582935692,6.742386045777374e-05,5.75,3,6,57.166666666666664,195.0,208,0.9184318097361576,1
YPR025C,4,0.16666666666666666,0.00026276706304067843,0.22579290562576243,0.00019779928574953362,0.0006661092957601097,14.0,3,12,45.0,195.0,282,0.6572777062668786,1
YDL110C,4,0.0,0.0025515142475065083,0.22698116170735008,0.00022055950293598482,0.0020226920933820716,16.5,2,2,452.5,559.0,558,1.0,0
YKL015W,2,0.0,5.200503141787756e-05,0.18567288351918618,0.00012950934348008087,5.76013002814566e-05,4.0,2,0,0.0,0.0,0,0.0,0
YLR125W,5,0.0,0.0006728225569655277,0.23136697100630974,0.0002883330748022843,0.000833735001743052,20.0,2,0,0.0,0.0,0,0.0,0
YOR078W,3,0.0,0.002156870777571299,0.19979406283391346,0.00018310221129477067,0.00028757725544774435,4.0,2,2,302.5,559.0,558,1.0,0
YJL036W,5,0.1,0.0003577015758305,0.24943014241203076,0.00018016207314104955,0.002541236488302178,52.8,4,1,3.0,3.0,2,1.0,0
YDL114W,3,0.0,0.00043114826220853495,0.15439395088264868,0.00032555898909761906,5.572833211258108e-07,1.3333333333333333,1,0,0.0,0.0,0,0.0,0
YDL123W,1,0.0,0.0,0.1330870023083839,0.0001286485556493384,1.562267589574268e-08,3.0,1,0,0.0,0.0,0,0.0,0
YLR040C,1,0.0,0.0,0.1330870023083839,0.0001286485556493384,1.562267589574268e-08,3.0,1,0,0.0,0.0,0,0.0,0
YCL044C,1,0.0,0.0,0.20411643776870161,7.136655649416437e-05,3.317303540906681e-05,24.0,1,1,2.0,2.0,1,0.0,0
YCL069W,1,0.0,0.0,0.20411643776870161,7.136655649416437e-05,3.317303540906681e-05,24.0,1,0,0.0,0.0,0,0.0,0
YDR113C,2,0.0,0.00021557413110426748,0.20413615344896519,0.000155899474973316,3.3199195933338996e-05,12.5,1,3,4.666666666666667,9.0,8,1.0,1
YGL179C,1,0.0,0.0,0.20411643776870161,7.136655649416437e-05,3.317303540906681e-05,24.0,1,0,0.0,0.0,0,0.0,0
YGL263W,2,0.0,1.5556195419664495e-05,0.20788094198171805,0.0001231158695696202,3.5639287472996785e-05,13.0,2,0,0.0,0.0,0,0.0,0
YHL004W,12,0.0,0.004399146396021995,0.2610290368254352,0.00044238286024611626,0.002109578018144924,23.75,6,9,161.77777777777777,559.0,593,0.9319709675949136,0
YHR033W,1,0.0,0.0,0.20411643776870161,7.136655649416437e-05,3.317303540906681e-05,24.0,1,0,0.0,0.0,0,0.0,0
YJL041W,10,0.13333333333333333,0.0015023489766988404,0.2448356807990195,0.0003742624793129075,0.0007509687097726922,17.3,5,5,19.0,59.0,59,0.9812974868497955,1
YJL090C,5,0.0,0.001145773850977609,0.208660867518106,0.00027123386710294946,5.638986070707231e-05,6.4,2,6,20.0,56.0,57,0.9442355889724311,1
YOL014W,3,0.0,0.0021564620310728687,0.2059062350601263,0.00019689077191374795,3.7395729191251885e-05,9.333333333333334,2,0,0.0,0.0,0,0.0,0
YOR180C,6,0.13333333333333333,0.0005336147373869514,0.24286619129592468,0.0002528627774614757,0.0004962630488644165,21.5,4,0,0.0,0.0,0,0.0,0
YOR294W,2,0.0,0.00021557413110426748,0.20413615344896519,0.000155899474973316,3.3199195933338996e-05,12.5,1,0,0.0,0.0,0,0.0,1
YPL091W,2,0.0,3.2223457486887545e-05,0.21862228164447464,0.0001041009148482403,0.00014819388204949973,21.0,2,0,0.0,0.0,0,0.0,0
YDL120W,4,0.0,0.000479918120795383,0.18565657281654468,0.0002780457355428994,1.1591344184476607e-05,2.25,2,0,0.0,0.0,0,0.0,1
YGR207C,3,0.0,0.0007577243917657162,0.2279236016885561,0.00015868893904140213,0.0004033970063241316,40.666666666666664,2,2,35.0,56.0,55,1.0,0
YPR004C,2,0.0,0.00021557413110426748,0.15569630150708239,0.00019037443547181967,3.2556671527755943e-07,2.5,1,2,35.0,56.0,55,1.0,0
YDL121C,2,0.0,1.0140617233509146e-05,0.21623999556526696,0.00012526907871959905,0.0001366054846881672,15.0,2,0,0.0,0.0,0,0.0,0
YMR305C,2,0.0,1.822766323612137e-05,0.22183495293976452,0.00012673169084971664,0.0001550622694141493,52.5,2,0,0.0,0.0,0,0.0,0
YDL190C,1,0.0,0.0,0.17022444498064004,8.035608059504522e-05,6.108671620677524e-06,3.0,1,1,58.0,58.0,57,1.0,0
YDL127W,7,0.23809523809523808,0.0008940370050840571,0.2625694616296604,0.00022435096857367467,0.007831093369824044,55.0,6,4,11.75,25.0,30,0.7655172413793103,0
YPL031C,74,0.030729359496482783,0.014276792804945738,0.2941640471371893,0.002419988996079421,0.04719916768926027,19.08108108108108,12,8,6.875,25.0,30,0.7655172413793103,0
YDL128W,1,0.0,0.0,0.00021992522542335605,0.00021987686895338611,3.4130130264064307e-22,1.0,1,0,0.0,0.0,0,0.0,0
YKL102C,1,0.0,0.0,0.00021992522542335605,0.00021987686895338611,3.4130130264064307e-22,1.0,1,0,0.0,0.0,0,0.0,0
YDL130W,14,0.02197802197802198,0.003206722625038051,0.24106554085287288,0.0006461543214584216,0.00038933093806106097,5.857142857142857,3,6,258.8333333333333,559.0,589,0.9439786101197695,0
YDR367W,2,0.0,0.00021557413110426748,0.19287443273165744,0.0001577096322980411,1.092999633035641e-05,7.5,1,0,0.0,0.0,0,0.0,1
YDR382W,4,0.16666666666666666,0.00016202873915912558,0.21580941454683308,0.0001884933848187945,0.00040906503212715794,12.25,3,6,258.8333333333333,559.0,589,0.9439786101197695,0
YDR399W,2,0.0,0.0002622072550193064,0.23101290885469056,0.00010584440413419964,0.00047506011365892995,79.5,2,0,0.0,0.0,0,0.0,0
YJL208C,4,0.0,0.0005876079109275531,0.2337597164757368,0.00019078071003189126,0.0014314695890668137,40.75,3,0,0.0,0.0,0,0.0,0
YJL210W,4,0.0,0.00044326162617650737,0.23799792755147933,0.0001792922806764228,0.0007973596393792144,37.25,3,1,3.0,3.0,2,1.0,0
YJR012C,1,0.0,0.0,0.19285683229065442,7.239996308083265e-05,1.0921373379784833e-05,14.0,1,0,0.0,0.0,0,0.0,1
YJR108W,3,0.0,0.0011133094221284076,0.23988894400194513,0.0001492547413006167,0.0010165423051755132,73.0,3,0,0.0,0.0,0,0.0,0
YJR144W,2,0.0,0.00020908387550962518,0.22834223938816234,9.525165624872241e-05,0.002502260304029185,37.0,2,0,0.0,0.0,0,0.0,0
YKL002W,41,0.004878048780487805,0.014914794802438817,0.2867017020493979,0.0017749595605507016,0.0032093822661206635,16.78048780487805,6,1,4.0,4.0,3,1.0,0
YLR051C,4,0.16666666666666666,0.000733344016325779,0.2550285503387398,0.0001950923155160231,0.001514256388812151,97.5,3,0,0.0,0.0,0,0.0,1
YFL009W,8,0.32142857142857145,0.0003331184375956791,0.22479621301463984,0.0003012944479862027,0.0004150464673680543,11.375,5,5,17.0,58.0,57,1.0,1
YGL249W,3,0.0,5.6267556997755646e-05,0.20700539660680117,0.00013799478833352198,9.595712077812829e-05,12.333333333333334,3,2,4.5,5.0,4,1.0,0
YJR090C,9,0.1111111111111111,0.0008715549238510329,0.24479314260232077,0.0003328950253374176,0.0028711674353378426,23.11111111111111,6,5,17.2,58.0,57,1.0,0
YLR100W,3,0.3333333333333333,6.581166948418441e-05,0.20661077296481928,0.00016043224086974351,8.537903513173014e-05,8.0,2,0,0.0,0.0,0,0.0,1
YLR368W,10,0.022222222222222223,0.0009672554001425618,0.24183792157651177,0.0004243590158617473,0.004394654720571653,16.1,4,0,0.0,0.0,0,0.0,0
YDL135C,4,0.0,1.0000384193943797e-05,0.2253475072407247,0.0001415776590125979,0.001129490721263111,17.25,3,0,0.0,0.0,0,0.0,0
YDL137W,4,0.5,3.0482141922454312e-05,0.2062478380654959,0.00017584816900622304,6.275189649943439e-05,9.75,3,0,0.0,0.0,0,0.0,0
YDL226C,20,0.042105263157894736,0.003864609848032636,0.24428383478670018,0.0007687909558668661,0.0007568391641969958,8.85,5,0,0.0,0.0,0,0.0,0
YGL137W,2,1.0,0.0,0.18993633474046343,0.00010077057525069368,3.343609935632488e-05,7.5,2,6,30.166666666666668,95.0,107,0.8236642567448422,1
YDL138W,2,0.0,0.0002050132493295916,0.2159637846573816,0.00012153719205241158,0.00015909775757940906,36.5,2,0,0.0,0.0,0,0.0,0
YDL139C,2,0.0,4.146938008396392e-05,0.22907236035737444,9.356845413389341e-05,0.0006628165528688024,26.5,2,0,0.0,0.0,0,0.0,1
YER125W,15,0.01904761904761905,0.004311986646377256,0.27198012954856654,0.0005777390844406851,0.0038407039925445396,34.0,6,3,20.666666666666668,58.0,57,1.0,1
YGL130W,2,0.0,0.00021557413110426748,0.18906128699352656,0.0001621421304166733,9.20436920061427e-06,5.5,1,2,98.5,195.0,194,1.0,1
YML010W,1,0.0,0.0,0.18904437556752415,7.537233763866535e-05,9.197095634874531e-06,10.0,1,3,11.666666666666666,19.0,31,0.6946236559139785,1
YOR210W,4,0.0,0.0003967506419057339,0.21693919078804522,0.00019243720981949194,6.699062934298523e-05,6.25,3,11,38.90909090909091,195.0,213,0.8788200903534414,1
YOR224C,4,0.0,0.0002618336385167563,0.2384140782511294,0.00020332293933990287,0.000771489026647642,31.5,3,11,38.90909090909091,195.0,213,0.8788200903534414,1
YPR086W,103,0.0015229392727964973,0.03914524117659335,0.2871106638577824,0.0048487205334887575,0.005392042136774709,5.951456310679611,6,3,112.33333333333333,195.0,263,0.7308797492235799,1
YDR212W,5,0.3,0.00010339221867631707,0.21472406366849242,0.00018739897133777237,0.001758823011267238,7.4,4,3,9.666666666666666,11.0,12,0.9090909090909091,1
YIL142W,6,0.4,0.00010124696814563595,0.24748774479268534,0.0001874799903935556,0.014058708483577948,53.333333333333336,4,3,9.666666666666666,11.0,12,0.9090909090909091,1
YDL144C,1,0.0,0.0,0.16635875288547988,8.881103217101897e-05,7.825511792746198e-07,4.0,1,0,0.0,0.0,0,0.0,0
YDR088C,4,0.0,0.001238892443715467,0.20103891525870501,0.0002618825733250638,2.78872003009391e-05,4.0,2,6,156.5,559.0,619,0.8502282102357388,1
YDL146W,2,0.0,0.00021557413110426748,0.22980716540609322,0.00015029743610416447,0.0007390484286223236,55.5,1,0,0.0,0.0,0,0.0,0
YKL070W,1,0.0,0.0,0.1855832101033664,9.657442078246279e-05,2.072121133477217e-05,2.0,1,0,0.0,0.0,0,0.0,0
YDL147W,6,0.0,0.0017836018777896627,0.26020950463643644,0.00028017891965421917,0.0017060546966761593,65.5,4,6,25.666666666666668,46.0,48,0.9547872340425532,1
YDR179C,4,0.0,0.0002551996981159948,0.21005035001313288,0.00023318660837950007,6.187540389786104e-05,4.0,2,3,8.0,16.0,19,0.672514619883041,0
YDR201W,13,0.08974358974358974,0.0011041289891363794,0.25957032629048593,0.0004100515711553457,0.0049411106235286925,24.46153846153846,7,8,26.5,55.0,75,0.6731531531531532,1
YDR341C,1,0.0,0.0,0.20491798096253808,7.26692369725279e-05,4.784254210359691e-05,6.0,1,0,0.0,0.0,0,0.0,1
YDL149W,1,0.0,0.0,0.13754777719864214,0.00011448918683151508,2.4822380765825636e-08,2.0,1,0,0.0,0.0,0,0.0,0
YLR065C,2,0.0,0.00021557413110426748,0.16042977163678115,0.0001933866858531682,8.845856669285229e-07,3.5,1,0,0.0,0.0,0,0.0,0
YDL150W,1,0.0,0.0,0.00021992522542335605,0.00021987686895338611,3.4130130264064307e-22,1.0,1,2,17.5,18.0,17,1.0,1
YKR025W,1,0.0,0.0,0.00021992522542335605,0.00021987686895338611,3.4130130264064307e-22,1.0,1,2,17.5,18.0,17,1.0,1
YDL153C,32,0.0020161290322580645,0.008193812084758063,0.25203286585858165,0.0013757730021131088,0.0010398773467817036,4.1875,5,2,302.5,559.0,558,1.0,1
YBR041W,2,0.0,0.00023974504044272746,0.23451193926510613,9.226078305389827e-05,0.0026099213885362204,56.5,2,1,3.0,3.0,2,1.0,0
YDR040C,2,0.0,0.000342478223288262,0.23131632426609058,0.00010679620748739587,0.0002457096352505594,81.0,2,0,0.0,0.0,0,0.0,0
YDR307W,4,0.16666666666666666,0.0007448994731713533,0.22991966891396173,0.0001920080199247399,0.0003434244791978625,39.0,3,0,0.0,0.0,0,0.0,0
YDR422C,8,0.03571428571428571,0.0023526641621109097,0.26284703646006297,0.00030955327388180944,0.0018474069153571306,39.5,5,4,7.5,16.0,15,1.0,0
YFL001W,2,0.0,0.00015992902965218103,0.23116451699831955,9.259366230901048e-05,0.002520499519778833,46.0,2,0,0.0,0.0,0,0.0,0
YGL120C,1,0.0,0.0,0.1998129523170215,6.97419691411207e-05,2.9160589129432773e-05,32.0,1,7,134.57142857142858,559.0,619,0.8502282102357388,1
YGL198W,10,0.2222222222222222,0.0019220093789927741,0.25558369774545125,0.00040163996036703765,0.0011474790751290946,41.3,5,0,0.0,0.0,0,0.0,0
YJR002W,3,0.0,2.9814260473094465e-05,0.20400806956485704,0.00015942560071355012,4.0455973199093806e-05,12.333333333333334,2,2,302.5,559.0,558,1.0,1
YNL125C,2,0.0,6.4610985168989704e-06,0.20594636490519747,0.00011679908385364327,3.542872296507524e-05,17.5,2,0,0.0,0.0,0,0.0,0
YOL118C,1,0.0,0.0,0.1998129523170215,6.97419691411207e-05,2.9160589129432773e-05,32.0,1,0,0.0,0.0,0,0.0,0
YOR252W,2,0.0,8.191588582986538e-06,0.20341899000501817,0.00010962443861249816,4.1264092927269134e-05,17.5,2,2,452.5,559.0,558,1.0,0
YOR314W,4,0.0,0.0021924908910328756,0.26350247449125824,0.00018063631097716833,0.001392189984653007,132.0,4,0,0.0,0.0,0,0.0,0
YPL026C,2,0.0,0.0001161187139333002,0.20373274176094244,0.0001183685301694681,3.19857007655552e-05,21.0,2,0,0.0,0.0,0,0.0,0
YPL076W,3,0.0,9.145709950990959e-05,0.22243031065170094,0.00013134472115609706,0.0011139758042132233,19.333333333333332,3,1,6.0,6.0,5,1.0,1
YPR029C,5,0.1,0.0001635801511436711,0.21314321987364596,0.00023937572306947282,5.606987140522324e-05,9.6,3,6,28.833333333333332,95.0,104,0.8676250933532487,0
YGL170C,5,0.1,0.0005064233861329969,0.243061713244064,0.0001948854846648239,0.000523989510697175,44.6,5,0,0.0,0.0,0,0.0,0
YDL156W,2,0.0,9.924687995486006e-06,0.20181642443249964,0.00010047353812680704,6.461221076985048e-05,12.5,2,0,0.0,0.0,0,0.0,0
YGR040W,8,0.17857142857142858,0.0003366180210620356,0.2289978975682237,0.0002835383194978134,0.0003158162897294897,10.625,5,2,10.5,16.0,15,1.0,0
YGR178C,8,0.0,0.0009926215565407694,0.24878417853527207,0.0003186744911566818,0.0006728466334634029,29.25,5,3,192.0,559.0,558,1.0,0
YJR122W,3,0.0,1.9136175253525597e-05,0.22601022314802013,0.00011730534860152032,0.0004240755995271066,14.666666666666666,3,3,94.33333333333333,195.0,194,1.0,0
YDL161W,5,0.0,0.0006604425103688302,0.21781115084583494,0.00022998902660017375,0.0004048243013973791,11.2,3,0,0.0,0.0,0,0.0,0
YDL164C,2,0.0,3.073524129213981e-06,0.2173631180352912,9.179280501950257e-05,0.0011494773106254838,16.0,2,2,43.0,56.0,55,1.0,1
YGL207W,10,0.06666666666666667,0.0006435201239842232,0.248112420363599,0.00033837366740656425,0.0059482932980028675,23.0,5,3,9.333333333333334,19.0,23,0.6640316205533597,1
YDL165W,6,0.0,0.0005565837080244042,0.25321051897886976,0.0002295836623582852,0.0024441494431436993,30.666666666666668,5,7,63.142857142857146,195.0,255,0.7764397097421646,1
YGR014W,7,0.0,0.00027581427377710405,0.24659256713810587,0.00021211840327674565,0.009345512217926599,31.571428571428573,5,0,0.0,0.0,0,0.0,0
YDL166C,2,0.0,2.7519410616782782e-05,0.1923128073758712,0.00011398236607340506,2.66352902438465e-05,8.0,2,0,0.0,0.0,0,0.0,1
YLR222C,4,0.0,0.00021689639003322138,0.23413522369214387,0.0001942484790012263,0.0008376480602147118,21.5,2,6,141.0,559.0,619,0.8502282102357388,1
YDL167C,2,0.0,0.00021557413110426748,0.17557710365183488,0.00019430404723732648,2.2077558192460675e-06,1.5,1,0,0.0,0.0,0,0.0,0
YBL081W,2,0.0,0.00043114826220853495,0.214636835084257,0.00014867897585240037,7.858896864691852e-05,8.0,1,0,0.0,0.0,0,0.0,0
YBR212W,1,0.0,0.0,0.14853439200598353,0.00011647554233636565,6.199343690281352e-08,2.0,1,2,287.5,559.0,558,1.0,0
YNR073C,1,0.0,0.0,0.19106103120346574,7.204425828431018e-05,3.446901444673571e-05,4.0,1,0,0.0,0.0,0,0.0,0
YDL179W,3,0.0,4.463895333512911e-05,0.23732976941685982,0.00011915949209077324,0.0037209252838804317,50.666666666666664,3,1,14.0,14.0,13,1.0,0
YKR054C,27,0.18233618233618235,0.001672169919202482,0.2779537840017277,0.0006307955356568418,0.06678885761950507,55.370370370370374,14,7,24.571428571428573,73.0,95,0.6732362821948489,0
YDL185W1,1,0.0,0.0,0.1914851496472897,7.791490277620733e-05,5.2014306846873716e-05,3.0,1,1,15.0,15.0,14,1.0,0
YDL186W,2,0.0,0.0021434227892652875,0.19926660349397854,0.00014797872010541207,3.367985691788543e-05,9.0,1,0,0.0,0.0,0,0.0,0
YJL167W,1,0.0,0.0,0.1651433167928999,9.574249518796887e-05,9.453880454691752e-07,2.0,1,0,0.0,0.0,0,0.0,1
YDL188C,2,1.0,0.0,0.197028070354462,9.805520435853427e-05,8.285087795281632e-05,7.0,2,1,6.0,6.0,5,1.0,0
YDR320C,5,0.3,0.00012922185246797425,0.24068119766053256,0.0001698504449414083,0.00335117648304891,65.4,5,0,0.0,0.0,0,0.0,0
YGL206C,7,0.14285714285714285,0.00044790232607121416,0.2287005298839018,0.0002634655863977964,0.001155109516233496,7.142857142857143,5,5,29.8,95.0,104,0.8676250933532487,0
YGR130C,3,0.3333333333333333,4.518237826062092e-05,0.22292301003714324,0.0001147540898781099,0.0007727185991797702,21.333333333333332,3,0,0.0,0.0,0,0.0,0
YDL193W,3,0.0,0.002333995782703039,0.22578084468320458,0.0002156673740270397,0.000835895926827628,32.0,2,0,0.0,0.0,0,0.0,1
YGR062C,1,0.0,0.0,0.18294854541699587,9.408851293182094e-05,2.3434883478991123e-05,3.0,1,0,0.0,0.0,0,0.0,0
YDR345C,2,0.0,0.0001485253579749529,0.2180133687494467,0.00011241556653146509,0.00018128069542695547,20.5,2,0,0.0,0.0,0,0.0,0
YHR092C,1,0.0,0.0,0.1713353544107934,8.160809137135533e-05,2.8251116361224294e-06,10.0,1,0,0.0,0.0,0,0.0,0
YHR094C,2,0.0,2.4312395023393076e-05,0.17516963088745433,0.0001397624435097641,3.363299240200979e-06,7.0,2,0,0.0,0.0,0,0.0,0
YKL038W,2,0.0,0.0001485253579749529,0.2180133687494467,0.00011241556653146509,0.00018128069542695547,20.5,2,0,0.0,0.0,0,0.0,0
YMR011W,1,0.0,0.0,0.1713353544107934,8.160809137135533e-05,2.8251116361224294e-06,10.0,1,0,0.0,0.0,0,0.0,0
YDL195W,4,0.3333333333333333,2.4349663323834333e-05,0.19155457234271153,0.00017196244825957036,6.130734610682038e-05,8.75,4,5,35.0,95.0,104,0.8676250933532487,1
YIL109C,7,0.23809523809523808,0.0007961079267727802,0.2284903612797596,0.00026697978686567714,0.0009830957980018202,10.714285714285714,4,5,35.0,95.0,104,0.8676250933532487,1
YPR181C,11,0.18181818181818182,0.0005060568921523448,0.23097503788602583,0.00041324679366595835,0.0010217874089572222,8.181818181818182,4,6,29.5,95.0,104,0.8676250933532487,1
YDL196W,2,0.0,0.00021557413110426748,0.20006831037602466,0.0001573659110609185,0.0002722847885662182,5.5,1,0,0.0,0.0,0,0.0,1
YER071C,10,0.022222222222222223,0.001259574003262908,0.2524091241678176,0.00045950956556439163,0.009708490308569025,24.2,3,0,0.0,0.0,0,0.0,0
YDL198C,1,0.0,0.0,0.18818588635030822,7.824092137336531e-05,2.4886847421635964e-05,3.0,1,0,0.0,0.0,0,0.0,0
YMR072W,3,0.0,0.0002247615676107725,0.233811438948682,0.00016011412081771216,0.0008877279272657365,28.666666666666668,2,0,0.0,0.0,0,0.0,0
YDL203C,6,0.0,0.0002764021894233312,0.23674488592552217,0.00024879808624181035,0.000600372583992397,9.333333333333334,4,0,0.0,0.0,0,0.0,0
YGR058W,7,0.0,0.0005687570113871698,0.24425560204069766,0.0002586045701267227,0.0017278085744713268,23.571428571428573,5,0,0.0,0.0,0,0.0,0
YOR372C,1,0.0,0.0,0.19008153947539114,6.836998357706561e-05,1.683805757748705e-05,6.0,1,0,0.0,0.0,0,0.0,1
YDL207W,7,0.2857142857142857,0.00024700862791531816,0.23730312111577997,0.00027916797376966525,0.00030027578411754576,24.714285714285715,5,2,31.0,59.0,58,1.0,1
YEL024W,2,1.0,0.0,0.19900391682270588,0.0001011422146795156,2.9951894802809358e-05,8.0,2,2,33.0,56.0,55,1.0,0
YER107C,9,0.1388888888888889,0.0011447091729205618,0.2497248725814884,0.00036178202511450103,0.000767636743719132,35.44444444444444,5,4,25.5,59.0,59,0.9812974868497955,0
YIL115C,5,0.0,0.00015756810955916436,0.21763171626579514,0.00020180477172852896,9.360015137795084e-05,13.0,4,5,21.0,59.0,59,0.9812974868497955,1
YDL208W,4,0.16666666666666666,0.0008360169077817779,0.24665012506939796,0.00022431368574753506,0.0007849329268206392,74.75,2,2,289.5,559.0,558,1.0,1
YHR072W-A,2,1.0,0.0,0.2020576123769909,0.0001273623559486438,2.94531160957018e-05,5.0,2,2,289.5,559.0,558,1.0,1
YHR089C,6,0.06666666666666667,0.0003863121879177173,0.23488986903663645,0.00032973611893464654,0.00026474096280983253,24.666666666666668,2,6,136.0,559.0,619,0.8502282102357388,1
YNL124W,5,0.0,0.0014814841916310072,0.2107100295769827,0.00030261802676195777,5.575857559270151e-05,3.6,2,2,280.5,559.0,559,0.9964221824686941,1
YDL209C,1,0.0,0.0,0.19020984579760025,8.184097280161421e-05,3.3836638730179424e-05,3.0,1,6,156.5,559.0,619,0.8502282102357388,1
YLR426W,3,0.0,0.00043113081141094885,0.23694395388274414,0.00017356828154750986,0.0012068840675901135,58.0,2,0,0.0,0.0,0,0.0,0
YDL210W,3,0.0,0.0005206075037514965,0.22152105200535993,0.00017155519773237807,0.0003936591080198833,29.333333333333332,2,0,0.0,0.0,0,0.0,0
YGL230C,4,0.0,0.0002263109745471651,0.2124896035247473,0.0002089356966491513,0.0007758329278591174,4.5,2,0,0.0,0.0,0,0.0,0
YDL212W,1,0.0,0.0,0.19560568250794916,6.66742630049719e-05,7.723628677653224e-05,6.0,1,0,0.0,0.0,0,0.0,1
YDR508C,6,0.06666666666666667,0.0005989817211522145,0.24537578040835212,0.0002380820951667056,0.0027536729064093933,32.333333333333336,4,0,0.0,0.0,0,0.0,0
YDL213C,2,0.0,0.00021556531452698622,0.22980716540609322,0.00015029743610416447,0.0007390484286223236,55.5,1,0,0.0,0.0,0,0.0,0
YFR032C,1,0.0,0.0,0.1855832101033664,9.657442078246279e-05,2.072121133477217e-05,2.0,1,0,0.0,0.0,0,0.0,0
YDL214C,4,0.0,0.0001163028877138002,0.2342520058365259,0.0001648135076247533,0.0015798301855568407,14.25,3,0,0.0,0.0,0,0.0,0
YEL013W,9,0.0,0.0017698418359241095,0.2637326507340284,0.0003309500620112538,0.002977173206248463,50.77777777777778,5,0,0.0,0.0,0,0.0,0
YLR432W,4,0.0,0.00014921514234791076,0.22340608844155777,0.00017036273177907683,0.00016587246204133026,15.25,3,0,0.0,0.0,0,0.0,0
YPR048W,4,0.0,0.00010887991506105544,0.2165723827081146,0.00016273539998844987,0.0012171817424463437,7.0,3,0,0.0,0.0,0,0.0,1
YDL216C,2,0.0,2.6874815319821582e-05,0.22733519030356977,9.923246624592014e-05,0.0005762739583570057,22.0,2,1,6.0,6.0,5,1.0,0
YMR025W,6,0.06666666666666667,0.0003766201251172805,0.2359651199304568,0.0002716450848827991,0.0004512270835478219,16.666666666666668,3,1,6.0,6.0,5,1.0,0
YJL054W,4,0.16666666666666666,0.0002176314776469164,0.20875361484167684,0.0001964696924714866,0.00082745512723847,4.75,3,4,9.0,18.0,18,0.9019607843137255,1
YDR082W,3,0.0,0.000500616115544888,0.21579839655456542,0.00015245283247178416,0.00032287306170283804,15.333333333333334,2,1,11.0,11.0,10,1.0,1
YMR106C,2,1.0,0.0,0.15858194617371776,0.00013929142513514035,1.4937528653246713e-06,3.5,2,4,59.25,195.0,194,1.0,0
YMR284W,3,0.3333333333333333,0.00020077959362380145,0.18531470881293668,0.00018255945558995332,4.29805385483322e-05,4.0,2,4,59.25,195.0,194,1.0,0
YBL098W,1,0.0,0.0,0.19491114974242704,6.571838615413381e-05,2.1234631614481566e-05,20.0,1,0,0.0,0.0,0,0.0,0
YEL064C,4,0.0,5.4037756346488964e-05,0.19920086683228583,0.0002088280948825671,2.577705504218017e-05,7.0,2,0,0.0,0.0,0,0.0,0
YER123W,2,0.0,2.6754638521090197e-05,0.20636867460766883,9.441859867386244e-05,6.923353016996902e-05,20.0,2,2,6.0,8.0,7,1.0,0
YKR088C,1,0.0,0.0,0.19491114974242704,6.571838615413381e-05,2.1234631614481566e-05,20.0,1,0,0.0,0.0,0,0.0,0
YOL129W,4,0.0,0.00018311269255369826,0.2267011634923182,0.00016344733683037479,0.00024191544387898442,19.75,4,0,0.0,0.0,0,0.0,0
YPR113W,2,0.0,6.7339018544798545e-06,0.202483506266552,0.0001042911190590461,4.419258514060809e-05,13.0,2,0,0.0,0.0,0,0.0,1
YPR183W,3,0.0,0.00012747501898547107,0.221800031133666,0.0001391151580062892,0.00016566542192270276,17.0,3,0,0.0,0.0,0,0.0,1
YDL229W,2,1.0,0.0,0.1629343610097245,0.0001562091611228296,9.821917615677742e-07,2.5,2,2,287.0,559.0,558,1.0,0
YKR084C,3,0.3333333333333333,0.002358117025956885,0.1960502408772854,0.0001998934873742654,3.4056036843079945e-05,3.6666666666666665,2,3,93.66666666666667,266.0,265,1.0,0
YNL209W,2,1.0,0.0,0.1629343610097245,0.0001562091611228296,9.821917615677742e-07,2.5,2,2,287.0,559.0,558,1.0,0
YDL231C,1,0.0,0.0,0.18369592322095926,9.801573145789872e-05,1.9837862146871676e-05,2.0,1,0,0.0,0.0,0,0.0,0
YCR016W,2,0.0,0.0021434227892652884,0.22692023370989814,0.0001539474750417968,0.0007077676170939176,44.5,1,0,0.0,0.0,0,0.0,0
YDL232W,1,0.0,0.0,0.177590991694226,6.926297655740047e-05,1.9432693699005492e-05,6.0,1,2,19.0,29.0,28,1.0,1
YOR085W,6,0.0,0.000588686357033025,0.21767654718891094,0.00025723191458719663,0.0006926850954534732,12.833333333333334,3,2,19.0,29.0,28,1.0,0
YDL235C,6,0.26666666666666666,8.84009571574932e-05,0.20906336894422162,0.00024322679850830682,0.0002533263720085208,8.666666666666666,3,0,0.0,0.0,0,0.0,1
YJL128C,7,0.19047619047619047,0.00029728287152855376,0.22722520123181772,0.0002730964387896004,0.0004775969706714763,12.571428571428571,3,0,0.0,0.0,0,0.0,0
YLR113W,30,0.009195402298850575,0.004141236725371075,0.2583802917852114,0.0009321541706523908,0.007631571305250164,9.6,7,0,0.0,0.0,0,0.0,0
YNR031C,3,0.6666666666666666,2.2557855234691857e-06,0.18640984314506165,0.0001390381594833668,2.1750799974272775e-05,5.666666666666667,3,0,0.0,0.0,0,0.0,0
YDL236W,1,0.0,0.0,0.229283601481653,6.642597139637493e-05,0.0004641387402791451,145.0,1,0,0.0,0.0,0,0.0,0
YDL237W,2,0.0,7.613895718482351e-06,0.23130366604543465,0.00010486344659747462,0.0025150615123194853,31.0,2,0,0.0,0.0,0,0.0,0
YDL238C,1,0.0,0.0,0.17994989966853733,7.540027624189908e-05,4.4506399443660945e-05,3.0,1,0,0.0,0.0,0,0.0,0
YBR072W,4,0.0,0.00010529711662239282,0.24076345370894697,0.00016038877593283607,0.0008711545015202498,66.0,4,0,0.0,0.0,0,0.0,0
YDR148C,11,0.09090909090909091,0.002623240270217989,0.27345818679655,0.0004009216771740749,0.0022483514171688134,53.54545454545455,7,1,3.0,3.0,2,1.0,0
YDR273W,2,0.0,1.61881840348071e-05,0.2150518032721584,9.786555540630085e-05,0.00012918383081196778,19.0,2,0,0.0,0.0,0,0.0,0
YHR184W,3,0.0,0.00022670522798463787,0.22499963767243014,0.00016050452249691515,0.000371062442630325,36.333333333333336,2,0,0.0,0.0,0,0.0,0
YLR072W,2,0.0,0.00013911337946924027,0.2111943236391662,0.00012173184477282272,7.644315632579938e-05,16.5,2,0,0.0,0.0,0,0.0,0
YML042W,8,0.0,0.004665059765143504,0.2625694616296604,0.0003779612719248757,0.002030372381363659,61.0,4,0,0.0,0.0,0,0.0,0
YMR124W,7,0.09523809523809523,0.0005739993127217589,0.2551209073704897,0.00023760400340896656,0.005790687913383968,35.714285714285715,6,0,0.0,0.0,0,0.0,0
YNR012W,10,0.022222222222222223,0.0018261761565129505,0.2567480528041227,0.00041063703194333534,0.0008387955948755433,26.2,5,0,0.0,0.0,0,0.0,0
YOL091W,4,0.0,9.21977680357395e-05,0.22726185242831728,0.0001531692506580528,0.0003010132096060278,16.25,4,0,0.0,0.0,0,0.0,0
YOR324C,7,0.0,0.0006068425733480023,0.24740083074710406,0.0002644851874304554,0.0016991685077294718,31.714285714285715,5,0,0.0,0.0,0,0.0,0
YPL070W,30,0.05517241379310345,0.002733101988071456,0.2608840385948817,0.0011058702094448882,0.0016806028796076296,10.533333333333333,7,0,0.0,0.0,0,0.0,0
YDL243C,2,0.0,0.00011509370270443926,0.22988215550738417,9.201688386601057e-05,0.0008528895172181774,29.5,2,0,0.0,0.0,0,0.0,0
YNL331C,5,0.2,7.466213398166303e-05,0.24088694325607074,0.00019651660176208462,0.0008888350242055106,57.8,4,0,0.0,0.0,0,0.0,0
YMR308C,13,0.02564102564102564,0.0007626713128859473,0.25079169296987497,0.00047158532981859535,0.0033029815359360264,11.0,5,1,15.0,15.0,14,1.0,1
YDR001C,1,0.0,0.0,0.1414985000439968,0.0001182602849412978,3.193588084472421e-08,2.0,1,0,0.0,0.0,0,0.0,0
YLR270W,2,0.0,0.00021557413110426748,0.1658300911496831,0.00019715322481788847,1.1382229316977693e-06,1.5,1,3,192.33333333333334,559.0,558,1.0,0
YDR002W,2,0.0,5.9803247325502916e-05,0.2301199473712039,9.441256480444433e-05,0.00054427133779327,28.0,2,0,0.0,0.0,0,0.0,1
YDR076W,10,0.8,1.4644450061682359e-06,0.25203286585858165,0.00024353021146415434,0.01929826959013063,45.4,10,4,58.75,195.0,194,1.0,0
YJL023C,2,0.0,2.1694530722426133e-06,0.21103615723771896,9.14026391309987e-05,0.0007433494886679065,9.0,2,0,0.0,0.0,0,0.0,0
YDR006C,3,0.0,5.1594651294590614e-05,0.20216391779769816,0.00015256274197578438,6.098024425469464e-05,6.0,3,0,0.0,0.0,0,0.0,0
YKL093W,4,0.0,0.00024312407744596506,0.19595935064043918,0.0002310170577726083,5.1068759909962666e-05,2.75,3,0,0.0,0.0,0,0.0,0
YDR009W,1,0.0,0.0,0.15126120789129233,0.00010346942293084022,2.2329573182666715e-07,3.0,1,4,68.75,195.0,194,1.0,0
YDR013W,2,0.0,6.371410943411876e-06,0.1964329023754193,0.0001308280083896487,2.1408732047660773e-05,4.5,2,3,27.0,56.0,56,0.9766233766233766,1
YDR016C,6,0.2,0.0003712225755423896,0.24002516713880026,0.00022402715290669,0.0007695931073279191,22.0,5,6,27.666666666666668,55.0,54,1.0,1
YGL061C,6,0.2,0.00027730466330439825,0.24915079241463442,0.0002198062645301142,0.005630491644589988,24.166666666666668,4,8,25.0,55.0,75,0.6731531531531532,1
YKR037C,7,0.23809523809523808,0.00041926996468337767,0.2623413104092771,0.00023625321899431266,0.0035353527922051373,59.0,5,8,26.5,55.0,75,0.6731531531531532,1
YDR479C,4,0.0,0.0003272749817743107,0.24757471992703528,0.00018264161279516814,0.0011270409850269092,46.25,3,0,0.0,0.0,0,0.0,0
YDR020C,1,0.0,0.0,0.20276519204232338,6.782263412186243e-05,2.352197848887075e-05,10.0,1,0,0.0,0.0,0,0.0,0
YDR021W,2,0.0,0.00021557413110426748,0.18819426506296852,0.0001534244320555792,1.1710991008085731e-05,3.0,1,0,0.0,0.0,0,0.0,1
YER127W,5,0.1,0.0006345324018366636,0.2337985061847598,0.0002176882901991011,0.00041733985609033916,22.4,4,3,212.66666666666666,559.0,558,1.0,1
YDR022C,4,0.0,0.00035818053812832005,0.24896001845413318,0.00015990726633633435,0.0018969503713942622,54.0,4,0,0.0,0.0,0,0.0,0
YDR026C,4,0.0,0.00029650843805336036,0.2145061250096053,0.0001958197293269071,0.00016691257950480202,9.0,3,2,452.5,559.0,558,1.0,0
YBL092W,2,0.0,5.1101454118412156e-05,0.17573770136846303,0.0001455627876924941,4.756184171366374e-06,4.0,2,6,258.8333333333333,559.0,589,0.9439786101197695,1
YKR092C,6,0.0,0.00010527979954106403,0.22195143842229956,0.0002610238508152969,0.00012558023304359836,5.666666666666667,4,0,0.0,0.0,0,0.0,0
YDR484W,7,0.09523809523809523,0.0018939705342471338,0.24182408566361197,0.0002744493849539594,0.0011831169379562928,22.428571428571427,4,1,4.0,4.0,3,1.0,0
YJL029C,2,1.0,0.0,0.20138373401849888,9.661395893547408e-05,9.721686032556052e-05,6.0,2,1,4.0,4.0,3,1.0,0
YDR473C,4,0.16666666666666666,0.00021523338036648563,0.24920955092944244,0.0001530542168557555,0.0017299550919043776,40.75,4,7,135.85714285714286,559.0,619,0.8502282102357388,1
YER027C,4,0.3333333333333333,2.8873045336676382e-05,0.22110389670525046,0.00015961448983560215,0.0002691712136745205,13.5,4,4,7.5,16.0,15,1.0,0
YHR165C,3,0.0,0.0002174766897954398,0.19644203157104956,0.0001777717527244821,3.054053330487045e-05,5.666666666666667,2,10,105.5,559.0,619,0.8502282102357388,1
YJL005W,2,0.0,4.331211722535439e-06,0.1986952095761892,9.619972491583596e-05,0.00015065937071120786,10.5,2,1,2.0,2.0,1,0.0,1
YMR140W,4,0.3333333333333333,8.260271898242441e-05,0.22980716540609322,0.00015814753432201746,0.0008343758862389985,25.0,4,0,0.0,0.0,0,0.0,0
YMR235C,6,0.06666666666666667,0.0005398456873008647,0.23229518538768262,0.00026975419377139984,0.00026720072950334384,12.5,4,0,0.0,0.0,0,0.0,1
YNR011C,3,0.0,2.303232455585623e-05,0.22111546313633987,0.00011520101988474023,0.0023918090443115696,16.333333333333332,3,6,156.5,559.0,619,0.8502282102357388,1
YPR178W,8,0.10714285714285714,0.0012427622208400662,0.2587124001294083,0.000293111243294972,0.0013373886594039686,50.0,5,7,133.57142857142858,559.0,619,0.8502282102357388,1
YDR030C,1,0.0,0.0,0.17292653083967896,8.480367772540738e-05,1.5654756233520342e-06,5.0,1,0,0.0,0.0,0,0.0,0
YDR034C,63,0.0015360983102918587,0.029330983177172143,0.27657156273730765,0.0029267719198366455,0.005573337250152745,5.761904761904762,7,0,0.0,0.0,0,0.0,0
YBR144C,2,0.0,0.0002908415656355302,0.23559685598987085,0.00010996486937033933,0.0003728216920644133,96.5,2,0,0.0,0.0,0,0.0,0
YBR145W,2,0.0,0.00029025988250425914,0.23559685598987085,0.00010996486937033933,0.0003728216920644133,96.5,2,0,0.0,0.0,0,0.0,0
YBR180W,1,0.0,0.0,0.21493151598262347,7.291063102406418e-05,0.00015627264594328665,63.0,1,0,0.0,0.0,0,0.0,0
YDR023W,1,0.0,0.0,0.21493151598262347,7.291063102406418e-05,0.00015627264594328665,63.0,1,0,0.0,0.0,0,0.0,1
YDR277C,10,0.022222222222222223,0.0035639093901417528,0.2556146101423726,0.0003838881425631851,0.0028409032051990336,30.2,6,0,0.0,0.0,0,0.0,0
YDR342C,2,0.0,3.5520201065529764e-05,0.21611837577023585,0.00011816501150193283,0.00016329346707602863,33.0,2,0,0.0,0.0,0,0.0,0
YDR438W,3,0.0,0.0009574743252197927,0.25230365864706455,0.00013939692847820864,0.0012761529235890154,126.0,3,0,0.0,0.0,0,0.0,0
YDR449C,1,0.0,0.0,0.21493151598262347,7.291063102406418e-05,0.00015627264594328665,63.0,1,6,141.0,559.0,619,0.8502282102357388,1
YDR456W,3,0.0,0.00023262846173500415,0.23952191269418444,0.00012626151014473474,0.0018208163929026879,50.333333333333336,3,0,0.0,0.0,0,0.0,0
YER038C,2,0.0,0.00024159078996115047,0.21499711054497828,0.00014011113271381856,0.00015651223972550663,33.0,2,1,8.0,8.0,7,1.0,1
YER043C,1,0.0,0.0,0.21493151598262347,7.291063102406418e-05,0.00015627264594328665,63.0,1,0,0.0,0.0,0,0.0,1
YER044C,5,0.1,0.0011488406137904117,0.2432155586232967,0.00023756505089165148,0.0011968995463165536,31.6,3,0,0.0,0.0,0,0.0,0
YER064C,5,0.0,0.0006075401047432724,0.23366925719024118,0.00025829566103457486,0.0009952941024962824,33.0,3,0,0.0,0.0,0,0.0,0
YFR021W,1,0.0,0.0,0.21493151598262347,7.291063102406418e-05,0.00015627264594328665,63.0,1,0,0.0,0.0,0,0.0,0
YFR046C,2,0.0,0.00014738594786772093,0.2256964541496301,0.00010140611093055856,0.0004223119177801086,47.0,2,1,55.0,55.0,54,1.0,0
YFR055W,3,0.0,0.00041531360393153537,0.23432992534173816,0.00013717418675479655,0.001072834646819901,58.666666666666664,3,0,0.0,0.0,0,0.0,0
YGL125W,1,0.0,0.0,0.21493151598262347,7.291063102406418e-05,0.00015627264594328665,63.0,1,4,257.25,559.0,558,1.0,0
YGL169W,1,0.0,0.0,0.21493151598262347,7.291063102406418e-05,0.00015627264594328665,63.0,1,0,0.0,0.0,0,0.0,1
YGL181W,23,0.011857707509881422,0.005784970751530957,0.26292878783990253,0.0009813085452551522,0.0012101628977475856,11.91304347826087,5,0,0.0,0.0,0,0.0,0
YGL223C,2,0.0,6.564554861410491e-05,0.22482012623340636,9.929426994442105e-05,0.0004059138192055315,39.0,2,3,41.333333333333336,95.0,94,1.0,0
YGR111W,2,0.0,4.643405465691643e-05,0.21681678344776983,0.0001196817186624509,0.00016215108487000824,33.0,2,0,0.0,0.0,0,0.0,0
YGR113W,18,0.0457516339869281,0.002170387233197604,0.2634696249650485,0.0005788925456188114,0.011648439819532534,20.5,7,8,25.0,55.0,75,0.6731531531531532,1
YGR124W,2,0.0,1.6717526896068974e-05,0.21777748432759406,0.00012018168717374853,0.00017791095852597377,33.0,2,0,0.0,0.0,0,0.0,0
YGR189C,3,0.0,0.00020448013192275396,0.23553121549728478,0.00014817384900011864,0.00037542445871156517,40.0,3,0,0.0,0.0,0,0.0,0
YGR295C,1,0.0,0.0,0.21493151598262347,7.291063102406418e-05,0.00015627264594328665,63.0,1,0,0.0,0.0,0,0.0,0
YIL145C,3,0.0,0.0012954456841903622,0.23319227591935743,0.000157378294885861,0.0009921056099264703,53.666666666666664,3,0,0.0,0.0,0,0.0,0
YIR026C,1,0.0,0.0,0.21493151598262347,7.291063102406418e-05,0.00015627264594328665,63.0,1,0,0.0,0.0,0,0.0,0
YJL002C,3,0.3333333333333333,0.0005148237200523402,0.21547936344383528,0.0001630211223594479,0.00015731501596037917,25.333333333333332,3,2,19.0,29.0,28,1.0,1
YJL185C,3,0.0,3.5306971020605316e-05,0.22897308739513939,0.00014055317542253072,0.0009448813535576199,26.0,2,0,0.0,0.0,0,0.0,0
YLR063W,3,0.3333333333333333,0.0021434227892652875,0.22127752032846157,0.00018126579381444002,0.00018950431459431724,26.0,2,0,0.0,0.0,0,0.0,0
YLR328W,7,0.14285714285714285,0.0011165716576205084,0.24795231966412112,0.00026475976462795757,0.001177315367852778,49.0,5,0,0.0,0.0,0,0.0,0
YMR064W,1,0.0,0.0,0.21493151598262347,7.291063102406418e-05,0.00015627264594328665,63.0,1,3,97.66666666666667,266.0,265,1.0,0
YMR094W,14,0.14285714285714285,0.004080047464331228,0.2452903431589063,0.00043587794573506983,0.010758334241989869,20.642857142857142,7,5,27.4,55.0,54,1.0,1
YMR187C,3,0.0,0.0008055973369434239,0.2492389405810645,0.0001602814138771799,0.0009327238383789416,117.0,2,0,0.0,0.0,0,0.0,0
YOR009W,1,0.0,0.0,0.21493151598262347,7.291063102406418e-05,0.00015627264594328665,63.0,1,0,0.0,0.0,0,0.0,0
YPL138C,2,0.0,0.00021557413110426748,0.21495337638904968,0.00015873355522268642,0.00015639570498686452,32.0,1,2,45.5,83.0,82,1.0,0
YPL178W,4,0.0,0.0008580142930413227,0.23651967955426517,0.00022361230945167055,0.0006227481043701967,52.75,2,9,108.11111111111111,559.0,619,0.8502282102357388,0
YPR136C,2,0.0,0.0003000224970494818,0.2262521782097352,0.00011502357212893547,0.00042342602580107576,79.0,2,0,0.0,0.0,0,0.0,1
YPR187W,1,0.0,0.0,0.21493151598262347,7.291063102406418e-05,0.00015627264594328665,63.0,1,11,38.90909090909091,195.0,213,0.8788200903534414,1
YDR042C,2,0.0,0.00011077694802315924,0.23576769262127806,0.00011946019575879104,0.0007608122511363534,56.0,2,0,0.0,0.0,0,0.0,0
YLR413W,2,0.0,3.027163615441771e-05,0.24547553245335227,0.00012218177953856997,0.0007964421245757773,144.0,2,0,0.0,0.0,0,0.0,0
YDR044W,2,0.0,0.00022003932998449627,0.22938314393630396,0.0001272542922749578,0.0004645129031830275,73.5,2,0,0.0,0.0,0,0.0,1
YBR215W,5,0.1,0.00024573586379019645,0.2597457870899203,0.00016342700440314777,0.006815228521836468,74.8,5,3,32.333333333333336,83.0,82,1.0,0
YER177W,10,0.4222222222222222,0.001712268156433402,0.26560532822133176,0.00027702958258421083,0.036901758746661004,93.8,8,0,0.0,0.0,0,0.0,0
YGL129C,3,0.0,0.00047358237850297056,0.2504944407558536,0.00012904071382246804,0.002302541273058153,83.0,3,9,161.77777777777777,559.0,593,0.9319709675949136,0
YIL128W,3,0.0,7.315039352980204e-05,0.24123063539061024,0.00013182715727618784,0.002897818376748211,50.666666666666664,2,0,0.0,0.0,0,0.0,0
YLR320W,4,0.0,4.857127762423499e-05,0.24685178959961881,0.00012600465749264508,0.005901573477051352,57.5,4,0,0.0,0.0,0,0.0,0
YDR139C,3,0.6666666666666666,9.865083714301954e-06,0.2039785345678155,0.00013869113722303773,0.00011315505127402922,13.0,2,0,0.0,0.0,0,0.0,0
YLR306W,2,1.0,0.0,0.19566906736942288,0.00010259154643123204,3.691804579444367e-05,10.0,2,0,0.0,0.0,0,0.0,0
YPL003W,4,0.16666666666666666,9.528439373025214e-05,0.23626848481354237,0.0001713063326010392,0.0008981021694418154,29.5,3,1,2.0,2.0,1,0.0,0
YPR066W,4,0.16666666666666666,0.00023842905253202925,0.2315063639672622,0.0001815256406261272,0.00021958966348404235,31.75,3,1,2.0,2.0,1,0.0,0
YDR060W,3,0.0,7.37561560591458e-05,0.21192495328725358,0.00012543837961582094,0.0004511533057660191,8.666666666666666,3,5,119.4,559.0,558,1.0,1
YLR398C,5,0.1,0.0002158598061133152,0.24387509769872334,0.00017676807801624123,0.0025067489326050783,32.4,4,1,3.0,3.0,2,1.0,0
YDR063W,3,0.0,6.233309685702597e-05,0.22329986757431838,0.00016362156427522927,0.0001478790380628023,15.333333333333334,2,0,0.0,0.0,0,0.0,0
YGL239C,2,0.0,3.0687082536717735e-05,0.22495173993157386,0.0001094142994340713,0.0019937989500619178,29.5,2,0,0.0,0.0,0,0.0,1
YKL013C,3,0.3333333333333333,9.663921769924716e-06,0.20151814986003683,0.00016595936787689987,7.086095719299233e-05,3.6666666666666665,2,4,29.0,95.0,96,0.962280701754386,1
YDR069C,3,0.0,0.0004148018579238256,0.24637696393764705,0.00013622953213787578,0.0010903542002487683,73.0,3,3,28.333333333333332,46.0,47,0.9777983348751156,0
YDR070C,2,0.0,1.4515617509816402e-05,0.22109233148416532,0.000101821375549072,0.0010025299265439332,15.0,2,0,0.0,0.0,0,0.0,0
YER089C,1,0.0,0.0,0.14112056601610154,0.00012140436593548548,2.5852534802483478e-08,3.0,1,0,0.0,0.0,0,0.0,0
YML068W,1,0.0,0.0,0.18783465286025297,7.407336950411938e-05,1.3693592972882321e-05,4.0,1,0,0.0,0.0,0,0.0,1
YER019C-A,2,0.0,0.0003144739373018755,0.2454042727191287,0.00011049732838030711,0.0008081555104077843,147.0,2,4,11.5,29.0,29,0.9384236453201971,1
YKL128C,1,0.0,0.0,0.1909833360434788,7.215729410156879e-05,3.3046652111067804e-05,8.0,1,0,0.0,0.0,0,0.0,0
YHL006C,7,0.047619047619047616,0.0002757212791119647,0.21637282791473114,0.0003077590700271115,0.00031372618353948077,4.857142857142857,4,0,0.0,0.0,0,0.0,0
YIL152W,2,0.0,1.8062242399800818e-05,0.18763453603738947,0.00011334783863138615,3.5648633990462195e-05,5.0,2,0,0.0,0.0,0,0.0,0
YLR376C,4,0.16666666666666666,7.037435897249554e-05,0.2131324724341606,0.00017748072801939625,0.00013002034300274142,6.5,4,0,0.0,0.0,0,0.0,0
YDR084C,9,0.027777777777777776,0.0008984522460248295,0.2422398529035631,0.00043506773272808207,0.0009308594664456325,14.555555555555555,4,0,0.0,0.0,0,0.0,0
YPL242C,4,0.0,3.556944856291203e-05,0.22159073097322532,0.00014438471234059808,0.0011909400338387583,21.5,3,0,0.0,0.0,0,0.0,1
YLR378C,2,0.0,0.00043114826220853495,0.20414601271742444,0.00014081203913992338,0.0012964353608235003,7.0,1,5,10.6,29.0,29,0.9384236453201971,1
YGR006W,2,0.0,1.0073302799956004e-05,0.17567926821755084,0.00014384057535551896,1.9482021512054835e-06,4.0,2,9,115.66666666666667,559.0,619,0.8502282102357388,0
YGR232W,3,0.0,0.0006016187412006407,0.22586529834959246,0.000170209437407533,0.00016273263558738094,38.0,2,4,30.5,46.0,47,0.9777983348751156,0
YDR091C,3,0.0,0.00016460519470732718,0.23129100921008333,0.00014633529764342115,0.00028163838344454734,45.666666666666664,3,3,356.0,559.0,558,1.0,1
YLR192C,3,0.0,7.853835355513913e-05,0.24214271272423654,0.00012728653876478005,0.002054609801368254,44.0,3,2,8.0,9.0,9,0.9166666666666666,0
YDR097C,3,1.0,0.0,0.1848123472219961,0.00016096942261455258,3.3019615670281795e-05,5.333333333333333,3,4,58.75,195.0,194,1.0,0
YDR098C,3,0.0,6.732024619201113e-05,0.20109630302651282,0.0001620207783691048,6.544685725947656e-05,8.666666666666666,2,0,0.0,0.0,0,0.0,0
YGL071W,2,0.0,5.22598938725158e-06,0.18286148359568563,0.0001265004178291585,4.0111951821038825e-05,3.5,2,0,0.0,0.0,0,0.0,0
YGL220W,3,0.0,0.0001359224257876099,0.21597481954495287,0.00014797927761096225,0.0011210167776913524,13.666666666666666,2,0,0.0,0.0,0,0.0,0
YNL042W,3,0.0,6.417769582988939e-05,0.2160520953442176,0.00013697257466112106,0.0004227791143136965,7.0,3,0,0.0,0.0,0,0.0,0
YDR100W,6,0.13333333333333333,0.00034151770254490073,0.24059899779794358,0.00022529251912102225,0.0006166940926932112,32.0,4,0,0.0,0.0,0,0.0,0
YER132C,1,0.0,0.0,0.18868151028096922,6.392748654209535e-05,4.375770216647457e-05,12.0,1,0,0.0,0.0,0,0.0,0
YGR179C,6,0.2,0.00028584826667802076,0.2294329475826018,0.00019926565613377157,0.004313401416957303,19.166666666666668,5,7,23.0,55.0,54,1.0,1
YDR104C,1,0.0,0.0,0.21262856246864897,6.14770102495023e-05,0.000266039271836822,31.0,1,0,0.0,0.0,0,0.0,0
YDR105C,2,0.0,0.00021556531452698622,0.21623999556526696,0.00016236375901889497,0.000267363541328741,48.0,1,0,0.0,0.0,0,0.0,0
YNL160W,1,0.0,0.0,0.1766336478610227,0.00010096477474026754,7.493162307086725e-06,2.0,1,0,0.0,0.0,0,0.0,0
YDR107C,4,0.0,0.0002735364965147199,0.23595194782372853,0.00018137518795086625,0.003005284548070735,70.5,3,0,0.0,0.0,0,0.0,0
YDR072C,1,0.0,0.0,0.18957004051281665,7.135287798503753e-05,8.429133289861477e-05,4.0,1,0,0.0,0.0,0,0.0,0
YGR234W,1,0.0,0.0,0.20411643776870161,5.770784656816626e-05,0.00019466484995195278,16.0,1,0,0.0,0.0,0,0.0,0
YER161C,9,0.0,0.0012717936545174188,0.254521779569716,0.0003309559914599696,0.004232723274301286,32.22222222222222,5,0,0.0,0.0,0,0.0,0
YLR095C,2,0.0,0.0021434227892652875,0.19996419686414385,0.00014941595619596872,4.177372509379371e-05,5.0,1,3,30.0,83.0,82,1.0,0
YGR098C,1,0.0,0.0,0.16847396043342794,9.930959653356097e-05,9.316843246827896e-07,2.0,1,3,4.666666666666667,9.0,8,1.0,1
YDR115W,4,0.0,0.0010991632678120098,0.23037078664237373,0.00018892632715921756,0.0015198096880286805,24.25,3,7,202.14285714285714,559.0,589,0.9439786101197695,0
YKL142W,6,0.0,0.0004991666738427532,0.20211558328858956,0.0003862499177512631,7.397943871312681e-05,2.1666666666666665,2,6,221.83333333333334,559.0,589,0.9439786101197695,0
YCL011C,2,0.0,5.484873742316955e-05,0.23013247636055278,0.00011037419787288236,0.0004663633659528783,74.5,2,0,0.0,0.0,0,0.0,0
YLR035C,5,0.0,0.0006349821606196467,0.24779242544930666,0.00026358800120984915,0.0008142829392012165,60.6,3,1,2.0,2.0,1,0.0,0
YDR122W,1,0.0,0.0,0.2082701745905037,6.571588869708385e-05,0.00011502084664043291,18.0,1,0,0.0,0.0,0,0.0,0
YOL108C,6,0.0,0.0006410794276622944,0.2365461521805514,0.00029189391417045455,0.001626770598831719,25.666666666666668,2,1,2.0,2.0,1,0.0,0
YDR126W,45,0.0595959595959596,0.005432130204959643,0.2730342480016971,0.0013558870636814554,0.018967236390314203,19.0,10,0,0.0,0.0,0,0.0,0
YEL027W,2,0.0,1.657757130353258e-06,0.2270665158911777,8.378211603373613e-05,0.0010359839347817653,43.5,2,5,12.6,15.0,16,0.9083333333333333,0
YHR151C,2,0.0,0.00021557413110426748,0.21281055247781053,0.00013569939816562845,0.0005323796640932624,23.0,1,0,0.0,0.0,0,0.0,0
YKL110C,3,0.0,8.595300505856936e-05,0.23779708541852448,0.000123154288312106,0.005683683868483452,52.666666666666664,2,0,0.0,0.0,0,0.0,0
YKR031C,2,0.0,8.385431063662203e-05,0.22359517527053918,9.227183783539069e-05,0.0007308673581514467,40.0,2,0,0.0,0.0,0,0.0,0
YNR049C,2,0.0,2.0277890306433468e-05,0.21361718266105387,9.331588357697676e-05,0.0005362295844807103,24.5,2,0,0.0,0.0,0,0.0,0
YOL112W,2,0.0,8.317975488564577e-07,0.22069983256653472,8.26008995192336e-05,0.0008337892715967138,31.5,2,0,0.0,0.0,0,0.0,0
YPL051W,33,0.10984848484848485,0.004863985059754193,0.2684391714285706,0.0009393403319696877,0.011384914211348992,21.606060606060606,9,0,0.0,0.0,0,0.0,0
YDR128W,2,0.0,2.9352959094453636e-05,0.1788610017482343,0.00011774488832492076,3.3344963996740847e-06,7.5,2,0,0.0,0.0,0,0.0,0
YDR424C,18,0.39869281045751637,7.969513890448793e-05,0.26743708910561675,0.0004047281806091857,0.06293833335865981,75.27777777777777,14,6,30.833333333333332,73.0,131,0.49770992366412214,0
YDR130C,2,0.0,2.1077801926708754e-07,0.21938252936701472,8.346523827476045e-05,0.0025996795681014245,25.5,2,0,0.0,0.0,0,0.0,1
YDR132C,3,0.0,5.800339511911197e-05,0.20373274176094244,0.0001496440580386161,8.353459616375049e-05,6.333333333333333,3,0,0.0,0.0,0,0.0,0
YHR170W,4,0.0,0.0007894449164008692,0.229769688699406,0.00020685483851189435,0.0017088952021338034,12.5,3,3,356.0,559.0,558,1.0,1
YJL218W,4,0.16666666666666666,0.00015801378162612077,0.23707685194426345,0.00016940978813596413,0.0008081858489441241,63.75,3,0,0.0,0.0,0,0.0,0
YDR138W,5,0.2,0.00012215212234476547,0.22873765860242834,0.00019813786582435257,0.001727489987945787,14.0,3,7,54.42857142857143,195.0,222,0.8152949329419917,0
YGL162W,2,0.0,1.0523529814418543e-05,0.1986952095761892,0.00011381794388551144,6.587725213656791e-05,4.5,2,0,0.0,0.0,0,0.0,0
YKR010C,4,0.16666666666666666,4.511328771914734e-05,0.23159515606346354,0.00015968288961704777,0.001947904980651974,17.75,3,0,0.0,0.0,0,0.0,0
YNR046W,1,0.0,0.0,0.16836658806270755,8.453331794118592e-05,6.263672481780727e-06,3.0,1,1,2.0,2.0,1,0.0,1
YDR142C,8,0.10714285714285714,0.0006746808383284136,0.23898022238447858,0.00034380944873018077,0.0005679287148421137,18.0,5,0,0.0,0.0,0,0.0,0
YGR239C,8,0.0,0.0004587981304494656,0.24894535563427017,0.00029955907472336646,0.0027048693950629116,12.25,5,0,0.0,0.0,0,0.0,0
YHR160C,1,0.0,0.0,0.19151985470386376,6.945397009923552e-05,1.5922449219998037e-05,8.0,1,0,0.0,0.0,0,0.0,0
YDR335W,11,0.01818181818181818,0.002296491188942066,0.2661907672595423,0.00034583940106615877,0.011068718447640364,33.18181818181818,6,0,0.0,0.0,0,0.0,0
YDR150W,46,0.14396135265700483,0.003333923481449354,0.2868184293488683,0.0010937659956904281,0.08715956579275193,40.97826086956522,14,0,0.0,0.0,0,0.0,0
YGL124C,9,0.25,3.607088306987813e-05,0.2606748808704455,0.0002250607529911341,0.021864564499090817,44.55555555555556,8,1,2.0,2.0,1,0.0,0
YGL216W,22,0.19913419913419914,0.0003034692973610216,0.27010308603196836,0.0005129319689177608,0.049418509648949865,40.77272727272727,14,5,26.6,73.0,73,0.974124809741248,0
YJR112W,16,0.18333333333333332,0.000914892522414749,0.26432638317267665,0.00045170958258868856,0.02119537561311298,39.75,9,3,34.0,55.0,54,1.0,1
YLL001W,6,0.4,0.00040752500538993746,0.2512837044952305,0.00019937145826472868,0.022911306289637768,88.66666666666667,5,0,0.0,0.0,0,0.0,0
YLR216C,9,0.1111111111111111,0.0003627805446640118,0.25004988128929684,0.0002708182423644292,0.012702110158102428,31.333333333333332,5,0,0.0,0.0,0,0.0,0
YLR319C,13,0.15384615384615385,0.0007401766002586276,0.2539712307465164,0.0003808937382739745,0.010124848103114306,30.384615384615383,8,5,27.8,73.0,76,0.8989473684210526,0
YOR322C,3,0.3333333333333333,3.441063142638536e-05,0.24219821185619256,0.00010519281860913173,0.005089657161239614,65.33333333333333,3,0,0.0,0.0,0,0.0,0
YPL205C,5,0.0,0.0003532254327339366,0.24904803165886596,0.00018193042882793262,0.008591891433523019,51.8,4,0,0.0,0.0,0,0.0,0
YGR173W,4,0.0,0.00029476145027519576,0.19908827626179987,0.0002687900623824117,2.5843352065346995e-05,2.0,2,0,0.0,0.0,0,0.0,0
YDR155C,4,0.16666666666666666,0.0005032497133564773,0.25423091503153333,0.00016024947428710994,0.013692183302452894,98.75,3,3,56.333333333333336,133.0,132,1.0,0
YKR105C,2,0.0,1.7109939628962354e-05,0.2470104717925592,0.00010523222280694222,0.0011588007506778174,145.0,2,0,0.0,0.0,0,0.0,0
YDR156W,6,0.06666666666666667,0.0019706973664051003,0.26460768707363674,0.00024381254624785946,0.004185896617023698,71.5,4,3,77.33333333333333,195.0,194,1.0,0
YJR063W,18,0.0,0.006527522564987565,0.24299184784790304,0.0008785053917759809,0.0010681559239239908,7.833333333333333,4,3,77.33333333333333,195.0,194,1.0,0
YNL248C,1,0.0,0.0,0.20763585957234723,6.734626184889931e-05,0.00011738858511247724,6.0,1,3,77.33333333333333,195.0,194,1.0,0
YDR158W,1,0.0,0.0,0.18985102377444632,8.584666958625313e-05,2.2377528046657154e-05,5.0,1,0,0.0,0.0,0,0.0,0
YFR029W,2,0.0,0.00021557413110426748,0.13274010593581864,0.00023436042153126836,1.8469550025847854e-08,1.5,1,0,0.0,0.0,0,0.0,1
YGL211W,4,0.16666666666666666,2.251935781256641e-05,0.24527610940139694,0.0001201606938960702,0.008771914464340815,62.0,4,0,0.0,0.0,0,0.0,0
YGL252C,2,0.0,3.0342750866130223e-05,0.2254075935001212,8.930603613454196e-05,0.0013641682844361778,23.0,2,3,50.666666666666664,133.0,133,0.9849624060150376,0
YGR118W,2,0.0,0.00021557413110426748,0.21719558056185564,0.0001329228119469233,0.0012855310913135421,18.5,1,7,227.28571428571428,559.0,589,0.9439786101197695,0
YIL133C,2,0.0,0.00012443145157103638,0.22103452352216038,9.324768166317462e-05,0.0012974971963818098,23.5,2,6,258.8333333333333,559.0,589,0.9439786101197695,0
YLL002W,5,0.2,8.188863586963577e-05,0.2523639138643664,0.00014606234669602887,0.010279017461248628,72.4,5,1,2.0,2.0,1,0.0,0
YML026C,1,0.0,0.0,0.21717326174352736,5.691789552549466e-05,0.0012845205828198604,36.0,1,7,227.28571428571428,559.0,589,0.9439786101197695,0
YNL135C,5,0.0,0.0002799349759973243,0.23184922348276413,0.00021975792438238588,0.002150501352167056,13.6,2,1,11.0,11.0,10,1.0,0
YER013W,2,0.0,4.3961526894767117e-05,0.21846408896600542,9.575857464155292e-05,8.688226150930848e-05,26.5,2,6,156.5,559.0,619,0.8502282102357388,1
YFL033C,3,0.0,0.0002019278473313653,0.24564672478144203,0.00011135537172916386,0.0030692504197645087,104.33333333333333,3,0,0.0,0.0,0,0.0,0
YGR097W,3,0.0,0.0004676150016820726,0.2241643611218855,0.00016852077725817524,0.00017514227585679174,16.0,2,1,74.0,74.0,73,1.0,0
YIL129C,2,0.0,2.07171848538781e-05,0.2237490441646431,9.346044379347242e-05,0.00012896137836724156,25.5,2,0,0.0,0.0,0,0.0,1
YKL012W,6,0.13333333333333333,0.0003993907533623581,0.2265674953534666,0.0002302526937795389,0.0002826712673690504,17.5,5,11,97.36363636363636,559.0,624,0.8370374943408652,1
YLR228C,1,0.0,0.0,0.21439732149704657,6.169010357115159e-05,7.526216239818381e-05,35.0,1,0,0.0,0.0,0,0.0,0
YML015C,5,0.3,0.0006197820498580426,0.25033125219510055,0.00020837174450505727,0.0009037337520437323,67.8,4,8,59.25,195.0,266,0.731961980422755,1
YML098W,4,0.3333333333333333,7.024874357551202e-05,0.23144298271446492,0.0001604896663599365,0.00023060312318406534,16.0,4,8,59.25,195.0,266,0.731961980422755,1
YML114C,1,0.0,0.0,0.21439732149704657,6.169010357115159e-05,7.526216239818381e-05,35.0,1,5,50.8,133.0,175,0.8057142857142857,1
YOR250C,2,0.0,9.744163270401172e-06,0.2208612808712652,9.22451468359151e-05,9.624528609802857e-05,22.0,2,5,36.8,131.0,141,0.8656534954407294,1
YPL011C,3,0.0,0.00022333726267407544,0.23728979920924453,0.00014300057023422524,0.0003288765415778892,46.333333333333336,3,8,59.25,195.0,266,0.731961980422755,1
YPR115W,4,0.0,0.00012601770209693573,0.2337080168812492,0.00017223662401310964,0.0007717244138161434,18.0,3,0,0.0,0.0,0,0.0,0
YDR169C,1,0.0,0.0,0.2029404260281483,6.459198460823424e-05,0.00022953314959111418,13.0,1,0,0.0,0.0,0,0.0,0
YLL026W,2,0.0,0.0001145700207332705,0.19120796133693443,0.00011842795076636364,3.4137187848099104e-05,4.5,2,0,0.0,0.0,0,0.0,0
YDR174W,10,0.044444444444444446,0.0012553436260191383,0.2513285285595358,0.00039828458630130346,0.0016187752444554383,29.1,4,0,0.0,0.0,0,0.0,0
YIL013C,1,0.0,0.0,0.1993699916661607,6.677220031699557e-05,4.53840164535471e-05,10.0,1,0,0.0,0.0,0,0.0,0
YCL010C,2,0.0,7.20221864950813e-06,0.21189308167807663,9.80365993634352e-05,7.020789518687576e-05,15.5,2,7,67.85714285714286,195.0,255,0.7764397097421646,0
YDR457W,1,0.0,0.0,0.20414601271742444,6.018351553143945e-05,5.003993870773764e-05,23.0,1,0,0.0,0.0,0,0.0,0
YGL013C,1,0.0,0.0,0.20414601271742444,6.018351553143945e-05,5.003993870773764e-05,23.0,1,0,0.0,0.0,0,0.0,0
YJR080C,2,0.0,3.2364764469650794e-05,0.2076460598012514,9.59742481549277e-05,5.963931809403364e-05,14.5,2,0,0.0,0.0,0,0.0,0
YKR060W,1,0.0,0.0,0.17248197148919744,8.227676683885359e-05,1.7369566189282723e-06,4.0,1,2,452.5,559.0,558,1.0,0
YDR184C,4,0.0,0.00031890091408450123,0.23744976087378647,0.00016328327305355575,0.0007927518367723163,33.5,4,0,0.0,0.0,0,0.0,0
YDR189W,4,0.16666666666666666,0.00014112631134589125,0.20875361484167684,0.00015514122191609238,0.0001643014862634898,10.0,3,0,0.0,0.0,0,0.0,1
YMR316W,2,0.0,1.7899555227654447e-05,0.21401737687667205,9.861791545794858e-05,0.00011231980104040974,9.5,2,0,0.0,0.0,0,0.0,0
YPL235W,1,0.0,0.0,0.1617744639204789,0.00011334276513673237,6.149647902339072e-07,2.0,1,3,36.0,83.0,82,1.0,1
YOR134W,1,0.0,0.0,0.19621405595182773,6.839987594476241e-05,1.4084831762236066e-05,9.0,1,0,0.0,0.0,0,0.0,0
YDR200C,4,0.5,7.842240038738186e-06,0.2221263962012861,0.00016601037844841458,0.00037154734770999823,6.75,3,1,6.0,6.0,5,1.0,0
YLR238W,3,0.3333333333333333,2.0061248398188892e-05,0.215732312219378,0.000135070991099935,0.00033053820224299206,6.666666666666667,3,1,6.0,6.0,5,1.0,0
YMR052W,10,0.1111111111111111,0.0023831246777427993,0.27278755684506445,0.0003725992301569132,0.008436780936760221,58.1,5,1,6.0,6.0,5,1.0,0
YHR083W,2,0.0,1.3534004055912821e-05,0.2270299276675407,9.642353934160815e-05,0.0002254066459583619,21.0,2,1,4.0,4.0,3,1.0,1
YKL179C,2,0.0,3.3804493351611834e-06,0.21737429639055145,8.536098089166125e-05,0.00031847708100292914,12.5,2,0,0.0,0.0,0,0.0,0
YKR083C,5,0.0,5.614568436141575e-05,0.23634775180688172,0.00019450496265964419,0.0005966201270605222,18.8,4,6,27.666666666666668,55.0,54,1.0,1
YDR205W,1,0.0,0.0,0.00021992522542335605,0.00021987686895338611,3.4130130264064307e-22,1.0,1,0,0.0,0.0,0,0.0,0
YNR039C,1,0.0,0.0,0.00021992522542335605,0.00021987686895338611,3.4130130264064307e-22,1.0,1,0,0.0,0.0,0,0.0,0
YJR094C,3,0.6666666666666666,4.11451346698481e-05,0.2404758032266185,0.00012958483219039662,0.0007274953021561399,40.666666666666664,3,3,90.66666666666667,195.0,194,1.0,0
YMR139W,6,0.13333333333333333,0.00012803147152454385,0.2509554825930222,0.00022719411798805488,0.001018960373822798,25.5,4,0,0.0,0.0,0,0.0,0
YDR214W,2,0.0,0.00021557413110426748,0.22097674578180013,0.0001283398470252651,0.0028467291396113014,23.5,1,0,0.0,0.0,0,0.0,0
YDR215C,2,0.0,0.002143422789265287,0.1807038259721377,0.0001951803882236343,2.754200872563747e-05,2.0,1,0,0.0,0.0,0,0.0,0
YKR024C,3,0.0,0.0025732512098548166,0.22234840575035628,0.0002244170154333034,0.0009809507750037144,27.0,1,0,0.0,0.0,0,0.0,0
YPL175W,1,0.0,0.0,0.15218705239844002,0.0001166186265959731,7.733470688157121e-07,2.0,1,1,6.0,6.0,5,1.0,1
YDR216W,5,0.1,0.001190076628159274,0.23674488592552217,0.0001916605966988195,0.0004837216465985205,35.2,4,0,0.0,0.0,0,0.0,0
YGR123C,6,0.0,0.0022646773197463593,0.21986180459372032,0.0002757123361500911,0.0005190315428614485,4.166666666666667,3,0,0.0,0.0,0,0.0,0
YDR218C,3,0.3333333333333333,2.9071426356247304e-05,0.2189620386093179,0.00011718027136086036,0.0010819751557318111,15.0,3,3,29.333333333333332,73.0,72,1.0,0
YGR059W,3,0.0,9.722322902566687e-06,0.20898067800426545,0.0001244095222791088,0.00019147913463239837,6.333333333333333,3,3,29.333333333333332,73.0,72,1.0,0
YDR225W,9,0.2222222222222222,0.00276773379012245,0.2571072502015981,0.0003301195120875745,0.011196230497911793,45.22222222222222,6,2,9.5,11.0,10,1.0,0
YDR226W,2,0.0,0.00026140917145140254,0.24372041707399375,0.00011405785417319876,0.0007844407352610463,145.5,2,0,0.0,0.0,0,0.0,1
YOR176W,5,0.0,0.0004141417756085397,0.21698373682311461,0.00025216497377879803,0.0003328516151397193,4.8,3,0,0.0,0.0,0,0.0,1
YLR442C,2,1.0,0.0,0.19724873737991847,0.00010553879941674894,5.8701645206479836e-05,7.5,2,4,27.25,83.0,90,0.8404494382022472,0
YDR228C,9,0.08333333333333333,0.001005734681687511,0.2449349941075664,0.00032386952228807744,0.0007483024720388261,22.555555555555557,6,5,36.8,131.0,141,0.8656534954407294,1
YGL044C,21,0.023809523809523808,0.004212776531706227,0.25107473675760456,0.0008249293347223892,0.0011733130343918774,6.761904761904762,6,5,36.8,131.0,141,0.8656534954407294,1
YPR049C,2,0.0,3.066672295681355e-06,0.21255371584603605,9.084777088118856e-05,0.0003474632161059566,13.5,2,0,0.0,0.0,0,0.0,0
YDR229W,5,0.0,0.0004850308080689032,0.24356593254087083,0.00019053598403876663,0.00099906791589605,39.8,4,0,0.0,0.0,0,0.0,0
YDR236C,1,0.0,0.0,0.1463639043358244,0.0001034327598236471,7.77229217525263e-08,4.0,1,0,0.0,0.0,0,0.0,1
YDR398W,4,0.0,0.0004403269001852855,0.17255238378977272,0.00032131168638886736,2.7705212145604568e-06,1.5,2,5,168.0,559.0,619,0.8502282102357388,1
YDR238C,1,0.0,0.0,0.1431324097834233,0.00011416488117791488,9.559197647162664e-08,2.0,1,6,30.166666666666668,95.0,107,0.8236642567448422,1
YFR051C,2,0.0,0.00021557413110426748,0.16807870181780948,0.0001897443835961132,3.399604892049275e-06,2.0,1,6,30.166666666666668,95.0,107,0.8236642567448422,1
YNL214W,4,0.6666666666666666,0.00015893724916132192,0.24950375971396452,0.00016923207227257712,0.0009696628054603388,80.0,4,1,3.0,3.0,2,1.0,0
YDR251W,1,0.0,0.0,0.2103849083327994,6.113676007317621e-05,0.0002953979504802657,10.0,1,0,0.0,0.0,0,0.0,0
YDR252W,3,0.0,1.8811165115551416e-05,0.21108885304206315,0.00015401317995969506,0.00010397971343651335,3.6666666666666665,2,4,267.75,559.0,559,0.9964478299061945,0
YHR193C,4,0.0,0.0005057231252789587,0.25442985573432086,0.00019019735840617005,0.0010195259101849529,104.25,3,4,68.75,195.0,195,0.9899550621200106,0
YGR140W,12,0.19696969696969696,0.0003260673555907448,0.23973927702990602,0.0003505590935746476,0.006327572974698854,15.583333333333334,7,5,27.4,55.0,54,1.0,1
YKL089W,5,0.5,1.0751816008769855e-05,0.2303205750498187,0.00016149422998610808,0.004415129043823155,22.8,5,5,27.2,55.0,54,1.0,1
YDR255C,1,0.0,0.0,0.1948123331941869,8.80753184096784e-05,2.1817380835859794e-05,3.0,1,1,8.0,8.0,7,1.0,0
YKL144C,3,0.0,0.0005629084113140232,0.24412863539992335,0.00019509683239461457,0.0007776273666400022,97.66666666666667,2,4,60.75,195.0,199,0.9538094512968884,1
YDR256C,4,0.16666666666666666,0.00020315781884161578,0.23785061016905482,0.0001761875169577057,0.0006235857888471498,49.25,3,1,2.0,2.0,1,0.0,0
YMR314W,2,0.0,2.7096375077507097e-06,0.2006381161681432,0.00011003285434088713,4.238814644437864e-05,11.5,2,7,21.142857142857142,46.0,48,0.9485815602836879,1
YDR262W,1,0.0,0.0,0.00021992522542335605,0.00021987686895338611,3.4130130264064307e-22,1.0,1,0,0.0,0.0,0,0.0,0
YDR454C,1,0.0,0.0,0.00021992522542335605,0.00021987686895338611,3.4130130264064307e-22,1.0,1,0,0.0,0.0,0,0.0,1
YDR263C,1,0.0,0.0,0.00021992522542335605,0.00021987686895338611,3.4130130264064307e-22,1.0,1,0,0.0,0.0,0,0.0,0
YOR214C,1,0.0,0.0,0.00021992522542335605,0.00021987686895338611,3.4130130264064307e-22,1.0,1,0,0.0,0.0,0,0.0,0
YJR086W,5,0.2,0.0004142564238239617,0.2058560947408695,0.00023751419699311917,0.00011473805726101316,9.4,3,4,6.25,16.0,17,0.7941176470588235,0
YDR267C,2,0.0,0.0003438763896120867,0.21152195332604076,0.00012360215032649957,0.0002869783807333604,12.0,2,0,0.0,0.0,0,0.0,1
YDR268W,3,0.0,0.0002938143292033337,0.25345345045957146,0.00013617076525472986,0.0013036304272925191,124.0,3,0,0.0,0.0,0,0.0,0
YOR308C,6,0.2,0.00010109003492373446,0.2529831932795231,0.00020714874469355583,0.005605611889006905,42.333333333333336,5,4,184.25,559.0,558,1.0,0
YNL259C,1,0.0,0.0,0.16486633876723117,9.71819605457045e-05,4.982006972592563e-06,2.0,1,0,0.0,0.0,0,0.0,0
YOR244W,2,0.0,3.104034340904712e-05,0.2113104630962492,0.00012581686803640342,3.7586244191838925e-05,4.5,2,7,28.0,133.0,134,0.971944787341488,1
YDR275W,1,0.0,0.0,0.2136711754784285,5.87414544923665e-05,0.0004898212852264464,48.0,1,0,0.0,0.0,0,0.0,0
YDR279W,5,0.2,0.00018923576351274172,0.22889868912131878,0.000189425373358427,0.0019852769476964775,22.0,3,1,3.0,3.0,2,1.0,0
YIL131C,3,0.0,7.2326215204816985e-06,0.19971854060264,0.00013508727858822396,0.00012504578318137282,4.333333333333333,3,0,0.0,0.0,0,0.0,0
YLR154C,2,1.0,0.0,0.2138657758203943,9.093415553019616e-05,0.0005454668838217146,26.5,2,1,3.0,3.0,2,1.0,0
YDR280W,1,0.0,0.0,0.1715927086962316,7.24475710409609e-05,2.187691271026757e-06,7.0,1,6,32.166666666666664,131.0,136,0.9196078431372549,1
YDR292C,2,0.0,6.865570739032093e-06,0.18861415409702245,0.00014447876954843853,2.0783498875863712e-05,2.0,2,4,149.25,559.0,579,0.9308496333614213,1
YKL154W,2,0.0,0.00017152328880293535,0.2270177342131303,0.00013166551345996744,0.0007077941725937049,45.0,2,3,196.66666666666666,559.0,579,0.9308496333614213,1
YMR163C,2,0.0,5.0916413040364306e-05,0.2004573268194192,0.0001311545231646162,3.3665037199248405e-05,8.0,2,0,0.0,0.0,0,0.0,0
YDR293C,8,0.25,0.000353638094775159,0.2594906497215466,0.00022436595735160646,0.029025994113668137,90.5,6,0,0.0,0.0,0,0.0,0
YJR066W,6,0.3333333333333333,0.00019036704835571718,0.22248885110613079,0.00021931747000699525,0.0009023969089407131,9.5,4,2,4.5,5.0,4,1.0,0
YPL180W,6,0.26666666666666666,0.00016006177668287212,0.22501161529487745,0.00022430074351343062,0.0010752439619798302,10.0,4,2,4.5,5.0,4,1.0,0
YDR295C,8,0.35714285714285715,0.00011769541292166082,0.24926833716543448,0.0002270255582065055,0.00856618084447629,27.875,7,3,55.0,133.0,132,1.0,0
YLR131C,3,0.0,4.968188280302161e-05,0.21569928522730522,0.00013005409628081844,0.00036297650954332153,15.333333333333334,3,0,0.0,0.0,0,0.0,0
YDR298C,1,0.0,0.0,0.15008497650514055,0.00011597563124515439,9.290548011995467e-07,3.0,1,5,21.8,56.0,57,0.9523809523809523,0
YDR299W,6,0.06666666666666667,0.0003379317634746471,0.21943947634276154,0.00024614148463200186,0.00012207790090772259,8.5,4,0,0.0,0.0,0,0.0,1
YNL317W,6,0.8,1.981699584720177e-05,0.1997468547476146,0.00020666155728672688,5.8336827371414644e-05,9.5,6,3,17.333333333333332,20.0,22,0.9264069264069265,1
YDR304C,1,0.0,0.0,0.21370358427191835,7.15937907437567e-05,0.00013225457678512983,28.0,1,0,0.0,0.0,0,0.0,0
YMR153W,25,0.013333333333333334,0.006478207119124066,0.27039682659379943,0.0009429553418613574,0.001361850920001416,12.0,6,2,31.0,59.0,58,1.0,0
YDR308C,4,0.5,0.0001556220993571276,0.23197646634730656,0.00017192446294506464,0.0008500762194965534,26.0,3,5,70.0,195.0,211,0.9097269239449334,1
YDR116C,2,0.0,1.8544804030483166e-06,0.23083628383563284,8.015798349973468e-05,0.0028008842312833276,32.5,2,7,202.14285714285714,559.0,589,0.9439786101197695,0
YKL082C,5,0.3,0.0004539454409564359,0.2218233111159419,0.00018569913578188153,0.0007959632782347021,14.6,4,3,356.0,559.0,558,1.0,1
YDR311W,24,0.014492753623188406,0.008992127081670078,0.2765534672411851,0.0009298708928153265,0.0049326441100179365,15.791666666666666,7,12,44.0,195.0,266,0.7317349978720386,1
YBR286W,2,0.0,1.99788487716029e-05,0.2158314539069788,0.00011032048721845163,0.00014691365391803017,13.0,2,0,0.0,0.0,0,0.0,0
YHR113W,4,0.16666666666666666,0.00010054494169697649,0.23461607422925582,0.00016944713109509572,0.0005557768378014742,30.25,3,2,452.5,559.0,558,1.0,0
YIL071C,2,0.0,0.0021434227892652884,0.2149424456300164,0.00014739049001857328,0.00013839247576567104,12.5,1,1,6.0,6.0,5,1.0,0
YKL028W,3,0.0,0.00024072642716331248,0.21569928522730522,0.00018049346802173662,0.00014086917462698964,9.333333333333334,2,4,101.0,195.0,264,0.7423378269385874,1
YKL104C,1,0.0,0.0,0.21492058744670123,6.599689411761313e-05,0.0001382836574652403,24.0,1,0,0.0,0.0,0,0.0,1
YMR294W,42,0.1835075493612079,0.006942209993495848,0.2963917813136718,0.001042766861706713,0.08369257127317234,45.23809523809524,14,7,24.571428571428573,73.0,95,0.6732362821948489,0
YPL170W,2,0.0,2.173874464320284e-05,0.22328807149045288,9.218266561439237e-05,0.0005133704287441548,25.0,2,0,0.0,0.0,0,0.0,0
YDR313C,3,0.0,0.00020012065992518882,0.24805417801140103,0.0001448010793818816,0.0008192006583121924,100.0,3,0,0.0,0.0,0,0.0,0
YDR315C,7,0.047619047619047616,0.002063236744536181,0.24610440717987034,0.00026126108682913795,0.008229858666419102,33.142857142857146,5,0,0.0,0.0,0,0.0,0
YLR323C,1,0.0,0.0,0.19606842904324487,6.456165025040675e-05,0.00023065830805296425,7.0,1,2,325.0,559.0,558,1.0,1
YDL046W,2,0.0,0.0002881290069190486,0.25439922920940555,0.00010147588587161146,0.0027647594394876376,171.0,2,0,0.0,0.0,0,0.0,0
YDL053C,2,0.0,5.54705119315485e-05,0.2302954774607319,0.00010314456708801497,0.0021500159884006434,50.0,2,0,0.0,0.0,0,0.0,0
YDL061C,1,0.0,0.0,0.22404554189092935,6.313585159287312e-05,0.0019896505811909213,56.0,1,7,227.28571428571428,559.0,589,0.9439786101197695,0
YDL067C,1,0.0,0.0,0.22404554189092935,6.313585159287312e-05,0.0019896505811909213,56.0,1,3,26.333333333333332,56.0,56,0.9707792207792207,1
YDR478W,2,0.0,0.001277818225103861,0.22420003147054968,0.00012512133192145125,0.001992052201395411,29.5,2,5,160.8,559.0,619,0.8502282102357388,1
YER029C,8,0.0,0.001712763254361379,0.2651055690739007,0.0003502279126068867,0.0031352331293930317,52.5,5,12,73.0,559.0,565,0.9764513901964477,1
YER035W,1,0.0,0.0,0.22404554189092935,6.313585159287312e-05,0.0019896505811909213,56.0,1,0,0.0,0.0,0,0.0,0
YER084W,5,0.2,0.0007322397636354983,0.26309244325372044,0.00017455228263415785,0.006650634949425885,97.2,5,0,0.0,0.0,0,0.0,0
YFL015C,1,0.0,0.0,0.22404554189092935,6.313585159287312e-05,0.0019896505811909213,56.0,1,0,0.0,0.0,0,0.0,0
YFR054C,1,0.0,0.0,0.22404554189092935,6.313585159287312e-05,0.0019896505811909213,56.0,1,0,0.0,0.0,0,0.0,0
YGR036C,2,0.0,3.3163396414029614e-05,0.2376099383503442,8.830825066746131e-05,0.0024936742419863823,49.0,2,0,0.0,0.0,0,0.0,0
YGR146C,2,0.0,7.560326604637736e-06,0.22971973876708005,9.201450732225928e-05,0.0022421106110475084,33.0,2,0,0.0,0.0,0,0.0,0
YHL042W,2,0.0,6.726032408247962e-06,0.23132898387227852,8.775944275678697e-05,0.0027675226618132124,34.5,2,0,0.0,0.0,0,0.0,0
YLL033W,2,0.0,9.58894992877776e-05,0.2372098991702269,9.818953264424741e-05,0.0028242145817782833,74.5,2,0,0.0,0.0,0,0.0,0
YGR167W,5,0.2,0.00016281295936343591,0.22311127966821181,0.0001910090759074719,0.00021900062487702215,7.2,5,5,29.8,95.0,104,0.8676250933532487,0
YDR321W,4,0.16666666666666666,4.475265100556643e-05,0.2322696556387665,0.00015638458778854418,0.00040955825975813766,36.5,4,0,0.0,0.0,0,0.0,0
YKR014C,5,0.0,0.00037921088090662916,0.24123063539061024,0.0001987484892316134,0.0020635247899537506,28.4,3,0,0.0,0.0,0,0.0,0
YDR326C,2,0.0,0.00021557413110426748,0.18291687698261525,0.00015052056105268298,4.6009744163936815e-06,4.5,1,0,0.0,0.0,0,0.0,0
YER007C-A,1,0.0,0.0,0.1537537082432168,9.727419851922748e-05,1.291255956833396e-07,2.0,1,2,452.5,559.0,558,1.0,0
YJR089W,3,0.0,0.0001354637237687176,0.20332114066642326,0.0001416452758248273,0.0002596331956464895,11.666666666666666,2,3,33.333333333333336,55.0,55,0.9643097643097643,1
YLR097C,1,0.0,0.0,0.1953254710404008,6.479306922248044e-05,7.837325216864773e-05,20.0,1,2,35.5,58.0,57,1.0,1
YLR224W,2,1.0,0.0,0.19926660349397854,0.00010975725274000992,8.1911399614449e-05,12.5,2,1,58.0,58.0,57,1.0,0
YLR352W,4,0.16666666666666666,0.00040324161783193674,0.24596119833076943,0.00015607176386104584,0.0021244174352490937,41.75,4,0,0.0,0.0,0,0.0,0
YML088W,3,0.0,0.0003792772198347143,0.23296093437578663,0.00013536603104427592,0.0005390952308560621,28.333333333333332,3,2,35.5,58.0,57,1.0,0
YNL311C,3,0.0,0.00011944828816923381,0.2106890236922676,0.00015289711294745703,0.00011396269531482512,9.0,2,3,321.0,559.0,614,0.8347476765626411,0
YOR057W,5,0.1,0.0005953301012969823,0.21567727284999863,0.0002638824998558802,0.00012614534809759226,7.6,2,3,23.333333333333332,58.0,57,1.0,1
YLR002C,3,0.0,5.322627148978316e-05,0.1944001836597651,0.00016919213354076523,1.13538572480911e-05,8.333333333333334,2,4,147.25,559.0,558,1.0,1
YDR332W,25,0.23333333333333334,0.004272855694889468,0.26265104040976034,0.0007069911934883398,0.04946608909446427,36.48,13,0,0.0,0.0,0,0.0,0
YBL058W,1,0.0,0.0,0.20642914599112486,5.698506265534975e-05,0.0013862723435288315,25.0,1,0,0.0,0.0,0,0.0,0
YDR014W,5,0.7,1.3286012198006297e-06,0.24424148811477367,0.00013696152738724586,0.017201766822704516,71.4,5,0,0.0,0.0,0,0.0,0
YDR265W,1,0.0,0.0,0.20642914599112486,5.698506265534975e-05,0.0013862723435288315,25.0,1,1,3.0,3.0,2,1.0,0
YMR074C,1,0.0,0.0,0.20642914599112486,5.698506265534975e-05,0.0013862723435288315,25.0,1,0,0.0,0.0,0,0.0,0
YLR293C,12,0.045454545454545456,0.0021992651794307044,0.2621135553338877,0.0004522957954639953,0.001575992701150286,34.916666666666664,5,0,0.0,0.0,0,0.0,1
YOR359W,3,0.0,2.817235135643263e-05,0.21741902131136634,0.00013055680015560607,0.0006356728928439312,9.0,2,0,0.0,0.0,0,0.0,0
YDR346C,1,0.0,0.0,0.18428859405799936,9.80355191372321e-05,6.0801311524785e-06,2.0,1,0,0.0,0.0,0,0.0,0
YLR077W,2,0.0,0.002143422789265287,0.22782532168998398,0.0001540416548381447,0.00021671983999264994,65.5,1,0,0.0,0.0,0,0.0,0
YDR348C,2,0.0,0.0006466959435809587,0.1837917729069603,0.0001936706655361462,1.98534971199395e-05,2.5,1,0,0.0,0.0,0,0.0,0
YMR295C,2,0.0,0.002791328367249237,0.22699335123324596,0.0001502090290598022,0.0007077680553408493,45.0,1,2,452.5,559.0,558,1.0,0
YDR349C,3,0.0,0.0002550793617158,0.23296093437578663,0.00015981200223620957,0.0019136831179241698,25.333333333333332,2,0,0.0,0.0,0,0.0,0
YLR099C,1,0.0,0.0,0.18763453603738947,7.807976592675658e-05,5.3674244728236355e-05,3.0,1,0,0.0,0.0,0,0.0,0
YOR007C,5,0.0,4.700484333651619e-05,0.21925735000074037,0.00021741690248845033,0.00016390238018591647,4.4,4,0,0.0,0.0,0,0.0,0
YDR350C,1,0.0,0.0,0.19955824528182203,6.501505451435974e-05,0.00023129186004794232,6.0,1,0,0.0,0.0,0,0.0,0
YDR351W,5,0.0,0.0004967496534629448,0.241313267487684,0.00022431840286502128,0.002765943270316702,21.6,3,0,0.0,0.0,0,0.0,0
YHR103W,1,0.0,0.0,0.19301535199389347,7.132188040379037e-05,7.756298580001875e-05,5.0,1,0,0.0,0.0,0,0.0,0
YJR005W,3,0.0,0.00011384641835232989,0.20340920083321815,0.0001606129661115167,9.147048042314848e-05,9.333333333333334,2,5,33.6,95.0,104,0.8676250933532487,0
YDR357C,3,0.0,6.667125942057702e-05,0.23284543564778676,0.00013333209760420155,0.00039500676750489004,26.0,3,0,0.0,0.0,0,0.0,0
YGL079W,3,0.0,7.774850150181456e-05,0.2106575227168838,0.0001335406462992655,0.0003448132757702093,9.0,3,0,0.0,0.0,0,0.0,0
YPR182W,7,0.0,0.00047616275975617873,0.2504647542850363,0.0002829634818055453,0.0010284306529177065,52.0,4,12,73.0,559.0,565,0.9764513901964477,1
YGR071C,5,0.0,0.0006983827425999475,0.24367826549719088,0.00023541333750809262,0.0030706012338008693,25.2,3,0,0.0,0.0,0,0.0,0
YGR072W,7,0.047619047619047616,0.0005159944724824416,0.25135842015427406,0.00026913367979261723,0.004236424462094563,49.0,4,3,192.33333333333334,559.0,558,1.0,0
YHR134W,6,0.26666666666666666,0.00025945440331605145,0.2528016263943943,0.00018882864734562834,0.022173830584207514,94.5,5,0,0.0,0.0,0,0.0,0
YHR167W,3,0.0,5.877552184703856e-05,0.23366925719024118,0.00012140014940596893,0.00207573877769884,54.0,3,3,10.0,19.0,21,0.7857142857142857,0
YIL052C,4,0.0,0.0007628482230501697,0.23206561948579515,0.00016282638788605656,0.0006575033676212889,29.0,4,6,258.8333333333333,559.0,589,0.9439786101197695,0
YJL176C,7,0.0,0.0008776118962958787,0.2596819557236759,0.00022592429192099341,0.004554246844698331,48.857142857142854,6,6,64.5,195.0,269,0.6211507518171225,0
YML128C,4,0.3333333333333333,3.283953152290237e-05,0.2507024432570743,0.00012131761179242202,0.015133361808279587,94.25,4,0,0.0,0.0,0,0.0,1
YNL072W,2,0.0,4.637465192384434e-05,0.23019514177727224,9.424152370340067e-05,0.0008611927763321775,64.0,2,1,3.0,3.0,2,1.0,0
YNL218W,9,0.05555555555555555,0.0009584520722255887,0.25191270000085064,0.00029605592642451456,0.004924851935054276,30.11111111111111,5,0,0.0,0.0,0,0.0,0
YOR076C,5,0.0,0.00043730178473007527,0.23607054975226321,0.0002194692596988977,0.0011308655000813455,25.2,3,1,14.0,14.0,13,1.0,1
YOR243C,1,0.0,0.0,0.2136711754784285,5.87414544923665e-05,0.0004898212852264464,48.0,1,0,0.0,0.0,0,0.0,0
YPL079W,2,0.0,1.628906220356477e-05,0.21931423199887265,8.828843902316597e-05,0.0006385220833648894,34.5,2,6,258.8333333333333,559.0,589,0.9439786101197695,0
YER008C,4,0.5,1.5210647575373789e-05,0.22115016969153314,0.0001365479547566737,0.0005781634024798258,11.5,4,2,7.5,8.0,7,1.0,1
YPL029W,2,0.0,6.259867649847629e-06,0.2134122585738803,0.00010834073987333226,0.000328233716733037,6.5,2,6,73.5,266.0,389,0.7843929716693611,0
YPR055W,5,0.3,0.00010146256286423898,0.2315063639672622,0.00017047872817868708,0.002133414004861021,19.8,4,2,7.5,8.0,7,1.0,1
YDR364C,4,0.0,0.0013823032804378774,0.20148933136210664,0.0002591461128891608,4.1566536037453975e-05,4.75,2,6,156.5,559.0,619,0.8502282102357388,1
YKR086W,1,0.0,0.0,0.16666705545184626,8.801107352750792e-05,1.1656509719308636e-06,4.0,1,6,156.5,559.0,619,0.8502282102357388,1
YDR365C,1,0.0,0.0,0.1733307304729875,8.77190610336446e-05,5.604193178154937e-06,4.0,1,0,0.0,0.0,0,0.0,1
YDR370C,1,0.0,0.0,0.1516900482079409,0.00012072047228769685,1.1937552150959784e-07,2.0,1,0,0.0,0.0,0,0.0,0
YFL049W,2,0.0,0.00021557413110426748,0.18000354285470882,0.0002000858526675904,4.249892305062842e-06,1.5,1,2,47.5,83.0,82,1.0,0
YDR371W,1,0.0,0.0,0.19587762145207252,7.263536299964324e-05,1.8537984895678507e-05,23.0,1,0,0.0,0.0,0,0.0,0
YJL053W,5,0.2,0.00030389037624902046,0.24849166333417244,0.00018893707296033536,0.002578691019483656,49.0,4,4,32.0,95.0,94,1.0,0
YDR373W,3,0.0,0.002158404021917661,0.20889805245202495,0.0001848055131994733,4.478424625486478e-05,4.333333333333333,2,0,0.0,0.0,0,0.0,1
YNL267W,1,0.0,0.0,0.171704236637863,8.559883333001113e-05,1.2580569647152855e-06,3.0,1,0,0.0,0.0,0,0.0,1
YOR136W,5,0.0,0.002181159237782676,0.2446514553055665,0.0002435989737752273,0.0007355427415059011,50.8,3,1,2.0,2.0,1,0.0,0
YIR024C,2,0.0,0.00021767478856845858,0.20390965282040974,0.00012413607222648606,0.00019906679603549926,18.5,2,0,0.0,0.0,0,0.0,0
YGL251C,1,0.0,0.0,0.21355242728814597,6.281523934849358e-05,0.0002346705495935389,23.0,1,0,0.0,0.0,0,0.0,0
YJL139C,6,0.06666666666666667,0.0001117545744202657,0.2452903431589063,0.00019748860016946112,0.00475387520979824,32.0,5,0,0.0,0.0,0,0.0,0
YLR053C,3,0.0,0.001050063548296217,0.22027428179239528,0.00015827696108372156,0.0002514252220219652,10.333333333333334,2,0,0.0,0.0,0,0.0,0
YMR221C,1,0.0,0.0,0.21355242728814597,6.281523934849358e-05,0.0002346705495935389,23.0,1,0,0.0,0.0,0,0.0,0
YOR320C,3,1.0,0.0,0.23050898147539253,0.00012665170340044074,0.0008024701761443813,34.0,3,0,0.0,0.0,0,0.0,0
YDR379W,2,1.0,0.0,0.21428862830490608,8.125892291970058e-05,0.00084017483951644,26.0,2,0,0.0,0.0,0,0.0,0
YDR380W,2,0.0,0.0,0.0004398504508467121,0.00031051912107475194,8.37171953311446e-21,1.0,1,0,0.0,0.0,0,0.0,0
YOR382W,1,0.0,0.0,0.00029323363389780805,0.00017455574289270312,5.919699652058258e-21,2.0,1,0,0.0,0.0,0,0.0,0
YLR315W,7,0.09523809523809523,0.0006181534921482529,0.2556919238590692,0.00022945042831938942,0.009785073019215444,51.57142857142857,5,1,55.0,55.0,54,1.0,0
YDR385W,3,0.0,0.0020407655757952413,0.2035365336020741,0.00021163974196971121,0.00012098933353876711,12.666666666666666,2,5,236.4,559.0,589,0.9439786101197695,0
YPL108W,1,0.0,0.0,0.20171048405222014,5.874865721991479e-05,0.0002382384745558916,14.0,1,0,0.0,0.0,0,0.0,0
YJR083C,7,0.047619047619047616,0.0018172957307256113,0.2605463350375561,0.0002613451063555868,0.0036660601389841233,52.0,5,0,0.0,0.0,0,0.0,0
YLR144C,2,1.0,0.0,0.2300322826293482,8.03775751178525e-05,0.0025707650829391616,46.5,2,0,0.0,0.0,0,0.0,0
YMR192W,6,0.06666666666666667,0.0004792675187412937,0.23934559418540616,0.00020626233497648218,0.00400217966636432,28.0,5,1,2.0,2.0,1,0.0,0
YNL086W,10,0.022222222222222223,0.0009184407267777179,0.2451907415345596,0.0003411895430782751,0.0031355250951854026,16.3,5,0,0.0,0.0,0,0.0,0
YDR390C,3,0.3333333333333333,0.00012671680642068088,0.1969179218874574,0.00014271113894372253,5.822634406933275e-05,8.0,2,1,2.0,2.0,1,0.0,1
YPR180W,4,0.0,0.00023880378003217527,0.19807137738117492,0.00022458073754485358,5.273420524423743e-05,2.5,2,1,2.0,2.0,1,0.0,1
YKL058W,6,0.4,0.00026108973962790075,0.23546561157118118,0.00022133562209537762,0.0008538912325916502,23.166666666666668,5,4,101.0,195.0,264,0.7423378269385874,1
YOR194C,8,0.25,0.0005273423318097999,0.2237490441646431,0.00028976091118754774,0.00027101832115660504,8.5,5,4,101.0,195.0,264,0.7423378269385874,1
YPL082C,2,1.0,0.0,0.20325270212128646,8.759327366876502e-05,0.00011398623041628003,14.0,2,3,90.66666666666667,195.0,194,1.0,1
YOR117W,7,0.047619047619047616,0.0004592880104461187,0.21008166964782668,0.00033826521747932765,0.0001655100639704181,4.428571428571429,3,6,25.5,46.0,48,0.9547872340425532,1
YOR259C,3,0.3333333333333333,1.4233052682736538e-05,0.19659735782857082,0.00016108996228658467,3.1603178284345575e-05,6.0,3,6,25.5,46.0,48,0.9547872340425532,1
YOL070C,3,0.0,0.0006133294638978626,0.23172212013125779,0.00014109570265774982,0.00020976964377568012,41.0,3,2,452.5,559.0,558,1.0,0
YOL127W,1,0.0,0.0,0.1847154303768856,6.931131648068789e-05,1.2976613561949224e-05,11.0,1,6,258.8333333333333,559.0,589,0.9439786101197695,1
YDR397C,1,0.0,0.0,0.1855832101033664,9.657442078246279e-05,2.072121133477217e-05,2.0,1,3,90.66666666666667,195.0,194,1.0,1
YER159C,2,0.0,0.00021557413110426748,0.22980716540609322,0.00015029743610416447,0.0007390484286223236,55.5,1,3,90.66666666666667,195.0,194,1.0,1
YMR093W,2,0.0,0.0006047995771711411,0.20883612615189096,0.00013466188624324047,9.390476918302516e-05,8.0,2,3,204.0,559.0,559,0.9964542417655696,1
YDR403W,1,0.0,0.0,0.00021992522542335605,0.00021987686895338611,3.4130130264064307e-22,1.0,1,0,0.0,0.0,0,0.0,0
YKR053C,1,0.0,0.0,0.00021992522542335605,0.00021987686895338611,3.4130130264064307e-22,1.0,1,0,0.0,0.0,0,0.0,0
YDR404C,2,0.0,0.0001260595495858581,0.20212524834134818,0.00014135507178594472,2.8627927874725634e-05,5.5,2,8,114.75,559.0,763,0.602910874672776,1
YDR412W,2,0.0,7.252768099398092e-06,0.2128963026752429,8.996441894068479e-05,0.0009946251066804458,21.5,2,0,0.0,0.0,0,0.0,1
YDR415C,3,0.0,0.0021701741994405283,0.2151941346764216,0.00018445354799944007,0.00013964000459777546,10.666666666666666,2,0,0.0,0.0,0,0.0,0
YGR129W,1,0.0,0.0,0.19805281573021613,7.00231132547818e-05,3.654278493936092e-05,11.0,1,3,219.33333333333334,559.0,558,1.0,0
YJR050W,3,0.0,0.000834075291498319,0.24675091613043043,0.00017288854841273363,0.0008122968110887273,100.0,2,3,219.33333333333334,559.0,558,1.0,0
YKL095W,2,0.0,8.882915996106662e-06,0.20656028897592107,0.0001058768162849528,0.0001463278395457287,8.0,2,0,0.0,0.0,0,0.0,1
YDR420W,16,0.0,0.001156815915640921,0.24786507906610405,0.0005113081867799698,0.004771824037708586,11.875,7,0,0.0,0.0,0,0.0,1
YOL023W,2,0.0,1.691012572466015e-06,0.19872323428840025,9.19944673455998e-05,0.00015255024582650978,11.0,2,0,0.0,0.0,0,0.0,0
YOR141C,1,0.0,0.0,0.19718432512195713,6.0233695919570794e-05,0.00013385498281113788,16.0,1,2,47.5,83.0,82,1.0,0
YOR375C,2,0.0,1.6753241337600227e-05,0.2256362138106162,9.117368837619214e-05,0.0005696728794476051,31.0,2,0,0.0,0.0,0,0.0,0
YDR425W,7,0.14285714285714285,0.0007447993323000594,0.22739634136616488,0.0002981490145854854,0.0003071126625672206,7.714285714285714,4,1,3.0,3.0,2,1.0,0
YJR110W,2,0.0,3.5453911467102105e-05,0.21399570642538845,0.00010070442399488626,0.00010244710685152657,9.5,2,0,0.0,0.0,0,0.0,0
YDR427W,1,0.0,0.0,0.00021992522542335605,0.00021987686895338611,3.4130130264064307e-22,1.0,1,6,25.666666666666668,46.0,48,0.9547872340425532,1
YNR059W,1,0.0,0.0,0.00021992522542335605,0.00021987686895338611,3.4130130264064307e-22,1.0,1,0,0.0,0.0,0,0.0,0
YDR429C,6,0.13333333333333333,0.0006918782750133506,0.21792344778893963,0.00027850269113302936,0.0003238221322573413,6.5,3,5,63.2,266.0,268,0.9781988931745765,1
YMR146C,4,0.5,9.934473085181005e-05,0.1978396065206774,0.0001841006925930401,5.635104405969023e-05,6.5,3,6,54.0,266.0,268,0.9781988931745765,1
YPL105C,6,0.13333333333333333,0.0007539358458257607,0.2359651199304568,0.00025216883803829315,0.0014587235585091143,29.666666666666668,3,2,452.5,559.0,558,1.0,0
YOR160W,6,0.0,0.0007571652337880606,0.2186675216406763,0.00024734530391312887,0.00018891205218240614,6.166666666666667,3,0,0.0,0.0,0,0.0,1
YNL116W,5,0.0,8.515486350983181e-05,0.22384383801907923,0.0002229818422222341,0.00014400945401975697,4.8,3,0,0.0,0.0,0,0.0,0
YDR441C,2,0.0,1.3198081233744967e-05,0.20409672589639175,0.00011826684710281607,5.66240502382713e-05,6.0,2,0,0.0,0.0,0,0.0,0
YML022W,3,0.0,0.00034501258530136755,0.2416167367848561,0.00015641888139083707,0.0010887644771463553,65.33333333333333,2,0,0.0,0.0,0,0.0,0
YDR446W,2,0.0,3.063406961160805e-05,0.23455097904191072,9.382204800589946e-05,0.00046132639938725885,25.5,2,0,0.0,0.0,0,0.0,0
YDR464W,2,0.0,9.178687369516406e-06,0.19976573530480046,0.00010713844519654408,7.633822787866394e-05,7.0,2,0,0.0,0.0,0,0.0,1
YJR021C,2,0.0,3.69875861789775e-05,0.23219310005022373,0.0001137954145450161,0.0004712009740479669,74.5,2,0,0.0,0.0,0,0.0,0
YKL196C,6,0.3333333333333333,3.776051525846261e-05,0.2263491053504484,0.00020908202435500876,0.00034189473332962367,9.0,5,3,38.666666666666664,95.0,94,1.0,1
YGL208W,2,1.0,0.0,0.21165964913942278,9.735421956260574e-05,0.00015589138148565363,18.0,2,4,7.5,16.0,15,1.0,0
YJL089W,1,0.0,0.0,0.20093378937603504,6.427733955539588e-05,5.741186467530178e-05,23.0,1,2,11.0,16.0,15,1.0,0
YNL257C,1,0.0,0.0,0.20093378937603504,6.427733955539588e-05,5.741186467530178e-05,23.0,1,0,0.0,0.0,0,0.0,0
YNL221C,3,0.0,0.00022688524198169214,0.19118201607102414,0.00021630800148690897,8.571001833644885e-05,2.6666666666666665,2,9,94.55555555555556,559.0,619,0.8502282102357388,1
YHR039C,2,0.0,7.045732617566797e-05,0.2152598896574798,0.00010139027473182063,0.0011100266805768898,19.0,2,0,0.0,0.0,0,0.0,0
YHR084W,4,0.5,5.665740026768997e-05,0.19894771690267687,0.00018058899299026003,4.0735269251384374e-05,7.5,3,1,3.0,3.0,2,1.0,1
YDR482C,3,0.0,0.0012505325099136518,0.24494918830054896,0.00016087102038231266,0.0007813305137821896,97.0,2,5,172.8,559.0,619,0.8502282102357388,0
YGL028C,2,0.0,4.0151358067886555e-05,0.22380828091254223,0.00011278926021349866,0.00016930382373897023,27.5,2,0,0.0,0.0,0,0.0,0
YOR276W,3,0.3333333333333333,1.5163250690474888e-05,0.20597647255563925,0.0001461221142364023,5.2407843401484456e-05,5.666666666666667,2,4,74.75,266.0,267,0.9916927149334009,0
YGR245C,2,0.0,1.7330282973896622e-05,0.20031482836426107,0.00010632458401462931,3.654989554724705e-05,13.0,2,0,0.0,0.0,0,0.0,1
YDR488C,19,0.4327485380116959,0.0005388175145192354,0.26806463681597364,0.000454476491386507,0.06500024892929024,72.15789473684211,14,5,25.2,73.0,73,0.9733637747336378,0
YIL135C,2,0.0,0.00021557413110426748,0.20977930385201612,0.00012709569107474257,0.0018230036951286937,10.0,1,0,0.0,0.0,0,0.0,0
YFR043C,3,0.0,0.0004309084700926052,0.2301575384325768,0.00015758366539439614,0.00023265246837831977,45.666666666666664,3,0,0.0,0.0,0,0.0,0
YDR490C,8,0.0,0.0034538248792909173,0.24153389676081558,0.0005070808223670854,0.0006094355868460584,21.375,2,0,0.0,0.0,0,0.0,0
YGR086C,3,0.0,0.0011084961560111405,0.229857153369638,0.0001784473753064381,0.0008537266595700358,35.666666666666664,2,1,2.0,2.0,1,0.0,0
YHR207C,2,0.0,0.002143422789265287,0.19317413250373716,0.00018182110202941986,1.7102432640940732e-05,4.5,1,0,0.0,0.0,0,0.0,0
YIR044C,1,0.0,0.0,0.19315647732551627,8.755408983397318e-05,1.7088959075434386e-05,8.0,1,0,0.0,0.0,0,0.0,0
YOL100W,1,0.0,0.0,0.19315647732551627,8.755408983397318e-05,1.7088959075434386e-05,8.0,1,0,0.0,0.0,0,0.0,1
YPL004C,4,0.0,0.0013195870700795304,0.24665012506939796,0.0002893137923706282,0.0007934503748647037,74.25,2,1,2.0,2.0,1,0.0,0
YDR492W,2,0.0,0.00043114826220853495,0.1900900878446786,0.00016178226825880242,5.898296231970012e-05,4.0,1,0,0.0,0.0,0,0.0,0
YJR067C,2,0.0,0.00021557413110426748,0.1588023891991687,0.00020255288205826564,1.6543723660402355e-06,1.5,1,0,0.0,0.0,0,0.0,1
YDR498C,3,1.0,0.0,0.22464090100522285,0.0001227859070101091,0.0008732527297066154,13.666666666666666,3,5,27.6,95.0,98,0.9217336419103724,1
YGL145W,7,0.14285714285714285,0.0012294776045896386,0.2466213427454503,0.00027319096981646756,0.0016251682163688384,28.714285714285715,4,1,6.0,6.0,5,1.0,1
YOR075W,5,0.3,5.6763680450423985e-05,0.22707871458656242,0.0001998924953689788,0.0009739692809981849,10.6,3,5,27.6,95.0,98,0.9217336419103724,1
YER070W,3,0.3333333333333333,7.166085342237888e-05,0.21595275089737254,0.00014271185421557648,0.0008222475908662107,13.333333333333334,3,2,3.5,4.0,3,1.0,1
YML058W,4,0.16666666666666666,0.00017637919629745312,0.22897308739513939,0.00019701262954435612,0.00024385039916551826,34.0,3,0,0.0,0.0,0,0.0,0
YDR503C,3,0.0,2.060314904143593e-05,0.2087639251896218,0.0001679236573407452,6.828382467654595e-05,8.333333333333334,2,0,0.0,0.0,0,0.0,0
YKL130C,19,0.005847953216374269,0.004457331262367895,0.25050928663037236,0.000880512883508755,0.0008882006816440892,11.736842105263158,4,0,0.0,0.0,0,0.0,0
YDR506C,1,0.0,0.0,0.17301146876158457,9.414274397036832e-05,1.0602898179590733e-05,2.0,1,0,0.0,0.0,0,0.0,0
YDR513W,1,0.0,0.0,0.21370358427191835,7.15937907437567e-05,0.00013225457678512983,28.0,1,0,0.0,0.0,0,0.0,0
YDR514C,1,0.0,0.0,0.16525953760465545,0.00010045281706267157,9.197462494390962e-07,2.0,1,0,0.0,0.0,0,0.0,0
YNL173C,2,0.0,0.00021557413110426748,0.19943584001671572,0.00015887543688591517,3.277507584181687e-05,5.0,1,0,0.0,0.0,0,0.0,0
YDR524C,2,0.0,0.00021557413110426748,0.21623999556526696,0.00016236375901889497,0.000267363541328741,48.0,1,0,0.0,0.0,0,0.0,0
YOR066W,1,0.0,0.0,0.1766336478610227,0.00010096477474026754,7.493162307086725e-06,2.0,1,0,0.0,0.0,0,0.0,0
YDR529C,2,0.0,1.3517215946417411e-05,0.231101322761852,9.894004906015578e-05,0.0008962602178357268,58.0,2,2,33.0,56.0,55,1.0,0
YHR079C,4,0.0,0.00011172951432925995,0.21811461857238626,0.0001819758562904342,0.0001662154483395266,14.75,3,0,0.0,0.0,0,0.0,0
YDR534C,2,0.0,7.399845704305215e-06,0.23507275420245108,9.976651339199408e-05,0.0007896443901676399,42.5,2,0,0.0,0.0,0,0.0,0
YDR536W,1,0.0,0.0,0.17229916816053614,8.704061234709846e-05,5.1098484951955286e-05,2.0,1,0,0.0,0.0,0,0.0,0
YDR541C,1,0.0,0.0,0.19665223752276326,6.702274779593583e-05,6.63951311961867e-05,8.0,1,0,0.0,0.0,0,0.0,0
YLR025W,8,0.07142857142857142,0.0008550536062864058,0.2470249075632209,0.0003195161921261267,0.0023678647679410674,17.75,5,3,34.0,95.0,96,0.9592105263157895,0
YGL022W,4,0.6666666666666666,7.184977767483586e-05,0.17988863230685928,0.00021844342086969245,6.693916730298535e-06,5.25,3,2,19.0,29.0,28,1.0,1
YMR149W,5,0.3,0.00046339719405759226,0.18824455301123508,0.00028701356991844807,2.2617856322920312e-05,4.2,3,2,19.0,29.0,28,1.0,1
YPL227C,9,0.1111111111111111,0.0005651373308744522,0.19004735368527823,0.0004595432598461341,3.042829722178347e-05,3.4444444444444446,3,0,0.0,0.0,0,0.0,0
YDL069C,1,0.0,0.0,0.2348376683879256,5.285523849457412e-05,0.006396300796500391,132.0,1,8,176.625,559.0,645,0.8145168279647552,0
YDR276C,7,0.7142857142857143,0.0001540485347437552,0.2566233497246235,0.00018412985988044799,0.038657764239562555,132.14285714285714,7,0,0.0,0.0,0,0.0,0
YGL087C,5,1.0,0.0,0.2529983356266399,0.0001345264679886315,0.03165575027467615,144.8,5,1,2.0,2.0,1,0.0,0
YHL002W,21,0.02857142857142857,0.0048421064684212155,0.27051796437211345,0.000752463463523996,0.017259774228425475,24.19047619047619,7,1,2.0,2.0,1,0.0,0
YHR111W,13,0.38461538461538464,0.000628765728298424,0.269982319450324,0.0003265767378561862,0.04796589385528619,94.23076923076923,10,0,0.0,0.0,0,0.0,0
YJL190C,7,0.47619047619047616,0.00024305981802784406,0.2518526600318342,0.00021479985672307844,0.03400067447977433,113.28571428571429,6,7,227.28571428571428,559.0,589,0.9439786101197695,0
YJR129C,2,1.0,0.0,0.2431176344940914,7.331403799447608e-05,0.01321324040632916,145.5,2,0,0.0,0.0,0,0.0,0
YLL006W,6,0.4,0.001449407749915916,0.24982819276046297,0.00018542092103548445,0.02694807544272155,98.16666666666667,4,1,3.0,3.0,2,1.0,0
YLL007C,3,1.0,0.0,0.24449578859985382,9.354733010960261e-05,0.020251662311678503,150.0,3,0,0.0,0.0,0,0.0,0
YLL049W,17,0.4485294117647059,0.00047502676616825105,0.2745594799164841,0.00039738224231005375,0.06070205399387586,80.41176470588235,14,0,0.0,0.0,0,0.0,0
YLR089C,5,1.0,0.0,0.2484478453720257,0.00013338872054818497,0.03380988695173129,149.4,5,0,0.0,0.0,0,0.0,0
YLR212C,8,0.6071428571428571,8.81654607661189e-05,0.25764008248898407,0.00021858886407384075,0.03617565807657072,97.875,6,6,26.666666666666668,73.0,94,0.687256920613132,1
YLR292C,5,0.6,0.00034630428866370283,0.26872930213708895,0.00015254147408721267,0.028022997820392817,180.4,5,4,12.25,29.0,28,1.0,0
YMR154C,12,0.2727272727272727,0.001144890195594662,0.26922568110281997,0.0003491723718712805,0.03887113771791316,91.08333333333333,9,0,0.0,0.0,0,0.0,0
YMR299C,20,0.4052631578947368,9.449736733202795e-05,0.2668630086062424,0.0004426944107189995,0.06718766216595377,66.75,14,1,4.0,4.0,3,1.0,0
YNL294C,10,0.3333333333333333,0.0002470502037953995,0.269002939815075,0.00025540753603287507,0.0408408542937312,112.5,10,0,0.0,0.0,0,0.0,0
YOL116W,3,0.3333333333333333,3.964202659079474e-05,0.24534729471292505,0.0001177686327534753,0.013451340650199102,97.66666666666667,2,0,0.0,0.0,0,0.0,0
YOR266W,8,0.5357142857142857,0.0023585569731632205,0.2485208838966529,0.00025432263269089964,0.03611908450306118,96.875,6,0,0.0,0.0,0,0.0,0
YPL224C,2,0.0,2.6082591279219988e-05,0.23819910923157356,0.00010171991763100689,0.006407385438236369,67.0,2,0,0.0,0.0,0,0.0,0
YPL253C,12,0.4393939393939394,0.0009920719840512792,0.2589025599236967,0.00037272112761468836,0.0462255118363463,88.08333333333333,9,1,6.0,6.0,5,1.0,0
YPR070W,8,0.42857142857142855,0.00021747598191955902,0.26049816302935247,0.00021650451397561734,0.0378587853914225,119.875,7,2,49.5,74.0,78,0.9683649683649683,0
YEL005C,6,0.0,0.0002634758585302451,0.2251074822023898,0.0002495795497047835,0.0002587614867785529,6.333333333333333,4,0,0.0,0.0,0,0.0,0
YPL038W,1,0.0,0.0,0.10822519442119707,0.00013295981711321516,3.602295965989125e-11,4.0,1,4,69.5,195.0,194,1.0,0
YEL012W,2,0.0,0.00010406262404281012,0.22756773949145434,0.00010894493566899425,0.0002704060448364592,53.0,2,0,0.0,0.0,0,0.0,0
YHR195W,2,0.0,8.213298697735456e-05,0.2109413710606983,9.802668481270882e-05,0.00011690137192871519,8.5,2,1,2.0,2.0,1,0.0,0
YKL061W,7,0.047619047619047616,0.0004990260979796567,0.24624778289043242,0.0002670542705759063,0.000865136842833289,28.142857142857142,5,0,0.0,0.0,0,0.0,0
YLR254C,6,0.06666666666666667,0.0004099858954960703,0.24391731740517472,0.00019443172927775565,0.005114993058691431,27.833333333333332,5,0,0.0,0.0,0,0.0,0
YPR185W,6,0.06666666666666667,0.00021601957992128002,0.22645824769966635,0.000247032757069364,0.00023386536363262928,7.5,4,0,0.0,0.0,0,0.0,0
YLR264W,7,0.47619047619047616,0.0002826197723440005,0.24644878976819268,0.00023930428494604516,0.001680545883861557,30.857142857142858,6,7,227.28571428571428,559.0,589,0.9439786101197695,0
YEL016C,2,0.0,1.0211451386641324e-05,0.2033407030025628,0.00010021244821751727,0.000143047164529118,6.0,2,0,0.0,0.0,0,0.0,0
YEL018W,1,0.0,0.0,0.20493785179705565,6.952373854587682e-05,4.533789023154926e-05,23.0,1,2,73.0,133.0,132,1.0,0
YEL020C,1,0.0,0.0,0.1973684718581562,6.378119249361063e-05,0.00013070410690164098,13.0,1,0,0.0,0.0,0,0.0,0
YEL022W,1,0.0,0.0,0.15940125931720303,0.00010121839851108744,3.5105817466451647e-07,2.0,1,0,0.0,0.0,0,0.0,0
YJR031C,2,0.0,0.00021557413110426748,0.1909660790329029,0.00015993101262328432,1.2507189755470577e-05,5.0,1,0,0.0,0.0,0,0.0,0
YEL036C,6,0.13333333333333333,0.00034164826414736593,0.23990255935718674,0.00022989628765319488,0.0033582798041366805,25.666666666666668,4,3,7.333333333333333,9.0,11,0.7818181818181819,0
YHR080C,1,0.0,0.0,0.192111771353253,6.552671494426093e-05,9.417144916952035e-05,6.0,1,2,452.5,559.0,558,1.0,0
YOL038W,3,0.0,1.0691660165474436e-05,0.2053759872364935,0.00013532745885796215,0.00018450797780252473,9.333333333333334,3,7,21.142857142857142,46.0,48,0.9485815602836879,1
YER012W,2,0.0,0.00021557413110426748,0.19642377402826677,0.00015006128420760293,0.00036249442746291716,6.0,1,7,21.142857142857142,46.0,48,0.9485815602836879,1
YER162C,6,0.0,0.00045266872611336457,0.2469816053122749,0.00023723071554794867,0.005946852314972793,57.333333333333336,4,5,50.0,195.0,194,1.0,0
YGL048C,4,0.0,0.0004023846379458004,0.23139230269416286,0.00021544368468631896,0.0005793205573792783,35.25,3,6,25.5,46.0,48,0.9547872340425532,1
YLR441C,2,0.0,0.00021557413110426748,0.19642377402826677,0.00015006128420760293,0.00036249442746291716,6.0,1,7,227.28571428571428,559.0,589,0.9439786101197695,0
YMR276W,2,0.0,3.4992254948826658e-06,0.20364440129669845,0.00010843149047998091,0.0004356411735931521,8.0,2,0,0.0,0.0,0,0.0,1
YOR157C,4,0.0,0.00022448620565283193,0.23436890453641657,0.00020118955421287457,0.0005942558581747366,36.25,2,7,21.142857142857142,46.0,48,0.9485815602836879,1
YEL041W,6,0.06666666666666667,0.001677355675558712,0.2509256867506247,0.0002493585598350969,0.013913348662719904,56.833333333333336,3,0,0.0,0.0,0,0.0,0
YHR115C,5,0.0,0.002389106007073783,0.2160852304746318,0.00027825737171151656,0.000466844404985366,3.6,3,0,0.0,0.0,0,0.0,0
YJR049C,2,0.0,0.00012300087296299452,0.23252520592552936,0.00010543089594355326,0.0006064359836014402,68.0,2,0,0.0,0.0,0,0.0,1
YKL009W,3,0.3333333333333333,8.46584185681394e-05,0.20613719547984752,0.00014824726214015345,0.00039786176788815693,16.333333333333332,3,0,0.0,0.0,0,0.0,0
YOR315W,6,0.0,0.0009913109799499183,0.23670511246649903,0.0002914586276163068,0.002102180638299555,23.5,3,0,0.0,0.0,0,0.0,0
YEL042W,6,0.0,0.0004378273160409637,0.22478425831282028,0.00028127987101532936,0.00039560383148757195,9.5,3,0,0.0,0.0,0,0.0,0
YER073W,4,0.0,0.0004045260958873546,0.23132898387227852,0.00020599551273023112,0.00019658150760416043,33.5,3,0,0.0,0.0,0,0.0,0
YLR250W,1,0.0,0.0,0.1822936642650741,7.303306449922805e-05,1.1100700708505673e-05,6.0,1,0,0.0,0.0,0,0.0,0
YPR193C,4,0.16666666666666666,0.00017395814659667687,0.23815884569045936,0.0001672303186127203,0.000816944437513958,64.5,3,0,0.0,0.0,0,0.0,0
YEL047C,2,0.0,1.5452766116551e-05,0.2058560947408695,0.00012190784200068877,0.0001283711830505505,18.5,2,2,452.5,559.0,558,1.0,0
YBR249C,3,0.0,0.00023987437514540313,0.2168946630395255,0.0002047551323589041,0.00027097033769864904,32.666666666666664,2,0,0.0,0.0,0,0.0,0
YEL048C,6,0.06666666666666667,0.0009871572578599409,0.2561723147463196,0.00023775499964487094,0.00309244461943092,33.666666666666664,4,0,0.0,0.0,0,0.0,0
YIL136W,1,0.0,0.0,0.2024059375240278,6.665829428607152e-05,8.672974159104786e-05,6.0,1,0,0.0,0.0,0,0.0,0
YPR051W,5,0.5,2.2611031927517627e-05,0.2552441541856445,0.0001474735223346349,0.017534620012229413,120.6,5,1,3.0,3.0,2,1.0,0
YEL054C,1,0.0,0.0,0.19360769482018472,7.413650106349089e-05,2.6098010254925076e-05,9.0,1,6,258.8333333333333,559.0,589,0.9439786101197695,0
YEL056W,4,0.3333333333333333,2.7436828355981166e-05,0.2522735418271724,0.00013386917280035882,0.016332101378166465,106.0,3,4,39.25,133.0,132,1.0,0
YPL001W,2,1.0,0.0,0.23162053774531607,8.504672987573282e-05,0.002895459036775465,50.5,2,4,39.25,133.0,132,1.0,0
YEL059C-A,1,0.0,0.0,0.00021992522542335605,0.00021987686895338611,3.4130130264064307e-22,1.0,1,1,3.0,3.0,2,1.0,0
YMR150C,1,0.0,0.0,0.00021992522542335605,0.00021987686895338611,3.4130130264064307e-22,1.0,1,3,4.333333333333333,8.0,8,0.7857142857142857,0
YBR122C,4,0.16666666666666666,0.00038764508557175345,0.2662746121528457,0.0001457298616384357,0.009324829038090046,130.0,4,7,202.14285714285714,559.0,589,0.9439786101197695,0
YDR435C,2,0.0,0.00011144955892874814,0.22954508489813583,0.00010509392250538556,0.004395469781866401,39.5,2,0,0.0,0.0,0,0.0,0
YLR454W,2,0.0,1.3793031622251755e-05,0.2299321761036976,8.298339147500878e-05,0.004410458106555278,41.0,2,0,0.0,0.0,0,0.0,1
YOL076W,5,0.5,7.83567491672058e-06,0.2446514553055665,0.0001401894722485013,0.01068139800646302,53.2,5,1,2.0,2.0,1,0.0,0
YPL152W,7,0.09523809523809523,0.0016738600379057741,0.26221111621056287,0.00024911453392791196,0.010388042362087974,63.42857142857143,6,2,4.5,6.0,6,0.7333333333333333,0
YEL062W,5,0.0,0.00010802461580799663,0.2487695364201208,0.00016651621337416715,0.005710546252537908,38.6,4,0,0.0,0.0,0,0.0,0
YOR138C,2,0.0,1.4618362207930405e-06,0.213455367807003,8.916818499283412e-05,0.00031495268532850983,8.5,2,0,0.0,0.0,0,0.0,0
YEL063C,3,0.0,0.00043114826220853495,0.1593471761032298,0.00026766195826957354,9.096632748728932e-07,2.0,1,0,0.0,0.0,0,0.0,0
YPL139C,1,0.0,0.0,0.1367512114049071,0.00011106198302708942,2.5552320466184205e-08,3.0,1,5,38.0,133.0,133,0.9859876965140123,0
YIR034C,2,0.0,0.0002574536576537498,0.20682307546676482,0.00010999167396509737,9.991765594729327e-05,9.5,2,0,0.0,0.0,0,0.0,0
YNR058W,3,0.0,0.0002296146662927589,0.20726931757535785,0.00016610332862919348,4.923835926143675e-05,4.0,2,0,0.0,0.0,0,0.0,0
YOR242C,3,0.0,0.00011262864466357028,0.1905872122515228,0.00016996835294388757,1.2732195369328665e-05,3.6666666666666665,2,0,0.0,0.0,0,0.0,0
YEL066W,6,0.13333333333333333,0.00048299945936345506,0.24390324254554374,0.00023541510059989478,0.000964503187264426,52.166666666666664,5,0,0.0,0.0,0,0.0,0
YPL112C,2,0.0,0.00010418769966502527,0.2098938918122094,0.0001019561385577292,6.889618649707691e-05,12.5,2,0,0.0,0.0,0,0.0,0
YLR225C,2,0.0,3.3531855948233645e-05,0.2066208727239709,0.00011755055260696714,8.527206274708629e-05,4.5,2,0,0.0,0.0,0,0.0,0
YPR110C,6,0.06666666666666667,0.0005870455982161211,0.24341164372670737,0.0002492160911152996,0.002983499359685127,30.0,4,6,46.666666666666664,195.0,199,0.9538094512968884,1
YEL070W,2,0.0,0.0002037271491209325,0.2434957770213879,0.00011881662869252298,0.0007764914016145563,144.5,2,0,0.0,0.0,0,0.0,0
YFR053C,2,0.0,0.00016226482808811323,0.21631746127503954,0.00011978216440698398,0.0003211044413895715,48.5,2,0,0.0,0.0,0,0.0,0
YER006W,19,0.04678362573099415,0.0019917672496572365,0.22260602450570216,0.0008792220040017203,0.00012043244899770776,4.105263157894737,4,0,0.0,0.0,0,0.0,1
YCR072C,3,0.3333333333333333,0.00025941574474100783,0.22465284046315562,0.00015148261423551386,0.00030446131523798097,45.666666666666664,3,2,452.5,559.0,558,1.0,1
YDL031W,1,0.0,0.0,0.18085846533371586,7.29592002051796e-05,3.37908934670194e-06,19.0,1,0,0.0,0.0,0,0.0,1
YDR101C,1,0.0,0.0,0.18085846533371586,7.29592002051796e-05,3.37908934670194e-06,19.0,1,3,356.0,559.0,558,1.0,0
YGR103W,24,0.08333333333333333,0.0019241624541085217,0.21908688090573125,0.0011030980843189616,0.00016377477169092491,4.375,4,4,148.75,559.0,558,1.0,1
YHR052W,2,1.0,0.0,0.18407190668964304,0.00011285213488588326,7.97483040784327e-06,21.5,2,3,317.0,559.0,603,0.8616772174564608,1
YHR197W,3,0.0,0.0004138593714103441,0.23713005292085682,0.00013232754686253435,0.0005610419619013663,37.333333333333336,3,1,3.0,3.0,2,1.0,1
YLR106C,1,0.0,0.0,0.18085846533371586,7.29592002051796e-05,3.37908934670194e-06,19.0,1,0,0.0,0.0,0,0.0,1
YMR049C,5,0.2,0.0019194456906567363,0.24817069007246786,0.0002289590048544505,0.0008694293451571017,70.6,4,0,0.0,0.0,0,0.0,1
YNL002C,3,0.6666666666666666,2.212351584690957e-06,0.18533095949990233,0.00015426555388741768,1.0786091871426807e-05,21.333333333333332,3,2,452.5,559.0,558,1.0,1
YNL061W,2,0.0,2.212351584690957e-06,0.1836560153514783,0.00011437261920671402,6.190350810285476e-06,20.0,2,0,0.0,0.0,0,0.0,1
YOR206W,3,0.0,0.0005958110300528012,0.2327685000999104,0.00013695474932270813,0.000640789852289255,43.333333333333336,3,6,99.83333333333333,559.0,558,1.0,1
YPL093W,3,0.6666666666666666,2.212351584690957e-06,0.18533095949990233,0.00015426555388741768,1.0786091871426807e-05,21.333333333333332,3,3,195.66666666666666,559.0,558,1.0,1
YPL211W,6,0.13333333333333333,0.0005968106269778137,0.2184979681216993,0.0002729659610548327,0.00037585325568589275,13.166666666666666,4,3,356.0,559.0,558,1.0,1
YFL005W,10,0.2222222222222222,0.0002240398518597223,0.2396713083076816,0.00029731124745726965,0.002742196720167719,15.2,6,1,3.0,3.0,2,1.0,1
YOR122C,12,0.09090909090909091,0.0013865079346980363,0.2656721051737444,0.00036527617282298557,0.0044291317079772075,39.666666666666664,6,3,43.666666666666664,73.0,72,1.0,1
YER009W,2,0.0,0.0,0.18765952731816163,0.00014248044187292386,8.874110886846958e-06,2.0,2,0,0.0,0.0,0,0.0,1
YDL202W,2,0.0,0.00014341778034976816,0.22699335123324596,0.00013222143569593725,0.00025286185296401605,51.5,2,7,202.14285714285714,559.0,589,0.9439786101197695,0
YER004W,2,0.0,7.21563507544993e-05,0.2138657758203943,0.00012766829243091797,6.35532375976007e-05,20.5,2,0,0.0,0.0,0,0.0,0
YER011W,2,0.0,1.4349912399255975e-05,0.22492779870765606,0.00011115545706849746,0.0001161057603974709,25.0,2,0,0.0,0.0,0,0.0,0
YFR050C,1,0.0,0.0,0.16318597765864692,9.684887928139137e-05,1.0157944509078206e-05,2.0,1,7,21.142857142857142,46.0,48,0.9485815602836879,1
YDR159W,3,0.0,3.6710524115461025e-05,0.24543277164755967,0.00010341977466884011,0.00752944436578393,71.0,3,2,30.5,59.0,58,1.0,0
YDR359C,5,0.2,8.660185974176599e-05,0.2530589231463972,0.00014171940639341767,0.01187342654066125,74.4,5,2,73.0,133.0,132,1.0,0
YLR190W,7,0.0,0.0007302902498737604,0.25461376985207357,0.0002351536038533777,0.009290296312280994,50.0,4,0,0.0,0.0,0,0.0,0
YNL136W,3,0.3333333333333333,1.9343204002463e-06,0.2473718729627362,0.00010227212381405107,0.008123962422553399,129.0,3,2,73.0,133.0,132,1.0,0
YNL201C,14,0.0,0.002530619686960357,0.2650556965770535,0.0005094396985807127,0.007541222370932437,26.142857142857142,6,1,3.0,3.0,2,1.0,0
YPR164W,3,0.3333333333333333,1.1816009460758729e-06,0.2381856865386156,9.620217528177608e-05,0.0068555545931868155,54.333333333333336,3,0,0.0,0.0,0,0.0,0
YER018C,6,0.4666666666666667,6.695263392145409e-06,0.23691739214810115,0.00017324846830433797,0.005636962849445997,24.666666666666668,6,8,26.5,55.0,75,0.6731531531531532,1
YER104W,2,0.0,1.693005414253654e-05,0.23211659491017422,9.801028365410174e-05,0.0007798660304147088,25.5,2,0,0.0,0.0,0,0.0,1
YPR065W,2,0.0,1.3406833559908676e-06,0.22816967305340205,9.073918688436828e-05,0.0012740594251980418,26.5,2,0,0.0,0.0,0,0.0,0
YAL056W,1,0.0,0.0,0.16654884720888424,8.433492788377652e-05,4.3865840124842e-06,5.0,1,0,0.0,0.0,0,0.0,0
YOR371C,2,0.0,0.00010948185988622999,0.21468044051573332,0.00011775009571574955,6.769075296874288e-05,22.0,2,0,0.0,0.0,0,0.0,0
YBR047W,2,0.0,8.313160694063696e-05,0.2297946718122362,0.00010411900044162608,0.0002660041425028813,54.0,2,0,0.0,0.0,0,0.0,0
YFR038W,1,0.0,0.0,0.22695678658259627,7.094984144000024e-05,0.000252612784322674,101.0,1,0,0.0,0.0,0,0.0,0
YGL027C,17,0.09558823529411764,0.003987123778067716,0.266610520582457,0.0005585565691813979,0.008090273840739369,26.529411764705884,8,0,0.0,0.0,0,0.0,0
YGL261C,1,0.0,0.0,0.22695678658259627,7.094984144000024e-05,0.000252612784322674,101.0,1,0,0.0,0.0,0,0.0,0
YGR090W,1,0.0,0.0,0.22695678658259627,7.094984144000024e-05,0.000252612784322674,101.0,1,5,124.0,559.0,565,0.975886524822695,1
YGR218W,39,0.012145748987854251,0.0107135887618533,0.27475579779733966,0.0015235395160700428,0.0022572761641395257,9.384615384615385,6,1,59.0,59.0,58,1.0,1
YGR243W,1,0.0,0.0,0.22695678658259627,7.094984144000024e-05,0.000252612784322674,101.0,1,0,0.0,0.0,0,0.0,0
YHL044W,4,0.0,0.0015858022750323377,0.25406282342455205,0.00021283091643348477,0.0011432063037722603,78.75,3,0,0.0,0.0,0,0.0,0
YHL045W,4,0.0,0.0009729288337197092,0.24327155069434664,0.0002191889768509022,0.0004144534435092937,52.75,3,0,0.0,0.0,0,0.0,0
YHR116W,1,0.0,0.0,0.22695678658259627,7.094984144000024e-05,0.000252612784322674,101.0,1,0,0.0,0.0,0,0.0,0
YIL078W,1,0.0,0.0,0.22695678658259627,7.094984144000024e-05,0.000252612784322674,101.0,1,0,0.0,0.0,0,0.0,1
YJR148W,3,0.3333333333333333,4.156244462932957e-05,0.23701038428363086,0.00013257380547242306,0.0006314415769192183,44.666666666666664,3,1,2.0,2.0,1,0.0,0
YKL051W,1,0.0,0.0,0.22695678658259627,7.094984144000024e-05,0.000252612784322674,101.0,1,0,0.0,0.0,0,0.0,0
YKL063C,2,0.0,7.844181765009949e-05,0.22980716540609322,0.00011305965822864644,0.0002774121081446695,56.5,2,0,0.0,0.0,0,0.0,0
YKL143W,5,0.1,0.0010487113121618956,0.25484403673666184,0.00023632235629820678,0.0007491116732882978,79.4,4,4,147.75,559.0,562,0.9858412468837422,0
YKR093W,1,0.0,0.0,0.22695678658259627,7.094984144000024e-05,0.000252612784322674,101.0,1,0,0.0,0.0,0,0.0,0
YLR175W,4,0.0,0.0013861095959690677,0.24673651236438462,0.00018562169662980797,0.0010380619908582978,61.5,3,6,116.66666666666667,559.0,629,0.7997934239972456,1
YML055W,5,0.0,0.00016116993256143786,0.23642707200549684,0.00021561457794571316,0.00045875612254557427,25.6,4,3,12.0,29.0,29,0.9359605911330049,0
YML082W,1,0.0,0.0,0.22695678658259627,7.094984144000024e-05,0.000252612784322674,101.0,1,0,0.0,0.0,0,0.0,0
YMR039C,5,0.1,0.0013281886005056518,0.25963410278343196,0.00021973245696245723,0.0030609587741145315,85.6,4,0,0.0,0.0,0,0.0,0
YMR042W,2,0.0,8.150962070745728e-05,0.22846566095423343,0.00011492017655838493,0.00025915599138687153,52.5,2,3,91.33333333333333,195.0,194,1.0,0
YMR058W,1,0.0,0.0,0.22695678658259627,7.094984144000024e-05,0.000252612784322674,101.0,1,1,2.0,2.0,1,0.0,0
YMR087W,2,0.0,5.539550752904531e-05,0.22929603956353872,0.00010834615131265422,0.00031289873004904876,53.0,2,0,0.0,0.0,0,0.0,0
YMR114C,1,0.0,0.0,0.22695678658259627,7.094984144000024e-05,0.000252612784322674,101.0,1,2,452.5,559.0,558,1.0,0
YMR118C,1,0.0,0.0,0.22695678658259627,7.094984144000024e-05,0.000252612784322674,101.0,1,0,0.0,0.0,0,0.0,0
YMR181C,5,0.0,0.0005093483065131247,0.25549100539859,0.00019988336324960497,0.000937373075557313,53.0,5,0,0.0,0.0,0,0.0,0
YMR244W,1,0.0,0.0,0.22695678658259627,7.094984144000024e-05,0.000252612784322674,101.0,1,0,0.0,0.0,0,0.0,0
YMR293C,2,0.0,0.0005986050209398949,0.2544451717622365,0.00010928987571873856,0.0010277216426193905,193.5,2,0,0.0,0.0,0,0.0,0
YNL006W,10,0.2,0.0024801033222716356,0.24453822350675572,0.00037002577011621614,0.0004844051830188545,16.8,5,3,5.666666666666667,8.0,10,0.6,1
YNL073W,1,0.0,0.0,0.22695678658259627,7.094984144000024e-05,0.000252612784322674,101.0,1,0,0.0,0.0,0,0.0,0
YNL159C,2,0.0,0.00019666510533630842,0.23220585581026607,0.00010749204964286913,0.0002979506745542233,62.0,2,0,0.0,0.0,0,0.0,0
YNL210W,2,0.0,0.0007342337754096189,0.22721298679322008,0.00012678944586109087,0.0002546864842299133,53.5,2,4,181.75,559.0,558,1.0,0
YNL211C,1,0.0,0.0,0.22695678658259627,7.094984144000024e-05,0.000252612784322674,101.0,1,0,0.0,0.0,0,0.0,0
YNL281W,5,0.0,0.0004494129820595743,0.2433135616690233,0.00023993745396195526,0.0026197029833273126,30.0,3,0,0.0,0.0,0,0.0,0
YNL288W,6,0.2,0.001953478064767109,0.2679456857885435,0.0002112000382973363,0.021287437899354816,115.83333333333333,5,3,51.333333333333336,133.0,132,1.0,0
YNL301C,3,0.3333333333333333,0.0003135537631128211,0.24044844378601019,0.00016141688160732645,0.0009608495319838468,64.0,2,6,258.8333333333333,559.0,589,0.9439786101197695,0
YNR001C,2,0.0,0.00023706903645103754,0.24139595621440735,0.00010600352249137454,0.0010871767849100359,97.0,2,2,35.0,56.0,55,1.0,0
YNR071C,4,0.16666666666666666,0.0013467235183419698,0.25918832433862354,0.00017878680556730316,0.0014611900719725855,117.75,4,0,0.0,0.0,0,0.0,0
YOL022C,1,0.0,0.0,0.22695678658259627,7.094984144000024e-05,0.000252612784322674,101.0,1,0,0.0,0.0,0,0.0,1
YOL042W,2,0.0,1.640893729260931e-05,0.2329480955257246,0.00011557209735620785,0.00027483422637164436,52.0,2,0,0.0,0.0,0,0.0,0
YOR028C,9,0.0,0.0012807983481032215,0.2589818757008929,0.0003546328830204195,0.0018438109661215334,32.111111111111114,5,0,0.0,0.0,0,0.0,0
YOR072W,1,0.0,0.0,0.22695678658259627,7.094984144000024e-05,0.000252612784322674,101.0,1,0,0.0,0.0,0,0.0,0
YOR143C,1,0.0,0.0,0.22695678658259627,7.094984144000024e-05,0.000252612784322674,101.0,1,0,0.0,0.0,0,0.0,1
YOR187W,2,0.0,2.2506963031440306e-05,0.22825592360483168,0.00011930540933879913,0.00030862256619648714,51.5,2,0,0.0,0.0,0,0.0,0
YOR303W,6,0.06666666666666667,0.0011351520746442556,0.2578601264833012,0.00027673968119671933,0.00115365984279555,67.83333333333333,3,1,2.0,2.0,1,0.0,0
YOR336W,1,0.0,0.0,0.22695678658259627,7.094984144000024e-05,0.000252612784322674,101.0,1,0,0.0,0.0,0,0.0,1
YPL053C,2,0.0,0.00011132526903533639,0.23296093437578663,0.00010736031436546321,0.00028654163035616393,62.0,2,0,0.0,0.0,0,0.0,0
YPL098C,2,1.0,0.0,0.23585978423716716,0.00010644991065103442,0.0006239842754284052,90.5,2,0,0.0,0.0,0,0.0,0
YOL142W,1,0.0,0.0,0.181052137124744,7.959800807791334e-05,1.0129572302858933e-05,3.0,1,3,12.0,14.0,13,1.0,1
YLR220W,1,0.0,0.0,0.207942303011476,7.000932603751255e-05,8.790061335683594e-05,8.0,1,0,0.0,0.0,0,0.0,1
YNL187W,2,0.0,1.690144887908685e-05,0.21358480006641095,0.00011639641211580706,0.00011042390570030303,7.5,2,0,0.0,0.0,0,0.0,0
YER031C,9,0.0,0.0023087691219636293,0.24419915612191764,0.00033795307794154254,0.0008779271208362454,13.777777777777779,6,0,0.0,0.0,0,0.0,0
YGL210W,1,0.0,0.0,0.19485723738310312,6.493684383994984e-05,2.4634290229065815e-05,9.0,1,0,0.0,0.0,0,0.0,0
YNL146W,2,0.0,0.0001220564341278328,0.24411453614289766,0.00010327687811868816,0.0007997431485257823,147.5,2,0,0.0,0.0,0,0.0,0
YPL192C,6,0.13333333333333333,0.0008351746508254126,0.24359400606928727,0.00020982000833197833,0.0012333178926849711,35.833333333333336,6,0,0.0,0.0,0,0.0,0
YPR017C,7,0.09523809523809523,0.0006437544529685186,0.24900401727919133,0.00022552355182915173,0.0033764719365553457,54.57142857142857,6,0,0.0,0.0,0,0.0,0
YLR456W,7,0.0,0.0027379363863548893,0.24601846186568146,0.0002782440087855369,0.0012127125012672327,11.714285714285714,5,0,0.0,0.0,0,0.0,0
YER036C,3,0.0,0.000274148535697505,0.2440863425139616,0.00019879440530144537,0.0007827116915245821,96.33333333333333,2,2,452.5,559.0,558,1.0,1
YML023C,3,0.0,0.0002443059522174663,0.18427252564801958,0.0002312699599291939,8.535934828039713e-06,1.6666666666666667,2,1,8.0,8.0,7,1.0,1
YER039C,3,0.0,8.83242316245145e-05,0.2299947324689451,0.00015774246994094967,0.00025170395262706885,29.333333333333332,2,0,0.0,0.0,0,0.0,0
YMR119W,3,0.0,1.0477731502669207e-05,0.21006078885370605,0.0001672750376991213,4.738103176933091e-05,9.333333333333334,2,0,0.0,0.0,0,0.0,0
YER040W,2,0.0,5.438302676781131e-05,0.21811461857238626,9.348158895796816e-05,0.00024998042361785815,23.5,2,0,0.0,0.0,0,0.0,0
YER045C,3,0.0,2.8565865145493844e-05,0.20579595858193062,0.00016019576714733518,0.0001175400575673629,6.666666666666667,2,0,0.0,0.0,0,0.0,0
YER047C,4,0.0,0.00015251368688975139,0.22842862047742504,0.00015595875529300133,0.0009095345430576267,13.5,4,0,0.0,0.0,0,0.0,0
YER048C,3,0.0,4.689964889381162e-05,0.20843449841285433,0.0001577727123456098,0.0002505326840868737,3.3333333333333335,2,0,0.0,0.0,0,0.0,0
YPR020W,3,0.0,0.00026790154034755226,0.22830523891726656,0.00015830267417502305,0.00018315176336869095,41.666666666666664,2,4,26.5,56.0,57,0.9523809523809523,0
YER049W,3,0.0,0.0002741751634914708,0.22603439536439962,0.00017968351302666087,0.0013262496509057525,26.0,2,0,0.0,0.0,0,0.0,0
YER051W,3,0.0,0.0002558031435593789,0.21858836392999292,0.00020024642886829402,0.0002786861654009965,33.0,2,0,0.0,0.0,0,0.0,0
YER081W,95,0.0004479283314669653,0.030751946025818287,0.27870520857934017,0.004641612667040072,0.009529617308721436,4.042105263157895,6,1,3.0,3.0,2,1.0,0
YLR121C,3,0.0,8.405215007146382e-05,0.22402179315848383,0.00017044287972491274,0.00040353094194165904,28.666666666666668,2,0,0.0,0.0,0,0.0,0
YMR310C,1,0.0,0.0,0.17819743648036565,8.923044931294783e-05,7.810747056517023e-06,3.0,1,0,0.0,0.0,0,0.0,0
YER052C,6,0.0,0.0005475434347841715,0.23588610934283571,0.0003224151500754442,0.0014471690371201749,11.5,2,0,0.0,0.0,0,0.0,0
YER037W,1,0.0,0.0,0.18952753983114845,7.866692049392649e-05,4.0569022069106075e-05,6.0,1,0,0.0,0.0,0,0.0,0
YIR014W,2,0.0,0.00010461071884534755,0.2109624272965798,0.00011232904137016927,0.00023947610623424866,20.5,2,0,0.0,0.0,0,0.0,0
YKR079C,1,0.0,0.0,0.18952753983114845,7.866692049392649e-05,4.0569022069106075e-05,6.0,1,0,0.0,0.0,0,0.0,1
YER053C,2,0.0,3.625426053870264e-05,0.2098417908610571,0.00012523141826161196,0.0001615258465687144,23.0,2,0,0.0,0.0,0,0.0,0
YLR326W,2,0.0,1.4021394833840495e-06,0.19227781437084443,0.00012199422467769087,4.1404369488212553e-05,3.0,2,0,0.0,0.0,0,0.0,0
YER056C-A,2,0.0,0.00022587648733573713,0.22960743078463106,9.066836935772874e-05,0.0022426784388332403,23.0,2,6,258.8333333333333,559.0,589,0.9439786101197695,0
YER059W,7,0.0,0.0009997837627235538,0.23730312111577997,0.00029718361218145415,0.0016374149251939894,13.714285714285714,3,1,14.0,14.0,13,1.0,0
YDL224C,4,0.0,0.00023977079981561046,0.23979367977048124,0.0001642877778536062,0.0008600286523925537,58.75,3,0,0.0,0.0,0,0.0,0
YER156C,3,0.0,2.2471084635982056e-05,0.22328807149045288,0.000120626554054288,0.0004243385278734306,11.666666666666666,3,0,0.0,0.0,0,0.0,0
YJL084C,3,0.0,0.0004705409539821361,0.2125109700007176,0.00015399563997126867,0.00017841542813968206,14.666666666666666,2,0,0.0,0.0,0,0.0,0
YER061C,1,0.0,0.0,0.18078111258347687,7.906302288020387e-05,3.573794233337648e-05,3.0,1,0,0.0,0.0,0,0.0,0
YER062C,2,0.0,6.946329515302298e-05,0.21391989439315112,0.00012267936301342135,6.353427881372575e-05,20.5,2,0,0.0,0.0,0,0.0,0
YPL201C,2,0.0,1.5480451809660395e-05,0.18862257098997157,0.00013099541031316218,8.194002448778036e-06,2.5,2,0,0.0,0.0,0,0.0,0
YER063W,7,0.047619047619047616,0.0012197578823905293,0.2587440740275632,0.00030556636343867364,0.003470735316326594,53.0,3,0,0.0,0.0,0,0.0,0
YNL157W,4,0.0,7.79359619226425e-05,0.211057232401971,0.00019458756631763406,7.475390773947333e-05,7.75,3,0,0.0,0.0,0,0.0,0
YPL212C,4,0.16666666666666666,9.603429749539232e-05,0.20645939497456517,0.00020212504796685826,5.631191770101118e-05,6.0,3,0,0.0,0.0,0,0.0,0
YPR125W,1,0.0,0.0,0.1880937697274062,7.658617289960985e-05,2.79043129921823e-05,5.0,1,0,0.0,0.0,0,0.0,1
YGL062W,2,0.0,3.142824918669914e-06,0.19291844789202522,0.00012951839893249532,5.363490751823765e-05,3.0,2,0,0.0,0.0,0,0.0,0
YER066W,3,0.0,0.00022746573385875872,0.2215442734584765,0.00015855659162422549,0.0011879505415275657,12.333333333333334,2,0,0.0,0.0,0,0.0,0
YER069W,1,0.0,0.0,0.00021992522542335605,0.00021987686895338611,3.4130130264064307e-22,1.0,1,1,2.0,2.0,1,0.0,0
YLR214W,1,0.0,0.0,0.00021992522542335605,0.00021987686895338611,3.4130130264064307e-22,1.0,1,0,0.0,0.0,0,0.0,0
YPL032C,3,0.0,0.00037962525512921596,0.24626212965009747,0.00014488170169686532,0.0010617223106958796,100.0,3,0,0.0,0.0,0,0.0,0
YPL257W,2,0.0,5.382521261627708e-06,0.19315647732551627,0.00013045221880289646,1.157676039347235e-05,3.0,2,0,0.0,0.0,0,0.0,0
YER077C,2,0.0,3.2066410675603406e-06,0.19902265718590606,0.00011643930342055439,2.7955580907877766e-05,5.0,2,0,0.0,0.0,0,0.0,0
YFR015C,6,0.06666666666666667,0.0002498194898887584,0.23073547646237638,0.0002608470200588033,0.0003397679194223428,11.333333333333334,3,0,0.0,0.0,0,0.0,0
YGR091W,1,0.0,0.0,0.17905800191960827,8.866104663602764e-05,8.09854468043131e-06,4.0,1,8,128.25,559.0,619,0.8502282102357388,1
YER079W,4,0.16666666666666666,0.0007815765883807818,0.2438469593466178,0.00017325434151617647,0.0008449679785957289,42.25,4,0,0.0,0.0,0,0.0,0
YAL060W,1,0.0,0.0,0.21621787269498557,7.509447144787921e-05,0.0002671533798577891,95.0,1,0,0.0,0.0,0,0.0,0
YBR018C,1,0.0,0.0,0.21621787269498557,7.509447144787921e-05,0.0002671533798577891,95.0,1,0,0.0,0.0,0,0.0,0
YBR042C,3,0.0,0.0003923303308756119,0.22311127966821181,0.00015413892203297873,0.0004010171892309183,44.666666666666664,3,0,0.0,0.0,0,0.0,0
YBR065C,1,0.0,0.0,0.21621787269498557,7.509447144787921e-05,0.0002671533798577891,95.0,1,2,325.0,559.0,558,1.0,0
YBR168W,1,0.0,0.0,0.21621787269498557,7.509447144787921e-05,0.0002671533798577891,95.0,1,0,0.0,0.0,0,0.0,1
YBR240C,1,0.0,0.0,0.21621787269498557,7.509447144787921e-05,0.0002671533798577891,95.0,1,0,0.0,0.0,0,0.0,0
YBR241C,1,0.0,0.0,0.21621787269498557,7.509447144787921e-05,0.0002671533798577891,95.0,1,0,0.0,0.0,0,0.0,0
YBR243C,1,0.0,0.0,0.21621787269498557,7.509447144787921e-05,0.0002671533798577891,95.0,1,0,0.0,0.0,0,0.0,1
YDL105W,1,0.0,0.0,0.21621787269498557,7.509447144787921e-05,0.0002671533798577891,95.0,1,1,8.0,8.0,7,1.0,1
YDL168W,1,0.0,0.0,0.21621787269498557,7.509447144787921e-05,0.0002671533798577891,95.0,1,0,0.0,0.0,0,0.0,0
YDR005C,3,0.0,0.0009766004937820896,0.2509852855123967,0.00014689413388279212,0.0010751612933323032,134.0,3,1,18.0,18.0,17,1.0,0
YDR194C,1,0.0,0.0,0.21621787269498557,7.509447144787921e-05,0.0002671533798577891,95.0,1,3,53.0,131.0,130,1.0,0
YDR266C,1,0.0,0.0,0.21621787269498557,7.509447144787921e-05,0.0002671533798577891,95.0,1,2,452.5,559.0,558,1.0,0
YDR306C,2,0.0,3.369102318126806e-05,0.22312305707951188,0.00010425470890457173,0.0003360051483644357,52.0,2,1,58.0,58.0,57,1.0,0
YDR331W,1,0.0,0.0,0.21621787269498557,7.509447144787921e-05,0.0002671533798577891,95.0,1,1,5.0,5.0,4,1.0,1
YDR343C,1,0.0,0.0,0.21621787269498557,7.509447144787921e-05,0.0002671533798577891,95.0,1,0,0.0,0.0,0,0.0,0
YDR483W,1,0.0,0.0,0.21621787269498557,7.509447144787921e-05,0.0002671533798577891,95.0,1,0,0.0,0.0,0,0.0,0
YDR512C,2,0.0,7.178386541597468e-05,0.2377569576619571,9.701365048569259e-05,0.0028161927743657216,72.5,2,0,0.0,0.0,0,0.0,0
YDR528W,3,0.0,0.0011410925781842397,0.23914247204041147,0.00014291089122986565,0.0009223078141334614,81.33333333333333,3,0,0.0,0.0,0,0.0,0
YDR531W,1,0.0,0.0,0.21621787269498557,7.509447144787921e-05,0.0002671533798577891,95.0,1,0,0.0,0.0,0,0.0,1
YER145C,4,0.16666666666666666,0.00022437861688066405,0.2223367099739242,0.00022619089923842298,0.00031815469775285145,25.75,3,1,2.0,2.0,1,0.0,0
YFL016C,6,0.06666666666666667,0.0012156725849320027,0.23266599842099814,0.0002832697630768666,0.00036700027577833894,24.0,3,0,0.0,0.0,0,0.0,0
YFR017C,4,0.0,0.0007691750916232801,0.23785061016905482,0.00021737263052918604,0.0005381326902461157,56.25,3,0,0.0,0.0,0,0.0,0
YGL039W,1,0.0,0.0,0.21621787269498557,7.509447144787921e-05,0.0002671533798577891,95.0,1,0,0.0,0.0,0,0.0,0
YGL096W,4,0.16666666666666666,0.0010355739858665526,0.24118934056001556,0.00017781927882253633,0.0013101950998019632,61.75,4,0,0.0,0.0,0,0.0,0
YGL110C,4,0.0,0.0007154501520683571,0.24840404286050027,0.0001566513355329429,0.0025145438014211375,74.25,4,0,0.0,0.0,0,0.0,0
YGL135W,5,0.0,0.0015311799486265483,0.26182130781183555,0.00022978702687365457,0.0029174652985076255,93.6,4,6,258.8333333333333,559.0,589,0.9439786101197695,0
YGR020C,5,0.3,0.0008445556658529459,0.25852251946876287,0.00019230923724311227,0.0026251035500133857,66.4,5,5,12.8,15.0,15,0.9904761904761905,0
YGR084C,2,0.0,0.002143422789265288,0.21623999556526696,0.00016236375901889497,0.000267363541328741,48.0,1,9,161.77777777777777,559.0,593,0.9319709675949136,0
YGR210C,2,0.0,0.00010746010223356605,0.22378458244992974,0.00010799094304320502,0.0003991351097721643,64.0,2,0,0.0,0.0,0,0.0,0
YIL044C,1,0.0,0.0,0.21621787269498557,7.509447144787921e-05,0.0002671533798577891,95.0,1,0,0.0,0.0,0,0.0,0
YIL074C,5,0.0,0.0010577181659141032,0.23888567838330918,0.00023719283042913556,0.0005590968436209088,47.2,3,1,3.0,3.0,2,1.0,0
YKR073C,1,0.0,0.0,0.21621787269498557,7.509447144787921e-05,0.0002671533798577891,95.0,1,0,0.0,0.0,0,0.0,0
YLR151C,3,0.0,0.00020662172358195115,0.23000724782686363,0.0001471048848137856,0.00033661764979476063,46.0,3,0,0.0,0.0,0,0.0,0
YOR150W,1,0.0,0.0,0.21621787269498557,7.509447144787921e-05,0.0002671533798577891,95.0,1,7,202.14285714285714,559.0,589,0.9439786101197695,0
YOR167C,14,0.10989010989010989,0.0057665099117242945,0.27601170127427666,0.0005312309273373225,0.002800285021062849,45.857142857142854,7,7,227.28571428571428,559.0,589,0.9439786101197695,0
YOR189W,2,0.0,0.00040602875772970343,0.24904803165886596,0.00011343450572661752,0.0010422622381545056,190.5,2,2,47.5,83.0,82,1.0,0
YOR222W,1,0.0,0.0,0.21621787269498557,7.509447144787921e-05,0.0002671533798577891,95.0,1,0,0.0,0.0,0,0.0,0
YOR246C,1,0.0,0.0,0.21621787269498557,7.509447144787921e-05,0.0002671533798577891,95.0,1,0,0.0,0.0,0,0.0,0
YOR258W,1,0.0,0.0,0.21621787269498557,7.509447144787921e-05,0.0002671533798577891,95.0,1,0,0.0,0.0,0,0.0,0
YOR318C,1,0.0,0.0,0.21621787269498557,7.509447144787921e-05,0.0002671533798577891,95.0,1,0,0.0,0.0,0,0.0,0
YOR362C,4,0.0,0.0010653072633660817,0.2412031039325652,0.00019347869374514894,0.0005079201347280224,60.0,3,7,21.142857142857142,46.0,48,0.9485815602836879,1
YPL213W,6,0.0,0.0008928080541115436,0.24990204524738516,0.00021758959098477242,0.0026873607959409253,51.0,6,6,126.5,559.0,561,0.9900942195059842,1
YPL229W,3,0.0,0.000681124469038396,0.2206191968951549,0.00016088205001947464,0.0003004555355469709,35.0,2,0,0.0,0.0,0,0.0,0
YPL233W,1,0.0,0.0,0.21621787269498557,7.509447144787921e-05,0.0002671533798577891,95.0,1,3,34.0,55.0,54,1.0,1
YPR016C,3,0.3333333333333333,0.0002905074804531953,0.21838507844558372,0.00015640082513011726,0.00027456038238251397,46.666666666666664,3,0,0.0,0.0,0,0.0,1
YPR134W,1,0.0,0.0,0.21621787269498557,7.509447144787921e-05,0.0002671533798577891,95.0,1,3,53.0,131.0,130,1.0,0
YPR149W,1,0.0,0.0,0.21621787269498557,7.509447144787921e-05,0.0002671533798577891,95.0,1,0,0.0,0.0,0,0.0,0
YER082C,3,0.0,0.0002273457863379182,0.21283198355056762,0.00015996677563524857,0.00019431163862155905,10.0,2,5,168.0,559.0,619,0.8502282102357388,1
YER126C,3,0.0,0.0001707614740620635,0.21774382821524177,0.0001346112416100747,0.0004021094562124976,14.333333333333334,3,3,195.66666666666666,559.0,558,1.0,1
YPR175W,3,0.0,0.00013950789393403395,0.21799088155308266,0.00013946566624764732,0.0003992063247957162,8.0,2,6,19.666666666666668,56.0,56,0.9662337662337662,1
YDL036C,1,0.0,0.0,0.15533011881942796,9.559862495834803e-05,7.213647119694684e-07,2.0,1,0,0.0,0.0,0,0.0,0
YMR233W,2,0.0,8.802071842241421e-06,0.22414058719452076,8.386159943968335e-05,0.0010820356130106742,25.5,2,0,0.0,0.0,0,0.0,0
YPL238C,1,0.0,0.0,0.2059664356940977,5.761040880255558e-05,0.0005811238813973863,19.0,1,0,0.0,0.0,0,0.0,1
YPR011C,1,0.0,0.0,0.2059664356940977,5.761040880255558e-05,0.0005811238813973863,19.0,1,0,0.0,0.0,0,0.0,0
YER099C,4,0.16666666666666666,7.503499664899303e-05,0.22033169272905928,0.00016038435735085015,0.0009765235201417222,12.75,3,0,0.0,0.0,0,0.0,0
YKL181W,4,0.3333333333333333,2.4444600493616148e-05,0.2135632171238012,0.00017055179027991607,0.0004735447616679139,6.0,3,0,0.0,0.0,0,0.0,0
YER100W,3,0.0,1.2960531760026742e-05,0.19529839640134328,0.000165870767408396,4.607242700725144e-05,3.3333333333333335,2,0,0.0,0.0,0,0.0,0
YJR077C,2,0.0,0.0008944730039228512,0.2278621667554864,0.00011730361736752944,0.0007085037142609248,45.5,2,0,0.0,0.0,0,0.0,0
YDR459C,1,0.0,0.0,0.16709531915379006,8.151689482548008e-05,3.4282768033420557e-06,3.0,1,0,0.0,0.0,0,0.0,0
YER103W,4,0.0,0.0027883853937527496,0.18719411839301475,0.00033259855554309154,2.1796829286688036e-05,4.0,1,0,0.0,0.0,0,0.0,0
YDR068W,2,0.0,0.002143422789265288,0.15677620241512824,0.00020892981073064693,6.116722217333118e-07,2.5,1,0,0.0,0.0,0,0.0,0
YGL065C,1,0.0,0.0,0.15676457342707684,0.00010468277641868129,6.111905507851924e-07,4.0,1,0,0.0,0.0,0,0.0,1
YER106W,1,0.0,0.0,0.2151722252756197,5.916684730680462e-05,0.0013899921490944862,30.0,1,3,34.0,55.0,54,1.0,1
YHL008C,2,0.0,1.631034743045624e-05,0.21781115084583494,0.0001000711217086884,0.00015350844607682856,21.0,2,0,0.0,0.0,0,0.0,0
YER110C,4,0.16666666666666666,6.350827325085512e-05,0.2552904024469574,0.000149983605557656,0.007203734330681009,47.75,4,1,59.0,59.0,58,1.0,0
YDL145C,1,0.0,0.0,0.2136063873718553,6.270389064046905e-05,0.0002726506208556962,37.0,1,5,34.0,95.0,104,0.8676250933532487,1
YIL029C,1,0.0,0.0,0.2136063873718553,6.270389064046905e-05,0.0002726506208556962,37.0,1,0,0.0,0.0,0,0.0,0
YJR138W,3,1.0,0.0,0.21973607783916996,0.00012567066631157428,0.0005578140962162076,30.333333333333332,3,0,0.0,0.0,0,0.0,0
YKL209C,2,1.0,0.0,0.21862228164447464,9.560036223579485e-05,0.0004046323507700714,35.0,2,0,0.0,0.0,0,0.0,0
YLL032C,2,0.0,8.492620161758953e-05,0.21364957507654028,0.0001220570088552507,0.00027315789429563944,19.5,2,2,452.5,559.0,558,1.0,0
YNL091W,7,0.0,0.0009533440940577562,0.23819910923157356,0.00031646464984885086,0.0011419277886923654,12.428571428571429,4,0,0.0,0.0,0,0.0,0
YOR219C,1,0.0,0.0,0.2136063873718553,6.270389064046905e-05,0.0002726506208556962,37.0,1,0,0.0,0.0,0,0.0,0
YDL204W,3,0.0,0.00026351057186082134,0.21302505762091892,0.00018956280916084404,0.00019339278604670504,9.0,2,0,0.0,0.0,0,0.0,0
YLR096W,1,0.0,0.0,0.211183771836836,6.21857797455802e-05,0.00019256855894255636,24.0,1,0,0.0,0.0,0,0.0,0
YNL139C,1,0.0,0.0,0.211183771836836,6.21857797455802e-05,0.00019256855894255636,24.0,1,3,10.0,19.0,21,0.7857142857142857,0
YER119C,3,0.0,0.00036775265411666556,0.24480732035875555,0.00017205421621143657,0.0009836028219275016,70.0,2,0,0.0,0.0,0,0.0,0
YKL055C,1,0.0,0.0,0.1952442696343606,8.151592432908202e-05,2.757664136985666e-05,3.0,1,0,0.0,0.0,0,0.0,0
YER176W,1,0.0,0.0,0.20386048004795376,6.053785401165262e-05,0.00026427840656327405,9.0,1,5,132.4,559.0,610,0.8446256965194218,0
YHR003C,3,0.0,6.735125093611789e-05,0.24591826817048362,0.0001364772926971251,0.0008187141828573885,100.33333333333333,3,0,0.0,0.0,0,0.0,0
YMR275C,3,0.0,7.9932245620876e-05,0.24462313752614578,0.00012093468377312339,0.0021684336389434762,49.0,3,2,30.0,58.0,57,1.0,0
YOR340C,1,0.0,0.0,0.21214832329423172,6.567757583619282e-05,0.00010770935787404913,15.0,1,3,77.33333333333333,195.0,194,1.0,1
YHR204W,5,0.0,8.27787985037549e-05,0.21255371584603605,0.00022301581185229846,0.00017876349614815766,3.2,3,0,0.0,0.0,0,0.0,0
YER128W,1,0.0,0.0,0.17891399760060414,7.104037139641077e-05,1.2414653617684585e-05,5.0,1,0,0.0,0.0,0,0.0,0
YER129W,2,0.0,5.148165019592033e-06,0.2165612866745708,0.00010811748935860357,0.00022624966609471696,12.5,2,0,0.0,0.0,0,0.0,0
YLR420W,2,0.0,5.924094884128763e-05,0.24373447084040323,0.00011750740131165834,0.0007814530334946614,144.0,2,0,0.0,0.0,0,0.0,0
YHR100C,1,0.0,0.0,0.19833160629289945,6.428364546126324e-05,0.000180127562288684,21.0,1,0,0.0,0.0,0,0.0,0
YER136W,4,0.0,0.0014753720511424039,0.23665210197157344,0.00017443684907213078,0.0004960737631571243,42.25,3,0,0.0,0.0,0,0.0,1
YER140W,3,0.0,0.00017645616056697014,0.21428862830490608,0.00016086162456532092,0.00013956753725103338,7.0,2,0,0.0,0.0,0,0.0,0
YDL054C,2,0.0,9.238446444075197e-06,0.1809978672253789,0.00013740456468429505,4.640457128441186e-06,3.5,2,0,0.0,0.0,0,0.0,0
YER143W,4,0.0,7.112778594754631e-05,0.2418655981525677,0.00015930563235552736,0.0022154277901204698,13.5,4,0,0.0,0.0,0,0.0,0
YOR034C,3,0.0,7.115495487082171e-06,0.19060440085291636,0.00014390346931256705,5.2136651645236575e-05,4.333333333333333,3,0,0.0,0.0,0,0.0,0
YIL056W,1,0.0,0.0,0.18068065287314153,8.101647344201668e-05,8.917027030913926e-06,4.0,1,0,0.0,0.0,0,0.0,0
YJL001W,3,0.0,9.924291171294572e-05,0.2442697175979122,0.00014665568896303122,0.0014668335266456065,50.333333333333336,3,7,21.142857142857142,46.0,48,0.9485815602836879,1
YCR024C,2,1.0,0.0,0.22531147085896977,9.68179943949551e-05,0.0005677996265508424,39.5,2,0,0.0,0.0,0,0.0,0
YDL112W,1,0.0,0.0,0.2078911663050498,6.587800193833374e-05,0.00013198172991437518,33.0,1,0,0.0,0.0,0,0.0,0
YER131W,1,0.0,0.0,0.2078911663050498,6.587800193833374e-05,0.00013198172991437518,33.0,1,7,227.28571428571428,559.0,589,0.9439786101197695,0
YLR058C,3,0.0,0.0002291151135256161,0.2383468587636333,0.00013234334657441602,0.00068996712737069,61.333333333333336,3,0,0.0,0.0,0,0.0,0
YOR201C,1,0.0,0.0,0.2078911663050498,6.587800193833374e-05,0.00013198172991437518,33.0,1,0,0.0,0.0,0,0.0,0
YPL090C,1,0.0,0.0,0.2078911663050498,6.587800193833374e-05,0.00013198172991437518,33.0,1,8,204.625,559.0,589,0.9439786101197695,0
YPR010C,6,0.06666666666666667,0.0006437792724712732,0.2324740508917761,0.0002642517886627204,0.0005169566456057478,16.166666666666668,4,3,77.33333333333333,195.0,194,1.0,1
YGL241W,1,0.0,0.0,0.1940610253576178,6.526064064478555e-05,1.5395163263351993e-05,14.0,1,1,59.0,59.0,58,1.0,0
YIR005W,5,0.1,0.0003318891064541782,0.24105179317446668,0.00020271307295541656,0.002393131557176281,31.4,3,7,108.85714285714286,559.0,562,0.9865770960600352,0
YDL233W,4,0.0,0.00047711910160474266,0.25179264867541984,0.0001691108876962151,0.0017785528690816964,64.75,4,0,0.0,0.0,0,0.0,0
YIL040W,5,0.1,0.00024441303658106285,0.2497691421919443,0.00016440050107403725,0.007288853215003432,56.8,4,0,0.0,0.0,0,0.0,0
YKL034W,1,0.0,0.0,0.2159858555602592,5.828083310510351e-05,0.0006942972945094039,18.0,1,0,0.0,0.0,0,0.0,0
YER152C,1,0.0,0.0,0.19432868343130305,9.872659191938885e-05,2.1763822514029757e-05,2.0,1,0,0.0,0.0,0,0.0,0
YJL107C,2,0.0,0.002143422789265288,0.24336959887806728,0.0001561913690324795,0.0007757209132410051,143.5,1,0,0.0,0.0,0,0.0,0
YER153C,2,0.0,1.062221793765866e-05,0.18837039053943014,0.00015158201699746988,1.0591536942972309e-05,2.5,2,3,97.66666666666667,266.0,265,1.0,0
YGR222W,3,0.0,0.0003829489648073332,0.22824359810542,0.00021606037696984202,0.00021701742420806515,44.333333333333336,2,6,75.33333333333333,266.0,389,0.7843929716693611,0
YJL170C,2,0.0,5.8821515338860755e-05,0.21101508628197657,0.0001384884653383274,0.00016066275588699877,23.0,2,0,0.0,0.0,0,0.0,0
YNR003C,4,0.16666666666666666,7.380363032283604e-05,0.1877678998407122,0.00022951349939262793,5.574421825563407e-06,4.0,2,4,60.75,195.0,199,0.9538094512968884,1
YKL120W,2,0.0,1.439590291963009e-05,0.2050472103092206,0.00010596931461037196,0.00013648415254021497,19.0,2,0,0.0,0.0,0,0.0,0
YLR167W,1,0.0,0.0,0.19662479384631684,6.650279330747694e-05,0.0001667327245649307,6.0,1,7,227.28571428571428,559.0,589,0.9439786101197695,1
YIL123W,1,0.0,0.0,0.1994170217642137,6.475187056532876e-05,5.369921596905776e-05,16.0,1,0,0.0,0.0,0,0.0,0
YIR001C,2,0.0,1.0481918109103855e-05,0.2007715381805098,0.00010546253643609464,5.961865998708472e-05,9.5,2,0,0.0,0.0,0,0.0,0
YJL189W,2,0.0,1.0994063231869034e-05,0.21261786686691514,9.115735549629273e-05,0.00030731682349141777,18.0,2,6,258.8333333333333,559.0,589,0.9439786101197695,0
YOL139C,7,0.2857142857142857,0.000831707336649487,0.2334885484899891,0.000280959977287162,0.000849492174661114,18.571428571428573,4,7,172.71428571428572,559.0,589,0.9439786101197695,1
YER169W,1,0.0,0.0,0.00021992522542335605,0.00021987686895338611,3.4130130264064307e-22,1.0,1,0,0.0,0.0,0,0.0,0
YPL071C,1,0.0,0.0,0.00021992522542335605,0.00021987686895338611,3.4130130264064307e-22,1.0,1,0,0.0,0.0,0,0.0,0
YER172C,2,0.0,9.752419562151261e-06,0.20571583166955143,0.0001032808629132835,7.728078690832887e-05,19.0,2,10,105.5,559.0,619,0.8502282102357388,1
YNL102W,5,0.5,0.00012387804729499283,0.2370901499503182,0.0001642978385899699,0.006344053677780465,35.8,4,5,20.4,56.0,59,0.8766803039158387,1
YER178W,5,0.0,0.0007722375008158257,0.2664592569699472,0.00020700271739408342,0.005377105478331998,109.8,4,4,5.5,7.0,7,0.9047619047619048,0
YKL124W,1,0.0,0.0,0.20877423655607394,6.794707911093002e-05,0.0001507869543337146,5.0,1,0,0.0,0.0,0,0.0,0
YGR085C,2,0.0,5.2710456455585225e-05,0.23316654861618893,0.0001017912392415893,0.0007480706804678752,51.5,2,6,258.8333333333333,559.0,589,0.9439786101197695,0
YJL125C,3,0.0,0.0004400376011880091,0.20706624177309915,0.00018850900406026285,4.519586731200161e-05,6.666666666666667,2,1,2.0,2.0,1,0.0,1
YLR044C,2,0.0,4.526253733639014e-05,0.22529946129280276,9.52026403863056e-05,0.0004808750078959142,42.5,2,0,0.0,0.0,0,0.0,0
YLR067C,6,0.06666666666666667,0.0004052098245037024,0.2523639138643664,0.00020602945888187284,0.004507713715959943,41.333333333333336,5,4,73.75,266.0,266,0.9926798127393957,0
YLR134W,5,0.0,0.0003370608094819331,0.23624207429657237,0.000223247383044914,0.0010527201831228472,24.8,4,0,0.0,0.0,0,0.0,0
YNR016C,2,0.0,4.045085653863694e-05,0.21623999556526696,0.00010020381604250287,0.00010527841315632544,22.5,2,0,0.0,0.0,0,0.0,1
YER180C,2,0.0,0.00021557413110426748,0.20973766651685968,0.000158966328258365,0.00016049159051843807,22.5,1,0,0.0,0.0,0,0.0,0
YGL026C,1,0.0,0.0,0.17227107895803198,9.963706126420665e-05,4.498235918547298e-06,2.0,1,0,0.0,0.0,0,0.0,0
YER186C,1,0.0,0.0,0.20021045819033123,6.889884065647971e-05,4.052978662341583e-05,17.0,1,0,0.0,0.0,0,0.0,0
YFL002C,1,0.0,0.0,0.1907764575426193,7.107526308911104e-05,3.006705910587394e-05,16.0,1,0,0.0,0.0,0,0.0,1
YJR082C,16,0.0,0.0018275103380062158,0.23782384478221305,0.0007148818666665837,0.0010722812104494107,4.5,4,3,50.333333333333336,133.0,132,1.0,0
YFL003C,1,0.0,0.0,0.18881636707380833,6.623592316078453e-05,2.7921301556002583e-05,7.0,1,0,0.0,0.0,0,0.0,0
YNL272C,6,0.3333333333333333,4.68977309050392e-05,0.23542626675472167,0.00017974808291116245,0.00247569738955848,21.0,5,0,0.0,0.0,0,0.0,1
YFR031C,8,0.25,0.00039805122940847406,0.24806873603581625,0.00023872994242147443,0.00290004848203834,15.875,6,1,5.0,5.0,4,1.0,1
YIL026C,4,0.3333333333333333,3.252326107252718e-05,0.21719558056185564,0.00014463181061024081,0.0010065600780618557,13.5,3,4,6.0,9.0,8,1.0,1
YOL115W,8,0.03571428571428571,0.0027001454436506797,0.22988215550738417,0.00031932947596646105,0.001192191992436979,9.5,4,3,3.3333333333333335,4.0,3,1.0,0
YOL133W,6,0.0,0.0004522128292135106,0.1933597069219704,0.0003402057396941555,2.221036713767117e-05,3.0,2,4,23.5,58.0,75,0.6443243243243243,1
YFL011W,1,0.0,0.0,0.19327129370435633,6.386481163679351e-05,0.00010208670386098669,7.0,1,0,0.0,0.0,0,0.0,0
YJR045C,4,0.16666666666666666,0.00025536097711577273,0.20637875071111142,0.0002038708471823885,4.674318745601724e-05,5.75,3,5,10.2,18.0,24,0.644927536231884,1
YKL189W,2,0.0,3.5139430343119765e-05,0.19963364630965252,0.00010867903580008944,7.465783241842019e-05,8.0,2,1,3.0,3.0,2,1.0,1
YFL018C,5,0.0,0.0004404422865707009,0.2334111874379741,0.0002504649017667349,0.0007571301018242459,24.8,3,5,5.0,7.0,12,0.3484848484848485,0
YJR051W,1,0.0,0.0,0.1879265157973623,7.550832399386124e-05,2.1228609164994933e-05,5.0,1,0,0.0,0.0,0,0.0,0
YFL020C,2,0.0,4.298734876585115e-06,0.2045114763554419,0.00010651714127137701,0.00017610584036067097,7.0,2,0,0.0,0.0,0,0.0,0
YFL021W,4,0.0,0.0003605044087224762,0.20572584412120476,0.0002444504809124127,5.348326136072846e-05,6.5,2,0,0.0,0.0,0,0.0,0
YGL011C,1,0.0,0.0,0.16955526468427426,8.492840554992208e-05,1.5017363270906502e-06,4.0,1,7,21.142857142857142,46.0,48,0.9485815602836879,1
YFL022C,2,0.0,9.400355971942747e-06,0.18693747261573007,0.0001584719302596355,2.4085594511944188e-05,2.5,2,2,2.5,3.0,2,1.0,1
YGR169C,2,0.0,3.686974917218916e-05,0.1975899024548557,0.00015081543366973093,2.3141219311290405e-05,2.5,2,0,0.0,0.0,0,0.0,0
YLR243W,3,0.0,4.893642684836151e-05,0.21524892770353277,0.0001409742494926085,0.00042681941626608795,10.0,2,0,0.0,0.0,0,0.0,1
YFL026W,5,0.1,0.0005972726710888711,0.21104669429370246,0.0002475711110851413,0.00021200351145425844,9.0,3,0,0.0,0.0,0,0.0,0
YHR005C,6,0.2,0.0006427229775175202,0.22370167733867546,0.0002735161144778801,0.00020605923666952727,11.666666666666666,3,2,9.5,16.0,15,1.0,1
YFL027C,3,0.0,0.00021826466845483917,0.18660735478849821,0.00021697264596506335,2.1202393153216703e-05,3.3333333333333335,2,0,0.0,0.0,0,0.0,0
YKL195W,1,0.0,0.0,0.15635285911497643,9.427345260758143e-05,5.942906228689517e-07,3.0,1,1,8.0,8.0,7,1.0,1
YFL028C,1,0.0,0.0,0.18872363233086006,6.340407143648992e-05,5.651149142672563e-05,12.0,1,5,85.6,195.0,255,0.7764397097421646,0
YPR054W,5,0.0,0.0001596617635958064,0.22032020814773381,0.00021777300265849754,0.00014571993805238305,8.2,3,1,2.0,2.0,1,0.0,0
YFL030W,2,0.0,0.00021557413110426748,0.17040287011950303,0.00017370111598417597,2.4473560818816223e-06,2.5,1,0,0.0,0.0,0,0.0,0
YIL077C,1,0.0,0.0,0.14481441665459344,0.00010724415847587139,6.87236261683968e-08,2.0,1,0,0.0,0.0,0,0.0,0
YFL034C-B,4,0.0,0.00026517794293934603,0.23102553527078448,0.00021287067335267788,0.00027424693037590025,22.25,2,1,2.0,2.0,1,0.0,1
YIR016W,2,0.0,1.1101309017649073e-05,0.1875429582622359,0.0001278876939210521,9.28180938496542e-06,3.0,2,0,0.0,0.0,0,0.0,0
YOL036W,2,0.0,2.3120882101228574e-05,0.22722520123181772,0.00011297368347356007,0.0008422547772096816,48.5,2,0,0.0,0.0,0,0.0,0
YMR238W,5,0.0,0.00025948494221774755,0.2459755117152161,0.0001798350260929323,0.001644324845281832,41.4,5,0,0.0,0.0,0,0.0,0
YGR080W,3,0.3333333333333333,0.0001008086169789897,0.23571510112169713,0.0001362559036488284,0.0006346622430942122,54.333333333333336,3,3,43.666666666666664,73.0,72,1.0,0
YHR179W,2,0.0,0.00012393701200065098,0.21001903971550595,0.0001069911195002215,0.0003976374519330467,17.0,2,3,43.666666666666664,73.0,72,1.0,0
YIL138C,1,0.0,0.0,0.20868147091159087,6.0781779765159946e-05,0.00039605509332417996,29.0,1,3,43.666666666666664,73.0,72,1.0,0
YKL212W,3,0.0,0.00020297020706434556,0.227042122431878,0.00013535306955515328,0.000901511327534813,25.0,3,0,0.0,0.0,0,0.0,0
YLL050C,4,0.16666666666666666,0.0002978671284148866,0.23229518538768262,0.00018081471881988914,0.0007866062891600832,28.75,3,3,43.666666666666664,73.0,72,1.0,1
YFL040W,3,0.0,0.0002199408039616609,0.20844477726177496,0.00018372828687258274,0.00022309262025506848,4.666666666666667,2,0,0.0,0.0,0,0.0,0
YFL042C,3,0.0,0.0005129002604185753,0.22137023113618273,0.00021887979543529768,0.00015205421725100038,36.0,2,0,0.0,0.0,0,0.0,0
YMR303C,1,0.0,0.0,0.18004187900133206,9.419680783922247e-05,4.266407053077554e-06,3.0,1,0,0.0,0.0,0,0.0,0
YFL051C,2,0.0,0.0,0.0004398504508467121,0.00031051912107475194,8.37171953311446e-21,1.0,1,0,0.0,0.0,0,0.0,0
YKL026C,1,0.0,0.0,0.00029323363389780805,0.00017455574289270312,5.919699652058258e-21,2.0,1,0,0.0,0.0,0,0.0,0
YFL052W,2,0.0,0.00021557413110426748,0.17047847032807426,0.00017956189239716426,1.2690009490464051e-06,2.0,1,0,0.0,0.0,0,0.0,0
YFL056C,2,0.0,6.097322747659935e-06,0.2259256610890092,9.084643747996559e-05,0.0003905405598226099,15.5,2,0,0.0,0.0,0,0.0,0
YMR095C,3,1.0,0.0,0.2006762186447454,0.00013708674050220631,5.5692221468410134e-05,7.333333333333333,3,1,2.0,2.0,1,0.0,0
YMR322C,4,0.5,4.098681408411254e-05,0.2054758248657952,0.00017847121378363864,6.761817304988214e-05,6.25,3,0,0.0,0.0,0,0.0,0
YNL334C,5,0.1,0.00010328941420779463,0.21920049750112913,0.00021567179704171896,0.00018283372911368807,9.4,3,0,0.0,0.0,0,0.0,0
YMR096W,5,0.6,1.0010176664400815e-05,0.20622771239823734,0.00021744920787015608,6.401880516985006e-05,5.4,3,1,2.0,2.0,1,0.0,0
YLR415C,1,0.0,0.0,0.00021992522542335605,0.00021987686895338611,3.4130130264064307e-22,1.0,1,0,0.0,0.0,0,0.0,0
YFR002W,8,0.25,0.00016893695339736486,0.22897308739513939,0.0002827848431423838,0.0003945656544622847,12.0,5,4,23.25,59.0,59,0.9812974868497955,1
YMR129W,4,0.5,1.62499705837764e-05,0.21468044051573332,0.00016884768675293972,5.4873217025163236e-05,10.0,3,3,32.0,59.0,59,0.9812974868497955,0
YFR003C,3,0.0,0.0002695117973447368,0.21873541675192884,0.00017120519194540996,0.0006897948181746515,4.0,2,0,0.0,0.0,0,0.0,1
YOR147W,3,0.0,0.00013152093653161996,0.23297377464114385,0.00014621681974952378,0.0005184650886904767,29.333333333333332,2,0,0.0,0.0,0,0.0,0
YFR004W,4,0.0,0.00024973013705059026,0.19907889945903698,0.000234472578849672,7.88839368510196e-05,4.0,2,6,25.666666666666668,46.0,48,0.9547872340425532,1
YOR261C,1,0.0,0.0,0.16501437412899758,8.296384876996523e-05,2.2107518240026692e-06,4.0,1,6,25.666666666666668,46.0,48,0.9547872340425532,1
YFR007W,1,0.0,0.0,0.00021992522542335605,0.00021987686895338611,3.4130130264064307e-22,1.0,1,0,0.0,0.0,0,0.0,0
YBR056W,1,0.0,0.0,0.00021992522542335605,0.00021987686895338611,3.4130130264064307e-22,1.0,1,0,0.0,0.0,0,0.0,0
YFR008W,9,0.1388888888888889,0.0010613515499500621,0.25200281364778354,0.00033818429355117333,0.0026499225261826425,16.444444444444443,5,1,6.0,6.0,5,1.0,0
YLR395C,1,0.0,0.0,0.19979406283391346,6.493277051825016e-05,7.427784863794539e-05,9.0,1,3,26.333333333333332,56.0,56,0.9707792207792207,0
YMR029C,2,1.0,0.0,0.21809211048523156,9.652433055172956e-05,0.0003107354990199445,9.5,2,1,6.0,6.0,5,1.0,0
YFR009W,1,0.0,0.0,0.00021992522542335605,0.00021987686895338611,3.4130130264064307e-22,1.0,1,4,267.5,559.0,558,1.0,0
YGL195W,1,0.0,0.0,0.00021992522542335605,0.00021987686895338611,3.4130130264064307e-22,1.0,1,4,267.5,559.0,558,1.0,0
YFR011C,1,0.0,0.0,0.1821208666170138,7.48007166139409e-05,4.295502408936525e-06,7.0,1,0,0.0,0.0,0,0.0,0
YNL113W,7,0.047619047619047616,0.0005461649540708573,0.22452157618794608,0.00034323789930756785,0.00015314265086266416,5.142857142857143,4,6,46.666666666666664,195.0,199,0.9538094512968884,1
YFR013W,1,0.0,0.0,0.1656221618790123,9.69368899925908e-05,1.1715194285456894e-06,2.0,1,3,29.666666666666668,83.0,82,1.0,0
YJL137C,3,0.3333333333333333,3.939947633652516e-06,0.19914455563318129,0.00015203766690729045,5.305408554691737e-05,4.333333333333333,2,0,0.0,0.0,0,0.0,0
YMR065W,6,0.06666666666666667,0.0001239724188882026,0.22051560900011857,0.00021312218988779225,0.0007577104518775838,10.166666666666666,4,2,23.0,32.0,31,1.0,0
YFR033C,1,0.0,0.0,0.19660650231705068,6.249715242238219e-05,0.00015291513076900857,20.0,1,2,33.0,56.0,55,1.0,0
YOL001W,3,0.0,0.00023795902882696554,0.2276412749522982,0.00018163525415400652,0.0013297036940118074,26.0,2,4,11.75,25.0,30,0.7655172413793103,0
YIL126W,5,0.4,0.00015167926065505475,0.2094155367278177,0.00021588550851080342,6.33884044128443e-05,6.8,3,3,36.666666666666664,83.0,83,0.9782544813399942,1
YMR091C,1,0.0,0.0,0.19094882514068814,7.398411975713347e-05,1.2497323836874304e-05,9.0,1,2,50.0,83.0,82,1.0,0
YFR039C,1,0.0,0.0,0.20344836317454143,6.839881715131106e-05,6.441938051162298e-05,30.0,1,0,0.0,0.0,0,0.0,0
YFR042W,2,0.0,2.4921523241683516e-05,0.2048484633766731,0.00011075843833142142,0.00012187706512036614,18.0,2,0,0.0,0.0,0,0.0,1
YLL046C,2,0.0,1.2186709325594967e-06,0.20111543956388986,0.0001261926727755328,7.678528919449111e-05,4.5,2,0,0.0,0.0,0,0.0,0
YFR049W,9,0.0,0.0004668262221312878,0.23927784847519235,0.00035896788199516144,0.000434968890034414,10.666666666666666,5,9,161.77777777777777,559.0,593,0.9319709675949136,0
YOL062C,1,0.0,0.0,0.19171095760677942,6.701819227738324e-05,1.2196259602219419e-05,9.0,1,5,33.6,95.0,104,0.8676250933532487,0
YOR049C,5,0.0,0.000125411975910077,0.23436890453641657,0.00020309189420413134,0.0003566070058118134,28.0,4,0,0.0,0.0,0,0.0,0
YJR133W,4,0.0,0.0009968754594352049,0.264293327913104,0.00017755544300278536,0.0015080024381860279,140.75,4,0,0.0,0.0,0,0.0,0
YGL001C,1,0.0,0.0,0.16280257263468292,9.166863797613587e-05,1.0114176967145333e-06,4.0,1,0,0.0,0.0,0,0.0,1
YGR060W,4,0.16666666666666666,0.00043114826220853495,0.19586854463921563,0.0002733226655938926,3.6026328898234104e-05,2.5,2,0,0.0,0.0,0,0.0,1
YGL003C,4,0.0,1.7703237468988914e-05,0.23201466644605737,0.00013734929689409757,0.0032936487600567724,23.25,4,3,29.666666666666668,58.0,57,1.0,1
YGL010W,2,0.0,0.00010406865339919648,0.22744528590800003,0.00012846561227384997,0.00021608782862860367,63.5,2,0,0.0,0.0,0,0.0,0
YGL014W,2,0.0,1.888564039687019e-05,0.20723883081556543,0.0001044866556603087,0.0002219404930655355,19.0,2,0,0.0,0.0,0,0.0,1
YNL231C,3,0.0,4.926668481600252e-05,0.22238350046373825,0.00013406286888955967,0.0008213241896009251,32.666666666666664,2,0,0.0,0.0,0,0.0,0
YGL015C,2,0.0,3.96721050932822e-06,0.22851506694676288,8.568007699763943e-05,0.0016071425380352997,43.5,2,0,0.0,0.0,0,0.0,0
YGL016W,4,0.16666666666666666,7.52678049750469e-05,0.2136063873718553,0.00015670632137247182,0.00018345764804045554,8.25,4,1,59.0,59.0,58,1.0,0
YGL018C,2,0.0,3.0161036650518237e-05,0.2337597164757368,9.468065438080392e-05,0.0011314856205208482,60.5,2,0,0.0,0.0,0,0.0,1
YOR061W,5,0.8,9.263067557917647e-06,0.21828357742792157,0.00018851388370568308,0.0003976865527569587,9.8,5,3,6.0,8.0,9,0.7777777777777778,0
YMR023C,2,0.0,3.834244329261261e-06,0.1992102551283944,0.00010534284620550513,0.00010146872151672627,5.0,2,6,73.5,266.0,390,0.7803704436095181,0
YOL130W,5,0.0,0.0010145559581132702,0.22175348582520713,0.00023087017091908603,0.00022201280605444395,9.0,3,0,0.0,0.0,0,0.0,1
YBR235W,1,0.0,0.0,0.2088670847118779,6.0945566796342486e-05,0.00022695392644807752,17.0,1,0,0.0,0.0,0,0.0,0
YGL020C,7,0.19047619047619047,0.0004437490328094808,0.25314985885573893,0.00021386593578940106,0.005837156425658223,70.57142857142857,7,1,3.0,3.0,2,1.0,0
YMR214W,1,0.0,0.0,0.2088670847118779,6.0945566796342486e-05,0.00022695392644807752,17.0,1,0,0.0,0.0,0,0.0,0
YGL029W,1,0.0,0.0,0.20482860987179072,5.907354565894982e-05,0.00026483268748149393,13.0,1,0,0.0,0.0,0,0.0,1
YGL030W,2,0.0,6.435491886501886e-05,0.23078586914082846,0.00010589910035064612,0.0007434851166725168,57.5,2,6,258.8333333333333,559.0,589,0.9439786101197695,1
YGL032C,1,0.0,0.0,0.00021992522542335605,0.00021987686895338611,3.4130130264064307e-22,1.0,1,0,0.0,0.0,0,0.0,0
YGR257C,1,0.0,0.0,0.00021992522542335605,0.00021987686895338611,3.4130130264064307e-22,1.0,1,0,0.0,0.0,0,0.0,0
YGL038C,1,0.0,0.0,0.1962504964859445,6.168174286273656e-05,4.799889855548745e-05,20.0,1,0,0.0,0.0,0,0.0,0
YJR132W,6,0.0,0.00032852698181465577,0.21822722873221503,0.00023331113596376755,0.000279453441302293,7.0,4,1,59.0,59.0,58,1.0,0
YDL218W,1,0.0,0.0,0.1992102551283944,6.644115849918251e-05,3.289905517779741e-05,21.0,1,0,0.0,0.0,0,0.0,0
YDR538W,1,0.0,0.0,0.1992102551283944,6.644115849918251e-05,3.289905517779741e-05,21.0,1,0,0.0,0.0,0,0.0,0
YGR004W,3,0.3333333333333333,5.965459196245489e-06,0.21468044051573332,0.00014042623339734805,7.512159434682332e-05,11.333333333333334,3,0,0.0,0.0,0,0.0,0
YJR113C,2,0.0,9.683582853956988e-05,0.20820861993568163,0.00010822665001071664,6.284518239264508e-05,19.5,2,9,161.77777777777777,559.0,593,0.9319709675949136,0
YPL248C,2,0.0,4.307639417478752e-05,0.18770952985674896,0.00014949764688772346,1.6462707054507332e-05,3.5,2,4,68.75,195.0,194,1.0,0
YGL053W,6,0.0,0.0008849419295698359,0.19242662265839355,0.00043151258671946603,3.152892257442419e-05,2.3333333333333335,2,0,0.0,0.0,0,0.0,0
YGL054C,4,0.0,3.88458141498169e-05,0.24152009561249488,0.0001383210178429342,0.0034662957856120952,76.0,4,0,0.0,0.0,0,0.0,0
YGL057C,2,0.0,2.8224834506180392e-05,0.1839837726697255,0.00011776589363315514,1.3997127174301748e-05,8.0,2,0,0.0,0.0,0,0.0,0
YOL080C,1,0.0,0.0,0.1724186495335212,7.147668790373775e-05,1.2416756923233723e-05,4.0,1,0,0.0,0.0,0,0.0,0
YGL060W,3,0.0,0.00038269658212983275,0.24101055954580183,0.00010804019101695207,0.005237109179070974,43.0,3,0,0.0,0.0,0,0.0,0
YJL179W,3,0.0,3.764450806307373e-05,0.229283601481653,0.00013346796110671704,0.001006814160593822,34.333333333333336,3,2,6.5,7.0,6,1.0,0
YGL070C,44,0.0010570824524312897,0.006803906418613892,0.2679966518713082,0.0020464527338102377,0.0057199600895855565,5.0227272727272725,6,6,57.166666666666664,195.0,208,0.9184318097361576,0
YAR064W,1,0.0,0.0,0.20971685404685056,7.299024583814978e-05,0.00016036540720972196,44.0,1,0,0.0,0.0,0,0.0,0
YBR089W,1,0.0,0.0,0.20971685404685056,7.299024583814978e-05,0.00016036540720972196,44.0,1,0,0.0,0.0,0,0.0,1
YBR106W,2,0.0,5.165965822372551e-05,0.22945785751665346,0.00011000920184315633,0.0002503731573522678,42.5,2,1,9.0,9.0,8,1.0,1
YBR157C,1,0.0,0.0,0.20971685404685056,7.299024583814978e-05,0.00016036540720972196,44.0,1,0,0.0,0.0,0,0.0,0
YBR176W,7,0.14285714285714285,0.001073622042450645,0.2566856861185567,0.000260466055112672,0.0019093197005382726,61.857142857142854,6,0,0.0,0.0,0,0.0,0
YBR201W,3,0.0,0.00012034607011306543,0.2385217083299065,0.00013738304819105093,0.0021327613414890635,54.333333333333336,3,2,31.5,58.0,57,1.0,0
YDL183C,1,0.0,0.0,0.20971685404685056,7.299024583814978e-05,0.00016036540720972196,44.0,1,0,0.0,0.0,0,0.0,0
YDL219W,1,0.0,0.0,0.20971685404685056,7.299024583814978e-05,0.00016036540720972196,44.0,1,0,0.0,0.0,0,0.0,0
YDR056C,2,0.0,0.00020567798308939928,0.2342520058365259,0.00010773208295306256,0.000898832959147661,77.0,2,0,0.0,0.0,0,0.0,0
YDR067C,1,0.0,0.0,0.20971685404685056,7.299024583814978e-05,0.00016036540720972196,44.0,1,1,6.0,6.0,5,1.0,0
YDR079W,3,0.0,0.0002196485393189741,0.22750649622230867,0.00013768606338565174,0.0008732451176937637,30.0,3,0,0.0,0.0,0,0.0,0
YDR260C,6,0.06666666666666667,0.0004488420132455158,0.24299184784790304,0.00019268427300278592,0.005546105664787596,37.833333333333336,5,3,29.666666666666668,58.0,57,1.0,0
YDR286C,1,0.0,0.0,0.20971685404685056,7.299024583814978e-05,0.00016036540720972196,44.0,1,0,0.0,0.0,0,0.0,0
YER109C,1,0.0,0.0,0.20971685404685056,7.299024583814978e-05,0.00016036540720972196,44.0,1,0,0.0,0.0,0,0.0,0
YKL036C,3,0.0,4.857319761043343e-05,0.22355969711293558,0.00014645731604674456,0.0002673724177866592,17.333333333333332,3,0,0.0,0.0,0,0.0,1
YKL086W,2,0.0,6.341772562508506e-05,0.21078358317031232,0.00011893940781196018,0.0001648276470263761,24.0,2,0,0.0,0.0,0,0.0,0
YKL150W,2,0.0,8.285820974632575e-05,0.21492058744670123,0.00010873291698985246,0.0002022203180733248,31.5,2,0,0.0,0.0,0,0.0,0
YKL190W,42,0.04878048780487805,0.005482145576900022,0.2817519792903795,0.001242984971735447,0.017970062989688743,23.976190476190474,10,2,3.5,4.0,3,1.0,0
YGL074C,1,0.0,0.0,0.18610616384793383,7.39461415905496e-05,1.0723224223104543e-05,7.0,1,0,0.0,0.0,0,0.0,1
YGL075C,3,0.0,2.7135867077037127e-05,0.22393871222857076,0.00012236219753054093,0.0008691169850030705,17.333333333333332,3,1,3.0,3.0,2,1.0,1
YGL090W,4,0.0,0.00023191070771037584,0.20848590279738943,0.00022818758816336328,9.232218261665855e-05,4.75,2,5,48.0,195.0,195,0.989796457837695,0
YCR094W,2,0.0,0.00017153087855096045,0.24365017254520827,0.00012020529353294455,0.0007776991602306194,145.0,2,0,0.0,0.0,0,0.0,0
YLR265C,4,0.0,0.00023560477269461173,0.21533665460870513,0.000207948127361907,7.724419297268457e-05,5.75,2,1,3.0,3.0,2,1.0,0
YOR005C,1,0.0,0.0,0.1714256881743226,8.186525925420621e-05,2.590301933902933e-06,4.0,1,5,48.0,195.0,195,0.989796457837695,0
YLR347C,35,0.040336134453781515,0.005329135940830638,0.2712644842327219,0.0012350805940730678,0.002106066724786999,14.028571428571428,6,1,59.0,59.0,58,1.0,1
YGL093W,1,0.0,0.0,0.20746260887966395,5.6912886950920634e-05,0.0005940201707247402,16.0,1,3,20.333333333333332,32.0,31,1.0,1
YGL094C,2,0.0,7.283925070446787e-06,0.21143730645361777,9.237469374263747e-05,0.0008698411243034984,10.5,2,1,2.0,2.0,1,0.0,0
YGL097W,4,0.16666666666666666,0.00026214822981109016,0.22156749978058776,0.000195175559236264,9.222854935689371e-05,12.5,3,0,0.0,0.0,0,0.0,1
YIL063C,5,0.4,0.00042870390436867663,0.25033125219510055,0.00021629183371714515,0.0008927028455182974,69.4,4,1,59.0,59.0,58,1.0,1
YOR204W,4,0.3333333333333333,1.7316372626034475e-05,0.20423478900822734,0.00017449001008409132,0.00013501898259364026,5.75,3,0,0.0,0.0,0,0.0,1
YOR364W,2,0.0,1.7742224795866502e-05,0.18131619737964452,0.00012830364801498018,3.2938955163322357e-06,3.0,2,0,0.0,0.0,0,0.0,0
YGL098W,1,0.0,0.0,0.1894425956128663,7.509134713165413e-05,2.4799323821995444e-05,12.0,1,1,6.0,6.0,5,1.0,1
YGL102C,1,0.0,0.0,0.18442528876976627,8.70416619008205e-05,0.00010796239482068538,2.0,1,0,0.0,0.0,0,0.0,1
YHR194W,2,0.0,0.00021556531452698622,0.22803426808989388,0.00012734262046118234,0.0038526057754906928,42.5,1,0,0.0,0.0,0,0.0,0
YGL105W,3,0.0,0.0002236446167250925,0.17885343347498298,0.000216025031530404,3.4184803971352156e-06,3.3333333333333335,2,1,3.0,3.0,2,1.0,0
YGL245W,3,0.0,0.0001361046317073473,0.1904669787902971,0.00019065633632895342,5.381734425277821e-05,2.3333333333333335,2,1,3.0,3.0,2,1.0,1
YGR264C,1,0.0,0.0,0.1508724726340046,9.416822307958304e-05,9.600992592617197e-08,3.0,1,1,3.0,3.0,2,1.0,1
YGL106W,3,0.3333333333333333,0.00015614182763838192,0.22360700382554477,0.00012786782449754976,0.001769853597699977,24.0,2,0,0.0,0.0,0,0.0,1
YDL087C,2,0.0,8.300473501965647e-06,0.20778896830765278,8.174100963866464e-05,0.00026422451453100924,17.0,2,7,111.71428571428571,559.0,563,0.9827752950323319,1
YNL016W,4,0.0,8.424178537198456e-05,0.2247603527232943,0.00014415646777077084,0.0009446335382557419,17.0,4,2,280.5,559.0,558,1.0,0
YGL113W,1,0.0,0.0,0.00021992522542335605,0.00021987686895338611,3.4130130264064307e-22,1.0,1,3,31.0,56.0,56,0.9766233766233766,1
YPR194C,1,0.0,0.0,0.00021992522542335605,0.00021987686895338611,3.4130130264064307e-22,1.0,1,0,0.0,0.0,0,0.0,0
YML110C,1,0.0,0.0,0.20068574652522425,6.60584103502178e-05,9.847951681035184e-05,13.0,1,0,0.0,0.0,0,0.0,0
YMR291W,1,0.0,0.0,0.20068574652522425,6.60584103502178e-05,9.847951681035184e-05,13.0,1,0,0.0,0.0,0,0.0,0
YGL126W,1,0.0,0.0,0.21776626446750505,5.668529850860979e-05,0.0009462702381769717,31.0,1,0,0.0,0.0,0,0.0,0
YBL009W,1,0.0,0.0,0.23107605474055723,6.537011023784861e-05,0.0007662802860817682,79.0,1,0,0.0,0.0,0,0.0,0
YDL045C,2,0.0,9.252116681140367e-05,0.24388916931015367,0.00010473601085212296,0.000982043014033209,102.0,2,0,0.0,0.0,0,0.0,1
YDR092W,1,0.0,0.0,0.23107605474055723,6.537011023784861e-05,0.0007662802860817682,79.0,1,1,2.0,2.0,1,0.0,0
YEL038W,2,0.0,1.823851733451397e-05,0.25143318025782363,8.582890973775059e-05,0.007583219895910538,119.0,2,0,0.0,0.0,0,0.0,0
YER184C,1,0.0,0.0,0.23107605474055723,6.537011023784861e-05,0.0007662802860817682,79.0,1,0,0.0,0.0,0,0.0,0
YFR026C,1,0.0,0.0,0.23107605474055723,6.537011023784861e-05,0.0007662802860817682,79.0,1,0,0.0,0.0,0,0.0,0
YGL157W,3,0.0,0.00039543175587171127,0.2547672348450529,0.00017379038250683027,0.0015426038951758569,122.0,2,0,0.0,0.0,0,0.0,0
YHR130C,3,0.0,0.00039543175587171127,0.2547672348450529,0.00017379038250683027,0.0015426038951758566,122.0,2,0,0.0,0.0,0,0.0,0
YIL025C,4,0.0,0.00034965294881150006,0.23218034569152832,0.0002330998367330661,0.0007970277939509658,21.0,2,0,0.0,0.0,0,0.0,0
YIL031W,1,0.0,0.0,0.23107605474055723,6.537011023784861e-05,0.0007662802860817682,79.0,1,0,0.0,0.0,0,0.0,1
YIR017C,9,0.08333333333333333,0.0005453446394622017,0.25337748431328816,0.00030844890993349483,0.002456251106481034,23.88888888888889,5,6,47.333333333333336,195.0,194,1.0,0
YJL032W,1,0.0,0.0,0.23107605474055723,6.537011023784861e-05,0.0007662802860817682,79.0,1,0,0.0,0.0,0,0.0,1
YJR069C,2,0.0,0.00010232539950634231,0.23455097904191072,0.00010078845583960311,0.0007803651178440044,44.0,2,0,0.0,0.0,0,0.0,0
YKL137W,3,0.0,0.0002592833787230482,0.23241013874274333,0.00016625113344748257,0.0007719364883626418,28.0,2,0,0.0,0.0,0,0.0,0
YLR019W,2,0.0,9.816271146822721e-06,0.23525592437882079,9.599829839716136e-05,0.0009397252477186968,44.5,2,0,0.0,0.0,0,0.0,0
YLR108C,4,0.3333333333333333,0.00016226115802998544,0.25089589798268375,0.00016612197652163743,0.0012603946350709543,50.75,4,0,0.0,0.0,0,0.0,0
YNR010W,2,1.0,0.0,0.23143031062824532,9.750839564767893e-05,0.0008043487808806585,45.0,2,5,70.0,195.0,211,0.9097269239449334,0
YNR028W,7,0.0,0.0008509208501289808,0.23357886788871976,0.00038295610553993405,0.0008034891907872184,15.142857142857142,3,0,0.0,0.0,0,0.0,0
YOR162C,1,0.0,0.0,0.23107605474055723,6.537011023784861e-05,0.0007662802860817682,79.0,1,0,0.0,0.0,0,0.0,0
YOR289W,2,0.0,0.00015217852301239809,0.2447789664879704,0.00010242434858412377,0.000982829332202895,104.5,2,0,0.0,0.0,0,0.0,0
YOR377W,2,0.0,2.4204820826728257e-05,0.23550496954057681,9.54611541640093e-05,0.001749034413818441,50.5,2,0,0.0,0.0,0,0.0,0
YPL064C,1,0.0,0.0,0.23107605474055723,6.537011023784861e-05,0.0007662802860817682,79.0,1,2,325.0,559.0,558,1.0,0
YPR168W,4,0.0,0.002455533617879241,0.23628169228656004,0.0002114090448597623,0.0010785144499384988,22.0,3,5,70.0,195.0,211,0.9097269239449334,1
YPL228W,1,0.0,0.0,0.15807192196388456,0.00010219035833121992,2.5850621911974653e-07,2.0,1,2,98.5,195.0,194,1.0,1
YAL022C,1,0.0,0.0,0.00029323363389780805,0.00017455574289270312,5.919699652058258e-21,2.0,1,0,0.0,0.0,0,0.0,0
YGL139W,1,0.0,0.0,0.16345101288918304,0.00010198328896687418,7.724598549937188e-07,3.0,1,0,0.0,0.0,0,0.0,0
YOR010C,3,0.0,0.00043114826220853495,0.19680789650855673,0.0002394452514930481,2.754373980734912e-05,3.6666666666666665,1,0,0.0,0.0,0,0.0,0
YNL258C,7,0.0,0.0011553102411092048,0.20544586338652052,0.0003990269156054312,5.649998433595377e-05,3.857142857142857,3,1,6.0,6.0,5,1.0,1
YPR105C,11,0.03636363636363636,0.0004558987878449182,0.25947472027711926,0.00038222403454653324,0.0012832571634417067,15.272727272727273,5,3,41.333333333333336,95.0,94,1.0,1
YGL151W,3,0.3333333333333333,0.0002747721668494008,0.25004988128929684,0.00012172589222428763,0.009506441829814699,86.66666666666667,3,4,69.0,195.0,200,0.9663316582914573,0
YOL105C,3,0.0,4.555477272856264e-05,0.2133045616327348,0.00014786788201996416,0.00015296118199752403,11.333333333333334,3,0,0.0,0.0,0,0.0,0
YGL154C,3,0.0,4.8210482593345264e-05,0.22211472376848518,0.0001416470345132061,0.00011314918737002065,12.333333333333334,3,1,2.0,2.0,1,0.0,0
YGL254W,5,0.0,0.0007060599792422345,0.23801132909027947,0.00022779237898653109,0.0005747728124270204,33.4,3,0,0.0,0.0,0,0.0,0
YGL155W,1,0.0,0.0,0.164943541454549,0.00010205502246749679,2.6704034532450598e-06,3.0,1,2,4.0,6.0,5,1.0,1
YGL156W,2,0.0,8.753549224602949e-06,0.2090943949203202,0.0001078067157123344,0.00011767823568986886,11.5,2,0,0.0,0.0,0,0.0,0
YNR064C,1,0.0,0.0,0.2015277578580277,8.192390376927905e-05,4.326033273140791e-05,3.0,1,0,0.0,0.0,0,0.0,0
YGL158W,1,0.0,0.0,0.20378185292229645,5.945749680338829e-05,0.00021398766982198454,30.0,1,0,0.0,0.0,0,0.0,0
YGL166W,8,0.0,0.0008633390624598433,0.24732844899439863,0.0003588044118013785,0.0011032859220512568,23.125,3,0,0.0,0.0,0,0.0,1
YLL028W,1,0.0,0.0,0.19684455797113923,7.10249181392709e-05,3.093425425106171e-05,8.0,1,0,0.0,0.0,0,0.0,0
YML006C,2,0.0,6.759257070880032e-06,0.20370328642478422,0.0001120588605481574,3.672686289653694e-05,6.5,2,0,0.0,0.0,0,0.0,0
YOR220W,3,0.0,0.00015690470299854702,0.229769688699406,0.000130795973638438,0.0004605237512677219,35.333333333333336,3,0,0.0,0.0,0,0.0,0
YGL171W,3,0.0,0.0002597340941807377,0.24627647808158673,0.00019294131475539183,0.0007831572633771275,97.66666666666667,2,0,0.0,0.0,0,0.0,1
YMR229C,1,0.0,0.0,0.19617762894803084,8.739661782600406e-05,2.197276957304021e-05,3.0,1,2,302.5,559.0,558,1.0,1
YGL213C,7,0.047619047619047616,0.0011881969620992753,0.24254565865118913,0.00031205976643610875,0.001950676437962103,11.428571428571429,3,1,3.0,3.0,2,1.0,1
YPR189W,2,1.0,0.0,0.23315368709329104,8.424953147966331e-05,0.001840099991084255,29.5,2,1,3.0,3.0,2,1.0,0
YGL174W,3,0.6666666666666666,6.178063816707422e-06,0.23678467275302634,0.00011497953912541811,0.00413542905550668,58.666666666666664,3,3,217.66666666666666,559.0,559,0.9964285943280692,0
YLR452C,17,0.007352941176470588,0.004280137361111204,0.25113440635222345,0.0006655734985314321,0.0011996684131162921,8.941176470588236,6,0,0.0,0.0,0,0.0,0
YGL180W,2,0.0,3.957737405541531e-06,0.18974023402227738,0.00010793756816267517,1.4900201340316123e-05,5.0,2,0,0.0,0.0,0,0.0,1
YML112W,4,0.16666666666666666,0.00013489447413315528,0.21301432209415275,0.00018746420196164883,0.00029737316473087887,11.25,3,3,74.33333333333333,195.0,214,0.8490632267122987,0
YIL010W,2,0.0,0.00020146854368906114,0.23478549093563703,0.00010639671327586044,0.0007411404938566626,55.5,2,0,0.0,0.0,0,0.0,0
YIL057C,2,0.0,1.7089522019078085e-05,0.21813713130589218,0.00010479041347378226,9.811862605899333e-05,15.0,2,0,0.0,0.0,0,0.0,0
YIL122W,1,0.0,0.0,0.20660067419298467,6.93920032684709e-05,3.3928846033489906e-05,23.0,1,0,0.0,0.0,0,0.0,0
YNR068C,3,0.0,0.00010426798850640182,0.22734741788480384,0.00013498307239031716,0.0012054783738875583,20.333333333333332,3,0,0.0,0.0,0,0.0,0
YPL013C,3,0.0,0.0004144682968566965,0.2337080168812492,0.0001774205482457467,0.00025067541508734206,51.333333333333336,2,9,161.77777777777777,559.0,593,0.9319709675949136,0
YPL156C,1,0.0,0.0,0.20660067419298467,6.93920032684709e-05,3.3928846033489906e-05,23.0,1,0,0.0,0.0,0,0.0,0
YPL188W,1,0.0,0.0,0.20660067419298467,6.93920032684709e-05,3.3928846033489906e-05,23.0,1,0,0.0,0.0,0,0.0,0
YGL189C,4,0.0,0.0008844741489116684,0.24299184784790304,0.00022369843928112248,0.0014766478770142834,51.0,2,7,227.28571428571428,559.0,589,0.9439786101197695,1
YLL027W,1,0.0,0.0,0.19408775798118622,8.057334335808856e-05,4.139523971675937e-05,4.0,1,0,0.0,0.0,0,0.0,0
YGL190C,4,0.16666666666666666,4.425925831446464e-05,0.23572824679684753,0.00014129347708825637,0.0025668203696616633,22.5,4,2,4.5,6.0,5,1.0,0
YGL197W,1,0.0,0.0,0.21262856246864897,6.14770102495023e-05,0.000266039271836822,31.0,1,0,0.0,0.0,0,0.0,0
YML012W,2,0.0,2.1763182025028556e-05,0.21186121965386562,9.63873660476653e-05,0.0001882309573560978,9.0,2,4,33.75,95.0,94,1.0,0
YGL202W,1,0.0,0.0,0.19204194426689108,7.697574830398368e-05,2.3244563055569762e-05,10.0,1,0,0.0,0.0,0,0.0,0
YGR241C,8,0.10714285714285714,0.00047196704196695726,0.25143318025782363,0.00030785911638574805,0.0010266946731156948,44.0,5,0,0.0,0.0,0,0.0,0
YLR170C,2,0.0,1.8518202111957793e-05,0.19023552785068062,0.00010575714004691818,3.395550922281291e-05,6.0,2,6,28.833333333333332,95.0,104,0.8676250933532487,0
YHR164C,2,0.0,4.175129718203838e-06,0.22604648341164088,8.488922515652314e-05,0.0012843442023376408,29.0,2,3,29.333333333333332,56.0,55,1.0,1
YML069W,3,0.3333333333333333,0.000144487316350572,0.20101979328074726,0.00013708540202633928,0.0003490721050779072,6.0,2,3,9.333333333333334,19.0,23,0.6640316205533597,1
YMR053C,2,0.0,3.1420964450056724e-05,0.21721790396804938,9.210903595863296e-05,0.00038195341957001646,15.5,2,6,73.16666666666667,195.0,255,0.7764397097421646,0
YNL263C,7,0.047619047619047616,0.0007297611305695847,0.24629082818519243,0.00028999954555594405,0.00047240870292614183,26.0,4,0,0.0,0.0,0,0.0,1
YOR292C,3,0.0,0.002166667572511419,0.208991010794278,0.00016773709100096604,0.00016233214969575317,7.333333333333333,2,0,0.0,0.0,0,0.0,0
YHL022C,1,0.0,0.0,0.19380298914783461,7.090703484511334e-05,5.468137192564441e-05,7.0,1,1,3.0,3.0,2,1.0,0
YGL215W,3,0.0,0.0004387692643790585,0.243804763991133,0.00012919313180570358,0.0016606162033234598,79.33333333333333,3,1,14.0,14.0,13,1.0,0
YBL031W,2,0.0,1.470874424203516e-05,0.22497568625262257,8.61812310737628e-05,0.0014484028801710382,30.5,2,0,0.0,0.0,0,0.0,0
YGL221C,2,0.0,1.2865422357812615e-05,0.23560998847905645,9.570730568541253e-05,0.0007587176139070899,111.0,2,0,0.0,0.0,0,0.0,0
YGL225W,3,0.0,0.0007331294797270404,0.2574831379942905,0.00014571723439329434,0.0015321143951303343,139.66666666666666,3,0,0.0,0.0,0,0.0,1
YGL226C-A,4,0.0,4.8233146169043575e-05,0.19916332249513607,0.00017251923381043672,0.00016017908915655585,7.75,3,2,19.0,29.0,28,1.0,0
YJL178C,1,0.0,0.0,0.20937404365535334,6.73251031290357e-05,0.00017355468372985222,11.0,1,0,0.0,0.0,0,0.0,0
YOR062C,2,1.0,0.0,0.23572824679684753,0.00010437934147531085,0.00039010372985097885,70.5,2,0,0.0,0.0,0,0.0,0
YPR040W,10,0.044444444444444446,0.0005662660867706211,0.24708266752290134,0.00035705795271032115,0.0026807270399322606,12.9,4,0,0.0,0.0,0,0.0,1
YOR161C,1,0.0,0.0,0.17412330353508848,7.790077638293511e-05,2.1749429310073624e-05,4.0,1,0,0.0,0.0,0,0.0,0
YPL179W,2,0.0,1.9514869422866112e-05,0.19983184537227083,0.00010626270008038023,6.790780713201338e-05,5.0,2,0,0.0,0.0,0,0.0,0
YGL238W,3,0.0,0.0002633247528810622,0.2399842839558436,0.0001279123616252645,0.0006612575416019485,59.0,3,1,59.0,59.0,58,1.0,1
YGL242C,3,0.3333333333333333,1.8557604804792557e-05,0.24564672478144203,0.00010711534312449688,0.013907012917423536,110.33333333333333,3,0,0.0,0.0,0,0.0,0
YKR099W,6,0.0,0.0003067606171198738,0.2468373740547929,0.0002335291726230956,0.0033469317720287313,22.5,3,0,0.0,0.0,0,0.0,0
YHL020C,2,0.0,0.00027368915045818484,0.23091194719007227,0.00011219377061243274,0.0015693332196426394,71.5,2,0,0.0,0.0,0,0.0,0
YHR215W,3,0.0,9.585211785206882e-05,0.22665253865163135,0.00015706835781502184,0.00038831110404314255,29.0,2,1,3.0,3.0,2,1.0,0
YGR003W,1,0.0,0.0,0.16348262205818112,9.750693122222146e-05,6.451678526499527e-07,3.0,1,2,31.5,58.0,57,1.0,0
YLR297W,3,0.0,0.0002695786753045055,0.19685372547104474,0.00022548779294567233,2.2943140996681768e-05,2.3333333333333335,2,0,0.0,0.0,0,0.0,0
YMR183C,3,0.0,7.856496917517816e-05,0.2092185909673946,0.00013319990159223503,9.76394539620105e-05,8.666666666666666,3,4,33.0,95.0,94,1.0,0
YGR010W,6,0.13333333333333333,0.0003383863224033665,0.23713005292085682,0.000234309885288855,0.0006908257323929438,33.166666666666664,4,0,0.0,0.0,0,0.0,0
YLR438W,4,0.16666666666666666,2.484819502649123e-05,0.21206317445887382,0.00018973000506069672,7.650033096765953e-05,4.25,2,0,0.0,0.0,0,0.0,0
YGR013W,2,0.0,7.468752070836554e-05,0.18565657281654468,0.00010975451592353829,1.0322253157451788e-05,4.5,2,6,127.5,559.0,558,1.0,1
YIL009W,3,0.0,4.213798620166475e-05,0.19678957089781987,0.0001560010453163383,8.531798898657481e-05,3.3333333333333335,2,0,0.0,0.0,0,0.0,0
YGR016W,1,0.0,0.0,0.18831164542966555,6.85146252167359e-05,4.026588116246673e-05,7.0,1,0,0.0,0.0,0,0.0,0
YGR017W,2,0.0,5.117446306264224e-06,0.1792934546474771,0.0001343215704243477,8.969139575685521e-06,2.0,2,0,0.0,0.0,0,0.0,0
YLR403W,2,0.0,8.157819794129149e-05,0.19961479071141783,0.00011742017984020918,0.0002435207983916137,6.5,2,0,0.0,0.0,0,0.0,1
YGR023W,1,0.0,0.0,0.18401581163753908,9.936895376279819e-05,6.056412168669026e-06,2.0,1,0,0.0,0.0,0,0.0,0
YLR460C,2,0.0,0.00021557413110426748,0.2274085755266731,0.00015784581793642588,0.00021593278314927495,63.0,1,0,0.0,0.0,0,0.0,0
YGR024C,5,0.0,0.0006699992094305645,0.2351643036226924,0.00029975214306320183,0.0005833498673954991,34.4,2,0,0.0,0.0,0,0.0,1
YKL090W,2,0.0,1.1238458581487864e-05,0.19026978137809017,0.00014057406463188836,1.8780096720144402e-05,3.5,2,0,0.0,0.0,0,0.0,0
YPL110C,1,0.0,0.0,0.18906128699352656,8.400745985077821e-05,1.635280805500145e-05,5.0,1,2,452.5,559.0,558,1.0,0
YGR026W,1,0.0,0.0,0.20763585957234723,6.870843339315147e-05,3.9516709545884076e-05,9.0,1,0,0.0,0.0,0,0.0,0
YGR032W,2,0.0,1.1102536701249857e-05,0.22892348317343333,9.978866411631979e-05,0.0010036015378999,41.0,2,4,3.5,5.0,7,0.42857142857142855,0
YJL034W,4,0.0,0.0006157683545278783,0.2449349941075664,0.0001962407181266369,0.0008624904928478523,73.5,2,3,13.666666666666666,29.0,30,0.871264367816092,1
YGR035C,4,0.16666666666666666,0.0023585569731632205,0.23806495034155295,0.0002600260416696961,0.00030625303166988,42.0,2,0,0.0,0.0,0,0.0,0
YOR031W,1,0.0,0.0,0.1909315743659894,8.77364379279899e-05,8.592146860625245e-06,4.0,1,0,0.0,0.0,0,0.0,0
YOR118W,1,0.0,0.0,0.1909315743659894,8.77364379279899e-05,8.592146860625245e-06,4.0,1,0,0.0,0.0,0,0.0,0
YGR041W,1,0.0,0.0,0.00021992522542335605,0.00021987686895338611,3.4130130264064307e-22,1.0,1,0,0.0,0.0,0,0.0,0
YPL251W,1,0.0,0.0,0.00021992522542335605,0.00021987686895338611,3.4130130264064307e-22,1.0,1,0,0.0,0.0,0,0.0,1
YOR271C,2,0.0,0.00021557413110426748,0.22126593693735397,0.0001595478736242365,0.00015134614078275005,52.0,1,0,0.0,0.0,0,0.0,1
YGR046W,1,0.0,0.0,0.19660650231705068,6.249715242238219e-05,0.00015291513076900857,20.0,1,0,0.0,0.0,0,0.0,1
YHR039C-A,4,0.16666666666666666,0.00017796188704848694,0.25310438283319,0.00013962247223147346,0.004559346578260107,71.5,4,5,12.8,15.0,15,0.9904761904761905,0
YPL222W,3,0.0,5.788224949879855e-05,0.20308668588450837,0.0001494156359863476,7.296271442567686e-05,6.666666666666667,3,0,0.0,0.0,0,0.0,0
YGR278W,1,0.0,0.0,0.195091073262913,7.814467313670126e-05,2.2132290413816724e-05,4.0,1,6,156.5,559.0,619,0.8502282102357388,1
YGR052W,2,0.0,3.7309168722180944e-06,0.19372304841258872,0.00012651514200075822,3.9884425697007924e-05,2.5,2,0,0.0,0.0,0,0.0,0
YJL086C,3,0.0,0.00023754739762322973,0.2339020083733204,0.00015651165786939835,0.0008372479600789591,45.333333333333336,2,0,0.0,0.0,0,0.0,1
YPL060W,2,0.0,8.119918770916437e-05,0.22236010275733983,0.00011682601119189504,0.0005853194062286514,22.5,2,0,0.0,0.0,0,0.0,0
YGR054W,4,0.5,0.0001231628137151499,0.24507701010693295,0.0001356888385565141,0.020441042809576912,112.75,3,4,282.5,559.0,558,1.0,0
YGR056W,3,0.0,0.00012902643043114173,0.20283330262077226,0.0001528042289234562,0.00010154913524893027,5.666666666666667,2,3,36.666666666666664,83.0,83,0.9782544813399942,0
YOR100C,2,0.0,1.1866981729094864e-05,0.1727710277259053,0.00012269709767356648,7.993928114213214e-06,3.0,2,0,0.0,0.0,0,0.0,0
YOR097C,4,0.0,0.00032445460472669467,0.2485647276280078,0.00018726662226213413,0.0008546743517401853,75.5,3,0,0.0,0.0,0,0.0,0
YGR061C,1,0.0,0.0,0.22453350296490163,5.9254845249748115e-05,0.001242153771663252,22.0,1,0,0.0,0.0,0,0.0,0
YGR065C,1,0.0,0.0,0.21726256454969275,6.740966207591492e-05,9.337422086624541e-05,11.0,1,0,0.0,0.0,0,0.0,1
YJL199C,11,0.03636363636363636,0.004252835270221558,0.2804434178154374,0.00044784362638747565,0.0033302309183594865,69.27272727272727,7,0,0.0,0.0,0,0.0,0
YGR066C,3,0.0,0.000156653653173478,0.24441096295329434,0.00012771148129933125,0.0013994990621661605,21.666666666666668,3,0,0.0,0.0,0,0.0,0
YLR371W,9,0.25,0.0002258808589032101,0.2544758093506486,0.000288420363793334,0.006290669248415112,36.666666666666664,7,0,0.0,0.0,0,0.0,1
YPL128C,2,0.0,2.230349613911677e-05,0.19485723738310312,0.0001326347376023564,8.660180196663639e-05,3.5,2,0,0.0,0.0,0,0.0,1
YIL008W,10,0.2222222222222222,0.0021781448668800585,0.27686141306833517,0.000309939070473392,0.025875290605083787,91.2,8,0,0.0,0.0,0,0.0,0
YGR073C,2,0.0,0.00013281561139928287,0.22106920467124858,0.00012783471776882374,0.0003718787645456743,41.0,2,0,0.0,0.0,0,0.0,1
YML119W,2,0.0,2.1676819126048646e-06,0.18644273271202297,0.0001385983877986335,1.8083984006711707e-05,2.0,2,0,0.0,0.0,0,0.0,0
YKL183W,3,0.0,0.0003684177254668763,0.22905994652979314,0.00018734043654711658,0.0007310305112253207,33.0,2,0,0.0,0.0,0,0.0,0
YKL188C,2,0.0,0.00021557413110426748,0.19205939627927449,0.00016479914496103613,2.326289413140299e-05,5.5,1,1,2.0,2.0,1,0.0,0
YLR440C,3,0.0,5.1659965154002625e-05,0.20228001499398318,0.00017239678720308387,3.1534107829644824e-05,6.666666666666667,3,1,6.0,6.0,5,1.0,1
YDL170W,2,1.0,0.0,0.2435518982030696,7.262761058262054e-05,0.013378937599463955,145.0,2,0,0.0,0.0,0,0.0,0
YDR144C,4,0.5,0.0001949201218824808,0.25458309903717835,0.0001298278008679423,0.02122295965670144,141.0,4,0,0.0,0.0,0,0.0,0
YEL039C,1,0.0,0.0,0.23983449803190382,5.344032984290988e-05,0.00681693960982877,159.0,1,0,0.0,0.0,0,0.0,0
YEL052W,1,0.0,0.0,0.23983449803190382,5.344032984290988e-05,0.00681693960982877,159.0,1,0,0.0,0.0,0,0.0,0
YGR112W,3,0.3333333333333333,2.6510879313978872e-06,0.24912142354654757,9.656359657514446e-05,0.015021984081449778,121.0,3,0,0.0,0.0,0,0.0,0
YHR114W,110,0.004003336113427856,0.046559236373454486,0.30165880625993957,0.004475453358727213,0.026345947561304338,9.318181818181818,8,0,0.0,0.0,0,0.0,0
YMR172W,3,0.3333333333333333,5.829136221955223e-05,0.24677972870821305,0.00010014958841841675,0.014069349185000097,116.0,3,0,0.0,0.0,0,0.0,0
YNL166C,5,0.3,0.00023375510700274958,0.24675091613043043,0.00017297339281163553,0.02052619182859083,91.6,4,0,0.0,0.0,0,0.0,0
YOR313C,1,0.0,0.0,0.23983449803190382,5.344032984290988e-05,0.00681693960982877,159.0,1,0,0.0,0.0,0,0.0,0
YPL165C,3,1.0,0.0,0.24727057407945904,9.328172028149226e-05,0.020375164249881558,152.0,3,0,0.0,0.0,0,0.0,0
YGR079W,3,0.0,0.000253279419951879,0.20409672589639175,0.00018879782857546135,2.3859636382501752e-05,4.666666666666667,2,0,0.0,0.0,0,0.0,0
YNL081C,1,0.0,0.0,0.16844710450381672,8.692470526685481e-05,6.695714500030782e-07,3.0,1,5,209.8,559.0,560,0.9958727319192435,0
YGR082W,7,0.23809523809523808,0.001467065526665208,0.2460614270179458,0.00031305562062578684,0.0008599328935972116,45.57142857142857,4,4,10.5,18.0,18,0.9281045751633987,1
YMR203W,8,0.25,8.731827492406883e-05,0.21719558056185564,0.0003446476359020635,0.000166504348485675,4.75,4,4,10.5,18.0,18,0.9281045751633987,1
YNL070W,9,0.19444444444444445,0.0004498718561816228,0.23400560224294265,0.00037805624998637783,0.00042714282041108855,6.888888888888889,4,4,10.5,18.0,18,0.9281045751633987,0
YNL121C,6,0.2,0.00037930498001192037,0.23879120915848104,0.0002527972740350254,0.001559645089902017,15.333333333333334,4,4,10.5,18.0,18,0.9281045751633987,0
YNL131W,4,0.5,0.00021242291988522033,0.2348507163748346,0.000180512855700415,0.0007479980647348675,28.0,4,4,10.5,18.0,18,0.9281045751633987,1
YGR251W,1,0.0,0.0,0.1766336478610227,0.00010096477474026754,7.493162307086725e-06,2.0,1,0,0.0,0.0,0,0.0,1
YGR089W,10,0.13333333333333333,0.00027142536995641516,0.2486524615162229,0.00028694210720228626,0.01581147907651078,33.9,6,0,0.0,0.0,0,0.0,0
YHL010C,1,0.0,0.0,0.197682311912556,5.731889408542269e-05,0.00044312532960808073,10.0,1,0,0.0,0.0,0,0.0,0
YLR086W,4,0.3333333333333333,5.07225573745772e-06,0.22159073097322532,0.0001286793399037612,0.0017867705915109368,17.25,4,1,5.0,5.0,4,1.0,1
YKL116C,2,0.0,0.00021557413110426748,0.18190141555769992,0.00017020496000852328,4.917106101796604e-06,2.0,1,0,0.0,0.0,0,0.0,0
YGR101W,2,0.0,0.00021557413110426748,0.1552502458427339,0.00021047032690462423,1.827037584640479e-07,2.0,1,0,0.0,0.0,0,0.0,0
YJL213W,1,0.0,0.0,0.1337227749474603,0.00012382774348311076,5.139423020361234e-09,2.0,1,2,452.5,559.0,558,1.0,0
YER002W,2,1.0,0.0,0.18037994253037481,0.00011428788402524602,7.407002524724867e-06,22.5,2,1,559.0,559.0,558,1.0,0
YFR001W,1,0.0,0.0,0.17852860252214364,7.287446502371159e-05,4.5957410611413305e-06,24.0,1,0,0.0,0.0,0,0.0,0
YGL111W,2,1.0,0.0,0.18037994253037481,0.00011428788402524602,7.407002524724867e-06,22.5,2,0,0.0,0.0,0,0.0,1
YHR088W,2,1.0,0.0,0.18037994253037481,0.00011428788402524602,7.407002524724867e-06,22.5,2,0,0.0,0.0,0,0.0,1
YKL172W,2,1.0,0.0,0.18037994253037481,0.00011428788402524602,7.407002524724867e-06,22.5,2,0,0.0,0.0,0,0.0,1
YLL008W,2,1.0,0.0,0.18037994253037481,0.00011428788402524602,7.407002524724867e-06,22.5,2,3,78.33333333333333,131.0,130,1.0,1
YLR009W,3,0.0,0.0009004400217511506,0.255660992760798,0.00014821920930983945,0.0014869162471810304,132.66666666666666,3,2,452.5,559.0,558,1.0,1
YNL110C,2,0.0,0.0002253064795022261,0.2288119522175214,0.00010987917503110114,0.000711807388884314,56.0,2,0,0.0,0.0,0,0.0,1
YOL077C,2,1.0,0.0,0.18037994253037481,0.00011428788402524602,7.407002524724867e-06,22.5,2,0,0.0,0.0,0,0.0,1
YOR272W,2,1.0,0.0,0.18037994253037481,0.00011428788402524602,7.407002524724867e-06,22.5,2,3,39.666666666666664,73.0,72,1.0,1
YFR018C,1,0.0,0.0,0.19985074200067482,6.078569874068392e-05,0.000171886852304899,8.0,1,0,0.0,0.0,0,0.0,0
YLR329W,2,0.0,4.5770419391151606e-05,0.2072591543255013,0.00011065215868257192,0.0003272249401328862,10.0,2,1,3.0,3.0,2,1.0,0
YPR045C,5,0.0,0.00025256340786058745,0.2425178262272232,0.00017220589736013876,0.003976591941351789,30.0,5,0,0.0,0.0,0,0.0,0
YGR115C,1,0.0,0.0,0.1696437306676141,7.337987744489901e-05,3.2184472478577923e-06,5.0,1,0,0.0,0.0,0,0.0,1
YKL180W,1,0.0,0.0,0.17727072610779537,8.950657923444716e-05,3.604482201383864e-05,2.0,1,6,258.8333333333333,559.0,589,0.9439786101197695,1
YPR083W,2,1.0,0.0,0.23281978481488697,8.012859706885261e-05,0.002523537639642091,32.0,2,0,0.0,0.0,0,0.0,0
YOR353C,3,0.0,4.009134020245856e-05,0.21966756019718703,0.00013046391333340884,0.00021517835313471665,14.666666666666666,3,1,3.0,3.0,2,1.0,1
YGR121C,2,1.0,0.0,0.20283330262077226,0.00011474517978828943,4.333730871767395e-05,17.5,2,0,0.0,0.0,0,0.0,0
YGR122W,2,0.0,8.158808415993822e-05,0.23111395884489436,0.00010638864841021017,0.0002821578591476273,66.5,2,0,0.0,0.0,0,0.0,0
YGL138C,1,0.0,0.0,0.1790428326547896,7.219638012217932e-05,1.4554951467140932e-05,6.0,1,0,0.0,0.0,0,0.0,0
YMR021C,5,0.1,0.0022827917804891947,0.25863324930026754,0.00018187437411208596,0.0141456314138306,70.8,4,0,0.0,0.0,0,0.0,0
YGR141W,2,0.0,0.00021557413110426748,0.1731674051912931,0.00016117307984612423,5.951509050684446e-06,3.0,1,0,0.0,0.0,0,0.0,0
YMR265C,1,0.0,0.0,0.1468061681478978,0.00010203818613142764,1.6706216920689642e-07,2.0,1,0,0.0,0.0,0,0.0,0
YGR142W,2,0.0,2.3156742750029592e-05,0.19685372547104474,0.00011532537467385674,2.486122772585664e-05,6.5,2,0,0.0,0.0,0,0.0,0
YNL141W,4,0.0,0.0006038142569556504,0.20966484093820797,0.00021522009434682364,0.0001591607081922786,4.75,2,0,0.0,0.0,0,0.0,0
YGR143W,6,0.0,8.163983840551238e-05,0.21695032558200858,0.00022411872536416488,0.0006664976506280936,6.333333333333333,4,2,3.5,5.0,4,1.0,0
YGR144W,6,0.06666666666666667,0.0014213964373135065,0.2643925185034261,0.00023331355127103448,0.00199332981998315,92.16666666666667,4,0,0.0,0.0,0,0.0,0
YGR145W,2,0.0,4.733247732732711e-06,0.19557853013669593,0.00010068565260739826,5.93903736411982e-05,5.0,2,0,0.0,0.0,0,0.0,1
YGR149W,2,0.0,0.00021557413110426748,0.19589577760181084,0.0001580407329862464,1.855260010678364e-05,12.0,1,0,0.0,0.0,0,0.0,0
YDR413C,2,0.0,0.0021434227892652875,0.18975727018245894,0.000167789085309455,2.6555229095408685e-05,2.0,1,0,0.0,0.0,0,0.0,1
YGR153W,2,0.0,3.665491654751086e-06,0.23938626002799304,9.325844203301808e-05,0.0022845545480865027,74.5,2,0,0.0,0.0,0,0.0,0
YNL053W,1,0.0,0.0,0.17306814041331012,7.747371564645745e-05,1.013121418834487e-05,3.0,1,0,0.0,0.0,0,0.0,0
YGR165W,3,0.0,0.00022305207145057176,0.20541591064364448,0.00018609107081769689,3.3537861268067296e-05,4.666666666666667,2,9,161.77777777777777,559.0,593,0.9319709675949136,0
YPL265W,1,0.0,0.0,0.1693446792193218,8.59342329925998e-05,9.424720445958766e-07,3.0,1,0,0.0,0.0,0,0.0,0
YGL219C,1,0.0,0.0,0.21884866901285457,5.716535237256083e-05,0.00039937778788551765,41.0,1,0,0.0,0.0,0,0.0,0
YKL139W,5,0.1,0.0022393172231310126,0.2419209703133169,0.00021928675233914163,0.0020274935056364143,32.0,3,3,74.33333333333333,195.0,214,0.8490632267122987,1
YGR168C,1,0.0,0.0,0.17800982073338692,8.053028088900318e-05,3.8277959208493057e-05,4.0,1,0,0.0,0.0,0,0.0,0
YDR515W,2,0.0,3.60224646537686e-05,0.23759658197382083,9.821534935744599e-05,0.0007908352496089553,64.0,2,2,287.0,559.0,558,1.0,0
YIL162W,2,0.0,0.00010478637488385324,0.2139090684875644,0.0001299190729666382,0.0001329812274138655,16.0,2,0,0.0,0.0,0,0.0,0
YMR319C,1,0.0,0.0,0.16502081647982636,9.130681256588942e-05,7.266506287356754e-07,4.0,1,0,0.0,0.0,0,0.0,0
YGR177C,1,0.0,0.0,0.20872268990737608,6.347351224253321e-05,5.236769767101621e-05,18.0,1,0,0.0,0.0,0,0.0,0
YHR121W,2,0.0,1.3822919339198445e-05,0.22175348582520713,9.682682119694716e-05,0.00100162399440688,15.0,2,2,452.5,559.0,558,1.0,0
YJL035C,2,0.0,3.0895872675143305e-05,0.20430389063339324,0.0001164581097275553,3.960596351898026e-05,5.0,2,0,0.0,0.0,0,0.0,1
YJL026W,2,0.0,8.013158937486796e-05,0.18162004010287772,0.00011807452586650574,1.0557623553042135e-05,7.0,2,2,3.5,4.0,3,1.0,1
YGR185C,1,0.0,0.0,0.18811888349789813,8.298532751170197e-05,7.032719618114203e-06,3.0,1,0,0.0,0.0,0,0.0,1
YGR191W,5,0.2,7.8370646440044e-05,0.21373600289817318,0.00021350742364732706,0.00012716870526879048,10.2,4,0,0.0,0.0,0,0.0,1
YLR283W,2,0.0,0.00010372896972775901,0.24419915612191764,0.00010762409626114178,0.0007786783117457017,145.5,2,0,0.0,0.0,0,0.0,0
YGR193C,1,0.0,0.0,0.19139844200843473,6.877891426903775e-05,4.373049307752088e-05,6.0,1,4,5.5,7.0,7,0.9047619047619048,0
YGR196C,3,0.0,0.00015437136825837824,0.24140974317860944,0.000124328826427719,0.007136574247244735,58.333333333333336,2,0,0.0,0.0,0,0.0,0
YGR253C,2,0.0,2.346346001967408e-06,0.20107717013054913,0.00010328701558240581,0.00020655128879197565,4.5,2,7,21.142857142857142,46.0,48,0.9485815602836879,1
YGR199W,1,0.0,0.0,0.19113014665676117,6.991581914447728e-05,7.397361534673454e-05,8.0,1,0,0.0,0.0,0,0.0,0
YGR208W,3,0.0,0.00010282392205513988,0.204175596237768,0.0001526787891663657,3.570493422847616e-05,6.0,3,0,0.0,0.0,0,0.0,0
YGR209C,2,0.0,2.0507676674262835e-05,0.20507705561662573,0.00010971282383477293,2.0088367535159372e-05,8.0,2,0,0.0,0.0,0,0.0,0
YPL020C,8,0.0,0.0003111445223239648,0.2206191968951549,0.0003634242250381165,8.876994974155828e-05,6.375,3,1,59.0,59.0,58,1.0,1
YGR211W,4,0.0,0.00021599744074433708,0.2224420162779851,0.0001833269693621155,0.0002606263868029863,7.25,3,0,0.0,0.0,0,0.0,1
YGR213C,2,0.0,1.0033345501244702e-05,0.20518656278224626,0.00010904007978536917,0.0006427133351353264,5.5,2,0,0.0,0.0,0,0.0,0
YDR102C,2,0.0,0.000291080951094555,0.2320783612427537,0.00010683049216395331,0.0002145310291412605,71.0,2,0,0.0,0.0,0,0.0,0
YJR134C,2,0.0,5.4717887874170525e-05,0.2337080168812492,0.0001034509365212561,0.00027985321507738526,84.5,2,0,0.0,0.0,0,0.0,0
YLR436C,1,0.0,0.0,0.2138333178182968,6.639669817498094e-05,6.330416895625868e-05,39.0,1,0,0.0,0.0,0,0.0,0
YML120C,1,0.0,0.0,0.2138333178182968,6.639669817498094e-05,6.330416895625868e-05,39.0,1,2,35.0,56.0,55,1.0,0
YNL164C,2,0.0,2.751921826959828e-05,0.21679454240725612,0.00010486689972944444,9.531425820768837e-05,23.0,2,0,0.0,0.0,0,0.0,0
YOR177C,3,0.0,4.2685005774396724e-05,0.23127835375980918,0.00012013007949654328,0.0016607949318373089,20.666666666666668,3,0,0.0,0.0,0,0.0,0
YOR184W,3,0.0,0.0002942746317877483,0.24809785721161431,0.00012861429195714505,0.0027704058275570998,74.66666666666667,3,0,0.0,0.0,0,0.0,0
YPL056C,1,0.0,0.0,0.2138333178182968,6.639669817498094e-05,6.330416895625868e-05,39.0,1,0,0.0,0.0,0,0.0,0
YNR045W,1,0.0,0.0,0.18456218641665675,9.347802717082497e-05,6.08848783224996e-06,3.0,1,3,97.66666666666667,266.0,265,1.0,0
YGR223C,1,0.0,0.0,0.2102174960617831,5.913171991182682e-05,0.0004503860154894951,17.0,1,0,0.0,0.0,0,0.0,0
YGR227W,5,0.0,7.463499110028206e-05,0.21106777156268217,0.00020391757998737927,0.00021238301696048596,5.0,3,0,0.0,0.0,0,0.0,0
YOL009C,3,0.0,4.7076496305560066e-05,0.23302514986020578,0.00011612797688545257,0.002381182466445881,31.0,3,1,3.0,3.0,2,1.0,0
YBR166C,3,0.0,0.00022375908526882897,0.24654941631557822,0.0001209701364592656,0.0038553407752453615,81.33333333333333,3,0,0.0,0.0,0,0.0,0
YFR032C-A,1,0.0,0.0,0.23033312589582436,5.550034425578548e-05,0.002580760799406788,81.0,1,6,258.8333333333333,559.0,589,0.9439786101197695,0
YGR217W,2,0.0,2.114736139665726e-06,0.23671836880120256,8.088135454885924e-05,0.0035601654924918413,79.5,2,0,0.0,0.0,0,0.0,0
YLR332W,13,0.11538461538461539,0.0005447653492482636,0.2547672348450529,0.00038594878777921507,0.006479208779568123,21.153846153846153,7,0,0.0,0.0,0,0.0,0
YLR358C,6,0.0,0.0005841966251404387,0.23582030759396747,0.00024746962679229585,0.0030098350758049814,22.166666666666668,4,0,0.0,0.0,0,0.0,0
YML117W,2,1.0,0.0,0.23689083636800273,8.126008689566955e-05,0.003408730552633871,67.5,2,0,0.0,0.0,0,0.0,0
YMR205C,4,0.0,0.0016343725725902472,0.2451907415345596,0.00016666564277549313,0.003173307077586734,51.5,3,1,2.0,2.0,1,0.0,0
YOL003C,3,0.0,1.4882000442366119e-05,0.238589026490984,0.00011462877055809365,0.003590398663438726,54.333333333333336,3,0,0.0,0.0,0,0.0,0
YOR030W,4,0.0,6.835205692039671e-05,0.2532863850260231,0.00012929026006722866,0.007574940566976208,91.75,4,0,0.0,0.0,0,0.0,0
YOR275C,9,0.16666666666666666,0.0014868683459406287,0.2519877902297766,0.00029033637539844137,0.009403693548572503,43.77777777777778,6,0,0.0,0.0,0,0.0,0
YPL077C,6,0.0,0.0012765524864053167,0.25550644945380363,0.00021853534912663763,0.005571429843633737,37.666666666666664,5,0,0.0,0.0,0,0.0,0
YGR236C,2,0.0,2.5369311879284434e-06,0.21256440499443163,9.625187434227425e-05,0.000652484094672805,13.0,2,0,0.0,0.0,0,0.0,0
YMR267W,3,0.0,0.00012220211351236972,0.21358480006641095,0.0001360353364678399,0.000126851430442372,12.0,3,0,0.0,0.0,0,0.0,0
YGR240C,3,0.0,0.00010336865090217884,0.1980157028630316,0.00016303102041526763,0.00018356052974888317,2.6666666666666665,2,1,2.0,2.0,1,0.0,0
YMR223W,2,0.0,0.0008115094647703663,0.23037078664237373,0.0001009775849195676,0.00336523112054811,47.0,2,3,56.666666666666664,133.0,132,1.0,0
YGR247W,2,0.0,1.8965400088788934e-05,0.2037131039237685,0.00011055749094688829,0.00012862292766592848,6.5,2,0,0.0,0.0,0,0.0,0
YPL203W,6,0.13333333333333333,8.641534691884212e-05,0.21591965638099064,0.00027380983209224555,0.00010249244949047127,5.333333333333333,3,2,3.5,4.0,3,1.0,1
YGR250C,3,0.0,4.211848252832356e-05,0.21258578651683716,0.00014417676209998326,0.00021107723530530825,9.0,2,0,0.0,0.0,0,0.0,0
YGR254W,1,0.0,0.0,0.15865932935378826,9.693732338662467e-05,1.4436675123565762e-06,2.0,1,1,5.0,5.0,4,1.0,0
YGR263C,3,0.0,0.0001249256072544081,0.24782148178437338,0.0001538797268987928,0.0007957291897598168,98.33333333333333,3,0,0.0,0.0,0,0.0,0
YNL066W,3,0.0,0.0001091519239309317,0.23420008828204084,0.00016472216440760367,0.0002389730767235855,43.666666666666664,3,0,0.0,0.0,0,0.0,0
YGR271W,1,0.0,0.0,0.18311498476429722,8.393468897879798e-05,3.7190455298179774e-05,3.0,1,0,0.0,0.0,0,0.0,0
YGR276C,1,0.0,0.0,0.17469181655291258,9.58082429068091e-05,3.1075518909478486e-05,2.0,1,0,0.0,0.0,0,0.0,0
YNR015W,2,0.0,0.0021434227892652884,0.21333685930017024,0.00014866244472932152,0.001108599928891167,16.5,1,0,0.0,0.0,0,0.0,0
YGR280C,3,0.0,7.416476936450027e-05,0.23028293071720363,0.00014330242060104338,0.000472271236594513,51.333333333333336,3,0,0.0,0.0,0,0.0,1
YMR102C,3,0.0,1.676332341846073e-05,0.20610704082866554,0.00014050822169349824,0.00016438074001584046,5.0,3,0,0.0,0.0,0,0.0,0
YGR283C,1,0.0,0.0,0.19429295303673974,7.36927181803397e-05,7.343139690129832e-05,5.0,1,2,452.5,559.0,558,1.0,0
YGR284C,1,0.0,0.0,0.20522641257109503,6.081035346430318e-05,0.00017801543603007992,11.0,1,0,0.0,0.0,0,0.0,0
YGR285C,2,0.0,0.00021557413110426748,0.2274085755266731,0.00015784581793642588,0.00021593278314927495,63.0,1,3,302.3333333333333,559.0,559,0.9964221824686941,0
YJL172W,1,0.0,0.0,0.18401581163753908,9.936895376279819e-05,6.056412168669026e-06,2.0,1,0,0.0,0.0,0,0.0,0
YGR289C,1,0.0,0.0,0.15855815114840846,0.00010529943173656181,7.451627961947577e-07,2.0,1,0,0.0,0.0,0,0.0,0
YLR054C,3,0.0,0.0007705736525666525,0.19641464652947366,0.0002186069090886719,5.741156874161111e-05,4.0,2,0,0.0,0.0,0,0.0,0
YGR294W,5,0.0,0.0007966073718942879,0.2658224761533408,0.0002030148335914023,0.0033398287771959495,90.2,4,0,0.0,0.0,0,0.0,1
YBR279W,1,0.0,0.0,0.2112576566030724,6.350643140167256e-05,0.0004837359203433338,21.0,1,3,33.333333333333336,74.0,85,0.7873949579831933,0
YCL008C,1,0.0,0.0,0.2112576566030724,6.350643140167256e-05,0.0004837359203433338,21.0,1,1,4.0,4.0,3,1.0,0
YIL156W,4,0.6666666666666666,4.9296399801998254e-05,0.23726315988292299,0.00014716137381324656,0.002946249759762705,42.75,4,0,0.0,0.0,0,0.0,0
YNL239W,2,0.0,6.35737494657515e-06,0.21396320897566554,0.00010486263846028345,0.0005072177544795884,12.5,2,0,0.0,0.0,0,0.0,0
YHL003C,3,0.3333333333333333,0.0002363401585653149,0.22988215550738417,0.000152982731405344,0.00023208125535746497,46.0,3,0,0.0,0.0,0,0.0,0
YKL008C,4,0.16666666666666666,0.002165198385094773,0.22509549437183263,0.00020986780638935902,0.0003082243676995012,21.25,3,0,0.0,0.0,0,0.0,0
YLR046C,1,0.0,0.0,0.17672226746861244,7.03877919363383e-05,8.794846979375264e-06,7.0,1,0,0.0,0.0,0,0.0,0
YNL021W,3,0.3333333333333333,1.4637726767394127e-05,0.2054758248657952,0.00015157810776243865,4.6130693874851464e-05,6.333333333333333,3,4,42.5,133.0,132,1.0,0
YLR353W,4,0.16666666666666666,0.0002074711090396326,0.23364342453785159,0.00016619410076997533,0.0004554139071953599,37.25,3,0,0.0,0.0,0,0.0,0
YHL009C,2,0.0,0.00025713410903693194,0.24336959887806728,0.00010348020974265007,0.0006806877864002717,137.5,2,0,0.0,0.0,0,0.0,0
YHL015W,2,0.0,0.00021557413110426748,0.19247919823835488,0.00019164483035926936,0.00019651576108458449,2.0,1,7,227.28571428571428,559.0,589,0.9439786101197695,1
YLL031C,1,0.0,0.0,0.16045413177368836,0.00011483826890194837,5.508919296520835e-06,2.0,1,0,0.0,0.0,0,0.0,1
YHL019C,4,0.16666666666666666,0.00012046613097846731,0.203067172390789,0.00019700323778479577,7.28121634191093e-05,4.25,3,5,33.8,95.0,104,0.8676250933532487,0
YFR045W,3,0.0,0.00019285475350812824,0.23190010387415774,0.00012883351997981118,0.0018454445278923725,50.666666666666664,3,0,0.0,0.0,0,0.0,0
YKL135C,7,0.09523809523809523,0.0010628851143539176,0.23591244032562778,0.0003161209218506664,0.0006202138805630398,25.285714285714285,3,6,28.833333333333332,95.0,104,0.8676250933532487,0
YOR107W,1,0.0,0.0,0.15523884212260441,0.00010617762182951802,1.8255891471537017e-07,3.0,1,0,0.0,0.0,0,0.0,0
YHL025W,2,0.0,1.352574511896959e-05,0.20834203437077448,0.00010475139006483098,8.253239614576855e-05,9.0,2,6,64.5,195.0,269,0.6211507518171225,0
YHL026C,2,0.0,3.2797178028902836e-05,0.2450343880182187,0.00010483981630785832,0.0009158253174493355,145.5,2,0,0.0,0.0,0,0.0,0
YJL056C,2,0.0,3.148636599536729e-06,0.20536600880936123,8.698374144728859e-05,0.00036407397905667115,11.0,2,0,0.0,0.0,0,0.0,0
YHL034C,1,0.0,0.0,0.18888386778596267,7.984216127914897e-05,7.430465513275652e-06,6.0,1,5,162.0,559.0,619,0.8502282102357388,0
YHL036W,1,0.0,0.0,0.185860662796336,7.768034072532743e-05,8.026306343090676e-06,6.0,1,0,0.0,0.0,0,0.0,0
YPR163C,6,0.0,0.002377704423568057,0.23023275741131177,0.0003167325722752804,0.0002862174729999791,23.333333333333332,3,4,299.5,559.0,589,0.9439786101197695,0
YKR006C,1,0.0,0.0,0.19426616386222414,7.940795962872607e-05,1.162489302961542e-05,4.0,1,7,202.14285714285714,559.0,589,0.9439786101197695,0
YHL046C,1,0.0,0.0,0.19411449797080474,6.561864695967865e-05,5.9595900785377666e-05,11.0,1,0,0.0,0.0,0,0.0,0
YJR042W,3,0.0,5.2014404325535645e-05,0.21317546869650358,0.00013155854260166807,0.00015438778448009178,8.333333333333334,3,3,29.666666666666668,59.0,59,0.9812974868497955,1
YJL080C,1,0.0,0.0,0.1815810290108374,7.174849732298304e-05,5.784041376490765e-06,6.0,1,2,287.0,559.0,558,1.0,0
YMR056C,3,0.0,0.00013058886710534372,0.22288774484888593,0.00015388544636554656,0.0004399903927336184,17.666666666666668,2,0,0.0,0.0,0,0.0,0
YHR007C,26,0.015384615384615385,0.0023102870119900494,0.26001742084856505,0.0007999359520890417,0.013375272272601936,13.576923076923077,10,0,0.0,0.0,0,0.0,1
YBR121C,4,0.16666666666666666,4.387907736505809e-05,0.23948120075434973,0.00013851187225678448,0.0031978922310924533,63.0,4,0,0.0,0.0,0,0.0,1
YHR045W,2,0.0,3.991061869526691e-05,0.2167389597638331,9.570951004265606e-05,0.00042042466151046384,24.5,2,0,0.0,0.0,0,0.0,0
YML013W,3,0.0,0.0002052790359490855,0.25556824435058184,0.00011942736594560156,0.0037203770961989962,121.33333333333333,3,2,31.5,58.0,57,1.0,0
YMR264W,2,0.0,0.00021557413110426748,0.20481868456240118,0.000136603562482213,0.0003753822390021905,13.5,1,2,31.5,58.0,57,1.0,0
YHR009C,2,0.0,0.0001986296504871988,0.22608275531205996,0.00010511087611469303,0.0008523788988075079,48.0,2,0,0.0,0.0,0,0.0,1
YHR011W,1,0.0,0.0,0.13405357246247418,0.00011305750700147418,9.142568475652403e-09,2.0,1,0,0.0,0.0,0,0.0,0
YHR014W,1,0.0,0.0,0.16394551211365577,8.034064824564765e-05,2.5631066419289088e-06,3.0,1,0,0.0,0.0,0,0.0,1
YHR185C,3,0.0,0.00021681666490525742,0.19752526722343441,0.00016703198819450392,9.138577465467765e-05,4.0,2,0,0.0,0.0,0,0.0,0
YHR015W,1,0.0,0.0,0.19733161500066634,6.620251224053634e-05,3.624516845991795e-05,11.0,1,1,59.0,59.0,58,1.0,0
YPL169C,11,0.01818181818181818,0.0012040184823143034,0.24809785721161431,0.0004281186869295563,0.0012924414111373642,18.272727272727273,5,2,30.5,59.0,58,1.0,1
YHR019C,2,0.0,1.3757255673835845e-06,0.18744315713145335,0.0001074485371341621,5.463125316151451e-05,4.0,2,0,0.0,0.0,0,0.0,1
YHR021C,1,0.0,0.0,0.17130757855695358,0.00010038759468680459,3.229348362441431e-06,3.0,1,7,227.28571428571428,559.0,589,0.9439786101197695,0
YIL028W,1,0.0,0.0,0.16554432277109124,8.558343173063576e-05,2.2185005597999646e-06,3.0,1,0,0.0,0.0,0,0.0,0
YPR188C,2,0.0,4.047710746512631e-05,0.24600414348238117,9.94537044847748e-05,0.0009150039359051616,148.0,2,0,0.0,0.0,0,0.0,0
YBR078W,1,0.0,0.0,0.23169671618233148,5.6059377309445284e-05,0.0019075794411594258,70.0,1,0,0.0,0.0,0,0.0,0
YGL045W,2,0.0,4.17353173112592e-06,0.23906131968295194,7.852853434280811e-05,0.0031163972623628354,54.0,2,0,0.0,0.0,0,0.0,0
YIL113W,2,0.0,0.002143422789265288,0.23172212013125779,0.0001315880187206336,0.0019090815137104906,35.5,1,0,0.0,0.0,0,0.0,0
YKL037W,6,0.13333333333333333,5.95439529828406e-05,0.23674488592552217,0.00019837585326980706,0.0043049290218715374,24.5,5,0,0.0,0.0,0,0.0,1
YLR346C,1,0.0,0.0,0.23169671618233148,5.6059377309445284e-05,0.0019075794411594258,70.0,1,0,0.0,0.0,0,0.0,0
YPL140C,5,0.0,0.0003318123643138484,0.2598575675220874,0.00016877888604005365,0.00455826385005536,84.0,5,0,0.0,0.0,0,0.0,0
YPL158C,3,0.0,0.00018576463637249844,0.25947472027711926,0.0001265952711891562,0.0027112629147585054,120.66666666666667,3,0,0.0,0.0,0,0.0,0
YDR075W,2,0.0,4.268669527444492e-06,0.2132507539132371,8.516642956622148e-05,0.0007707933125230009,15.5,2,1,3.0,3.0,2,1.0,0
YJL047C,6,0.13333333333333333,0.0010126087447801736,0.27067387252268654,0.00020503756905417334,0.007032625544321171,94.83333333333333,5,1,58.0,58.0,57,1.0,0
YHR035W,3,0.0,0.00018744101465175637,0.2257687850290713,0.00014288712132581077,0.0009629826045988132,25.333333333333332,2,2,22.0,34.0,33,1.0,0
YLL013C,2,0.0,1.3140034243752074e-06,0.18901901410045047,0.00011684441800392589,3.9327309297876385e-05,3.0,2,0,0.0,0.0,0,0.0,0
YHR036W,1,0.0,0.0,0.1904412342110508,6.56066724243717e-05,1.0213930518721875e-05,11.0,1,0,0.0,0.0,0,0.0,1
YHR038W,3,0.0,0.0006764883884421922,0.2481998351916778,0.00013975089696729304,0.0006623547799340731,103.33333333333333,3,0,0.0,0.0,0,0.0,0
YHR040W,2,0.0,1.0368913304365378e-05,0.22596189422186855,0.0001077873030605997,0.00034224255418152904,53.5,2,0,0.0,0.0,0,0.0,1
YBR179C,1,0.0,0.0,0.20443234635878665,6.767319914087157e-05,9.766214683824744e-05,24.0,1,1,3.0,3.0,2,1.0,0
YJL015C,3,0.0,0.00016958498320412664,0.2302954774607319,0.00014445499604736326,0.0004896561089460945,36.333333333333336,3,0,0.0,0.0,0,0.0,1
YLR164W,1,0.0,0.0,0.20443234635878665,6.767319914087157e-05,9.766214683824744e-05,24.0,1,0,0.0,0.0,0,0.0,0
YLR309C,5,0.2,0.0006201505069328727,0.2529680527448844,0.00017614816579218962,0.004285813061693716,91.8,5,0,0.0,0.0,0,0.0,0
YLR344W,1,0.0,0.0,0.20443234635878665,6.767319914087157e-05,9.766214683824744e-05,24.0,1,6,258.8333333333333,559.0,589,0.9439786101197695,0
YOR073W,2,0.0,0.00021557413110426748,0.20445212311668148,0.00015017198291574125,9.773906667301672e-05,12.5,1,1,55.0,55.0,54,1.0,0
YHR043C,1,0.0,0.0,0.22796047855216658,6.132933857152708e-05,0.00035651094778653387,68.0,1,0,0.0,0.0,0,0.0,0
YHR050W,2,0.0,0.00021557413110426748,0.17627270500497405,0.0001662759382787729,3.5409392429178903e-06,3.0,1,0,0.0,0.0,0,0.0,0
YKR089C,1,0.0,0.0,0.14903191570814023,0.00010372181794387187,9.934819036452349e-08,2.0,1,0,0.0,0.0,0,0.0,0
YLL018C,2,0.0,0.00021557413110426748,0.14410347720285943,0.00021361242551290178,4.4621647992847364e-08,2.0,1,0,0.0,0.0,0,0.0,1
YHR057C,4,0.0,0.000808810858533132,0.2589025599236967,0.00017753476808976388,0.0015117325364868632,91.25,4,0,0.0,0.0,0,0.0,0
YJR091C,286,0.0005643479327689854,0.13053704083620665,0.3254672513524504,0.012782634364586641,0.027627979194943426,4.898601398601398,10,0,0.0,0.0,0,0.0,0
YKR034W,6,0.06666666666666667,0.000526863208090935,0.22382013202617276,0.00028521657483862085,0.0002568595264875063,5.5,4,0,0.0,0.0,0,0.0,0
YOR270C,2,1.0,0.0,0.21727373256473081,9.551775048112141e-05,0.00022871032498390139,9.0,2,4,12.5,15.0,16,0.9083333333333333,0
YPL019C,2,0.0,4.844705610491972e-06,0.21712863786481088,0.0001120145304797232,0.00021966701310425902,8.0,2,1,4.0,4.0,3,1.0,0
YHR065C,1,0.0,0.0,0.16072869394304787,9.974064266844907e-05,3.0675099478716113e-07,2.0,1,3,78.33333333333333,131.0,130,1.0,1
YKR081C,1,0.0,0.0,0.17580348514387859,7.439494934454233e-05,2.8112614635835356e-06,21.0,1,0,0.0,0.0,0,0.0,1
YLR276C,2,0.0,0.00021557413110426748,0.17581811044941031,0.0001612319636285704,2.8134860412989996e-06,11.0,1,0,0.0,0.0,0,0.0,1
YHR068W,2,1.0,0.0,0.2299446846542418,0.00010479924322295389,0.0004815272748525317,76.0,2,0,0.0,0.0,0,0.0,1
YJL050W,1,0.0,0.0,0.16724076890536807,7.530286725133516e-05,1.3974102836178255e-06,5.0,1,3,3.3333333333333335,4.0,3,1.0,1
YHR070W,1,0.0,0.0,0.1928304376511986,6.337950450274275e-05,0.00013802405636207396,8.0,1,0,0.0,0.0,0,0.0,1
YHR071W,1,0.0,0.0,0.2254075935001212,6.07942191288813e-05,0.0013232905344029296,74.0,1,1,14.0,14.0,13,1.0,0
YHR073W,1,0.0,0.0,0.21123654139501613,6.544779818809076e-05,0.00028644019312928183,20.0,1,0,0.0,0.0,0,0.0,0
YHR075C,1,0.0,0.0,0.19335086196030707,6.908377925150496e-05,0.00012317752851096633,10.0,1,4,101.25,266.0,266,0.999177188253653,0
YKL073W,2,0.0,5.376364033870445e-06,0.19953940392363087,0.00011293155836976281,2.8859624705841584e-05,4.0,2,0,0.0,0.0,0,0.0,0
YNL092W,29,0.0049261083743842365,0.008513649152419374,0.2810774832633511,0.0012427436395844086,0.0030987028824167786,19.275862068965516,6,0,0.0,0.0,0,0.0,0
YHR091C,1,0.0,0.0,0.15474439660678282,0.00011910959296565227,1.7092975134514777e-07,2.0,1,0,0.0,0.0,0,0.0,0
YOL088C,2,0.0,0.00021556531452698622,0.1843207392863367,0.00019745298712999881,6.084941547579165e-06,1.5,1,0,0.0,0.0,0,0.0,0
YHR096C,1,0.0,0.0,0.18375182338452692,0.00010265545288907382,7.095157266001616e-06,3.0,1,0,0.0,0.0,0,0.0,0
YHR098C,3,0.0,5.072327830923661e-05,0.222465431227067,0.00014080276359699074,0.00014211277805155668,8.333333333333334,3,3,15.333333333333334,34.0,33,1.0,1
YJR048W,3,0.0,6.903883876298477e-05,0.2280711807756042,0.0001467618316439972,0.0007163263433513514,32.0,3,0,0.0,0.0,0,0.0,0
YHR102W,10,0.0,0.0010391920703809602,0.2326916153765083,0.0004201594048541966,0.0022966203833493645,6.4,4,1,3.0,3.0,2,1.0,1
YLR365W,1,0.0,0.0,0.18745978327631158,6.868871633549302e-05,6.437036276369839e-05,10.0,1,0,0.0,0.0,0,0.0,0
YOR257W,3,0.0,0.0002175205997805532,0.19366979121714883,0.0001746215610297448,0.00013671724494171487,5.333333333333333,2,4,30.0,59.0,89,0.5462206332992849,1
YHR106W,1,0.0,0.0,0.19335086196030707,6.908377925150496e-05,0.00012317752851096633,10.0,1,0,0.0,0.0,0,0.0,0
YOR156C,6,0.26666666666666666,0.00039733195989563857,0.24176875783986004,0.0001849752503782675,0.0056503019509059685,27.0,5,0,0.0,0.0,0,0.0,0
YHR109W,2,0.0,0.00021557413110426748,0.1945433420773357,0.00015815828801214393,8.61426307467043e-05,3.0,1,0,0.0,0.0,0,0.0,0
YDL037C,1,0.0,0.0,0.22978217957674762,6.772336745792069e-05,0.0007384675519379391,110.0,1,0,0.0,0.0,0,0.0,0
YDR319C,3,0.0,0.00043449795109790697,0.24517651933377452,0.00014043349407583922,0.000987883568649382,84.0,3,0,0.0,0.0,0,0.0,0
YER117W,1,0.0,0.0,0.22978217957674762,6.772336745792069e-05,0.0007384675519379391,110.0,1,6,258.8333333333333,559.0,589,0.9439786101197695,0
YFL012W,2,1.0,0.0,0.23363051035343096,0.00010072934477727097,0.0007841571366089158,58.0,2,0,0.0,0.0,0,0.0,0
YFR027W,1,0.0,0.0,0.22978217957674762,6.772336745792069e-05,0.0007384675519379391,110.0,1,0,0.0,0.0,0,0.0,1
YGL037C,3,0.3333333333333333,0.00031333821208404057,0.24747325487788482,0.0001313190740743696,0.0012616699260485464,96.66666666666667,3,0,0.0,0.0,0,0.0,0
YGL222C,2,0.0,0.00042063795266902566,0.25495163721058406,0.00010606340173665901,0.0015135764102346557,198.0,2,0,0.0,0.0,0,0.0,0
YGR031W,1,0.0,0.0,0.22978217957674762,6.772336745792069e-05,0.0007384675519379391,110.0,1,0,0.0,0.0,0,0.0,0
YGR110W,1,0.0,0.0,0.22978217957674762,6.772336745792069e-05,0.0007384675519379391,110.0,1,0,0.0,0.0,0,0.0,0
YGR215W,1,0.0,0.0,0.22978217957674762,6.772336745792069e-05,0.0007384675519379391,110.0,1,9,161.77777777777777,559.0,593,0.9319709675949136,0
YHR133C,2,1.0,0.0,0.23355305521683462,9.521188816673701e-05,0.0010533895678409458,66.0,2,0,0.0,0.0,0,0.0,0
YIR021W,1,0.0,0.0,0.22978217957674762,6.772336745792069e-05,0.0007384675519379391,110.0,1,4,40.25,131.0,131,0.9847328244274809,0
YJL012C,1,0.0,0.0,0.22978217957674762,6.772336745792069e-05,0.0007384675519379391,110.0,1,1,4.0,4.0,3,1.0,1
YJL180C,2,0.0,0.00015709244399040193,0.24307569114464736,0.00010708926807219502,0.0009542302798893797,117.5,2,0,0.0,0.0,0,0.0,0
YKL129C,15,0.24761904761904763,0.0006324536137851004,0.2584434847639421,0.00045296381757824194,0.012087134702165974,29.266666666666666,8,3,37.666666666666664,73.0,72,1.0,0
YKL157W,4,0.0,0.0005054163628850968,0.2469816053122749,0.00019073841689133528,0.0016039900947008886,42.75,3,0,0.0,0.0,0,0.0,0
YKL175W,1,0.0,0.0,0.22978217957674762,6.772336745792069e-05,0.0007384675519379391,110.0,1,0,0.0,0.0,0,0.0,0
YKR032W,1,0.0,0.0,0.22978217957674762,6.772336745792069e-05,0.0007384675519379391,110.0,1,0,0.0,0.0,0,0.0,0
YLL054C,1,0.0,0.0,0.22978217957674762,6.772336745792069e-05,0.0007384675519379391,110.0,1,0,0.0,0.0,0,0.0,0
YLR461W,2,0.0,0.00045091124074421213,0.22991966891396173,0.00013190698875603762,0.0007391750702495798,57.0,2,0,0.0,0.0,0,0.0,0
YML092C,14,0.03296703296703297,0.0018208799630442076,0.2645083350008932,0.000513094405286177,0.002866860448124534,25.5,6,7,21.142857142857142,46.0,48,0.9485815602836879,1
YML121W,9,0.05555555555555555,0.001353428962112136,0.24963638042252967,0.00043132322599392665,0.0010076671962448748,31.11111111111111,4,1,5.0,5.0,4,1.0,0
YML131W,1,0.0,0.0,0.22978217957674762,6.772336745792069e-05,0.0007384675519379391,110.0,1,0,0.0,0.0,0,0.0,0
YNR035C,2,0.0,2.8797667144231988e-05,0.23311511103652507,0.00010466339776758413,0.0008033055242517095,58.0,2,4,29.0,95.0,96,0.962280701754386,1
YOL002C,1,0.0,0.0,0.22978217957674762,6.772336745792069e-05,0.0007384675519379391,110.0,1,0,0.0,0.0,0,0.0,0
YOR059C,5,0.0,0.0010616913012482237,0.2302954774607319,0.0002922460440397712,0.0007612611401789068,24.4,2,0,0.0,0.0,0,0.0,0
YOR175C,1,0.0,0.0,0.22978217957674762,6.772336745792069e-05,0.0007384675519379391,110.0,1,2,452.5,559.0,558,1.0,0
YPL111W,6,0.2,0.0005297907935785073,0.2521381050652752,0.0002336408943282301,0.0016296695846306911,62.666666666666664,5,1,2.0,2.0,1,0.0,0
YPR094W,2,0.0,0.00021557413110426748,0.22980716540609322,0.00015029743610416447,0.0007390484286223236,55.5,1,5,145.6,559.0,558,1.0,1
YLR215C,5,0.0,0.001263860360532374,0.2517026852447016,0.000219587526242178,0.0023096074738155723,50.0,3,0,0.0,0.0,0,0.0,1
YOR215C,1,0.0,0.0,0.176530370586129,8.068130659756034e-05,1.3087186573725745e-05,5.0,1,0,0.0,0.0,0,0.0,0
YHR117W,1,0.0,0.0,0.18068837657907377,8.864887387449076e-05,4.370042776813019e-06,5.0,1,2,13.5,18.0,17,1.0,0
YHR123W,3,0.3333333333333333,5.0743390972905396e-05,0.20303790918024175,0.00016043316884913124,4.4444262248237425e-05,13.0,2,0,0.0,0.0,0,0.0,0
YHR128W,6,0.0,0.0004435981606899486,0.24685178959961881,0.000249803317016337,0.0007296874878528852,32.333333333333336,4,0,0.0,0.0,0,0.0,1
YNL005C,1,0.0,0.0,0.2015277578580277,8.192390376927905e-05,4.326033273140791e-05,3.0,1,7,202.14285714285714,559.0,589,0.9439786101197695,0
YHR132C,2,0.0,5.879513624746382e-06,0.22937069640298857,9.410589100001843e-05,0.001079821802672045,49.5,2,0,0.0,0.0,0,0.0,0
YMR152W,3,0.0,0.00027435427886629083,0.24230928647754374,0.00015299711859004047,0.00043351209174813333,85.66666666666667,2,0,0.0,0.0,0,0.0,0
YKL127W,3,0.0,3.846433052913695e-05,0.2419902211778939,0.00011555493117782622,0.0029861898418091256,62.0,3,0,0.0,0.0,0,0.0,0
YKR082W,5,0.0,0.0004917956101658705,0.24601846186568146,0.00016319693811434258,0.004810034171042168,43.2,5,3,32.0,59.0,59,0.9812974868497955,0
YHR143W-A,2,0.0,5.088537401596418e-06,0.19729477190600603,0.00011984146033432806,3.683453574664303e-05,5.0,2,11,38.90909090909091,195.0,213,0.8788200903534414,1
YHR147C,1,0.0,0.0,0.18015698547925466,7.784138379369197e-05,3.3304681675994906e-05,3.0,1,7,202.14285714285714,559.0,589,0.9439786101197695,0
YNL193W,1,0.0,0.0,0.1743387582311517,9.053880576607431e-05,1.4935229429511281e-05,2.0,1,0,0.0,0.0,0,0.0,0
YJL168C,38,0.10384068278805121,0.002175763281681569,0.28580993936806226,0.001005316815807563,0.04312398033976378,29.210526315789473,12,0,0.0,0.0,0,0.0,0
YLR016C,2,0.0,2.9036246743971658e-05,0.22889868912131878,0.00010094786739912493,0.0006578116842350128,50.0,2,1,3.0,3.0,2,1.0,0
YLR132C,1,0.0,0.0,0.21123654139501613,6.544779818809076e-05,0.00028644019312928183,20.0,1,0,0.0,0.0,0,0.0,1
YPR118W,2,0.0,4.484801066731477e-05,0.2362156696833728,0.00010481369880236508,0.0005022029210807224,72.5,2,0,0.0,0.0,0,0.0,0
YHR156C,4,0.0,0.00027397754532819515,0.2521832344916337,0.00018163573686869882,0.0011114154442197054,79.0,3,9,96.11111111111111,559.0,629,0.7997934239972456,0
YJR010W,2,0.0,1.2328174724789002e-05,0.2354524951712496,0.0001049566011367395,0.0004953158399486107,74.5,2,0,0.0,0.0,0,0.0,0
YHR163W,1,0.0,0.0,0.00021992522542335605,0.00021987686895338611,3.4130130264064307e-22,1.0,1,0,0.0,0.0,0,0.0,0
YDR287W,1,0.0,0.0,0.00021992522542335605,0.00021987686895338611,3.4130130264064307e-22,1.0,1,0,0.0,0.0,0,0.0,0
YKL173W,3,0.0,0.00024262840437580747,0.23143031062824532,0.00014540684939076288,0.0006378263416716742,24.666666666666668,2,6,127.66666666666667,559.0,558,1.0,1
YLR451W,2,0.0,1.611621216132627e-05,0.21407157221140913,8.915654240175274e-05,0.00024569228735337037,26.0,2,2,135.0,195.0,194,1.0,0
YER147C,1,0.0,0.0,0.1790125018344178,7.293749817817385e-05,5.211566902966021e-05,4.0,1,1,2.0,2.0,1,0.0,1
YHR169W,1,0.0,0.0,0.1594613948509553,0.00010351416933627438,8.985632331814576e-07,3.0,1,0,0.0,0.0,0,0.0,1
YKL075C,3,0.0,0.00043114826220853495,0.19105239528630774,0.000246225868691842,3.206048066914617e-05,3.0,1,0,0.0,0.0,0,0.0,0
YLR075W,2,0.0,0.00043114826220853495,0.18559135865265744,0.00016602536582615245,4.79393592364443e-05,3.0,1,6,258.8333333333333,559.0,589,0.9439786101197695,1
YHR174W,3,0.0,0.00022056605300729452,0.18718582849804138,0.00020615119416606545,1.4533882525479188e-05,2.3333333333333335,2,1,5.0,5.0,4,1.0,0
YIL091C,1,0.0,0.0,0.1567587595799686,9.206257734650974e-05,4.0814081808090213e-07,3.0,1,0,0.0,0.0,0,0.0,1
YJR007W,1,0.0,0.0,0.21230816180191237,6.30725742691686e-05,0.000982754127736673,22.0,1,7,174.28571428571428,559.0,592,0.9345646407829149,1
YNL252C,3,0.0,0.0002271842821546496,0.2175869038049147,0.00018891254320137213,0.0009903852128390505,8.333333333333334,2,7,202.14285714285714,559.0,589,0.9439786101197695,0
YOR171C,4,0.0,0.0009192236296232562,0.2151722252756197,0.00019621758408610137,0.0012573096427213614,9.25,3,0,0.0,0.0,0,0.0,0
YOR351C,3,0.3333333333333333,7.609605260422857e-05,0.2174637646403392,0.00014461795683290288,0.0009956221694496538,10.0,2,0,0.0,0.0,0,0.0,0
YHR180W,3,0.0,0.00017104279348527314,0.23830654526212283,0.00015626621429037517,0.0008635424960693258,39.333333333333336,2,0,0.0,0.0,0,0.0,0
YHR181W,8,0.0,0.0003980350147901246,0.23479853312489019,0.00029548389593857965,0.0029671404171310997,9.125,4,0,0.0,0.0,0,0.0,0
YMR282C,1,0.0,0.0,0.1888248020243142,6.445164299495666e-05,8.318860352704043e-05,8.0,1,3,97.66666666666667,266.0,265,1.0,0
YPL204W,4,0.0,0.00019630189649452674,0.22944540187353563,0.00016619791967997555,0.000815234496734762,13.25,3,4,17.75,55.0,61,0.7934426229508197,1
YHR186C,4,0.5,0.00014403948550718114,0.21578737968727144,0.0001608780932581231,0.00026793551875939684,14.25,4,2,4.5,5.0,4,1.0,1
YHR187W,3,0.0,0.0002814563078550066,0.2366653523692202,0.0001448474872947732,0.0015453128851634324,48.666666666666664,2,1,6.0,6.0,5,1.0,0
YJR015W,3,0.0,4.9965443727029526e-05,0.19813637056739666,0.0001793325740677125,4.754100377224072e-05,3.3333333333333335,2,0,0.0,0.0,0,0.0,0
YHR190W,3,0.0,0.00026936433267624844,0.23255079188568845,0.00014025359879041654,0.00042810295918113624,42.666666666666664,3,0,0.0,0.0,0,0.0,1
YLR032W,6,0.8,4.965859804415935e-07,0.2432155586232967,0.0001554974417464275,0.016509847594578676,61.333333333333336,6,0,0.0,0.0,0,0.0,0
YML062C,3,0.0,3.0569189875373554e-05,0.23064734220857105,0.00012489764218982124,0.000917950010982396,14.333333333333334,3,3,10.0,19.0,21,0.7857142857142857,0
YHR198C,2,0.0,1.0464031029709972e-05,0.22367800144542907,9.188653029007225e-05,0.00040887503592503536,40.5,2,0,0.0,0.0,0,0.0,0
YHR201C,1,0.0,0.0,0.00021992522542335605,0.00021987686895338611,3.4130130264064307e-22,1.0,1,0,0.0,0.0,0,0.0,0
YPR056W,1,0.0,0.0,0.00021992522542335605,0.00021987686895338611,3.4130130264064307e-22,1.0,1,9,52.22222222222222,195.0,266,0.7317349978720386,1
YPL258C,1,0.0,0.0,0.16093676489926412,0.00010958499342787393,4.799146582416345e-07,2.0,1,0,0.0,0.0,0,0.0,0
YHR209W,2,0.0,2.8498923134268297e-05,0.22989465861602704,0.00010332026409475364,0.00027764426431584456,68.5,2,0,0.0,0.0,0,0.0,0
YIL001W,1,0.0,0.0,0.161065548653518,8.146386053968746e-05,6.230232577033235e-07,6.0,1,0,0.0,0.0,0,0.0,0
YIL002C,3,0.3333333333333333,1.685533507627852e-05,0.2134122585738803,0.00012028203583597566,0.0004543757673185068,7.666666666666667,3,0,0.0,0.0,0,0.0,0
YOR109W,5,0.1,0.00018854390951050486,0.24417094294461747,0.00017300601687725753,0.0037243932311032016,66.8,4,0,0.0,0.0,0,0.0,0
YIL011W,1,0.0,0.0,0.00021992522542335605,0.00021987686895338611,3.4130130264064307e-22,1.0,1,0,0.0,0.0,0,0.0,0
YMR201C,1,0.0,0.0,0.00021992522542335605,0.00021987686895338611,3.4130130264064307e-22,1.0,1,4,61.75,195.0,194,1.0,0
YIL016W,1,0.0,0.0,0.00021992522542335605,0.00021987686895338611,3.4130130264064307e-22,1.0,1,0,0.0,0.0,0,0.0,0
YMR222C,1,0.0,0.0,0.00021992522542335605,0.00021987686895338611,3.4130130264064307e-22,1.0,1,0,0.0,0.0,0,0.0,0
YOL005C,1,0.0,0.0,0.17807731687370548,6.817533413546606e-05,6.1100508531301564e-06,8.0,1,6,57.166666666666664,195.0,208,0.9184318097361576,1
YNR017W,3,0.0,0.004516620945639819,0.18816913116299128,0.00020577676831866107,1.606940873371051e-05,3.3333333333333335,2,5,9.2,18.0,24,0.644927536231884,1
YIL023C,3,0.0,1.4149824074775266e-05,0.2134661478366887,0.00016175866195096056,6.414255134626889e-05,11.333333333333334,3,0,0.0,0.0,0,0.0,0
YMR104C,4,0.0,0.00017988615980948995,0.2475167297133146,0.00020108872016315706,0.0008226403161923495,74.0,3,0,0.0,0.0,0,0.0,0
YOR352W,1,0.0,0.0,0.1871278197854734,8.24836447494624e-05,2.2341457664330307e-05,4.0,1,0,0.0,0.0,0,0.0,0
YMR313C,2,0.0,0.00023480184963565817,0.2251554462959715,8.945301623517114e-05,0.0008561766956900675,29.0,2,0,0.0,0.0,0,0.0,0
YIL030C,1,0.0,0.0,0.00021992522542335605,0.00021987686895338611,3.4130130264064307e-22,1.0,1,2,31.5,58.0,57,1.0,0
YLR139C,1,0.0,0.0,0.00021992522542335605,0.00021987686895338611,3.4130130264064307e-22,1.0,1,0,0.0,0.0,0,0.0,0
YKL166C,2,1.0,0.0,0.20019149347893686,0.00010745973352121338,2.608067780670235e-05,6.5,2,1,4.0,4.0,3,1.0,1
YBR096W,1,0.0,0.0,0.21205253566017523,6.036962268851954e-05,0.0012651842864561688,31.0,1,0,0.0,0.0,0,0.0,0
YBR173C,3,0.3333333333333333,5.617795205923711e-06,0.22934580538872887,0.00010148887887482112,0.004906912549274523,33.333333333333336,3,2,25.5,36.0,35,1.0,0
YBR291C,1,0.0,0.0,0.21205253566017523,6.036962268851954e-05,0.0012651842864561688,31.0,1,0,0.0,0.0,0,0.0,0
YCL035C,1,0.0,0.0,0.21205253566017523,6.036962268851954e-05,0.0012651842864561688,31.0,1,0,0.0,0.0,0,0.0,0
YIL039W,4,0.0,0.00026546305165895523,0.24818526177642375,0.00015415188301189025,0.0033907042106879333,90.25,3,0,0.0,0.0,0,0.0,0
YDR453C,3,0.0,0.00023868438775766898,0.24013425709091427,0.00012723595554160947,0.0009040079169544798,59.333333333333336,3,0,0.0,0.0,0,0.0,0
YJR131W,3,0.0,3.3783503988576125e-05,0.22791131205188572,0.00012081469496622968,0.0004208094200322463,33.0,3,0,0.0,0.0,0,0.0,0
YNL103W,6,0.06666666666666667,0.000143991100547519,0.2338631843152746,0.00019654884860998738,0.0008361139603873448,10.5,5,6,47.333333333333336,195.0,194,1.0,1
YNL182C,4,0.0,0.0005516248245851486,0.25246942977626763,0.00015932614207804822,0.0016767474810119975,79.5,4,1,3.0,3.0,2,1.0,1
YIL047C,1,0.0,0.0,0.18888386778596267,6.512355015653938e-05,1.733116362211213e-05,13.0,1,0,0.0,0.0,0,0.0,0
YIL049W,2,0.0,0.00022130736583589512,0.22227824954324113,0.00012592591423299276,0.0005846645526021015,22.5,2,0,0.0,0.0,0,0.0,0
YIL050W,6,0.0,0.0003662651583595335,0.25064297873068503,0.00022839509876551264,0.001975488495419514,37.166666666666664,4,1,14.0,14.0,13,1.0,0
YIL053W,3,0.0,0.0001904923234653405,0.2280834876599543,0.0001649278913391704,0.0002285730462935213,44.0,2,0,0.0,0.0,0,0.0,0
YIL054W,1,0.0,0.0,0.22453350296490163,5.9254845249748115e-05,0.001242153771663252,22.0,1,0,0.0,0.0,0,0.0,0
YLR017W,1,0.0,0.0,0.20344836317454143,6.839881715131106e-05,6.441938051162298e-05,30.0,1,0,0.0,0.0,0,0.0,0
YLR213C,2,0.0,9.29621237848429e-05,0.2042841425409247,0.0001168811473479906,6.504240376932629e-05,18.0,2,0,0.0,0.0,0,0.0,0
YLR439W,1,0.0,0.0,0.20344836317454143,6.839881715131106e-05,6.441938051162298e-05,30.0,1,7,202.14285714285714,559.0,589,0.9439786101197695,0
YMR044W,1,0.0,0.0,0.20344836317454143,6.839881715131106e-05,6.441938051162298e-05,30.0,1,3,30.0,83.0,82,1.0,0
YOR346W,1,0.0,0.0,0.20344836317454143,6.839881715131106e-05,6.441938051162298e-05,30.0,1,1,3.0,3.0,2,1.0,0
YIL062C,2,1.0,0.0,0.19848993629087922,0.00011704100271969659,6.682582878423515e-05,4.5,2,4,29.0,95.0,96,0.962280701754386,1
YIL064W,1,0.0,0.0,0.1782951530482251,8.186165946092941e-05,1.9343023097750754e-05,3.0,1,0,0.0,0.0,0,0.0,0
YIL065C,2,0.0,9.879973942473959e-05,0.2465637982450139,0.00010440098143974625,0.0008107101759448438,147.5,2,0,0.0,0.0,0,0.0,0
YIL068C,3,0.3333333333333333,1.0850401821427534e-05,0.19649682456948878,0.00013395411671331023,0.00013254886943224014,6.666666666666667,2,2,7.5,8.0,7,1.0,1
YML054C,2,0.0,0.002361961053651518,0.15747124630483098,0.00018670760565391153,4.514235349751534e-07,2.5,1,2,35.0,56.0,55,1.0,0
YIL072W,2,1.0,0.0,0.1951811596469465,0.00010914865909343542,3.966779719541622e-05,4.5,2,2,4.5,5.0,4,1.0,0
YLR056W,5,0.0,0.0004051762862176861,0.2492389405810645,0.000213568081111085,0.0023235710169782426,21.4,3,0,0.0,0.0,0,0.0,0
YIL092W,4,0.0,0.00022671481657350024,0.20103891525870501,0.00022676504719880482,3.498116782861213e-05,4.75,3,0,0.0,0.0,0,0.0,0
YHR074W,1,0.0,0.0,0.16635875288547988,8.140366305346857e-05,9.812255260562899e-07,4.0,1,0,0.0,0.0,0,0.0,1
YNR040W,3,0.0,0.0002148151851411247,0.23354015102018194,0.0001514960006592905,0.00033056359450055976,49.0,3,0,0.0,0.0,0,0.0,0
YIL097W,2,0.0,1.5450527918961465e-05,0.1756208739120107,0.00011765271047691259,5.49500302500154e-06,8.0,2,1,8.0,8.0,7,1.0,0
YIL098C,1,0.0,0.0,0.16432154854854694,8.107906329420537e-05,1.4794152127085199e-06,4.0,1,0,0.0,0.0,0,0.0,0
YIL103W,1,0.0,0.0,0.1323535569048808,0.00011720323192137164,8.119852143499786e-09,2.0,1,0,0.0,0.0,0,0.0,0
YKL191W,2,0.0,0.00021557413110426748,0.15340773031300667,0.0001942663047886087,2.884363605755014e-07,2.0,1,0,0.0,0.0,0,0.0,0
YNL326C,2,0.0,7.3215151253995885e-06,0.16718784879812804,0.00014294034363103705,2.1991799342696583e-06,3.5,2,0,0.0,0.0,0,0.0,0
YMR068W,6,0.13333333333333333,0.0005610117155315884,0.24150629604126805,0.00021955396110078058,0.0005821031577109097,19.0,5,1,8.0,8.0,7,1.0,0
YPL059W,5,0.1,0.0002297728473111247,0.2193597588517449,0.00021010129581883484,0.00024851708507620006,8.8,3,0,0.0,0.0,0,0.0,0
YNL161W,2,0.0,2.3320788403278626e-05,0.1903554691877628,0.00011815141407731306,5.677191961225052e-05,7.0,2,1,2.0,2.0,1,0.0,1
YIL108W,3,0.0,5.8794618646379594e-05,0.20912543010658385,0.0001411116806851206,0.00010741492520772231,9.333333333333334,2,0,0.0,0.0,0,0.0,0
YOR032C,2,0.0,3.732228524936089e-05,0.217620511420186,9.91645194540612e-05,0.0005039251575060374,17.5,2,0,0.0,0.0,0,0.0,0
YIL111W,2,0.0,8.31534236673218e-05,0.23611011022870476,9.337553450549079e-05,0.00213174487568228,74.0,2,1,12.0,12.0,11,1.0,0
YLL019C,1,0.0,0.0,0.18683005628157148,8.892218420846531e-05,5.354505132190368e-05,2.0,1,0,0.0,0.0,0,0.0,0
YIL117C,2,0.0,0.00011551338646951366,0.23098766016253744,0.00010579376907488756,0.0005927007378810635,64.0,2,0,0.0,0.0,0,0.0,0
YHR087W,1,0.0,0.0,0.1973684718581562,6.378119249361063e-05,0.00013070410690164098,13.0,1,0,0.0,0.0,0,0.0,0
YIL130W,2,0.0,4.392254531153343e-05,0.2216720785249776,8.820183306053396e-05,0.0014553068066402988,20.0,2,0,0.0,0.0,0,0.0,0
YIL134W,1,0.0,0.0,0.1874680974548398,7.314623860032207e-05,1.2953636125490417e-05,5.0,1,0,0.0,0.0,0,0.0,0
YIL139C,1,0.0,0.0,0.19991690835332132,6.713182202315422e-05,0.00012358405716885723,16.0,1,4,22.75,56.0,56,0.964935064935065,0
YIL143C,2,0.0,9.898291520993691e-05,0.23481157676319497,0.00010336796938611786,0.0004169146527195711,75.0,2,12,44.0,195.0,266,0.7317349978720386,1
YPL260W,1,0.0,0.0,0.20714742432316946,5.850158599019926e-05,0.00020432512780010388,23.0,1,0,0.0,0.0,0,0.0,0
YIL153W,2,0.0,1.3017921193492827e-05,0.20765626103238874,9.916112880783542e-05,0.00030017401945064135,5.5,2,1,3.0,3.0,2,1.0,0
YOL044W,4,0.0,3.428777180862452e-05,0.21535859750926137,0.00016998665440447934,0.000322157187274874,8.5,3,0,0.0,0.0,0,0.0,0
YIL154C,4,0.16666666666666666,0.00010200197177244406,0.2504647542850363,0.00013926100612559445,0.004129514802147456,58.5,4,0,0.0,0.0,0,0.0,0
YIL158W,1,0.0,0.0,0.17575962382278984,8.167649452344048e-05,3.047319419486227e-05,3.0,1,0,0.0,0.0,0,0.0,0
YNR074C,3,0.0,0.00013563925813317538,0.22892348317343333,0.00015666753264095972,0.00022061062532894156,45.333333333333336,2,0,0.0,0.0,0,0.0,0
YIL173W,1,0.0,0.0,0.21614047828360977,6.736816126082018e-05,0.00014738250116209394,52.0,1,0,0.0,0.0,0,0.0,0
YMR057C,1,0.0,0.0,0.19284803327467256,6.739563907926242e-05,6.710176413118707e-05,5.0,1,0,0.0,0.0,0,0.0,0
YOL101C,2,0.0,6.7454933319682e-05,0.2446514553055665,0.00010391173197499718,0.000843187200016625,148.5,2,0,0.0,0.0,0,0.0,0
YOR105W,1,0.0,0.0,0.19427509276620272,6.557169769625887e-05,6.807834171990848e-05,11.0,1,0,0.0,0.0,0,0.0,0
YIR008C,5,0.1,0.0005084724982446742,0.24029807807358003,0.00022484713516168512,0.002145278728276754,39.6,3,5,20.4,56.0,59,0.8766803039158387,1
YKL045W,1,0.0,0.0,0.19236532077159574,7.102824564003246e-05,6.012857142037738e-05,5.0,1,5,20.4,56.0,59,0.8766803039158387,1
YNL036W,3,0.0,0.00010616586672270432,0.2242238180104118,0.00014572285372143167,0.00023795596293124552,12.666666666666666,3,0,0.0,0.0,0,0.0,1
YOR011W,1,0.0,0.0,0.21044775669973975,6.400206877184353e-05,0.00020115192476813045,25.0,1,0,0.0,0.0,0,0.0,0
YIR011C,2,0.0,0.000183620885143409,0.22959495889811368,0.00011640828982333222,0.0004663494921031477,74.5,2,0,0.0,0.0,0,0.0,1
YIR012W,2,0.0,0.00021557413110426748,0.15565043428024278,0.00020481487148898918,1.34443403450292e-06,1.5,1,3,356.0,559.0,558,1.0,1
YIR022W,3,0.0,4.90874379525097e-05,0.21508463226716226,0.00015676010549413988,6.60864584854831e-05,4.666666666666667,3,3,12.0,29.0,29,0.9359605911330049,1
YJR010C-A,3,0.0,0.0004282381478936403,0.2525448523220573,0.00015109109823070483,0.0016115279032785418,127.33333333333333,3,3,12.0,29.0,29,0.9359605911330049,0
YIR025W,5,0.3,0.00020696486328291007,0.24620475263946137,0.00016748537078651256,0.0009791099424532777,67.8,5,3,29.666666666666668,58.0,57,1.0,0
YIR033W,2,0.0,6.922028700947684e-05,0.2303582316918782,0.0001023131416280992,0.003368447416747207,46.5,2,0,0.0,0.0,0,0.0,0
YKL020C,2,0.0,6.655179418808685e-07,0.19952998457865714,0.00011223076157579581,0.0002983490259833292,5.0,2,0,0.0,0.0,0,0.0,0
YIR037W,2,0.0,2.3858739389619983e-05,0.23131632426609058,9.559094076435365e-05,0.0005725774249055189,69.5,2,0,0.0,0.0,0,0.0,0
YLL060C,1,0.0,0.0,0.19587762145207252,7.263536299964324e-05,1.8537984895678507e-05,23.0,1,0,0.0,0.0,0,0.0,0
YJL006C,3,0.3333333333333333,8.113433045669788e-05,0.2281450420097303,0.00013361614932333593,0.001468577901479277,29.0,3,3,74.33333333333333,195.0,214,0.8490632267122987,0
YJL010C,1,0.0,0.0,0.1618859897860694,0.00010055009099457643,2.4144085630304957e-06,2.0,1,4,148.5,559.0,558,1.0,1
YJL011C,3,0.0,2.4148047597762693e-05,0.17232024107441285,0.00017313691069859363,1.1718983065006214e-06,3.6666666666666665,2,2,17.5,18.0,17,1.0,1
YDR045C,2,0.0,1.4235569578497106e-05,0.16734008445759027,0.0001125533872036571,1.8654607852170896e-06,6.5,2,2,17.5,18.0,17,1.0,1
YNL151C,4,0.16666666666666666,0.00031733642894024274,0.19772854906274376,0.00022987475742615432,2.300682557502731e-05,3.25,2,4,60.75,195.0,199,0.9538094512968884,1
YJL019W,5,0.0,0.00024073834959944878,0.22638547444241192,0.00021056887989352307,0.0025771539047299884,9.6,3,0,0.0,0.0,0,0.0,1
YDL129W,2,0.0,0.00013200767475502403,0.22101140880074632,9.777458378311201e-05,0.001608184110716247,27.5,2,0,0.0,0.0,0,0.0,0
YOR081C,1,0.0,0.0,0.21641714163710374,5.598909227157788e-05,0.0015782379835013994,37.0,1,0,0.0,0.0,0,0.0,0
YPR176C,1,0.0,0.0,0.1654924706673299,9.85607469021469e-05,1.1708553166731119e-06,2.0,1,3,3.6666666666666665,6.0,5,1.0,1
YJL048C,3,0.0,9.395988991848951e-05,0.22718856185510738,0.00013952422377678885,0.0003265371943527466,20.0,3,0,0.0,0.0,0,0.0,0
YJL057C,3,0.3333333333333333,3.608739013012604e-05,0.2217185896618901,0.00013431025051589008,9.143022797720039e-05,12.666666666666666,3,0,0.0,0.0,0,0.0,0
YBL104C,2,0.0,1.2628843265461924e-05,0.20633845219986685,0.00011126108482369844,0.0001525629987550216,11.5,2,0,0.0,0.0,0,0.0,0
YBR076W,3,0.0,0.000269172103766254,0.2567480528041227,0.00012560075603081165,0.002500798017161253,139.33333333333334,3,0,0.0,0.0,0,0.0,0
YGL147C,2,0.0,4.285893847647505e-06,0.21886000068939435,9.042909163386125e-05,0.00030482821936652895,15.0,2,6,258.8333333333333,559.0,589,0.9439786101197695,0
YPL080C,1,0.0,0.0,0.20496766527564123,6.25285148738074e-05,0.0001487007981384431,21.0,1,0,0.0,0.0,0,0.0,0
YJL063C,1,0.0,0.0,0.00021992522542335605,0.00021987686895338611,3.4130130264064307e-22,1.0,1,7,202.14285714285714,559.0,589,0.9439786101197695,0
YHL024W,1,0.0,0.0,0.00021992522542335605,0.00021987686895338611,3.4130130264064307e-22,1.0,1,0,0.0,0.0,0,0.0,0
YJL143W,3,0.0,0.0005439573725379847,0.1890866598064898,0.00017429348087703554,9.078379458977785e-05,3.6666666666666665,2,5,9.2,18.0,24,0.644927536231884,1
YNR029C,2,0.0,2.2985366491330367e-05,0.19427509276620272,0.00011959656829253,0.00010989234532933523,3.5,2,0,0.0,0.0,0,0.0,0
YJL070C,7,0.0,0.0008692137216179206,0.19132047224524842,0.0005076697494755912,1.2462751495520784e-05,2.0,2,0,0.0,0.0,0,0.0,0
YDR250C,1,0.0,0.0,0.15964810369067356,9.653500031479772e-05,3.4964795005754936e-07,7.0,1,0,0.0,0.0,0,0.0,0
YDR374C,1,0.0,0.0,0.15964810369067356,9.653500031479772e-05,3.4964795005754936e-07,7.0,1,0,0.0,0.0,0,0.0,0
YDR504C,1,0.0,0.0,0.15964810369067356,9.653500031479772e-05,3.4964795005754936e-07,7.0,1,0,0.0,0.0,0,0.0,0
YGL259W,2,0.0,0.00041890382148380506,0.22126593693735397,0.00013355395631980428,9.035739809260336e-05,24.0,2,0,0.0,0.0,0,0.0,0
YJL072C,2,0.0,0.00011144787256092921,0.2236898387655733,0.00011790104427141415,0.00016654339532058143,55.0,2,3,27.0,56.0,56,0.9766233766233766,1
YJL078C,3,0.0,0.00033762380397880725,0.23124039571717672,0.0001860662887076677,0.00026095460070372616,43.333333333333336,2,0,0.0,0.0,0,0.0,0
YJL081C,1,0.0,0.0,0.2029891559004117,6.408518033273843e-05,0.000313790534740038,9.0,1,6,43.833333333333336,133.0,211,0.570029338749718,1
YKL108W,1,0.0,0.0,0.1715439607676247,7.91908700780695e-05,1.5823586088667295e-06,5.0,1,2,11.5,21.0,20,1.0,1
YNL262W,2,0.0,8.040239256918506e-06,0.18332147258161394,0.00011252201159312679,2.9377015714793067e-05,5.0,2,6,19.666666666666668,56.0,56,0.9662337662337662,1
YJL091C,2,0.0,1.9952457562266825e-05,0.23078586914082846,0.00011552333255176266,0.0002607281653152828,66.0,2,0,0.0,0.0,0,0.0,1
YOL075C,3,0.0,0.00022371074342746112,0.20746260887966395,0.0001782241829759065,5.942835814802412e-05,4.666666666666667,2,0,0.0,0.0,0,0.0,0
YJL102W,1,0.0,0.0,0.00021992522542335605,0.00021987686895338611,3.4130130264064307e-22,1.0,1,0,0.0,0.0,0,0.0,0
YIR013C,1,0.0,0.0,0.00021992522542335605,0.00021987686895338611,3.4130130264064307e-22,1.0,1,0,0.0,0.0,0,0.0,0
YJL112W,1,0.0,0.0,0.19934178425364427,6.117001831269163e-05,0.0006420465148175519,6.0,1,0,0.0,0.0,0,0.0,0
YAL019W,3,0.0,9.647249518453749e-05,0.24315959232090395,0.00011358679095764153,0.0034298061540027915,108.0,3,0,0.0,0.0,0,0.0,0
YBR214W,1,0.0,0.0,0.2221964565691149,6.392152279962926e-05,0.00043581789663646724,46.0,1,0,0.0,0.0,0,0.0,0
YIL042C,1,0.0,0.0,0.2221964565691149,6.392152279962926e-05,0.00043581789663646724,46.0,1,1,7.0,7.0,6,1.0,0
YLR003C,2,0.0,0.00012927180075306566,0.2384813356643124,0.0001009262328070188,0.00114302954445964,67.0,2,0,0.0,0.0,0,0.0,0
YMR250W,1,0.0,0.0,0.2221964565691149,6.392152279962926e-05,0.00043581789663646724,46.0,1,0,0.0,0.0,0,0.0,0
YNL032W,5,0.1,0.0023888739030807488,0.25318018528387376,0.00025785293069405956,0.0012299921765898721,68.2,3,1,6.0,6.0,5,1.0,0
YNL163C,1,0.0,0.0,0.2221964565691149,6.392152279962926e-05,0.00043581789663646724,46.0,1,0,0.0,0.0,0,0.0,1
YNL062C,3,0.0,0.0003161949130908255,0.22225487397803517,0.00016654765188505463,0.000153294285139294,37.666666666666664,2,4,75.5,266.0,266,0.9924812030075187,1
YJL131C,1,0.0,0.0,0.21241485468185703,5.4764886852059935e-05,0.0009384125825171643,34.0,1,0,0.0,0.0,0,0.0,0
YJL134W,1,0.0,0.0,0.1604175943418829,9.485911079502887e-05,8.838893688330692e-07,6.0,1,0,0.0,0.0,0,0.0,0
YMR212C,2,0.0,9.493757726146503e-05,0.22564825930569468,0.00010383209406001555,0.0013247786499351365,38.5,2,0,0.0,0.0,0,0.0,1
YJL141C,2,0.0,9.961700301845534e-05,0.208013936678852,0.0001152336871508363,5.006570804873175e-05,7.0,2,0,0.0,0.0,0,0.0,0
YJL156C,1,0.0,0.0,0.11667982093839432,0.00013565389949784652,5.177030108026527e-10,2.0,1,0,0.0,0.0,0,0.0,1
YJL164C,2,1.0,0.0,0.20019149347893686,0.00010745973352121338,2.608067780670235e-05,6.5,2,2,3.5,4.0,3,1.0,1
YPR014C,2,0.0,6.90608273362018e-06,0.22430711066197587,8.960097905651705e-05,0.001332401878372267,27.0,2,0,0.0,0.0,0,0.0,0
YJR011C,3,0.0,1.7697172748231484e-05,0.2309245625718025,0.00012482493283268365,0.0003346643034626898,16.666666666666668,3,0,0.0,0.0,0,0.0,0
YOR380W,4,0.0,9.590931163941458e-05,0.23135430724216052,0.00016106307106443767,0.0005157311174684799,28.25,3,0,0.0,0.0,0,0.0,0
YJL184W,3,0.0,0.00015108986571353705,0.23140497061832216,0.00014188283337658776,0.002579103207046812,19.666666666666668,2,1,5.0,5.0,4,1.0,1
YCR098C,2,0.0,2.3355683106145447e-05,0.22666469290617078,0.00010830362808621566,0.0009068563911072691,48.0,2,0,0.0,0.0,0,0.0,0
YLR198C,2,0.0,0.00015072766652608004,0.22185824025374096,0.00011850662646568601,9.782101788832885e-05,7.0,2,0,0.0,0.0,0,0.0,1
YJL200C,1,0.0,0.0,0.161065548653518,8.146386053968746e-05,6.230232577033235e-07,6.0,1,0,0.0,0.0,0,0.0,0
YJL202C,1,0.0,0.0,0.16280257263468292,9.166863797613587e-05,1.0114176967145333e-06,4.0,1,0,0.0,0.0,0,0.0,1
YKR090W,2,0.0,4.866036064546112e-05,0.22056163605271722,9.92625554195306e-05,0.0011519231293749546,24.0,2,0,0.0,0.0,0,0.0,0
YMR285C,1,0.0,0.0,0.20051438298454805,6.55497174399103e-05,4.419372172548028e-05,16.0,1,0,0.0,0.0,0,0.0,0
YOL136C,1,0.0,0.0,0.20051438298454805,6.55497174399103e-05,4.419372172548028e-05,16.0,1,0,0.0,0.0,0,0.0,0
YKL222C,1,0.0,0.0,0.18815237895901504,7.332559615566168e-05,4.015643859130657e-05,4.0,1,2,452.5,559.0,558,1.0,0
YJL212C,1,0.0,0.0,0.1907936802976561,7.872662271691788e-05,1.5087006028974205e-05,4.0,1,0,0.0,0.0,0,0.0,0
YJR004C,1,0.0,0.0,0.13401956921000263,0.00012165774155307053,3.769391655708523e-08,2.0,1,0,0.0,0.0,0,0.0,0
YJR008W,1,0.0,0.0,0.2277762134673855,5.433858322004876e-05,0.002229701825271291,35.0,1,0,0.0,0.0,0,0.0,0
YJR009C,3,0.0,0.00038046518406826234,0.24260134266855726,0.00017659216370418106,0.0006804368800202326,90.33333333333333,2,0,0.0,0.0,0,0.0,0
YML053C,1,0.0,0.0,0.1938385395448167,8.263849952766156e-05,1.9077987324309234e-05,3.0,1,0,0.0,0.0,0,0.0,0
YDR127W,1,0.0,0.0,0.21614047828360977,6.736816126082018e-05,0.00014738250116209394,52.0,1,0,0.0,0.0,0,0.0,0
YDR135C,1,0.0,0.0,0.21614047828360977,6.736816126082018e-05,0.00014738250116209394,52.0,1,0,0.0,0.0,0,0.0,0
YKR021W,3,0.0,0.0005907760699984162,0.2181033639481049,0.0001774034476231398,0.00014948844757220708,19.0,2,0,0.0,0.0,0,0.0,0
YKR104W,2,0.0,3.220804185860972e-05,0.2174413906741228,0.00011416133135558893,0.0001491638176091458,27.5,2,0,0.0,0.0,0,0.0,0
YLL015W,1,0.0,0.0,0.21614047828360977,6.736816126082018e-05,0.00014738250116209394,52.0,1,0,0.0,0.0,0,0.0,0
YLR133W,2,0.0,0.00021556531452698622,0.216162585318312,0.00014970499490431658,0.00014749865656374709,26.5,1,0,0.0,0.0,0,0.0,0
YLR430W,2,0.0,4.814268153788588e-05,0.22132386602336754,0.00010151845294096648,0.00027096655833095117,34.0,2,0,0.0,0.0,0,0.0,1
YNL050C,1,0.0,0.0,0.21614047828360977,6.736816126082018e-05,0.00014738250116209394,52.0,1,0,0.0,0.0,0,0.0,0
YNL242W,1,0.0,0.0,0.21614047828360977,6.736816126082018e-05,0.00014738250116209394,52.0,1,0,0.0,0.0,0,0.0,0
YNR050C,3,0.0,0.0005147942346839169,0.23333387763258476,0.00017265743616696122,0.0005191624427595459,44.333333333333336,2,0,0.0,0.0,0,0.0,0
YOL031C,2,0.0,0.0021472773968526583,0.216162585318312,0.00014970499490431658,0.00014749865656374709,26.5,1,0,0.0,0.0,0,0.0,0
YOL140W,1,0.0,0.0,0.21614047828360977,6.736816126082018e-05,0.00014738250116209394,52.0,1,0,0.0,0.0,0,0.0,0
YJR025C,2,0.0,0.00016499167522906883,0.23014500671426946,0.00012179182365213068,0.0007120233310333517,45.5,2,0,0.0,0.0,0,0.0,0
YJR030C,2,0.0,0.0,0.0005026862295390996,0.00026519799501406913,5.405492701392529e-20,1.5,1,0,0.0,0.0,0,0.0,0
YJL158C,2,0.0,0.0,0.0005864672677956161,0.00026800341219789225,6.241725159541068e-20,2.0,1,0,0.0,0.0,0,0.0,0
YJR034W,2,0.0,4.0940433626129725e-05,0.2167389597638331,9.064341559778834e-05,0.0004976865501180209,24.5,2,0,0.0,0.0,0,0.0,0
YJR055W,5,0.0,0.0005153068192248417,0.23073547646237638,0.0002307135782353542,0.0014576973982465922,31.2,2,0,0.0,0.0,0,0.0,0
YJR057W,29,0.022167487684729065,0.005821723026185141,0.2698444326681737,0.0009589152397665161,0.01229974259801783,12.96551724137931,10,0,0.0,0.0,0,0.0,1
YDR458C,1,0.0,0.0,0.21084666999123425,6.112779351841406e-05,0.0003447714193490124,29.0,1,0,0.0,0.0,0,0.0,0
YKL098W,2,0.0,6.848485642282495e-05,0.21101508628197657,0.00011537133788729723,0.00034628225070830205,16.0,2,0,0.0,0.0,0,0.0,0
YKL114C,2,0.0,2.8843894702205482e-05,0.22327627665280614,9.484063149803435e-05,0.0014525008269984866,30.5,2,0,0.0,0.0,0,0.0,0
YNL241C,2,0.0,0.00013801324430331996,0.2466933111540955,9.946782779715239e-05,0.0011198802776457289,157.5,2,0,0.0,0.0,0,0.0,1
YNL299W,4,0.0,0.0005143452420056578,0.24910674170876196,0.00014337517242802854,0.004242140926431804,68.0,4,0,0.0,0.0,0,0.0,0
YJR058C,2,0.0,9.758971636685854e-05,0.2438328926053806,0.00011905483271953959,0.0007764396535715175,144.5,2,5,33.6,95.0,104,0.8676250933532487,0
YKL049C,2,0.0,5.838319703247422e-07,0.22021690076660794,8.005724756498256e-05,0.0021188384651779743,19.5,2,5,20.8,55.0,64,0.7321428571428571,1
YNL232W,1,0.0,0.0,0.2055357740488341,5.92222108071273e-05,0.0002031148209538249,16.0,1,3,12.0,14.0,13,1.0,1
YAR047C,1,0.0,0.0,0.19408775798118622,7.476702185454205e-05,2.994612721484768e-05,18.0,1,0,0.0,0.0,0,0.0,0
YBR220C,1,0.0,0.0,0.19408775798118622,7.476702185454205e-05,2.994612721484768e-05,18.0,1,0,0.0,0.0,0,0.0,0
YDR178W,1,0.0,0.0,0.19408775798118622,7.476702185454205e-05,2.994612721484768e-05,18.0,1,2,30.0,56.0,55,1.0,0
YDR196C,1,0.0,0.0,0.19408775798118622,7.476702185454205e-05,2.994612721484768e-05,18.0,1,0,0.0,0.0,0,0.0,1
YLR406C,1,0.0,0.0,0.13634978042949267,0.0001203661435718111,4.6404827341993786e-08,2.0,1,6,258.8333333333333,559.0,589,0.9439786101197695,0
YGL107C,1,0.0,0.0,0.2067623731015151,6.60848403109753e-05,0.00015145196528220528,13.0,1,0,0.0,0.0,0,0.0,0
YMR269W,2,0.0,1.978043727335737e-05,0.2170060167016261,0.0001020021506244471,0.0001919817519056211,15.0,2,2,452.5,559.0,558,1.0,0
YJR072C,3,0.0,0.0002221559004265332,0.201970718334971,0.0001744145328525851,0.000170528665907657,3.3333333333333335,2,0,0.0,0.0,0,0.0,1
YOR262W,1,0.0,0.0,0.1669962938372357,8.265477238172093e-05,4.7798988867991436e-06,3.0,1,0,0.0,0.0,0,0.0,1
YJR074W,2,0.0,7.996066941474179e-05,0.20636867460766883,0.00011805284379080323,4.5226815293767614e-05,7.0,2,0,0.0,0.0,0,0.0,0
YOR185C,2,0.0,4.227911568142901e-06,0.18447358239053258,0.0001249065090569363,3.6516249704907624e-05,3.0,2,0,0.0,0.0,0,0.0,0
YBR181C,1,0.0,0.0,0.2265553515203019,5.657078044634856e-05,0.00175213017836947,52.0,1,8,204.625,559.0,589,0.9439786101197695,0
YJR084W,2,0.0,4.9362555524128474e-06,0.2367714089913888,7.849081027342463e-05,0.004322311644992836,52.0,2,3,8.0,16.0,19,0.672514619883041,0
YLR061W,1,0.0,0.0,0.2265553515203019,5.657078044634856e-05,0.00175213017836947,52.0,1,6,258.8333333333333,559.0,589,0.9439786101197695,0
YLR295C,125,0.0009032258064516129,0.03499017768764443,0.2975392927857436,0.005731024542221816,0.007693943813440856,5.584,7,4,26.5,56.0,57,0.9523809523809523,0
YPL172C,2,0.0,1.1133223300023883e-05,0.23397969517377654,9.362836141932294e-05,0.0018494290657463978,29.5,2,0,0.0,0.0,0,0.0,0
YOR084W,1,0.0,0.0,0.19015850248849525,5.8250318112576956e-05,0.00013033516694063743,11.0,1,0,0.0,0.0,0,0.0,0
YBR120C,3,0.3333333333333333,0.00019986430886438452,0.24831648415663687,0.00011458106595587254,0.009517632640172873,80.66666666666667,3,6,75.33333333333333,266.0,389,0.7843929716693611,0
YJR001W,1,0.0,0.0,0.1907764575426193,7.107526308911104e-05,3.006705910587394e-05,16.0,1,0,0.0,0.0,0,0.0,0
YPR096C,3,0.0,0.00044357820613249863,0.24484986348341964,0.00015795438312074268,0.0008060371237903765,101.66666666666667,2,2,452.5,559.0,558,1.0,0
YAL012W,2,0.0,0.00021557413110426748,0.24336959887806728,0.0001561913690324795,0.0007757209132410051,143.5,1,0,0.0,0.0,0,0.0,1
YAL066W,1,0.0,0.0,0.24334157704745382,7.132156462174625e-05,0.0007751088582967165,286.0,1,0,0.0,0.0,0,0.0,0
YAR002C-A,1,0.0,0.0,0.24334157704745382,7.132156462174625e-05,0.0007751088582967165,286.0,1,4,33.75,95.0,94,1.0,0
YBR161W,1,0.0,0.0,0.24334157704745382,7.132156462174625e-05,0.0007751088582967165,286.0,1,1,2.0,2.0,1,0.0,0
YBR271W,2,0.0,4.010938117458365e-05,0.24473644799457317,0.00012253543746027913,0.0007861416261933221,144.0,2,0,0.0,0.0,0,0.0,0
YBR293W,1,0.0,0.0,0.24334157704745382,7.132156462174625e-05,0.0007751088582967165,286.0,1,0,0.0,0.0,0,0.0,0
YCL005W,1,0.0,0.0,0.24334157704745382,7.132156462174625e-05,0.0007751088582967165,286.0,1,0,0.0,0.0,0,0.0,0
YCL045C,1,0.0,0.0,0.24334157704745382,7.132156462174625e-05,0.0007751088582967165,286.0,1,0,0.0,0.0,0,0.0,0
YCL050C,1,0.0,0.0,0.24334157704745382,7.132156462174625e-05,0.0007751088582967165,286.0,1,0,0.0,0.0,0,0.0,0
YDL075W,1,0.0,0.0,0.24334157704745382,7.132156462174625e-05,0.0007751088582967165,286.0,1,6,258.8333333333333,559.0,589,0.9439786101197695,0
YDL125C,1,0.0,0.0,0.24334157704745382,7.132156462174625e-05,0.0007751088582967165,286.0,1,0,0.0,0.0,0,0.0,0
YDR010C,1,0.0,0.0,0.24334157704745382,7.132156462174625e-05,0.0007751088582967165,286.0,1,0,0.0,0.0,0,0.0,0
YDR031W,1,0.0,0.0,0.24334157704745382,7.132156462174625e-05,0.0007751088582967165,286.0,1,0,0.0,0.0,0,0.0,0
YDR134C,2,0.0,3.1491586730102566e-05,0.24523341803865592,0.00011620662562509886,0.0007835035511719384,144.5,2,0,0.0,0.0,0,0.0,0
YDR175C,1,0.0,0.0,0.24334157704745382,7.132156462174625e-05,0.0007751088582967165,286.0,1,9,161.77777777777777,559.0,593,0.9319709675949136,0
YDR361C,1,0.0,0.0,0.24334157704745382,7.132156462174625e-05,0.0007751088582967165,286.0,1,0,0.0,0.0,0,0.0,1
YDR500C,1,0.0,0.0,0.24334157704745382,7.132156462174625e-05,0.0007751088582967165,286.0,1,6,258.8333333333333,559.0,589,0.9439786101197695,0
YDR526C,1,0.0,0.0,0.24334157704745382,7.132156462174625e-05,0.0007751088582967165,286.0,1,0,0.0,0.0,0,0.0,1
YDR527W,3,0.0,0.00034894704924895057,0.24769078191117921,0.00014543221216277452,0.0008900232204113242,101.0,3,0,0.0,0.0,0,0.0,1
YDR533C,3,0.0,0.0007284618750896764,0.2584434847639421,0.00013507923317645032,0.0013963567728089339,145.0,3,0,0.0,0.0,0,0.0,0
YEL008W,1,0.0,0.0,0.24334157704745382,7.132156462174625e-05,0.0007751088582967165,286.0,1,0,0.0,0.0,0,0.0,0
YER058W,1,0.0,0.0,0.24334157704745382,7.132156462174625e-05,0.0007751088582967165,286.0,1,0,0.0,0.0,0,0.0,0
YGL069C,1,0.0,0.0,0.24334157704745382,7.132156462174625e-05,0.0007751088582967165,286.0,1,0,0.0,0.0,0,0.0,1
YGL119W,1,0.0,0.0,0.24334157704745382,7.132156462174625e-05,0.0007751088582967165,286.0,1,0,0.0,0.0,0,0.0,0
YGR042W,1,0.0,0.0,0.24334157704745382,7.132156462174625e-05,0.0007751088582967165,286.0,1,0,0.0,0.0,0,0.0,0
YHL033C,1,0.0,0.0,0.24334157704745382,7.132156462174625e-05,0.0007751088582967165,286.0,1,6,258.8333333333333,559.0,589,0.9439786101197695,0
YHR049W,1,0.0,0.0,0.24334157704745382,7.132156462174625e-05,0.0007751088582967165,286.0,1,0,0.0,0.0,0,0.0,0
YHR079C-A,2,0.0,0.00044705578127116194,0.25263541888197194,0.0001117553586107186,0.0009263357184817183,194.5,2,1,2.0,2.0,1,0.0,0
YIL076W,5,0.2,0.0013685380620731397,0.27345818679655,0.00018508494027229873,0.005561848204340575,160.0,5,6,30.166666666666668,95.0,107,0.8236642567448422,0
YIL096C,1,0.0,0.0,0.24334157704745382,7.132156462174625e-05,0.0007751088582967165,286.0,1,0,0.0,0.0,0,0.0,0
YIL137C,1,0.0,0.0,0.24334157704745382,7.132156462174625e-05,0.0007751088582967165,286.0,1,2,452.5,559.0,558,1.0,1
YJL106W,2,0.0,0.00027953350943557136,0.25230365864706455,0.00010637524567312054,0.0016096728588840786,189.5,2,2,18.0,19.0,28,0.8518518518518519,0
YJL192C,1,0.0,0.0,0.24334157704745382,7.132156462174625e-05,0.0007751088582967165,286.0,1,0,0.0,0.0,0,0.0,0
YJR119C,2,0.0,0.00073209830201277,0.24359400606928727,0.00012654417925907124,0.0007773962538087215,145.5,2,0,0.0,0.0,0,0.0,0
YJR123W,1,0.0,0.0,0.24334157704745382,7.132156462174625e-05,0.0007751088582967165,286.0,1,7,227.28571428571428,559.0,589,0.9439786101197695,1
YKL111C,1,0.0,0.0,0.24334157704745382,7.132156462174625e-05,0.0007751088582967165,286.0,1,0,0.0,0.0,0,0.0,1
YKL117W,2,0.0,4.4817142765689923e-05,0.24466561665398662,0.00010271456354739715,0.000801893300767038,148.0,2,0,0.0,0.0,0,0.0,0
YKL138C,1,0.0,0.0,0.24334157704745382,7.132156462174625e-05,0.0007751088582967165,286.0,1,7,202.14285714285714,559.0,589,0.9439786101197695,0
YKL146W,2,0.0,0.0003960164598655029,0.24855011133213412,0.00010503440260136652,0.0018828382659461908,159.0,2,0,0.0,0.0,0,0.0,0
YKL160W,3,0.0,0.00016709092181269486,0.25576928435884505,0.00013744071458537374,0.002359596406803246,133.33333333333334,3,0,0.0,0.0,0,0.0,0
YKR087C,1,0.0,0.0,0.24334157704745382,7.132156462174625e-05,0.0007751088582967165,286.0,1,0,0.0,0.0,0,0.0,0
YLL030C,2,0.0,0.00010161020557906993,0.2440581553966322,0.00010855249554329256,0.0007791976677502697,145.5,2,0,0.0,0.0,0,0.0,0
YLL042C,2,0.0,5.8374463871765896e-05,0.24732844899439863,0.00010777358157637519,0.0007968673503917008,148.5,2,0,0.0,0.0,0,0.0,0
YLR037C,3,0.0,0.0006736031810840235,0.24760372522490026,0.00018343714468473923,0.0008006446254987284,102.0,2,0,0.0,0.0,0,0.0,0
YLR059C,4,0.16666666666666666,0.0011158644403580877,0.24517651933377452,0.00022686284192428423,0.0008202788339132735,73.75,3,0,0.0,0.0,0,0.0,1
YLR066W,1,0.0,0.0,0.24334157704745382,7.132156462174625e-05,0.0007751088582967165,286.0,1,1,4.0,4.0,3,1.0,1
YLR068W,2,0.0,0.000335017996431729,0.24395955173232559,0.00012326843982866042,0.0007766105946238072,145.0,2,0,0.0,0.0,0,0.0,0
YLR092W,1,0.0,0.0,0.24334157704745382,7.132156462174625e-05,0.0007751088582967165,286.0,1,0,0.0,0.0,0,0.0,0
YLR104W,2,0.0,0.00032278704442477115,0.2545677664005223,0.00010832627462913579,0.0014823205061198891,187.0,2,0,0.0,0.0,0,0.0,0
YLR118C,1,0.0,0.0,0.24334157704745382,7.132156462174625e-05,0.0007751088582967165,286.0,1,0,0.0,0.0,0,0.0,0
YLR172C,3,0.0,7.19951896772999e-05,0.24547553245335227,0.00015817951393997482,0.000792031244851027,98.0,2,0,0.0,0.0,0,0.0,0
YLR205C,1,0.0,0.0,0.24334157704745382,7.132156462174625e-05,0.0007751088582967165,286.0,1,0,0.0,0.0,0,0.0,0
YLR230W,1,0.0,0.0,0.24334157704745382,7.132156462174625e-05,0.0007751088582967165,286.0,1,0,0.0,0.0,0,0.0,1
YLR236C,2,0.0,8.117301012169404e-05,0.2434957770213879,0.00011189278069370341,0.0007772568809035838,145.0,2,0,0.0,0.0,0,0.0,0
YLR248W,1,0.0,0.0,0.24334157704745382,7.132156462174625e-05,0.0007751088582967165,286.0,1,0,0.0,0.0,0,0.0,0
YLR333C,1,0.0,0.0,0.24334157704745382,7.132156462174625e-05,0.0007751088582967165,286.0,1,7,227.28571428571428,559.0,589,0.9439786101197695,0
YLR379W,1,0.0,0.0,0.24334157704745382,7.132156462174625e-05,0.0007751088582967165,286.0,1,0,0.0,0.0,0,0.0,1
YLR392C,2,0.0,3.577086988071352e-05,0.24626212965009747,0.00010136724610650813,0.0008008395187623097,148.5,2,0,0.0,0.0,0,0.0,0
YLR397C,2,0.0,0.0005899708023310891,0.25459843352091754,0.00010837580296802138,0.000991657904417843,208.0,2,0,0.0,0.0,0,0.0,1
YML123C,1,0.0,0.0,0.24334157704745382,7.132156462174625e-05,0.0007751088582967165,286.0,1,0,0.0,0.0,0,0.0,0
YML126C,1,0.0,0.0,0.24334157704745382,7.132156462174625e-05,0.0007751088582967165,286.0,1,0,0.0,0.0,0,0.0,1
YMR067C,1,0.0,0.0,0.24334157704745382,7.132156462174625e-05,0.0007751088582967165,286.0,1,0,0.0,0.0,0,0.0,0
YMR160W,1,0.0,0.0,0.24334157704745382,7.132156462174625e-05,0.0007751088582967165,286.0,1,0,0.0,0.0,0,0.0,0
YMR278W,1,0.0,0.0,0.24334157704745382,7.132156462174625e-05,0.0007751088582967165,286.0,1,0,0.0,0.0,0,0.0,0
YMR287C,2,0.0,7.452495614997578e-05,0.2434396816975334,0.00011764088406988814,0.0007843136792292857,144.0,2,3,49.333333333333336,131.0,130,1.0,0
YNL008C,1,0.0,0.0,0.24334157704745382,7.132156462174625e-05,0.0007751088582967165,286.0,1,0,0.0,0.0,0,0.0,0
YNL024C,2,0.0,0.0001401207190866048,0.2467941375205391,9.70886914986531e-05,0.0010133473328526083,150.0,2,0,0.0,0.0,0,0.0,0
YNL144C,1,0.0,0.0,0.24334157704745382,7.132156462174625e-05,0.0007751088582967165,286.0,1,0,0.0,0.0,0,0.0,0
YNL176C,3,0.0,5.7057341180997557e-05,0.24568956017869525,0.0001242943494677217,0.0009305627381666697,101.0,3,0,0.0,0.0,0,0.0,0
YNL230C,2,0.0,0.00018141498186396906,0.2531953512228509,9.96693728502654e-05,0.0011316198060832504,177.0,2,4,21.0,58.0,74,0.650129581636431,0
YNL285W,2,0.0,0.00029574906902361987,0.24342566190476114,0.0001390719953725509,0.0007757253795624924,144.0,2,0,0.0,0.0,0,0.0,0
YNR037C,3,0.0,0.0006915106628684023,0.24600414348238117,0.0001487542528155025,0.0008198502113201084,100.33333333333333,3,9,161.77777777777777,559.0,593,0.9319709675949136,0
YOL072W,2,0.0,9.727901268478809e-05,0.2550285503387398,9.605377150001217e-05,0.00235209721902281,198.5,2,2,30.5,59.0,58,1.0,0
YOR033C,4,0.16666666666666666,0.00039090432593146386,0.25439922920940555,0.00016247802575111586,0.002396426406590076,92.75,3,0,0.0,0.0,0,0.0,0
YPL052W,1,0.0,0.0,0.24334157704745382,7.132156462174625e-05,0.0007751088582967165,286.0,1,0,0.0,0.0,0,0.0,0
YPL088W,3,0.0,0.0006364993788264968,0.2558002416675304,0.00016101813731700244,0.001240672355496205,144.33333333333334,2,0,0.0,0.0,0,0.0,0
YPL092W,1,0.0,0.0,0.24334157704745382,7.132156462174625e-05,0.0007751088582967165,286.0,1,0,0.0,0.0,0,0.0,0
YPL159C,2,0.0,0.00018141498186396906,0.2531953512228509,9.96693728502654e-05,0.0011316198060832504,177.0,2,0,0.0,0.0,0,0.0,0
YPL219W,2,0.0,0.00024184644018576042,0.25337748431328816,9.913425340761961e-05,0.002098399392699646,180.0,2,4,11.75,25.0,30,0.7655172413793103,0
YPL270W,2,0.0,0.002143422789265288,0.24336959887806728,0.0001561913690324795,0.0007757209132410051,143.5,1,0,0.0,0.0,0,0.0,0
YPL271W,1,0.0,0.0,0.24334157704745382,7.132156462174625e-05,0.0007751088582967165,286.0,1,4,24.25,56.0,57,0.9523809523809523,0
YPR003C,1,0.0,0.0,0.24334157704745382,7.132156462174625e-05,0.0007751088582967165,286.0,1,0,0.0,0.0,0,0.0,0
YPR047W,2,0.0,6.436121330422293e-05,0.24534729471292505,0.00010829265568469197,0.0007903422845448932,146.0,2,1,3.0,3.0,2,1.0,0
YPR114W,1,0.0,0.0,0.24334157704745382,7.132156462174625e-05,0.0007751088582967165,286.0,1,0,0.0,0.0,0,0.0,0
YPR148C,2,0.0,3.165382715972019e-05,0.24391731740517472,0.00011606539629730971,0.000845613147254092,144.0,2,2,452.5,559.0,558,1.0,0
YJR099W,2,0.0,1.8783414444515266e-05,0.2186788345653822,0.00010020488446638287,0.0001917372066918685,17.5,2,0,0.0,0.0,0,0.0,0
YJR102C,5,0.2,0.00010980031740283203,0.22871290478406325,0.00023945234221259086,0.00023206455865110046,27.8,3,1,3.0,3.0,2,1.0,0
YLR417W,4,0.3333333333333333,2.4472023619564707e-05,0.21042680307234893,0.00018671583828756263,5.113310878716817e-05,7.5,3,1,3.0,3.0,2,1.0,0
YPL002C,4,0.16666666666666666,7.750489815500943e-05,0.22989465861602704,0.0001853839292981168,0.00033747570516640964,30.25,3,1,3.0,3.0,2,1.0,0
YLR369W,1,0.0,0.0,0.20311596315782185,5.993881726589116e-05,0.00039301806858290907,11.0,1,0,0.0,0.0,0,0.0,0
YJR121W,2,0.0,6.104229552943177e-06,0.22742081100367337,0.00012039789303714343,0.0003934276087098286,41.0,2,4,24.0,56.0,57,0.9523809523809523,0
YJR125C,1,0.0,0.0,0.1500476816937974,9.994432880277703e-05,3.1881558028324956e-07,2.0,1,2,24.0,34.0,33,1.0,0
YOR111W,2,0.0,0.00021557413110426748,0.1776955140755149,0.00015652427512539464,1.136039180224603e-05,3.0,1,0,0.0,0.0,0,0.0,0
YJR130C,1,0.0,0.0,0.00021992522542335605,0.00021987686895338611,3.4130130264064307e-22,1.0,1,0,0.0,0.0,0,0.0,0
YEL059W,1,0.0,0.0,0.00021992522542335605,0.00021987686895338611,3.4130130264064307e-22,1.0,1,0,0.0,0.0,0,0.0,0
YJR136C,2,0.0,0.00021557413110426748,0.22782532168998398,0.0001540416548381447,0.00021671983999264994,65.5,1,0,0.0,0.0,0,0.0,1
YKL033W,1,0.0,0.0,0.18428859405799936,9.80355191372321e-05,6.0801311524785e-06,2.0,1,0,0.0,0.0,0,0.0,1
YKL001C,2,0.0,6.201949510804253e-05,0.22820662959260735,0.0001135809150748607,0.000710405814232515,45.5,2,0,0.0,0.0,0,0.0,0
YBR197C,3,0.0,0.00019108935083453522,0.2421149726952843,0.00014913706104406594,0.0008202204465215136,44.0,3,0,0.0,0.0,0,0.0,0
YBR242W,1,0.0,0.0,0.22099985325286378,7.000048634801448e-05,9.000775014254583e-05,41.0,1,0,0.0,0.0,0,0.0,0
YBR262C,1,0.0,0.0,0.22099985325286378,7.000048634801448e-05,9.000775014254583e-05,41.0,1,0,0.0,0.0,0,0.0,0
YCL049C,1,0.0,0.0,0.22099985325286378,7.000048634801448e-05,9.000775014254583e-05,41.0,1,0,0.0,0.0,0,0.0,0
YEL049W,2,0.0,5.728386975381255e-06,0.22162558689777018,0.00010768254480248855,9.922124749731796e-05,23.5,2,0,0.0,0.0,0,0.0,0
YEL057C,1,0.0,0.0,0.22099985325286378,7.000048634801448e-05,9.000775014254583e-05,41.0,1,0,0.0,0.0,0,0.0,0
YER121W,1,0.0,0.0,0.22099985325286378,7.000048634801448e-05,9.000775014254583e-05,41.0,1,0,0.0,0.0,0,0.0,0
YER170W,1,0.0,0.0,0.22099985325286378,7.000048634801448e-05,9.000775014254583e-05,41.0,1,0,0.0,0.0,0,0.0,0
YGL258W,1,0.0,0.0,0.22099985325286378,7.000048634801448e-05,9.000775014254583e-05,41.0,1,0,0.0,0.0,0,0.0,0
YKL005C,2,0.0,9.214449821576965e-07,0.18906128699352656,0.00012983636092567355,1.3450900691235687e-05,6.0,2,0,0.0,0.0,0,0.0,0
YJR017C,2,0.0,6.326741918516098e-05,0.22126593693735397,0.00012899801287376744,0.00015160464700186979,52.5,2,0,0.0,0.0,0,0.0,1
YIL086C,1,0.0,0.0,0.20551578710138926,5.640727424559907e-05,0.0005718166012108375,15.0,1,0,0.0,0.0,0,0.0,0
YMR298W,4,0.16666666666666666,0.0001956617729584529,0.22667684846432526,0.00018024375683478515,0.00024573947165055403,13.25,3,0,0.0,0.0,0,0.0,1
YKL010C,2,0.0,1.2584790589686468e-05,0.2393184912985094,8.740866040039225e-05,0.001466429554209072,44.5,2,0,0.0,0.0,0,0.0,0
YPR122W,1,0.0,0.0,0.1762212621243339,8.843187996473208e-05,3.70844628912416e-06,4.0,1,0,0.0,0.0,0,0.0,0
YKL017C,2,0.0,2.0732316209789385e-05,0.21954205543625788,0.00010652434753173067,0.0001241547121575499,10.0,2,1,7.0,7.0,6,1.0,0
YHR053C,1,0.0,0.0,0.19689957578209685,7.083461417500367e-05,2.016795647913812e-05,8.0,1,0,0.0,0.0,0,0.0,0
YKR062W,1,0.0,0.0,0.17627270500497405,8.422890669424136e-05,3.949098564192762e-06,3.0,1,4,101.0,195.0,264,0.7423378269385874,1
YKL052C,3,0.0,7.177594801410584e-05,0.2290971920495541,0.00014352676595181886,0.0007254437259993458,32.333333333333336,3,6,27.666666666666668,55.0,54,1.0,1
YMR077C,4,0.16666666666666666,2.745810202060643e-05,0.21242552986804064,0.0001891836165839333,5.363588585801469e-05,4.25,3,1,4.0,4.0,3,1.0,0
YLR285W,3,0.0,0.002145691414800634,0.19471361679170227,0.0001950827337558062,3.8414531475984514e-05,2.6666666666666665,2,0,0.0,0.0,0,0.0,0
YNL122C,1,0.0,0.0,0.19615942051764773,6.539288491958683e-05,2.4258947255300715e-05,7.0,1,2,452.5,559.0,558,1.0,0
YLR357W,2,0.0,5.651167830027003e-05,0.22582909618604868,9.236672166921506e-05,0.0008332137331453561,31.5,2,3,36.666666666666664,83.0,83,0.9782544813399942,0
YML046W,2,1.0,0.0,0.18798502082785293,0.0001006754500997323,1.6864079029397894e-05,13.5,2,12,90.16666666666667,559.0,624,0.8370374943408652,1
YKL087C,1,0.0,0.0,0.16200387847588338,8.83837550538201e-05,1.0770567916764146e-06,3.0,1,0,0.0,0.0,0,0.0,0
YMR081C,1,0.0,0.0,0.16286530240489627,8.238042105841305e-05,1.4325734151718053e-06,4.0,1,0,0.0,0.0,0,0.0,0
YHR010W,1,0.0,0.0,0.2223250154278494,5.616899440618916e-05,0.0011176210194488302,48.0,1,6,258.8333333333333,559.0,589,0.9439786101197695,0
YML102W,3,0.0,7.544028601307124e-05,0.2243428264590135,0.00013296998838461578,0.0013085223836573603,18.333333333333332,2,4,25.75,83.0,86,0.9124487004103967,0
YOL068C,3,0.3333333333333333,1.1086273575637349e-05,0.23479853312489019,0.00011255710671486047,0.001780887266312205,35.333333333333336,3,6,44.5,133.0,209,0.5794994479205006,0
YOR182C,1,0.0,0.0,0.2223250154278494,5.616899440618916e-05,0.0011176210194488302,48.0,1,7,227.28571428571428,559.0,589,0.9439786101197695,0
YPR116W,1,0.0,0.0,0.2223250154278494,5.616899440618916e-05,0.0011176210194488302,48.0,1,0,0.0,0.0,0,0.0,0
YLR389C,1,0.0,0.0,0.15303559715113224,0.00010585926417552307,1.380511435748723e-07,2.0,1,0,0.0,0.0,0,0.0,0
YGR192C,3,0.3333333333333333,0.00010108036886469581,0.24061269387569154,0.00011533907669303615,0.002188185027760577,61.666666666666664,3,0,0.0,0.0,0,0.0,0
YKL152C,2,1.0,0.0,0.21464773478134638,8.189463563966915e-05,0.0017240462874814318,20.0,2,0,0.0,0.0,0,0.0,1
YKR069W,3,0.3333333333333333,2.401200878854192e-05,0.21510652383278744,0.00012018426093477906,0.001729221421835818,14.333333333333334,3,0,0.0,0.0,0,0.0,0
YOR247W,3,0.3333333333333333,7.434753649657011e-05,0.21486596143321846,0.00012567038223270703,0.0017267510727443057,14.0,2,0,0.0,0.0,0,0.0,0
YBR027C,4,0.16666666666666666,0.0003998788846163145,0.23325661902291667,0.00018827257677164804,0.00025479550535950624,39.0,3,0,0.0,0.0,0,0.0,0
YBR169C,1,0.0,0.0,0.1988541208747776,7.261449970818204e-05,2.490408205094717e-05,19.0,1,0,0.0,0.0,0,0.0,0
YCL033C,1,0.0,0.0,0.1988541208747776,7.261449970818204e-05,2.490408205094717e-05,19.0,1,0,0.0,0.0,0,0.0,0
YML106W,1,0.0,0.0,0.1988541208747776,7.261449970818204e-05,2.490408205094717e-05,19.0,1,0,0.0,0.0,0,0.0,0
YPL259C,2,0.0,6.490664275553828e-06,0.191876308198932,0.00011835866941272181,2.655699957201585e-05,4.5,2,6,28.833333333333332,95.0,104,0.8676250933532487,0
YOR323C,1,0.0,0.0,0.19340394387162083,7.019731649801365e-05,5.68546220856698e-05,5.0,1,0,0.0,0.0,0,0.0,0
YMR165C,1,0.0,0.0,0.16709531915379006,8.882113476409853e-05,2.0736999072392994e-06,6.0,1,0,0.0,0.0,0,0.0,0
YMR210W,1,0.0,0.0,0.16709531915379006,8.882113476409853e-05,2.0736999072392994e-06,6.0,1,0,0.0,0.0,0,0.0,0
YMR243C,2,0.0,9.210237036569297e-05,0.1849983890631247,0.00014651185358863144,6.3218638890331285e-06,4.0,2,0,0.0,0.0,0,0.0,0
YKL149C,1,0.0,0.0,0.19938880104317527,6.565403111400304e-05,0.00011880241467288698,7.0,1,0,0.0,0.0,0,0.0,0
YKL156W,1,0.0,0.0,0.17130757855695358,0.00010038759468680459,3.229348362441431e-06,3.0,1,7,227.28571428571428,559.0,589,0.9439786101197695,0
YKL161C,1,0.0,0.0,0.20181642443249964,6.572046040166567e-05,0.00017897299552144526,7.0,1,0,0.0,0.0,0,0.0,0
YKL174C,3,0.0,0.0005824831023404918,0.19755296285821056,0.00021887065793986264,2.004553767890723e-05,3.6666666666666665,2,0,0.0,0.0,0,0.0,0
YNL104C,1,0.0,0.0,0.18509560314040432,8.591406166202815e-05,2.049053424908577e-05,3.0,1,0,0.0,0.0,0,0.0,0
YKL186C,1,0.0,0.0,0.17577424183117532,9.973568780823178e-05,4.385164486458709e-06,2.0,1,2,30.5,59.0,58,1.0,1
YPL147W,1,0.0,0.0,0.16016229749968827,0.00010303281427632817,6.526721022140908e-07,2.0,1,1,2.0,2.0,1,0.0,0
YMR211W,3,0.0,3.618550030595203e-05,0.24288014671690358,0.00012130201350576397,0.0007046327211317092,23.0,3,0,0.0,0.0,0,0.0,1
YOR332W,2,1.0,0.0,0.23455097904191072,9.320761046897042e-05,0.0013385876613828233,67.5,2,5,12.8,15.0,15,0.9904761904761905,0
YKL192C,3,0.0,0.00023240646080443017,0.21571029310100906,0.00017616660026056064,0.00010237030088870159,13.666666666666666,2,0,0.0,0.0,0,0.0,1
YOL078W,2,1.0,0.0,0.20176825592220501,9.54921689149152e-05,3.9702758130792194e-05,10.5,2,1,8.0,8.0,7,1.0,1
YKL210W,1,0.0,0.0,0.17854368477292698,8.218791588683017e-05,2.6613402413931544e-05,3.0,1,0,0.0,0.0,0,0.0,1
YGR163W,2,1.0,0.0,0.19915393862204453,0.00012347055125769402,3.0701424410312514e-05,6.5,2,2,4.0,5.0,4,1.0,0
YKR019C,2,0.0,2.3694747383552335e-05,0.23308940075627402,0.00010797521812419021,0.0015751145816956956,71.0,2,0,0.0,0.0,0,0.0,0
YHR212C,2,0.0,1.0256387825739291e-05,0.2302954774607319,0.00011837898163957099,0.0002599411084719079,63.5,2,0,0.0,0.0,0,0.0,0
YNR038W,1,0.0,0.0,0.18068837657907377,9.634920978877475e-05,2.7520275724337575e-05,3.0,1,4,148.0,559.0,561,0.9893621084797556,1
YJL215C,2,0.0,6.350304258644439e-05,0.22148622895170156,0.00010261167863609999,0.00114825919427289,24.5,2,0,0.0,0.0,0,0.0,0
YJR019C,2,0.0,0.00019580830002246874,0.2325763834771802,0.00010595307900275485,0.0002570788327445424,73.5,2,0,0.0,0.0,0,0.0,0
YLR081W,2,0.0,0.00043114826220853495,0.20024839839465003,0.00015417759525476957,4.056172250426055e-05,9.5,1,0,0.0,0.0,0,0.0,0
YOR190W,4,0.0,0.00033085822707625906,0.23626848481354237,0.00019288764852126415,0.0008875025835022252,29.25,3,0,0.0,0.0,0,0.0,0
YKR043C,1,0.0,0.0,0.00021992522542335605,0.00021987686895338611,3.4130130264064307e-22,1.0,1,0,0.0,0.0,0,0.0,0
YBR238C,1,0.0,0.0,0.00021992522542335605,0.00021987686895338611,3.4130130264064307e-22,1.0,1,0,0.0,0.0,0,0.0,0
YKR044W,1,0.0,0.0,0.00021992522542335605,0.00021987686895338611,3.4130130264064307e-22,1.0,1,0,0.0,0.0,0,0.0,0
YHR159W,1,0.0,0.0,0.00021992522542335605,0.00021987686895338611,3.4130130264064307e-22,1.0,1,0,0.0,0.0,0,0.0,0
YKR065C,2,0.0,0.00021556531452698622,0.15358052442824913,0.00020234812447163033,2.963296144252107e-07,2.0,1,3,8.0,11.0,10,1.0,0
YLR036C,1,0.0,0.0,0.1324821561922668,0.00011896903397635923,8.328985260639668e-09,2.0,1,0,0.0,0.0,0,0.0,0
YKR080W,1,0.0,0.0,0.19991690835332132,6.713182202315422e-05,0.00012358405716885723,16.0,1,0,0.0,0.0,0,0.0,0
YBR137W,6,0.0,0.0005721360415256962,0.25372730615968986,0.00022775144026035223,0.00177446272081017,62.5,4,0,0.0,0.0,0,0.0,0
YDR353W,4,0.16666666666666666,0.00020205170261591857,0.24421326515566635,0.00015951065066468012,0.0011241295265709242,57.0,4,0,0.0,0.0,0,0.0,1
YKR091W,2,0.0,4.1780382049377394e-05,0.22729851545032656,0.00011904509233798643,0.0007142094880693587,45.0,2,0,0.0,0.0,0,0.0,0
YNL309W,2,0.0,1.1333611169303974e-05,0.20781961715493746,0.00011497311962380851,0.00024955176629427964,7.5,2,6,73.16666666666667,195.0,255,0.7764397097421646,0
YOR060C,4,0.0,0.0003116112567688457,0.23538693508460617,0.0001751537283504851,0.00030932057339517284,38.0,4,0,0.0,0.0,0,0.0,1
YKR100C,2,0.0,6.917140145667192e-05,0.23330811907679377,0.00010664747179513098,0.000966818577372492,60.5,2,0,0.0,0.0,0,0.0,0
YML065W,1,0.0,0.0,0.19145912910786217,8.062498007588984e-05,2.5241530047548314e-05,3.0,1,7,20.285714285714285,56.0,57,0.9505012531328321,1
YOL143C,3,0.0,0.00010925102978923301,0.21513936953806043,0.00016460959840254743,6.348002148620832e-05,13.0,2,0,0.0,0.0,0,0.0,0
YLL016W,3,1.0,0.0,0.20100067494004817,0.00013722531175909292,0.00020169916996882543,11.0,3,0,0.0,0.0,0,0.0,0
YLL017W,2,0.0,3.6204747806856424e-05,0.21886000068939435,9.441730509525132e-05,0.0001796759153160554,9.5,2,0,0.0,0.0,0,0.0,0
YNL293W,3,0.6666666666666666,3.748457190086415e-07,0.23359177636442516,0.00010086783267810017,0.003237724403268745,47.0,3,0,0.0,0.0,0,0.0,0
YPR101W,2,0.0,4.852918448728435e-05,0.20861967293392591,0.00011678649456881609,0.00021270497428719219,8.0,2,7,130.57142857142858,559.0,619,0.8502282102357388,1
YLL040C,2,1.0,0.0,0.23311511103652507,8.435060326481141e-05,0.0015684325282091314,72.0,2,0,0.0,0.0,0,0.0,0
YMR069W,1,0.0,0.0,0.00021992522542335605,0.00021987686895338611,3.4130130264064307e-22,1.0,1,0,0.0,0.0,0,0.0,0
YLL052C,1,0.0,0.0,0.19555138530253402,5.93608365908486e-05,0.000301529130915522,14.0,1,0,0.0,0.0,0,0.0,0
YLL059C,1,0.0,0.0,0.1819170730929319,7.438026419608618e-05,7.874071964830902e-06,5.0,1,0,0.0,0.0,0,0.0,0
YML011C,5,0.0,0.00028400806000213665,0.22421192410960497,0.00024281076572409087,0.00028086890289908333,12.2,3,0,0.0,0.0,0,0.0,0
YLR008C,1,0.0,0.0,0.18659911678060537,8.223627204771196e-05,2.336823241795143e-05,5.0,1,4,7.5,11.0,10,1.0,1
YLR012C,1,0.0,0.0,0.00021992522542335605,0.00021987686895338611,3.4130130264064307e-22,1.0,1,0,0.0,0.0,0,0.0,0
YKL168C,1,0.0,0.0,0.00021992522542335605,0.00021987686895338611,3.4130130264064307e-22,1.0,1,0,0.0,0.0,0,0.0,0
YLR014C,5,0.0,0.0023890591878363127,0.20726931757535785,0.0003185865957043943,8.143814424714352e-05,3.0,2,0,0.0,0.0,0,0.0,0
YJL082W,1,0.0,0.0,0.17060232456063418,8.82041449803329e-05,2.2873955120050586e-06,5.0,1,0,0.0,0.0,0,0.0,0
YKL072W,1,0.0,0.0,0.17060232456063418,8.82041449803329e-05,2.2873955120050586e-06,5.0,1,0,0.0,0.0,0,0.0,0
YLR030W,3,0.0,0.00019063855326839377,0.1979507888031786,0.00017736042934077552,7.116168525021991e-05,3.0,2,0,0.0,0.0,0,0.0,0
YLR031W,2,0.0,7.47500772294674e-06,0.21137386574557548,9.822739685837225e-05,0.00018405147102186365,9.0,2,0,0.0,0.0,0,0.0,0
YCL001W,2,0.0,2.1052360358902327e-07,0.23580715164933183,8.264679850102018e-05,0.0029939882573663244,139.0,2,0,0.0,0.0,0,0.0,0
YDL191W,3,0.0,3.3863004996465085e-05,0.2473139777259536,0.00010428029662779031,0.006354071576147795,123.0,3,6,258.8333333333333,559.0,589,0.9439786101197695,0
YDR153C,2,0.0,2.1052360358902327e-07,0.23580715164933183,8.264679850102018e-05,0.0029939882573663244,139.0,2,2,24.0,34.0,33,1.0,0
YEL051W,2,0.0,2.1052360358902327e-07,0.23580715164933183,8.264679850102018e-05,0.0029939882573663244,139.0,2,5,12.8,15.0,15,0.9904761904761905,0
YER120W,2,0.0,2.1052360358902327e-07,0.23580715164933183,8.264679850102018e-05,0.0029939882573663244,139.0,2,0,0.0,0.0,0,0.0,0
YFL025C,2,0.0,2.1052360358902327e-07,0.23580715164933183,8.264679850102018e-05,0.0029939882573663244,139.0,2,0,0.0,0.0,0,0.0,0
YFR031C-A,2,0.0,2.1052360358902327e-07,0.23580715164933183,8.264679850102018e-05,0.0029939882573663244,139.0,2,6,258.8333333333333,559.0,589,0.9439786101197695,0
YKR094C,1,0.0,0.0,0.23238458372171494,5.767810260047854e-05,0.0014261658690829751,138.0,1,6,258.8333333333333,559.0,589,0.9439786101197695,0
YLL038C,2,0.0,2.1052360358902327e-07,0.23580715164933183,8.264679850102018e-05,0.0029939882573663244,139.0,2,0,0.0,0.0,0,0.0,0
YLR083C,4,0.0,0.0004095232674577317,0.2529226420125822,0.0001536205665399409,0.0033880552981489995,103.0,4,0,0.0,0.0,0,0.0,0
YLR318W,3,0.6666666666666666,2.1052360358902327e-07,0.2428243346535459,0.00010549849166890994,0.005485327188015725,112.66666666666667,3,6,104.66666666666667,559.0,611,0.8418716964932521,0
YLR361C,2,0.0,2.1052360358902327e-07,0.23580715164933183,8.264679850102018e-05,0.0029939882573663244,139.0,2,0,0.0,0.0,0,0.0,0
YMR010W,4,0.0,5.8678037097608984e-05,0.25406282342455205,0.00014265720910277036,0.005603335110156594,83.25,3,0,0.0,0.0,0,0.0,0
YMR216C,2,0.0,2.1052360358902327e-07,0.23580715164933183,8.264679850102018e-05,0.0029939882573663244,139.0,2,0,0.0,0.0,0,0.0,0
YMR274C,3,0.6666666666666666,2.1052360358902327e-07,0.2436923144026678,0.0001073790053792861,0.004570976618092418,129.66666666666666,3,0,0.0,0.0,0,0.0,0
YNL069C,5,0.0,0.0012947108381913923,0.25231871975371734,0.00016544267291156655,0.006331885692771358,81.8,4,6,258.8333333333333,559.0,589,0.9439786101197695,0
YNL169C,3,0.0,0.00016704659493700435,0.24600414348238117,0.00011770047955239447,0.003828552257953687,123.66666666666667,3,0,0.0,0.0,0,0.0,0
YOL017W,2,0.0,2.1052360358902327e-07,0.23580715164933183,8.264679850102018e-05,0.0029939882573663244,139.0,2,0,0.0,0.0,0,0.0,0
YOR112W,4,0.0,0.0006297163562058066,0.24997594141074414,0.00014594195565835097,0.0039656941876720095,103.5,4,1,59.0,59.0,58,1.0,0
YPL037C,2,0.0,2.1052360358902327e-07,0.23580715164933183,8.264679850102018e-05,0.0029939882573663244,139.0,2,7,191.85714285714286,559.0,749,0.621923705760979,0
YPL195W,3,0.0,0.00021578465470785648,0.23583346500665475,0.00014579566110707603,0.002996348368367966,93.0,2,3,40.0,95.0,94,1.0,0
YPL196W,3,0.0,0.00020904827518037817,0.236294901236263,0.00012522798117211138,0.002998430167308171,95.0,3,0,0.0,0.0,0,0.0,0
YPR079W,2,0.0,2.1052360358902327e-07,0.23580715164933183,8.264679850102018e-05,0.0029939882573663244,139.0,2,0,0.0,0.0,0,0.0,0
YPR084W,6,0.13333333333333333,0.0008279503496544712,0.25670127494924533,0.00023266806420303734,0.004727745965549897,71.33333333333333,5,0,0.0,0.0,0,0.0,0
YLR042C,1,0.0,0.0,0.18428859405799936,9.80355191372321e-05,6.0801311524785e-06,2.0,1,0,0.0,0.0,0,0.0,0
YLR434C,2,0.0,0.00021557413110426748,0.22782532168998398,0.0001540416548381447,0.00021671983999264994,65.5,1,0,0.0,0.0,0,0.0,0
YLR049C,3,0.0,4.2472612226021076e-05,0.23645352390435628,0.00012805330153437303,0.0010078674831650622,15.666666666666666,3,0,0.0,0.0,0,0.0,0
YLR119W,2,1.0,0.0,0.23270442596973534,0.00011127663172763789,0.0007496760527496062,46.0,2,1,4.0,4.0,3,1.0,0
YLR052W,6,0.06666666666666667,0.0014020117696586511,0.2178785151192924,0.00024872584200280444,0.0004084880146075194,5.666666666666667,4,2,47.5,83.0,82,1.0,0
YLR057W,3,0.0,5.901974200045215e-05,0.2297447110182777,0.00012058047474037875,0.0007792752368503089,21.666666666666668,3,0,0.0,0.0,0,0.0,0
YLR355C,1,0.0,0.0,0.19547903590224636,8.10675733532739e-05,2.3013409750019005e-05,4.0,1,0,0.0,0.0,0,0.0,1
YGR126W,1,0.0,0.0,0.17998054900209806,8.418272596229242e-05,5.314454857853878e-06,3.0,1,0,0.0,0.0,0,0.0,0
YML090W,1,0.0,0.0,0.2253835551516622,5.583322351089769e-05,0.0024913389306494005,60.0,1,0,0.0,0.0,0,0.0,0
YPL181W,16,0.15,0.00014286896271235435,0.26602323578036835,0.00042089638139845175,0.022337736261315383,30.8125,10,4,46.25,133.0,133,0.9859876965140123,0
YPL214C,3,0.0,0.00045303241777491153,0.25071731379763174,0.00012758151689287094,0.002979868679075709,70.0,3,0,0.0,0.0,0,0.0,0
YLR088W,2,0.0,2.3905974713211964e-05,0.20109630302651282,0.00011711189891821681,2.9425752727953187e-05,13.0,2,1,5.0,5.0,4,1.0,1
YDR121W,2,0.0,9.432153159205615e-05,0.24218433468826409,9.171191003448572e-05,0.0032723507143456354,95.0,2,4,24.0,83.0,86,0.9102599179206566,0
YER088C,1,0.0,0.0,0.23098766016253744,5.665822898311143e-05,0.0024377867137582734,97.0,1,0,0.0,0.0,0,0.0,0
YGL148W,2,0.0,0.0002506690990645098,0.23118980437096062,0.00011803541361834485,0.0024397279582329032,49.5,2,0,0.0,0.0,0,0.0,0
YMR166C,1,0.0,0.0,0.23098766016253744,5.665822898311143e-05,0.0024377867137582734,97.0,1,0,0.0,0.0,0,0.0,0
YPL183W-A,1,0.0,0.0,0.23098766016253744,5.665822898311143e-05,0.0024377867137582734,97.0,1,7,202.14285714285714,559.0,589,0.9439786101197695,0
YDR497C,1,0.0,0.0,0.20378185292229645,5.945749680338829e-05,0.00021398766982198454,30.0,1,0,0.0,0.0,0,0.0,0
YLR114C,1,0.0,0.0,0.1973684718581562,6.378119249361063e-05,0.00013070410690164098,13.0,1,0,0.0,0.0,0,0.0,0
YLR124W,4,0.0,0.0002183450711821569,0.2485208838966529,0.00017115260993127271,0.0019366331211396629,34.0,3,0,0.0,0.0,0,0.0,0
YMR030W,1,0.0,0.0,0.18659911678060537,8.223627204771196e-05,2.336823241795143e-05,5.0,1,0,0.0,0.0,0,0.0,0
YGL021W,1,0.0,0.0,0.1765819941226667,9.637374731373514e-05,4.137302775077274e-06,2.0,1,0,0.0,0.0,0,0.0,0
YLR140W,1,0.0,0.0,0.19492013803616662,6.576458501613582e-05,0.00011250024418792495,5.0,1,0,0.0,0.0,0,0.0,1
YLR145W,1,0.0,0.0,0.17997288568995456,0.0001000781408789439,4.246531490621419e-06,2.0,1,2,284.5,559.0,558,1.0,1
YHR214W,2,0.0,0.00021557413110426748,0.22126593693735397,0.0001595478736242365,0.00015134614078275005,52.0,1,0,0.0,0.0,0,0.0,0
YLR146C,1,0.0,0.0,0.00021992522542335605,0.00021987686895338611,3.4130130264064307e-22,1.0,1,0,0.0,0.0,0,0.0,0
YGL256W,1,0.0,0.0,0.00021992522542335605,0.00021987686895338611,3.4130130264064307e-22,1.0,1,0,0.0,0.0,0,0.0,0
YMR088C,1,0.0,0.0,0.19991690835332132,6.713182202315422e-05,0.00012358405716885723,16.0,1,0,0.0,0.0,0,0.0,0
YNR072W,2,0.0,8.367057991660773e-06,0.21755330656823682,9.07072651072131e-05,0.0011386610973703744,20.0,2,0,0.0,0.0,0,0.0,0
YLR148W,3,1.0,0.0,0.16989602449110788,0.000160425800455543,7.218864937781433e-06,3.6666666666666665,3,5,23.6,95.0,98,0.9229960025247212,0
YLR396C,4,0.5,0.0003282867870600673,0.20215424904654802,0.00019277869710593047,0.00013367712843895523,4.75,3,5,23.6,95.0,98,0.9229960025247212,0
YMR231W,4,0.5,0.00018261600728471816,0.19585039353694156,0.00019262381055713907,0.00011623885581215779,4.25,3,5,23.6,95.0,98,0.9229960025247212,0
YPL045W,3,1.0,0.0,0.16989602449110788,0.000160425800455543,7.218864937781433e-06,3.6666666666666665,3,5,23.6,95.0,98,0.9229960025247212,1
YER175C,1,0.0,0.0,0.18401581163753908,9.936895376279819e-05,6.056412168669026e-06,2.0,1,0,0.0,0.0,0,0.0,0
YOR342C,1,0.0,0.0,0.13320863487801435,0.00011853865010362518,6.8269434765018956e-09,2.0,1,0,0.0,0.0,0,0.0,0
YOR159C,6,0.0,0.0001895502159928704,0.22803426808989388,0.00026415464842217,0.0003284335815546236,5.166666666666667,3,14,80.64285714285714,559.0,619,0.8502282102357388,1
YLR173W,1,0.0,0.0,0.19349247852205417,8.349654819704948e-05,6.197636917581796e-05,5.0,1,0,0.0,0.0,0,0.0,0
YLR177W,2,0.0,3.58383741361645e-07,0.19685372547104474,0.00011242263801028671,2.171523704248345e-05,5.5,2,0,0.0,0.0,0,0.0,0
YLR181C,1,0.0,0.0,0.20414601271742444,7.421294202880613e-05,9.147631109536367e-05,7.0,1,0,0.0,0.0,0,0.0,0
YLR183C,1,0.0,0.0,0.19701888660922315,8.456212576461893e-05,2.246319150485628e-05,3.0,1,2,452.5,559.0,558,1.0,0
YML035C,2,0.0,1.1576199726852802e-05,0.20875361484167684,0.00012149764518552011,6.784764172555815e-05,7.5,2,0,0.0,0.0,0,0.0,0
YLR193C,1,0.0,0.0,0.00021992522542335605,0.00021987686895338611,3.4130130264064307e-22,1.0,1,0,0.0,0.0,0,0.0,0
YJL094C,1,0.0,0.0,0.00021992522542335605,0.00021987686895338611,3.4130130264064307e-22,1.0,1,0,0.0,0.0,0,0.0,0
YLR195C,1,0.0,0.0,0.163786693273696,8.995350536071368e-05,7.773141873105469e-07,3.0,1,0,0.0,0.0,0,0.0,1
YMR246W,3,0.0,0.0002434975461195311,0.19729477190600603,0.00019926247430629326,2.7716502591078656e-05,4.0,2,1,3.0,3.0,2,1.0,0
YLR196W,3,0.0,0.00010936729651876527,0.22917171943798922,0.00016644606425836683,0.00022342157603444035,45.0,2,0,0.0,0.0,0,0.0,1
YPL094C,3,0.0,0.00011837015270934641,0.2252274307728605,0.00018087271902395789,0.00015848187732969517,36.0,2,4,12.25,29.0,28,1.0,1
YLR199C,1,0.0,0.0,0.23338541181129,5.593690411692053e-05,0.001339616303486773,56.0,1,0,0.0,0.0,0,0.0,0
YGR019W,2,1.0,0.0,0.24709711173355975,7.386893215700617e-05,0.014034648555766938,162.5,2,0,0.0,0.0,0,0.0,0
YMR266W,3,0.3333333333333333,1.7842025080814483e-05,0.25601715283551013,9.883762805754781e-05,0.015602470944050288,155.0,3,0,0.0,0.0,0,0.0,0
YNL003C,2,0.0,7.082202510060821e-06,0.2472127262436702,7.718308901369738e-05,0.008399611441894873,122.0,2,0,0.0,0.0,0,0.0,0
YOR296W,2,1.0,0.0,0.24128571716601627,7.505978375337164e-05,0.00882824118175812,96.5,2,0,0.0,0.0,0,0.0,0
YOR350C,3,0.0,0.0006467223933128024,0.24044844378601019,0.00021573682284042807,0.007007240162124258,56.333333333333336,1,0,0.0,0.0,0,0.0,0
YIR010W,1,0.0,0.0,0.18369592322095926,9.801573145789872e-05,1.9837862146871676e-05,2.0,1,3,34.0,55.0,54,1.0,1
YLR203C,2,0.0,1.6840678330866095e-05,0.22572055929265583,0.00011593192850932376,0.000840729884548854,47.5,2,4,74.0,266.0,267,0.985075047168483,0
YLR204W,3,0.0,1.560616278351395e-05,0.24076345370894697,0.00010186065842359733,0.0044392440872800054,69.66666666666667,3,0,0.0,0.0,0,0.0,0
YLR218C,1,0.0,0.0,0.19527132926703653,7.031185852175973e-05,5.806096970984807e-05,5.0,1,0,0.0,0.0,0,0.0,0
YLR221C,2,0.0,1.5954346644137554e-06,0.20413615344896519,0.00011440499098880249,4.780682426366424e-05,3.5,2,4,148.0,559.0,561,0.9893621084797556,0
YNR041C,3,0.0,5.3381215588339454e-05,0.23795773198864342,0.00012763304560870961,0.0020110677705394066,41.666666666666664,2,0,0.0,0.0,0,0.0,0
YLR226W,2,0.0,0.0,0.0005026862295390996,0.00026519799501406913,5.405492701392529e-20,1.5,1,1,2.0,2.0,1,0.0,0
YPR161C,1,0.0,0.0,0.0003518803606773697,0.00015049247127045008,3.120862840162763e-20,2.0,1,1,2.0,2.0,1,0.0,1
YLR227C,2,0.0,6.261419576213549e-06,0.21373600289817318,0.0001059880103777026,0.00047223751192225597,9.5,2,0,0.0,0.0,0,0.0,0
YLR237W,1,0.0,0.0,0.13485334332932214,0.00012085252472772534,1.7161576140000857e-08,2.0,1,0,0.0,0.0,0,0.0,0
YLR239C,3,0.0,0.00016842840776437503,0.24393139388932789,0.00014079993976585933,0.002319937950882643,67.33333333333333,2,0,0.0,0.0,0,0.0,0
YLR246W,2,0.0,0.00021556531452698622,0.18372786200618416,0.00019739013089303738,1.985347250609839e-05,1.5,1,1,2.0,2.0,1,0.0,0
YJR146W,2,0.0,0.0023581170259568854,0.22694460098331665,0.00015613569241813545,0.0007077680546498827,45.0,1,0,0.0,0.0,0,0.0,0
YLR251W,1,0.0,0.0,0.2210229655571153,6.848159955404208e-05,0.0003713714911057311,80.0,1,0,0.0,0.0,0,0.0,0
YLR253W,1,0.0,0.0,0.13847152148449707,0.0001189790816357585,2.9496926472693353e-08,2.0,1,0,0.0,0.0,0,0.0,0
YLR255C,1,0.0,0.0,0.16959608367027534,8.651598157061437e-05,5.122878950135211e-06,3.0,1,0,0.0,0.0,0,0.0,0
YLR257W,2,0.0,1.8186314972802812e-05,0.17227107895803198,0.0001407094113091923,2.237508712616837e-06,4.0,2,0,0.0,0.0,0,0.0,0
YLR273C,2,0.0,2.8389535746832808e-05,0.22610694304666057,0.00010601731971643868,0.0008409429769415078,49.0,2,1,7.0,7.0,6,1.0,0
YLR259C,1,0.0,0.0,0.1994170217642137,7.32974086256049e-05,3.274926437591541e-05,9.0,1,0,0.0,0.0,0,0.0,1
YNL025C,8,0.07142857142857142,0.00022298924272625868,0.24890137753587754,0.0002778200503936822,0.002266629508198301,22.625,5,4,46.75,133.0,172,0.7451380388956889,0
YGL255W,1,0.0,0.0,0.23076067005045983,5.795022624354957e-05,0.0015678223882833497,140.0,1,0,0.0,0.0,0,0.0,0
YJL123C,1,0.0,0.0,0.23076067005045983,5.795022624354957e-05,0.0015678223882833497,140.0,1,2,452.5,559.0,558,1.0,1
YLR266C,1,0.0,0.0,0.1821208666170138,7.48007166139409e-05,4.295502408936525e-06,7.0,1,0,0.0,0.0,0,0.0,0
YLR267W,2,0.0,0.0021434227892652875,0.1852903381252969,0.0001943215341910263,1.3031840805796651e-05,1.5,1,0,0.0,0.0,0,0.0,0
YAL062W,2,0.0,0.0023581170259568845,0.22933336190734485,0.00015091375411735488,0.0004645043857615598,73.5,1,0,0.0,0.0,0,0.0,0
YDR281C,1,0.0,0.0,0.15542721799280285,0.00011746931306398786,3.656454824147794e-07,2.0,1,0,0.0,0.0,0,0.0,0
YBR269C,1,0.0,0.0,0.14870683905552606,0.00010016273286894226,7.90013300110621e-08,2.0,1,0,0.0,0.0,0,0.0,0
YLR437C,2,0.0,3.167203957866588e-05,0.20173936585119667,9.267144005093041e-05,7.068425500253596e-05,9.5,2,0,0.0,0.0,0,0.0,0
YLR284C,5,0.3,0.00021343996332394644,0.241299491540462,0.00019598877813139793,0.0009189536998691694,54.6,4,0,0.0,0.0,0,0.0,0
YLR286C,3,0.3333333333333333,9.274602595519651e-05,0.20898067800426545,0.0001345705569435563,8.425497783265656e-05,9.0,3,0,0.0,0.0,0,0.0,0
YLR287C,3,0.3333333333333333,5.2933704154848155e-05,0.22051560900011857,0.00015018786969514094,9.901934615451515e-05,15.666666666666666,3,0,0.0,0.0,0,0.0,0
YBR124W,1,0.0,0.0,0.2268958716685959,6.998624035039745e-05,0.0007072116478231727,88.0,1,0,0.0,0.0,0,0.0,1
YBR129C,1,0.0,0.0,0.2268958716685959,6.998624035039745e-05,0.0007072116478231727,88.0,1,0,0.0,0.0,0,0.0,0
YCR007C,2,0.0,6.997964504524285e-05,0.2279850697580514,0.00010864779138022935,0.0007097013770389215,48.0,2,0,0.0,0.0,0,0.0,0
YHR175W,1,0.0,0.0,0.2268958716685959,6.998624035039745e-05,0.0007072116478231727,88.0,1,0,0.0,0.0,0,0.0,0
YJL059W,1,0.0,0.0,0.2268958716685959,6.998624035039745e-05,0.0007072116478231727,88.0,1,0,0.0,0.0,0,0.0,0
YKL024C,1,0.0,0.0,0.2268958716685959,6.998624035039745e-05,0.0007072116478231727,88.0,1,0,0.0,0.0,0,0.0,1
YKL044W,1,0.0,0.0,0.2268958716685959,6.998624035039745e-05,0.0007072116478231727,88.0,1,0,0.0,0.0,0,0.0,0
YKL107W,1,0.0,0.0,0.2268958716685959,6.998624035039745e-05,0.0007072116478231727,88.0,1,0,0.0,0.0,0,0.0,0
YKL163W,1,0.0,0.0,0.2268958716685959,6.998624035039745e-05,0.0007072116478231727,88.0,1,0,0.0,0.0,0,0.0,0
YKR052C,1,0.0,0.0,0.2268958716685959,6.998624035039745e-05,0.0007072116478231727,88.0,1,3,53.0,131.0,130,1.0,0
YLL023C,1,0.0,0.0,0.2268958716685959,6.998624035039745e-05,0.0007072116478231727,88.0,1,2,452.5,559.0,558,1.0,0
YLR011W,2,0.0,0.000197100079892884,0.23923721945405665,0.00010503992140177177,0.001541775648410535,90.5,2,0,0.0,0.0,0,0.0,0
YLR021W,2,0.0,0.000237522884463008,0.24160292616829224,9.536725064347124e-05,0.0016866163409082265,83.0,2,0,0.0,0.0,0,0.0,0
YLR050C,1,0.0,0.0,0.2268958716685959,6.998624035039745e-05,0.0007072116478231727,88.0,1,0,0.0,0.0,0,0.0,0
YLR290C,1,0.0,0.0,0.2268958716685959,6.998624035039745e-05,0.0007072116478231727,88.0,1,0,0.0,0.0,0,0.0,0
YNL158W,1,0.0,0.0,0.2268958716685959,6.998624035039745e-05,0.0007072116478231727,88.0,1,1,8.0,8.0,7,1.0,1
YNL190W,1,0.0,0.0,0.2268958716685959,6.998624035039745e-05,0.0007072116478231727,88.0,1,0,0.0,0.0,0,0.0,0
YOL046C,1,0.0,0.0,0.2268958716685959,6.998624035039745e-05,0.0007072116478231727,88.0,1,0,0.0,0.0,0,0.0,0
YOL131W,13,0.01282051282051282,0.0016616968410930535,0.2612710590502085,0.000503143974893056,0.004032409502199147,18.53846153846154,5,0,0.0,0.0,0,0.0,0
YOR087W,2,0.0,9.423429352275547e-06,0.2377569576619571,0.00010018681772333641,0.0008424733991657767,47.5,2,0,0.0,0.0,0,0.0,0
YOR104W,2,0.0,0.0007578670567731244,0.24432619614533369,0.00010704047869667261,0.0009237606939442993,109.0,2,0,0.0,0.0,0,0.0,0
YLR291C,23,0.03557312252964427,0.0036292933783531552,0.2685073811024185,0.0008307620118382848,0.004200634358188269,14.217391304347826,7,5,63.2,266.0,270,0.9641470466749277,1
YCR076C,4,0.0,0.0004270646943181144,0.24398771607678785,0.00016010813626476264,0.0010753913346821,70.0,4,0,0.0,0.0,0,0.0,0
YDR444W,1,0.0,0.0,0.21002947544418746,6.372024004611528e-05,0.00011776663660986763,23.0,1,0,0.0,0.0,0,0.0,0
YGR083C,1,0.0,0.0,0.21002947544418746,6.372024004611528e-05,0.00011776663660986763,23.0,1,5,63.2,266.0,270,0.9641470466749277,1
YLR245C,4,0.3333333333333333,6.933478678646356e-05,0.23954906167833792,0.00015791749415960756,0.0009236103734153201,68.75,4,0,0.0,0.0,0,0.0,0
YDL148C,1,0.0,0.0,0.22738410852193625,7.234743095728225e-05,0.00021576272795144062,125.0,1,8,84.875,559.0,581,0.9243812689180366,1
YDR007W,2,0.0,0.00021546836969636455,0.2277762134673855,0.00012096950624159098,0.00021612021252805306,64.0,2,0,0.0,0.0,0,0.0,0
YDR530C,1,0.0,0.0,0.22738410852193625,7.234743095728225e-05,0.00021576272795144062,125.0,1,0,0.0,0.0,0,0.0,0
YGL047W,1,0.0,0.0,0.22738410852193625,7.234743095728225e-05,0.00021576272795144062,125.0,1,1,2.0,2.0,1,0.0,1
YGL226W,1,0.0,0.0,0.22738410852193625,7.234743095728225e-05,0.00021576272795144062,125.0,1,0,0.0,0.0,0,0.0,0
YGR081C,1,0.0,0.0,0.22738410852193625,7.234743095728225e-05,0.00021576272795144062,125.0,1,4,148.5,559.0,558,1.0,0
YGR148C,1,0.0,0.0,0.22738410852193625,7.234743095728225e-05,0.00021576272795144062,125.0,1,6,258.8333333333333,559.0,589,0.9439786101197695,0
YHR127W,1,0.0,0.0,0.22738410852193625,7.234743095728225e-05,0.00021576272795144062,125.0,1,0,0.0,0.0,0,0.0,0
YHR138C,1,0.0,0.0,0.22738410852193625,7.234743095728225e-05,0.00021576272795144062,125.0,1,0,0.0,0.0,0,0.0,0
YIL005W,2,1.0,0.0,0.23559685598987085,0.0001127812249462546,0.00036698958813644235,114.0,2,0,0.0,0.0,0,0.0,0
YIL020C,1,0.0,0.0,0.22738410852193625,7.234743095728225e-05,0.00021576272795144062,125.0,1,0,0.0,0.0,0,0.0,0
YIL032C,1,0.0,0.0,0.22738410852193625,7.234743095728225e-05,0.00021576272795144062,125.0,1,0,0.0,0.0,0,0.0,0
YIL051C,1,0.0,0.0,0.22738410852193625,7.234743095728225e-05,0.00021576272795144062,125.0,1,0,0.0,0.0,0,0.0,1
YIL124W,2,0.0,0.00014087985123025344,0.24105179317446668,0.00010740111200865655,0.0010503267285388027,109.0,2,0,0.0,0.0,0,0.0,0
YIL157C,1,0.0,0.0,0.22738410852193625,7.234743095728225e-05,0.00021576272795144062,125.0,1,0,0.0,0.0,0,0.0,0
YIR036C,1,0.0,0.0,0.22738410852193625,7.234743095728225e-05,0.00021576272795144062,125.0,1,0,0.0,0.0,0,0.0,0
YJL044C,2,0.0,0.00021557413110426748,0.2274085755266731,0.00015784581793642588,0.00021593278314927495,63.0,1,0,0.0,0.0,0,0.0,0
YJL100W,3,0.0,0.00034106002080861115,0.2350596815323253,0.00016864916931647264,0.0005311027969213895,49.333333333333336,2,0,0.0,0.0,0,0.0,0
YJL225C,1,0.0,0.0,0.22738410852193625,7.234743095728225e-05,0.00021576272795144062,125.0,1,0,0.0,0.0,0,0.0,0
YJR100C,1,0.0,0.0,0.22738410852193625,7.234743095728225e-05,0.00021576272795144062,125.0,1,0,0.0,0.0,0,0.0,0
YJR120W,1,0.0,0.0,0.22738410852193625,7.234743095728225e-05,0.00021576272795144062,125.0,1,0,0.0,0.0,0,0.0,0
YJR154W,1,0.0,0.0,0.22738410852193625,7.234743095728225e-05,0.00021576272795144062,125.0,1,0,0.0,0.0,0,0.0,0
YKL060C,1,0.0,0.0,0.22738410852193625,7.234743095728225e-05,0.00021576272795144062,125.0,1,0,0.0,0.0,0,0.0,1
YKL088W,2,0.0,0.0001352883264759743,0.24187943881626742,0.00010940166930355739,0.00043231177407256717,127.5,2,0,0.0,0.0,0,0.0,1
YLR094C,3,0.0,0.0009691382419769694,0.25079169296987497,0.00014490173851459156,0.0008036832651782984,111.66666666666667,3,0,0.0,0.0,0,0.0,0
YLR141W,2,0.0,0.0001606647120086962,0.22988215550738417,0.00011577149201250498,0.0003953124431222425,63.5,2,6,58.333333333333336,195.0,257,0.7645914396887159,1
YLR168C,2,0.0,0.00013810826993022586,0.24494918830054896,9.707963783554816e-05,0.0017927510886775338,118.0,2,0,0.0,0.0,0,0.0,0
YLR455W,2,1.0,0.0,0.23559685598987085,0.0001127812249462546,0.00036698958813644235,114.0,2,0,0.0,0.0,0,0.0,0
YML034W,2,0.0,6.57114530183124e-05,0.22938314393630396,0.00011683315089671613,0.00023107926308702027,66.0,2,2,6.0,9.0,8,1.0,0
YML079W,1,0.0,0.0,0.22738410852193625,7.234743095728225e-05,0.00021576272795144062,125.0,1,0,0.0,0.0,0,0.0,0
YMR003W,3,0.0,0.0004749814837131576,0.24888672162246206,0.0001231446579543866,0.004505359104619979,93.0,3,0,0.0,0.0,0,0.0,0
YMR090W,2,0.0,1.3668357250614081e-05,0.2293084789949695,0.00012353151329149548,0.00023934870892713744,63.5,2,0,0.0,0.0,0,0.0,0
YMR141C,1,0.0,0.0,0.22738410852193625,7.234743095728225e-05,0.00021576272795144062,125.0,1,0,0.0,0.0,0,0.0,0
YMR144W,3,0.0,0.00010562343322107495,0.22920900131848995,0.0001559363409646492,0.000291130753289578,45.333333333333336,3,0,0.0,0.0,0,0.0,0
YMR177W,1,0.0,0.0,0.22738410852193625,7.234743095728225e-05,0.00021576272795144062,125.0,1,0,0.0,0.0,0,0.0,0
YNL009W,1,0.0,0.0,0.22738410852193625,7.234743095728225e-05,0.00021576272795144062,125.0,1,0,0.0,0.0,0,0.0,0
YNL328C,1,0.0,0.0,0.22738410852193625,7.234743095728225e-05,0.00021576272795144062,125.0,1,2,9.0,11.0,10,1.0,0
YOL008W,1,0.0,0.0,0.22738410852193625,7.234743095728225e-05,0.00021576272795144062,125.0,1,0,0.0,0.0,0,0.0,0
YOR145C,1,0.0,0.0,0.22738410852193625,7.234743095728225e-05,0.00021576272795144062,125.0,1,0,0.0,0.0,0,0.0,1
YLR299W,1,0.0,0.0,0.00021992522542335605,0.00021987686895338611,3.4130130264064307e-22,1.0,1,0,0.0,0.0,0,0.0,0
YOL137W,1,0.0,0.0,0.00021992522542335605,0.00021987686895338611,3.4130130264064307e-22,1.0,1,0,0.0,0.0,0,0.0,0
YJR105W,1,0.0,0.0,0.1798503613868723,8.935292512506822e-05,1.0445532258424281e-05,3.0,1,0,0.0,0.0,0,0.0,0
YLR303W,1,0.0,0.0,0.229283601481653,6.642597139637493e-05,0.0004641387402791451,145.0,1,0,0.0,0.0,0,0.0,0
YLR304C,1,0.0,0.0,0.21590862712950262,6.339764149511377e-05,0.0004400159752512117,70.0,1,0,0.0,0.0,0,0.0,0
YNL192W,70,0.002484472049689441,0.01248609590542197,0.2781916015081133,0.0024920999707162303,0.015689303972148506,7.957142857142857,9,0,0.0,0.0,0,0.0,0
YLR308W,1,0.0,0.0,0.2147131562183416,5.835389466281504e-05,0.00041075255113319926,16.0,1,0,0.0,0.0,0,0.0,0
YLR312C,2,0.0,0.002358117025956884,0.22784988374288573,0.0001561638313119274,0.00021671997587247176,66.0,1,0,0.0,0.0,0,0.0,0
YLR317W,1,0.0,0.0,0.20883612615189096,5.76680926924205e-05,0.0008885494088853827,8.0,1,0,0.0,0.0,0,0.0,1
YIL085C,1,0.0,0.0,0.17628005643983122,8.534793166979267e-05,4.145003644532862e-06,3.0,1,0,0.0,0.0,0,0.0,0
YLR327C,1,0.0,0.0,0.20982095772222747,5.615555176292402e-05,0.001327431107174075,13.0,1,2,452.5,559.0,558,1.0,0
YBR301W,2,0.0,9.354654771550526e-05,0.24178258742216413,9.358321766110079e-05,0.0016199338375983998,104.0,2,0,0.0,0.0,0,0.0,0
YDL206W,3,0.0,5.019730728220987e-05,0.23312796830369384,0.0001182897647974786,0.0019641773895278884,60.666666666666664,3,0,0.0,0.0,0,0.0,0
YDR393W,1,0.0,0.0,0.2259860561010625,5.6528979314825636e-05,0.0014033847914772734,78.0,1,0,0.0,0.0,0,0.0,0
YGL081W,4,0.16666666666666666,8.97905440700444e-05,0.23911541513346568,0.00014367077509055238,0.0029435820826129422,65.0,4,0,0.0,0.0,0,0.0,0
YKL006W,1,0.0,0.0,0.2259860561010625,5.6528979314825636e-05,0.0014033847914772734,78.0,1,6,258.8333333333333,559.0,589,0.9439786101197695,0
YNL071W,1,0.0,0.0,0.2259860561010625,5.6528979314825636e-05,0.0014033847914772734,78.0,1,4,5.5,7.0,7,0.9047619047619048,0
YPL132W,1,0.0,0.0,0.2259860561010625,5.6528979314825636e-05,0.0014033847914772734,78.0,1,3,328.3333333333333,559.0,558,1.0,0
YLR336C,1,0.0,0.0,0.1619480150695124,9.003434634495758e-05,7.37822662361488e-07,3.0,1,0,0.0,0.0,0,0.0,1
YPL268W,3,0.0,0.0022201752515947546,0.19463292320828257,0.00020043203881365662,2.6283196593881954e-05,4.666666666666667,2,2,49.0,55.0,54,1.0,1
YLR339C,4,0.0,0.0005615343936940135,0.1944896329689538,0.0002970024993376998,2.522986652110701e-05,2.0,2,0,0.0,0.0,0,0.0,1
YFL044C,1,0.0,0.0,0.16184879741592406,9.716515164112484e-05,7.075183116406781e-07,4.0,1,0,0.0,0.0,0,0.0,0
YGL196W,2,0.0,2.6379282889455614e-05,0.22614323435419578,8.970721496662881e-05,0.0011001813158844573,56.0,2,0,0.0,0.0,0,0.0,0
YJL046W,1,0.0,0.0,0.22227824954324113,5.836254063608169e-05,0.0009794046930850539,78.0,1,0,0.0,0.0,0,0.0,0
YJL136C,2,0.0,5.207447132667446e-06,0.2378907695471788,7.99960387628518e-05,0.004339488011866523,84.5,2,7,227.28571428571428,559.0,589,0.9439786101197695,0
YML017W,1,0.0,0.0,0.22227824954324113,5.836254063608169e-05,0.0009794046930850539,78.0,1,0,0.0,0.0,0,0.0,0
YMR073C,1,0.0,0.0,0.22227824954324113,5.836254063608169e-05,0.0009794046930850539,78.0,1,0,0.0,0.0,0,0.0,0
YNL027W,1,0.0,0.0,0.22227824954324113,5.836254063608169e-05,0.0009794046930850539,78.0,1,2,10.5,12.0,18,0.7647058823529411,0
YPL041C,2,0.0,7.426958645289929e-06,0.23403151504979086,8.412228327596576e-05,0.0018073744463121368,66.0,2,0,0.0,0.0,0,0.0,0
YPR030W,2,0.0,0.00021557413110426748,0.2223016300259952,0.00013532595235588542,0.000980176815224225,39.5,1,0,0.0,0.0,0,0.0,0
YLR343W,1,0.0,0.0,0.1852578538444194,9.570987429557347e-05,1.3021575155640208e-05,2.0,1,0,0.0,0.0,0,0.0,0
YFL045C,2,0.0,0.00021557413110426748,0.2293084789949695,0.00014821026899493144,0.0004645040968709576,73.0,1,0,0.0,0.0,0,0.0,1
YDR418W,1,0.0,0.0,0.21171265681514015,6.313279590608983e-05,5.9063633831462407e-05,35.0,1,6,258.8333333333333,559.0,589,0.9439786101197695,0
YER023W,5,0.2,6.826221558317916e-05,0.2401615450746746,0.00019055103191711051,0.0009011525390968327,59.6,5,0,0.0,0.0,0,0.0,1
YGL040C,3,0.3333333333333333,1.5976967177684052e-05,0.23881819274050922,0.00012585857124849443,0.0008177812477385523,85.66666666666667,3,0,0.0,0.0,0,0.0,1
YGR267C,4,0.16666666666666666,5.3913489882386843e-05,0.24091440258274568,0.00016225726049232065,0.0008429612017813416,65.25,3,0,0.0,0.0,0,0.0,1
YKL067W,3,0.3333333333333333,1.5976967177684052e-05,0.23881819274050922,0.00012585857124849443,0.0008177812477385523,85.66666666666667,3,0,0.0,0.0,0,0.0,0
YLR377C,5,0.1,0.00018971507613622959,0.24376258323611724,0.00019980362667112452,0.0008822824174229925,55.4,4,0,0.0,0.0,0,0.0,0
YLR348C,1,0.0,0.0,0.00021992522542335605,0.00021987686895338611,3.4130130264064307e-22,1.0,1,0,0.0,0.0,0,0.0,0
YLR351C,1,0.0,0.0,0.2026874073709731,6.499539550622248e-05,0.0001253285153702586,10.0,1,0,0.0,0.0,0,0.0,0
YLR356W,1,0.0,0.0,0.00021992522542335605,0.00021987686895338611,3.4130130264064307e-22,1.0,1,0,0.0,0.0,0,0.0,0
YHR085W,1,0.0,0.0,0.00021992522542335605,0.00021987686895338611,3.4130130264064307e-22,1.0,1,1,3.0,3.0,2,1.0,1
YMR228W,2,0.0,0.00014597196450437264,0.1945433420773357,0.00011992575648767597,8.492038051880736e-05,5.0,2,1,2.0,2.0,1,0.0,0
YNL145W,1,0.0,0.0,0.18948505820210126,6.805924724129155e-05,8.440288656134429e-05,6.0,1,0,0.0,0.0,0,0.0,0
YLR363C,1,0.0,0.0,0.18919668740496276,7.15198238706164e-05,2.3075935806197268e-05,10.0,1,0,0.0,0.0,0,0.0,0
YPR078C,4,0.0,0.00020323565062106038,0.24352383437888306,0.00017503720766618306,0.001027145179264312,29.75,4,0,0.0,0.0,0,0.0,0
YPR093C,1,0.0,0.0,0.19335086196030707,6.908377925150496e-05,0.00012317752851096633,10.0,1,0,0.0,0.0,0,0.0,0
YBL097W,1,0.0,0.0,0.2221730982031155,6.272938957828101e-05,0.0005842011449258788,43.0,1,1,5.0,5.0,4,1.0,1
YDR317W,1,0.0,0.0,0.2221730982031155,6.272938957828101e-05,0.0005842011449258788,43.0,1,0,0.0,0.0,0,0.0,0
YEL006W,1,0.0,0.0,0.2221730982031155,6.272938957828101e-05,0.0005842011449258788,43.0,1,0,0.0,0.0,0,0.0,0
YLR028C,1,0.0,0.0,0.2221730982031155,6.272938957828101e-05,0.0005842011449258788,43.0,1,0,0.0,0.0,0,0.0,0
YPL107W,1,0.0,0.0,0.2221730982031155,6.272938957828101e-05,0.0005842011449258788,43.0,1,0,0.0,0.0,0,0.0,0
YLR385C,1,0.0,0.0,0.19348362140960695,6.430200114915409e-05,6.82606410749123e-05,12.0,1,2,48.0,83.0,82,1.0,0
YLR388W,1,0.0,0.0,0.00021992522542335605,0.00021987686895338611,3.4130130264064307e-22,1.0,1,7,227.28571428571428,559.0,589,0.9439786101197695,0
YKR016W,1,0.0,0.0,0.00021992522542335605,0.00021987686895338611,3.4130130264064307e-22,1.0,1,0,0.0,0.0,0,0.0,0
YLR390W-A,2,0.0,1.0178580148765968e-05,0.17575962382278984,0.00012872490691493696,3.962232139286268e-06,3.0,2,0,0.0,0.0,0,0.0,0
YLR393W,2,0.0,0.00021557413110426748,0.2286015788704312,0.00012974781495180682,0.00255104308329722,25.5,1,0,0.0,0.0,0,0.0,0
YMR279C,1,0.0,0.0,0.18479618735252362,8.81171221283862e-05,7.150582989145422e-05,2.0,1,0,0.0,0.0,0,0.0,0
YLR407W,1,0.0,0.0,0.00021992522542335605,0.00021987686895338611,3.4130130264064307e-22,1.0,1,0,0.0,0.0,0,0.0,0
YLR409C,1,0.0,0.0,0.00021992522542335605,0.00021987686895338611,3.4130130264064307e-22,1.0,1,3,203.66666666666666,559.0,558,1.0,1
YJL069C,1,0.0,0.0,0.00021992522542335605,0.00021987686895338611,3.4130130264064307e-22,1.0,1,3,203.66666666666666,559.0,558,1.0,1
YLR414C,1,0.0,0.0,0.00021992522542335605,0.00021987686895338611,3.4130130264064307e-22,1.0,1,0,0.0,0.0,0,0.0,0
YOR013W,1,0.0,0.0,0.00021992522542335605,0.00021987686895338611,3.4130130264064307e-22,1.0,1,0,0.0,0.0,0,0.0,0
YLR416C,1,0.0,0.0,0.23281978481488697,5.3306558523165116e-05,0.004407861312580055,108.0,1,0,0.0,0.0,0,0.0,0
YGL227W,1,0.0,0.0,0.22867578410053416,5.7713737221273836e-05,0.0015769883607260934,111.0,1,1,8.0,8.0,7,1.0,0
YKL053C-A,1,0.0,0.0,0.22867578410053416,5.7713737221273836e-05,0.0015769883607260934,111.0,1,0,0.0,0.0,0,0.0,0
YMR158W,1,0.0,0.0,0.22867578410053416,5.7713737221273836e-05,0.0015769883607260934,111.0,1,9,161.77777777777777,559.0,593,0.9319709675949136,0
YNL198C,1,0.0,0.0,0.22867578410053416,5.7713737221273836e-05,0.0015769883607260934,111.0,1,0,0.0,0.0,0,0.0,0
YOL027C,2,0.0,3.176136380470483e-05,0.23613649124660743,8.812984837337968e-05,0.002017004335977305,90.5,2,0,0.0,0.0,0,0.0,0
YOR080W,3,0.0,8.621899745363124e-05,0.23452495107996854,0.00011655541825797967,0.0018445461253999318,52.0,3,2,35.5,58.0,57,1.0,0
YOR124C,3,0.0,0.00010443720831857051,0.23964413160870127,0.00011929327658964086,0.001930803211453514,52.666666666666664,3,0,0.0,0.0,0,0.0,0
YLR421C,1,0.0,0.0,0.17567926821755084,7.741110182475252e-05,2.5899231349779473e-05,3.0,1,4,25.0,46.0,46,0.9758454106280193,0
YJR024C,1,0.0,0.0,0.22796047855216658,6.132933857152708e-05,0.00035651094778653387,68.0,1,0,0.0,0.0,0,0.0,0
YNL090W,3,0.3333333333333333,1.3150620251286451e-05,0.24872562041392687,0.00010695228577494231,0.003851820580471438,49.666666666666664,3,0,0.0,0.0,0,0.0,0
YPR179C,1,0.0,0.0,0.22796047855216658,6.132933857152708e-05,0.00035651094778653387,68.0,1,3,55.0,133.0,132,1.0,0
YLR427W,1,0.0,0.0,0.00021992522542335605,0.00021987686895338611,3.4130130264064307e-22,1.0,1,0,0.0,0.0,0,0.0,0
YDL131W,1,0.0,0.0,0.00021992522542335605,0.00021987686895338611,3.4130130264064307e-22,1.0,1,0,0.0,0.0,0,0.0,0
YDL240W,2,0.0,2.6398314121284e-06,0.2179683989951667,8.888370123395748e-05,0.0003787505888982138,17.5,2,0,0.0,0.0,0,0.0,0
YLR281C,1,0.0,0.0,0.20552578008918956,6.305183441878735e-05,0.00015318174544613614,21.0,1,0,0.0,0.0,0,0.0,0
YMR142C,1,0.0,0.0,0.20552578008918956,6.305183441878735e-05,0.00015318174544613614,21.0,1,6,258.8333333333333,559.0,589,0.9439786101197695,0
YOR096W,2,0.0,0.00021557413110426748,0.20554576898046453,0.0001426924348780259,0.00015330235773776282,11.0,1,8,204.625,559.0,589,0.9439786101197695,0
YLR446W,8,0.0,0.00047759096204110565,0.25316502116161194,0.0003026113836600166,0.002365469566590708,19.125,5,0,0.0,0.0,0,0.0,0
YKR074W,2,0.0,4.151161560095935e-06,0.22377273510054915,8.657463367263817e-05,0.0016947685907826257,34.0,2,0,0.0,0.0,0,0.0,0
YLR211C,2,0.0,1.8494002206343075e-05,0.23243569938489264,9.868805183323805e-05,0.0005304813787319268,76.5,2,0,0.0,0.0,0,0.0,0
YBR028C,1,0.0,0.0,0.2256964541496301,6.80352113943822e-05,0.0008345640005873621,93.0,1,0,0.0,0.0,0,0.0,0
YDL221W,1,0.0,0.0,0.2256964541496301,6.80352113943822e-05,0.0008345640005873621,93.0,1,0,0.0,0.0,0,0.0,1
YDL241W,1,0.0,0.0,0.2256964541496301,6.80352113943822e-05,0.0008345640005873621,93.0,1,0,0.0,0.0,0,0.0,0
YDR305C,1,0.0,0.0,0.2256964541496301,6.80352113943822e-05,0.0008345640005873621,93.0,1,0,0.0,0.0,0,0.0,0
YIR035C,1,0.0,0.0,0.2256964541496301,6.80352113943822e-05,0.0008345640005873621,93.0,1,0,0.0,0.0,0,0.0,0
YJL087C,1,0.0,0.0,0.2256964541496301,6.80352113943822e-05,0.0008345640005873621,93.0,1,3,74.0,131.0,130,1.0,1
YJL219W,1,0.0,0.0,0.2256964541496301,6.80352113943822e-05,0.0008345640005873621,93.0,1,0,0.0,0.0,0,0.0,0
YKL029C,2,0.0,1.17728318534136e-05,0.229134449683649,0.00012035758373367273,0.0008412766935629836,47.5,2,0,0.0,0.0,0,0.0,0
YKL164C,1,0.0,0.0,0.2256964541496301,6.80352113943822e-05,0.0008345640005873621,93.0,1,0,0.0,0.0,0,0.0,0
YKR005C,1,0.0,0.0,0.2256964541496301,6.80352113943822e-05,0.0008345640005873621,93.0,1,0,0.0,0.0,0,0.0,0
YMR127C,2,1.0,0.0,0.24812698522537557,8.826850350950872e-05,0.007872985905936701,126.0,2,1,3.0,3.0,2,1.0,0
YNL028W,2,0.0,0.00021557413110426748,0.22572055929265583,0.00015085599250543895,0.0008352202813943147,47.0,1,0,0.0,0.0,0,0.0,1
YNL134C,1,0.0,0.0,0.2256964541496301,6.80352113943822e-05,0.0008345640005873621,93.0,1,0,0.0,0.0,0,0.0,0
YNL175C,2,0.0,8.32511418465704e-06,0.22809579587255263,0.00011221152896154248,0.0008587742721725855,48.0,2,0,0.0,0.0,0,0.0,0
YNL323W,2,0.0,0.00010138987668104735,0.2383737420096026,9.584790018025559e-05,0.0021578545349902915,83.5,2,0,0.0,0.0,0,0.0,0
YOR239W,4,0.0,0.0025077853208377403,0.2294329475826018,0.0002221859972799545,0.0008570690368681828,26.75,3,0,0.0,0.0,0,0.0,0
YOR260W,3,0.0,0.00022602018175773336,0.22627640221168485,0.00017335151480718432,0.0010549935054759534,33.0,2,5,63.2,266.0,270,0.9641470466749277,1
YOR374W,2,0.0,1.5579962288388365e-05,0.23212934226559795,0.00010667338406618879,0.0008715957050827552,48.5,2,2,35.0,56.0,55,1.0,0
YPR006C,1,0.0,0.0,0.2256964541496301,6.80352113943822e-05,0.0008345640005873621,93.0,1,0,0.0,0.0,0,0.0,0
YLR448W,1,0.0,0.0,0.17196270111123974,7.565016569623665e-05,9.176244567800829e-06,3.0,1,6,258.8333333333333,559.0,589,0.9439786101197695,0
YDL180W,1,0.0,0.0,0.19924781716386694,6.632575634665214e-05,3.365328876000226e-05,17.0,1,0,0.0,0.0,0,0.0,0
YER188W,1,0.0,0.0,0.19924781716386694,6.632575634665214e-05,3.365328876000226e-05,17.0,1,0,0.0,0.0,0,0.0,0
YLR457C,5,0.0,0.0005933421000661076,0.2287005298839018,0.00024240322282398935,0.0002064457238509221,26.8,3,1,3.0,3.0,2,1.0,1
YAR071W,1,0.0,0.0,0.2210229655571153,6.848159955404208e-05,0.0003713714911057311,80.0,1,0,0.0,0.0,0,0.0,0
YFL013C,3,0.0,0.0009172419920363522,0.2419902211778939,0.00014262823152263475,0.0016303277589402073,71.66666666666667,3,2,47.5,83.0,82,1.0,0
YFL050C,1,0.0,0.0,0.2210229655571153,6.848159955404208e-05,0.0003713714911057311,80.0,1,0,0.0,0.0,0,0.0,0
YGR100W,1,0.0,0.0,0.2210229655571153,6.848159955404208e-05,0.0003713714911057311,80.0,1,0,0.0,0.0,0,0.0,0
YHL017W,1,0.0,0.0,0.2210229655571153,6.848159955404208e-05,0.0003713714911057311,80.0,1,0,0.0,0.0,0,0.0,0
YML027W,1,0.0,0.0,0.2210229655571153,6.848159955404208e-05,0.0003713714911057311,80.0,1,0,0.0,0.0,0,0.0,0
YNL133C,1,0.0,0.0,0.2210229655571153,6.848159955404208e-05,0.0003713714911057311,80.0,1,0,0.0,0.0,0,0.0,0
YNL260C,3,0.0,0.00012174779577780078,0.2234651437120948,0.000146416762206312,0.00042538397361861996,29.333333333333332,3,0,0.0,0.0,0,0.0,1
YNR009W,2,0.0,9.392106293553818e-05,0.22106920467124858,0.00013009166256578074,0.000371834946787675,41.0,2,0,0.0,0.0,0,0.0,0
YNR013C,2,0.0,3.656966343906745e-05,0.2279236016885561,9.937894833357354e-05,0.0005255449443988027,44.0,2,0,0.0,0.0,0,0.0,0
YNR066C,1,0.0,0.0,0.2210229655571153,6.848159955404208e-05,0.0003713714911057311,80.0,1,0,0.0,0.0,0,0.0,0
YOR198C,4,0.0,0.00010368380764635449,0.23534761655424682,0.0001592726214153963,0.0005757864358157261,25.75,3,2,287.0,559.0,558,1.0,0
YOR230W,1,0.0,0.0,0.2210229655571153,6.848159955404208e-05,0.0003713714911057311,80.0,1,0,0.0,0.0,0,0.0,0
YPL154C,2,0.0,0.00021557413110426748,0.22104608269607118,0.00015154991752909056,0.00037166378619579883,40.5,1,0,0.0,0.0,0,0.0,0
YPR144C,1,0.0,0.0,0.2210229655571153,6.848159955404208e-05,0.0003713714911057311,80.0,1,6,107.0,559.0,558,1.0,1
YLR459W,3,0.0,0.00022723345851875944,0.19707400192625293,0.0001873227010021875,3.656313088292975e-05,3.3333333333333335,2,1,5.0,5.0,4,1.0,1
YDR434W,1,0.0,0.0,0.16363451640719573,8.64438605029446e-05,1.0250998379998998e-06,3.0,1,1,5.0,5.0,4,1.0,1
YDR003W,1,0.0,0.0,0.19507306596429172,6.326827610265748e-05,0.00016095504065390614,6.0,1,0,0.0,0.0,0,0.0,0
YDR314C,2,0.0,2.6692234130483902e-05,0.21793468385224402,0.00010479637534819203,0.00044789004721604254,37.5,2,0,0.0,0.0,0,0.0,0
YML014W,2,0.0,1.0635048551500879e-05,0.19735925635309673,0.00011388615426286195,8.051682241093205e-05,6.0,2,0,0.0,0.0,0,0.0,0
YOL128C,1,0.0,0.0,0.1547104129905301,0.0001001820320327623,2.3959378221997954e-07,3.0,1,0,0.0,0.0,0,0.0,0
YPL208W,3,0.0,0.0003719193558669211,0.21404989078413295,0.00013713197013854992,0.0003765763289059584,4.0,2,0,0.0,0.0,0,0.0,0
YNL046W,1,0.0,0.0,0.20637875071111142,7.273784164132074e-05,5.693309829620924e-05,8.0,1,0,0.0,0.0,0,0.0,0
YML048W,2,0.0,0.00017673755604720158,0.245318815630544,9.286865511476974e-05,0.007056959890245018,91.0,2,0,0.0,0.0,0,0.0,0
YML060W,1,0.0,0.0,0.00021992522542335605,0.00021987686895338611,3.4130130264064307e-22,1.0,1,0,0.0,0.0,0,0.0,0
YOL010W,1,0.0,0.0,0.00021992522542335605,0.00021987686895338611,3.4130130264064307e-22,1.0,1,0,0.0,0.0,0,0.0,1
YFL010C,5,0.0,0.000143331272090191,0.23838718590684524,0.0002086285868395569,0.0007782817965892171,47.0,3,0,0.0,0.0,0,0.0,0
YFL054C,1,0.0,0.0,0.22120803816800674,6.226286463204551e-05,0.00029457887362794476,77.0,1,0,0.0,0.0,0,0.0,0
YHR025W,2,0.0,1.2865422357812615e-05,0.23560998847905645,9.570730568541253e-05,0.0007587176139070899,111.0,2,0,0.0,0.0,0,0.0,0
YHR112C,2,0.0,1.2865422357812615e-05,0.23560998847905645,9.570730568541253e-05,0.0007587176139070899,111.0,2,0,0.0,0.0,0,0.0,0
YKL035W,1,0.0,0.0,0.22120803816800674,6.226286463204551e-05,0.00029457887362794476,77.0,1,0,0.0,0.0,0,0.0,1
YLR070C,1,0.0,0.0,0.22120803816800674,6.226286463204551e-05,0.00029457887362794476,77.0,1,0,0.0,0.0,0,0.0,0
YOR229W,3,0.0,2.895798972339414e-05,0.23014500671426946,0.00013118931855760288,0.0004047638916826346,32.666666666666664,3,0,0.0,0.0,0,0.0,1
YML070W,1,0.0,0.0,0.19759913951261152,5.993212677268011e-05,0.001012153504757688,8.0,1,0,0.0,0.0,0,0.0,0
YML075C,2,0.0,4.348702629186172e-06,0.19233906048936442,0.00014327942926635313,1.6513869328578788e-05,2.0,2,0,0.0,0.0,0,0.0,0
YOR102W,2,0.0,0.00012600177079791553,0.22784988374288573,0.00013164583170102172,0.00021701250180307047,66.0,2,0,0.0,0.0,0,0.0,1
YOL086C,1,0.0,0.0,0.20631830884532987,5.642715888539422e-05,0.0008752550415014169,16.0,1,1,3.0,3.0,2,1.0,0
YPL176C,1,0.0,0.0,0.24182408566361197,5.321482245813443e-05,0.007038421905349339,159.0,1,0,0.0,0.0,0,0.0,0
YML101C,2,0.0,9.159519017249861e-06,0.21699487619047553,0.00011225859431841011,0.0001387638272631494,16.5,2,0,0.0,0.0,0,0.0,0
YML105C,3,0.0,0.0004562259851426556,0.2218233111159419,0.00020967626223261353,0.00015273951562256148,35.666666666666664,2,4,150.25,559.0,579,0.9308496333614213,1
YPR088C,2,0.0,1.570299794946444e-05,0.20855791154656697,0.00012822114702657546,4.9623542747749896e-05,13.0,2,4,150.25,559.0,579,0.9308496333614213,1
YML107C,4,0.0,0.0004662244630662235,0.20300865440249136,0.00026773611931895047,0.00012165405108392001,4.0,2,3,321.3333333333333,559.0,613,0.8374063056435189,0
YIL149C,1,0.0,0.0,0.16770525286915858,9.045593837236782e-05,3.409321132332343e-06,4.0,1,2,309.0,559.0,613,0.8374063056435189,0
YKR095W,1,0.0,0.0,0.16770525286915858,9.045593837236782e-05,3.409321132332343e-06,4.0,1,2,309.0,559.0,613,0.8374063056435189,0
YGR275W,2,0.0,7.066182735159058e-05,0.23303799720555038,9.640487919021371e-05,0.0006024260780284756,60.0,2,3,37.333333333333336,83.0,82,1.0,0
YML125C,2,0.0,0.00021557413110426748,0.21120487649599126,0.0001460124140308388,3.8223604005519526e-05,13.0,1,0,0.0,0.0,0,0.0,1
YLR038C,1,0.0,0.0,0.1732596816410179,9.498842732443119e-05,1.0725175490724267e-06,2.0,1,3,26.333333333333332,56.0,56,0.9707792207792207,0
YML127W,2,0.0,0.002143422789265288,0.1909660790329029,0.00015993101262328432,1.2507189755470577e-05,5.0,1,2,50.0,83.0,82,1.0,1
YGL184C,1,0.0,0.0,0.15940125931720303,0.00010121839851108744,3.5105817466451647e-07,2.0,1,0,0.0,0.0,0,0.0,0
YML130C,1,0.0,0.0,0.15746537992453424,9.845337481787148e-05,3.2859919656934687e-07,2.0,1,0,0.0,0.0,0,0.0,1
YDR384C,1,0.0,0.0,0.17123817830636334,8.019780535607697e-05,2.849911093451546e-06,4.0,1,0,0.0,0.0,0,0.0,0
YMR017W,1,0.0,0.0,0.22796047855216658,6.132933857152708e-05,0.00035651094778653387,68.0,1,0,0.0,0.0,0,0.0,0
YMR018W,1,0.0,0.0,0.1894680708823467,6.3167245267777e-05,1.0871305291784476e-05,9.0,1,0,0.0,0.0,0,0.0,0
YMR019W,1,0.0,0.0,0.2029404260281483,6.459198460823424e-05,0.00022953314959111418,13.0,1,0,0.0,0.0,0,0.0,0
YER137C,1,0.0,0.0,0.1895785429365928,7.155768392731037e-05,1.2651361191319532e-05,6.0,1,0,0.0,0.0,0,0.0,0
YMR041C,1,0.0,0.0,0.1497765207935322,0.00011591867799915572,1.0121019979845542e-06,2.0,1,0,0.0,0.0,0,0.0,0
YAR042W,1,0.0,0.0,0.2278007649320546,7.003576868928307e-05,0.00021654904612112663,130.0,1,1,2.0,2.0,1,0.0,0
YBR008C,1,0.0,0.0,0.2278007649320546,7.003576868928307e-05,0.00021654904612112663,130.0,1,0,0.0,0.0,0,0.0,0
YBR105C,1,0.0,0.0,0.2278007649320546,7.003576868928307e-05,0.00021654904612112663,130.0,1,1,8.0,8.0,7,1.0,0
YBR273C,1,0.0,0.0,0.2278007649320546,7.003576868928307e-05,0.00021654904612112663,130.0,1,0,0.0,0.0,0,0.0,0
YCL039W,1,0.0,0.0,0.2278007649320546,7.003576868928307e-05,0.00021654904612112663,130.0,1,1,8.0,8.0,7,1.0,0
YCR008W,1,0.0,0.0,0.2278007649320546,7.003576868928307e-05,0.00021654904612112663,130.0,1,0,0.0,0.0,0,0.0,0
YDL066W,1,0.0,0.0,0.2278007649320546,7.003576868928307e-05,0.00021654904612112663,130.0,1,0,0.0,0.0,0,0.0,0
YDR423C,1,0.0,0.0,0.2278007649320546,7.003576868928307e-05,0.00021654904612112663,130.0,1,0,0.0,0.0,0,0.0,0
YHL043W,2,0.0,1.1072130840781984e-05,0.22905994652979314,0.00010369145384319506,0.0002884276249747374,67.0,2,0,0.0,0.0,0,0.0,0
YIL055C,1,0.0,0.0,0.2278007649320546,7.003576868928307e-05,0.00021654904612112663,130.0,1,0,0.0,0.0,0,0.0,0
YJR079W,1,0.0,0.0,0.2278007649320546,7.003576868928307e-05,0.00021654904612112663,130.0,1,0,0.0,0.0,0,0.0,0
YKL221W,2,0.0,0.00021557413110426748,0.22782532168998398,0.0001540416548381447,0.00021671983999264994,65.5,1,0,0.0,0.0,0,0.0,0
YLR401C,1,0.0,0.0,0.2278007649320546,7.003576868928307e-05,0.00021654904612112663,130.0,1,0,0.0,0.0,0,0.0,0
YMR157C,1,0.0,0.0,0.2278007649320546,7.003576868928307e-05,0.00021654904612112663,130.0,1,0,0.0,0.0,0,0.0,0
YNL204C,2,0.0,0.0003676632448198075,0.2367714089913888,0.00010045187984138892,0.0006565650213723383,100.0,2,0,0.0,0.0,0,0.0,0
YNL300W,1,0.0,0.0,0.2278007649320546,7.003576868928307e-05,0.00021654904612112663,130.0,1,0,0.0,0.0,0,0.0,0
YNR061C,1,0.0,0.0,0.2278007649320546,7.003576868928307e-05,0.00021654904612112663,130.0,1,0,0.0,0.0,0,0.0,0
YOL111C,4,0.0,0.0008293917395597657,0.2469671746020609,0.00018626257367380472,0.0005046284557164829,66.5,4,2,452.5,559.0,558,1.0,0
YOL146W,2,0.0,0.000961033449526522,0.2279236016885561,0.00012560524186889735,0.00021714981645971183,66.0,2,3,27.0,56.0,56,0.9766233766233766,1
YOL154W,2,0.0,8.171017778010577e-05,0.23638740525218238,9.870340028567359e-05,0.0006360214261685871,71.5,2,0,0.0,0.0,0,0.0,0
YOR064C,2,0.0,0.00025988747823187076,0.2411067932984013,0.00011046956267825542,0.00036777590630612843,116.5,2,2,69.0,133.0,132,1.0,0
YOR251C,1,0.0,0.0,0.2278007649320546,7.003576868928307e-05,0.00021654904612112663,130.0,1,0,0.0,0.0,0,0.0,0
YOR286W,1,0.0,0.0,0.2278007649320546,7.003576868928307e-05,0.00021654904612112663,130.0,1,0,0.0,0.0,0,0.0,0
YOR302W,7,0.047619047619047616,0.00038612235028494236,0.253925459168225,0.0002563313266093475,0.0008139249901845326,31.0,5,0,0.0,0.0,0,0.0,0
YOR344C,2,0.0,6.755639574590901e-05,0.22857685449460702,0.00012391604861651341,0.0002443138929866284,66.5,2,0,0.0,0.0,0,0.0,0
YPL189W,1,0.0,0.0,0.2221730982031155,5.490156017008399e-05,0.0025701814666233653,52.0,1,0,0.0,0.0,0,0.0,0
YNL335W,2,0.0,1.6218138558525066e-05,0.2396033781142947,8.733698247211075e-05,0.0025329305604142073,84.5,2,0,0.0,0.0,0,0.0,0
YMR063W,1,0.0,0.0,0.16333100944063808,9.654811421207603e-05,8.601525593744708e-07,3.0,1,0,0.0,0.0,0,0.0,0
YNL112W,1,0.0,0.0,0.18919668740496276,7.15198238706164e-05,2.3075935806197268e-05,10.0,1,0,0.0,0.0,0,0.0,1
YLR080W,2,0.0,1.9756169361785208e-05,0.20648965282434162,0.0001231041264837824,0.00011394516161416605,7.5,2,0,0.0,0.0,0,0.0,0
YMR097C,1,0.0,0.0,0.17982740665025626,9.701347969751482e-05,1.0420712952316986e-05,2.0,1,0,0.0,0.0,0,0.0,0
YMR101C,1,0.0,0.0,0.19432868343130305,9.872659191938885e-05,2.1763822514029754e-05,2.0,1,0,0.0,0.0,0,0.0,0
YOR154W,2,0.0,1.8322034936094526e-05,0.22835457554372085,0.0001161515372050031,0.00017430813429212505,53.5,2,0,0.0,0.0,0,0.0,0
YMR110C,1,0.0,0.0,0.17448269115848392,8.688975398346576e-05,5.421474709760716e-06,3.0,1,0,0.0,0.0,0,0.0,0
YOL034W,2,0.0,4.274666085099249e-06,0.21904146723917048,9.348403739915917e-05,0.00031367963487127293,19.0,2,1,8.0,8.0,7,1.0,1
YPR145W,2,0.0,7.452518537135483e-06,0.21635067785812934,9.748133402590018e-05,0.00028161859342053675,17.5,2,0,0.0,0.0,0,0.0,0
YMR125W,1,0.0,0.0,0.18993633474046343,8.016660490814165e-05,1.7458563023188714e-05,4.0,1,8,117.125,559.0,619,0.8502282102357388,0
YMR134W,1,0.0,0.0,0.2034581561162105,7.212113262150489e-05,3.236212822126865e-05,6.0,1,0,0.0,0.0,0,0.0,1
YOR279C,1,0.0,0.0,0.1575005847641045,8.186182510085324e-05,6.34163871327675e-07,5.0,1,3,55.0,133.0,132,1.0,0
YDR221W,1,0.0,0.0,0.1567820175561674,9.927066970156448e-05,2.1064122838254834e-07,2.0,1,1,2.0,2.0,1,0.0,0
YMR155W,1,0.0,0.0,0.1995488241579772,6.947525005504622e-05,3.3082512428716246e-05,14.0,1,0,0.0,0.0,0,0.0,0
YPL164C,1,0.0,0.0,0.18406389101699497,7.500556461714769e-05,2.928394529529307e-05,7.0,1,1,2.0,2.0,1,0.0,0
YMR180C,1,0.0,0.0,0.1836719764182972,6.817726843458514e-05,1.0497887526954947e-05,11.0,1,0,0.0,0.0,0,0.0,0
YMR182C,2,0.0,3.2283952583191874e-05,0.18253770916022943,0.00011426243832894959,7.505638373772106e-06,5.5,2,0,0.0,0.0,0,0.0,0
YPR133W-A,2,1.0,0.0,0.18837878569009148,0.0001055216264966756,1.665999037375966e-05,8.5,2,4,10.5,18.0,18,0.9281045751633987,0
YMR204C,2,0.0,0.00013112794755580303,0.22917171943798922,0.0001009505180974115,0.0003830023100023376,35.5,2,0,0.0,0.0,0,0.0,0
YMR209C,1,0.0,0.0,0.19432868343130305,9.872659191938885e-05,2.1763822514029754e-05,2.0,1,0,0.0,0.0,0,0.0,0
YMR213W,2,0.0,3.818536338431293e-05,0.2304084597064199,9.837092148330095e-05,0.0003930537327258948,39.5,2,3,219.33333333333334,559.0,558,1.0,1
YMR215W,1,0.0,0.0,0.20203829612897437,6.700782145062144e-05,3.2192604772704666e-05,10.0,1,0,0.0,0.0,0,0.0,0
YMR226C,2,0.0,0.0002025622957434944,0.22945785751665346,0.00012102398315508219,0.000464521306522184,73.5,2,2,452.5,559.0,558,1.0,0
YNL308C,3,0.0,2.2218286107883366e-05,0.20688381348510954,0.00012846632492643774,9.263512702369523e-05,14.333333333333334,3,0,0.0,0.0,0,0.0,1
YMR242C,1,0.0,0.0,0.00021992522542335605,0.00021987686895338611,3.4130130264064307e-22,1.0,1,6,258.8333333333333,559.0,589,0.9439786101197695,0
YLR366W,1,0.0,0.0,0.00021992522542335605,0.00021987686895338611,3.4130130264064307e-22,1.0,1,0,0.0,0.0,0,0.0,0
YNL096C,2,0.0,0.00025039610543752645,0.22138182544986504,0.0001350654241277379,0.00015140436015143507,52.5,2,8,204.625,559.0,589,0.9439786101197695,0
YHR136C,2,0.0,1.0225233003027016e-05,0.18433681610616107,0.00013033491343826387,6.9244470302914385e-06,5.0,2,0,0.0,0.0,0,0.0,0
YOR046C,3,0.0,3.2103416504776246e-05,0.19711076260559005,0.0001523118563605349,2.025324995248759e-05,4.333333333333333,2,3,211.0,559.0,613,0.8374063056435189,1
YMR258C,1,0.0,0.0,0.00021992522542335605,0.00021987686895338611,3.4130130264064307e-22,1.0,1,0,0.0,0.0,0,0.0,0
YIL019W,1,0.0,0.0,0.00021992522542335605,0.00021987686895338611,3.4130130264064307e-22,1.0,1,0,0.0,0.0,0,0.0,1
YMR260C,2,0.0,0.00021557413110426748,0.1344458536631023,0.0002030686331819454,1.645918993894661e-08,2.0,1,5,240.0,559.0,589,0.9439786101197695,1
YGR156W,1,0.0,0.0,0.11799573427821654,0.00012011270245180513,4.633959285914438e-10,2.0,1,2,17.5,20.0,19,1.0,1
YGL083W,1,0.0,0.0,0.16893857687107405,9.091100074389997e-05,1.052576896071228e-05,2.0,1,0,0.0,0.0,0,0.0,0
YMR280C,1,0.0,0.0,0.2163949825072581,6.378900550311768e-05,0.00017845558379083303,31.0,1,0,0.0,0.0,0,0.0,0
YAL053W,2,1.0,0.0,0.23120245013205737,8.230414470185207e-05,0.001775182362063806,50.5,2,0,0.0,0.0,0,0.0,0
YMR317W,2,0.0,1.4008232792851214e-05,0.22460509024466088,0.00010008065665557999,0.0008735974901746171,30.0,2,0,0.0,0.0,0,0.0,0
YMR318C,1,0.0,0.0,0.2233234634814959,5.8741272982891993e-05,0.0008279697532270829,54.0,1,0,0.0,0.0,0,0.0,0
YMR326C,1,0.0,0.0,0.2233234634814959,5.8741272982891993e-05,0.0008279697532270829,54.0,1,0,0.0,0.0,0,0.0,0
YNL244C,3,0.3333333333333333,2.8165261903585803e-05,0.17840803618581264,0.00015925623482187937,6.448847118622863e-06,5.333333333333333,2,6,53.166666666666664,266.0,267,0.9854129706288193,1
YPR041W,3,0.3333333333333333,7.043944038508653e-05,0.1777852026630609,0.00016594716369503718,6.368142261305287e-06,5.333333333333333,2,8,180.0,559.0,591,0.9376925062376322,1
YPR199C,1,0.0,0.0,0.00021992522542335605,0.00021987686895338611,3.4130130264064307e-22,1.0,1,0,0.0,0.0,0,0.0,0
YNL007C,1,0.0,0.0,0.1877011942499344,7.943328405353221e-05,1.1524301648892791e-05,3.0,1,4,282.5,559.0,558,1.0,1
YNL015W,2,0.0,0.00014970705769266676,0.23195100660233073,0.00010394022539064491,0.0006349627805283356,62.0,2,1,2.0,2.0,1,0.0,0
YNL019C,1,0.0,0.0,0.00021992522542335605,0.00021987686895338611,3.4130130264064307e-22,1.0,1,0,0.0,0.0,0,0.0,0
YLR001C,1,0.0,0.0,0.00021992522542335605,0.00021987686895338611,3.4130130264064307e-22,1.0,1,0,0.0,0.0,0,0.0,0
YNL056W,2,1.0,0.0,0.20443234635878665,0.00011700071161685965,5.116115051905901e-05,5.5,2,1,6.0,6.0,5,1.0,0
YNL093W,1,0.0,0.0,0.20053340892467372,7.664431325028645e-05,3.450154221821181e-05,5.0,1,0,0.0,0.0,0,0.0,0
YNL034W,1,0.0,0.0,0.19928539336700957,6.03742932078175e-05,0.0004084774416281547,7.0,1,0,0.0,0.0,0,0.0,0
YNL037C,2,0.0,1.142982882275051e-05,0.21291775102328597,0.00010699761639254137,0.00013564331764254892,11.5,2,1,2.0,2.0,1,0.0,0
YNL039W,5,0.0,0.00039461517939877515,0.21202062566785077,0.0002517377287879598,0.00019683774285297973,5.2,3,3,110.33333333333333,195.0,255,0.7764397097421646,1
YNL045W,1,0.0,0.0,0.18290896158701256,9.665395137315038e-05,2.3415925777862443e-05,2.0,1,0,0.0,0.0,0,0.0,0
YNL049C,1,0.0,0.0,0.1863440988103105,6.491723994310174e-05,2.8660495572503525e-05,11.0,1,2,22.0,34.0,33,1.0,0
YDL072C,2,0.0,0.00021557413110426748,0.20031482836426107,0.00013319475699035964,0.0004163299805219046,7.5,1,0,0.0,0.0,0,0.0,0
YJR035W,1,0.0,0.0,0.20821887651794446,5.871526415754355e-05,0.0003298299603681319,14.0,1,1,2.0,2.0,1,0.0,0
YGR005C,2,0.0,0.00015272061837572363,0.23593877718751174,0.00011006628190728593,0.00023812409616815047,66.0,2,5,83.8,195.0,265,0.7373070325900515,1
YHR081W,1,0.0,0.0,0.21764292226529391,6.963248791831358e-05,8.689723598314869e-05,29.0,1,3,52.333333333333336,131.0,136,0.9196078431372549,0
YIL024C,1,0.0,0.0,0.21764292226529391,6.963248791831358e-05,8.689723598314869e-05,29.0,1,0,0.0,0.0,0,0.0,0
YJR097W,1,0.0,0.0,0.21764292226529391,6.963248791831358e-05,8.689723598314869e-05,29.0,1,0,0.0,0.0,0,0.0,0
YKL153W,1,0.0,0.0,0.21764292226529391,6.963248791831358e-05,8.689723598314869e-05,29.0,1,0,0.0,0.0,0,0.0,1
YML037C,1,0.0,0.0,0.21764292226529391,6.963248791831358e-05,8.689723598314869e-05,29.0,1,0,0.0,0.0,0,0.0,0
YOR004W,1,0.0,0.0,0.21764292226529391,6.963248791831358e-05,8.689723598314869e-05,29.0,1,2,302.5,559.0,558,1.0,1
YOR040W,2,0.0,2.8918425061204936e-05,0.2177101825039543,0.0001275968881973215,0.00010874688591708152,16.0,2,0,0.0,0.0,0,0.0,0
YNL095C,1,0.0,0.0,0.00021992522542335605,0.00021987686895338611,3.4130130264064307e-22,1.0,1,0,0.0,0.0,0,0.0,0
YHR199C,1,0.0,0.0,0.00021992522542335605,0.00021987686895338611,3.4130130264064307e-22,1.0,1,0,0.0,0.0,0,0.0,0
YJL003W,1,0.0,0.0,0.1923565665474776,6.802908287473059e-05,0.0001527891151533891,14.0,1,0,0.0,0.0,0,0.0,0
YNL063W,1,0.0,0.0,0.1923565665474776,6.802908287473059e-05,0.0001527891151533891,14.0,1,0,0.0,0.0,0,0.0,0
YNL107W,1,0.0,0.0,0.18249830289341018,7.758909455491201e-05,8.640285036758702e-06,4.0,1,4,60.5,133.0,209,0.5794994479205006,0
YBL037W,1,0.0,0.0,0.20382115890222166,6.664365121925068e-05,0.0001989070841651426,35.0,1,5,33.6,95.0,104,0.8676250933532487,0
YBL054W,1,0.0,0.0,0.20382115890222166,6.664365121925068e-05,0.0001989070841651426,35.0,1,0,0.0,0.0,0,0.0,0
YJR023C,1,0.0,0.0,0.20382115890222166,6.664365121925068e-05,0.0001989070841651426,35.0,1,0,0.0,0.0,0,0.0,1
YKL133C,1,0.0,0.0,0.20382115890222166,6.664365121925068e-05,0.0001989070841651426,35.0,1,0,0.0,0.0,0,0.0,0
YOL151W,3,0.0,5.0587924348353206e-05,0.21055258746272842,0.00016425574939661492,0.0002097218151554363,13.333333333333334,2,0,0.0,0.0,0,0.0,0
YOR093C,1,0.0,0.0,0.20382115890222166,6.664365121925068e-05,0.0001989070841651426,35.0,1,0,0.0,0.0,0,0.0,0
YPR160W,1,0.0,0.0,0.20382115890222166,6.664365121925068e-05,0.0001989070841651426,35.0,1,0,0.0,0.0,0,0.0,0
YNL142W,1,0.0,0.0,0.19478540061356098,8.90689663493091e-05,2.1960214554422094e-05,3.0,1,0,0.0,0.0,0,0.0,0
YPR190C,2,1.0,0.0,0.16833976635127934,0.0001307923294137342,8.036177585512267e-07,4.0,2,4,60.75,195.0,199,0.9538094512968884,1
YNL165W,1,0.0,0.0,0.21044775669973975,6.400206877184353e-05,0.00020115192476813045,25.0,1,0,0.0,0.0,0,0.0,0
YDR368W,1,0.0,0.0,0.19647855684071366,6.236140981067309e-05,0.0005752003507657179,5.0,1,0,0.0,0.0,0,0.0,0
YNL178W,2,0.0,6.948235048159941e-05,0.20479883682902625,0.00012919874166066817,3.1457412731506036e-05,4.0,2,9,179.77777777777777,559.0,589,0.9439786101197695,1
YNL180C,1,0.0,0.0,0.1866485557411584,7.333792870958111e-05,1.6659608300847198e-05,6.0,1,0,0.0,0.0,0,0.0,0
YNL183C,2,0.0,8.40400339416613e-06,0.21175508207576138,9.453610906751125e-05,0.00018205241574212176,7.5,2,0,0.0,0.0,0,0.0,0
YNL188W,1,0.0,0.0,0.16128064687554458,8.245676566877258e-05,3.8307432440224e-06,3.0,1,3,20.333333333333332,32.0,31,1.0,1
YBR035C,1,0.0,0.0,0.229283601481653,6.642597139637493e-05,0.0004641387402791451,145.0,1,0,0.0,0.0,0,0.0,0
YCL028W,1,0.0,0.0,0.229283601481653,6.642597139637493e-05,0.0004641387402791451,145.0,1,0,0.0,0.0,0,0.0,1
YDL185W2,1,0.0,0.0,0.229283601481653,6.642597139637493e-05,0.0004641387402791451,145.0,1,0,0.0,0.0,0,0.0,0
YDR428C,2,0.0,3.118366914033396e-05,0.23232072074938293,0.00010909003530376965,0.00048079881943434937,74.5,2,0,0.0,0.0,0,0.0,0
YDR487C,1,0.0,0.0,0.229283601481653,6.642597139637493e-05,0.0004641387402791451,145.0,1,0,0.0,0.0,0,0.0,1
YEL046C,2,0.0,0.00021557413110426748,0.2293084789949695,0.00014821026899493144,0.0004645040968709576,73.0,1,0,0.0,0.0,0,0.0,0
YER010C,2,0.0,0.0021434227892652875,0.2293084789949695,0.00014821026899493144,0.0004645040968709576,73.0,1,0,0.0,0.0,0,0.0,0
YER057C,1,0.0,0.0,0.229283601481653,6.642597139637493e-05,0.0004641387402791451,145.0,1,0,0.0,0.0,0,0.0,0
YGR088W,1,0.0,0.0,0.229283601481653,6.642597139637493e-05,0.0004641387402791451,145.0,1,1,2.0,2.0,1,0.0,0
YHR018C,1,0.0,0.0,0.229283601481653,6.642597139637493e-05,0.0004641387402791451,145.0,1,0,0.0,0.0,0,0.0,0
YJL052W,1,0.0,0.0,0.229283601481653,6.642597139637493e-05,0.0004641387402791451,145.0,1,0,0.0,0.0,0,0.0,0
YKL069W,1,0.0,0.0,0.229283601481653,6.642597139637493e-05,0.0004641387402791451,145.0,1,0,0.0,0.0,0,0.0,0
YLR209C,1,0.0,0.0,0.229283601481653,6.642597139637493e-05,0.0004641387402791451,145.0,1,0,0.0,0.0,0,0.0,0
YMR239C,1,0.0,0.0,0.229283601481653,6.642597139637493e-05,0.0004641387402791451,145.0,1,3,78.33333333333333,131.0,130,1.0,1
YOL058W,1,0.0,0.0,0.229283601481653,6.642597139637493e-05,0.0004641387402791451,145.0,1,0,0.0,0.0,0,0.0,0
YOR155C,3,0.0,0.00022882191441772848,0.23211659491017422,0.00016605289582432607,0.0005116673734571276,58.666666666666664,2,0,0.0,0.0,0,0.0,0
YPR062W,1,0.0,0.0,0.229283601481653,6.642597139637493e-05,0.0004641387402791451,145.0,1,0,0.0,0.0,0,0.0,0
YAL055W,2,0.0,2.3342789312726678e-05,0.21990755909236112,9.474231582566088e-05,0.0005607925980506151,52.0,2,0,0.0,0.0,0,0.0,0
YBR209W,2,0.0,0.00042700859549605437,0.2326147814272342,0.00010383143548408613,0.0005912428354362134,86.5,2,0,0.0,0.0,0,0.0,0
YCR089W,1,0.0,0.0,0.21590862712950262,6.339764149511377e-05,0.0004400159752512117,70.0,1,0,0.0,0.0,0,0.0,0
YDR248C,2,0.0,2.3342789312726678e-05,0.21990755909236112,9.474231582566088e-05,0.0005607925980506151,52.0,2,0,0.0,0.0,0,0.0,0
YJL121C,1,0.0,0.0,0.21590862712950262,6.339764149511377e-05,0.0004400159752512117,70.0,1,0,0.0,0.0,0,0.0,0
YJL196C,1,0.0,0.0,0.21590862712950262,6.339764149511377e-05,0.0004400159752512117,70.0,1,0,0.0,0.0,0,0.0,0
YJL214W,1,0.0,0.0,0.21590862712950262,6.339764149511377e-05,0.0004400159752512117,70.0,1,0,0.0,0.0,0,0.0,0
YNL087W,1,0.0,0.0,0.21590862712950262,6.339764149511377e-05,0.0004400159752512117,70.0,1,0,0.0,0.0,0,0.0,0
YNL200C,1,0.0,0.0,0.21590862712950262,6.339764149511377e-05,0.0004400159752512117,70.0,1,0,0.0,0.0,0,0.0,0
YBL046W,1,0.0,0.0,0.20791161796922147,6.397240115192397e-05,0.0002113839969356872,14.0,1,1,3.0,3.0,2,1.0,0
YNL212W,1,0.0,0.0,0.1711688342639618,7.411358137744532e-05,1.6415234014677906e-06,6.0,1,1,10.0,10.0,9,1.0,0
YPL075W,2,0.0,3.1572409854345234e-05,0.22904753404759254,9.75548241097635e-05,0.0013393428165552187,41.5,2,3,90.66666666666667,195.0,194,1.0,1
YNL219C,1,0.0,0.0,0.16282138649130481,0.0001000357311363876,5.20470103600085e-07,2.0,1,0,0.0,0.0,0,0.0,0
YNL220W,1,0.0,0.0,0.1852578538444194,9.570987429557347e-05,1.3021575155640208e-05,2.0,1,0,0.0,0.0,0,0.0,0
YLR411W,1,0.0,0.0,0.15955168327473473,9.496701067158604e-05,2.401620204490005e-06,3.0,1,0,0.0,0.0,0,0.0,0
YPL066W,2,0.0,1.599745486657487e-06,0.22318196279181968,8.421465637740167e-05,0.0008961421184956083,16.5,2,0,0.0,0.0,0,0.0,0
YNL234W,2,0.0,3.7705394380288185e-05,0.21735194082965356,0.0001047535295793824,5.673146807540517e-05,24.0,2,0,0.0,0.0,0,0.0,0
YOR153W,1,0.0,0.0,0.19660650231705068,6.249715242238219e-05,0.00015291513076900857,20.0,1,0,0.0,0.0,0,0.0,0
YIR027C,1,0.0,0.0,0.17753131980823525,8.686181027023826e-05,2.7764846865501797e-05,3.0,1,0,0.0,0.0,0,0.0,0
YBL052C,1,0.0,0.0,0.16936503559379223,8.174225916768356e-05,1.5852206715757274e-06,7.0,1,2,69.0,133.0,132,1.0,0
YER074W-A,1,0.0,0.0,0.19618673443092471,6.810110659752774e-05,1.3255620604098721e-05,7.0,1,0,0.0,0.0,0,0.0,1
YNL119W,2,0.0,1.032797814468088e-06,0.23201466644605737,7.592122284600407e-05,0.0038353275939841435,70.0,2,0,0.0,0.0,0,0.0,0
YNL289W,2,1.0,0.0,0.23543938023251115,8.240288873911034e-05,0.0035301921760572297,77.0,2,4,11.75,25.0,30,0.7655172413793103,0
YPL065W,2,0.0,4.359571537575377e-06,0.23472030171669664,7.815307167219704e-05,0.0031541142504910224,63.5,2,1,4.0,4.0,3,1.0,0
YNL277W,3,0.0,0.00012278479642753546,0.20558575842968252,0.00015213653040682836,8.828235270101863e-05,7.0,2,0,0.0,0.0,0,0.0,0
YNL279W,1,0.0,0.0,0.1899534061349215,7.432091401569593e-05,4.5627736947534215e-05,6.0,1,0,0.0,0.0,0,0.0,0
YPL245W,2,0.0,8.1204543617059e-05,0.19465084933521865,0.00015777452285512845,2.1922936186899366e-05,2.0,2,0,0.0,0.0,0,0.0,0
YPL010W,1,0.0,0.0,0.18381575095952482,6.979182852071458e-05,8.904254677987009e-06,6.0,1,6,30.166666666666668,95.0,107,0.8236642567448422,1
YBL087C,1,0.0,0.0,0.23004480207435904,5.461502846977804e-05,0.0033600833187814694,91.0,1,6,258.8333333333333,559.0,589,0.9439786101197695,0
YNL068C,1,0.0,0.0,0.23004480207435904,5.461502846977804e-05,0.0033600833187814694,91.0,1,0,0.0,0.0,0,0.0,0
YPL047W,1,0.0,0.0,0.23004480207435904,5.461502846977804e-05,0.0033600833187814694,91.0,1,2,76.5,133.0,132,1.0,0
YNL314W,1,0.0,0.0,0.2163949825072581,6.378900550311768e-05,0.00017845558379083303,31.0,1,0,0.0,0.0,0,0.0,0
YNL316C,1,0.0,0.0,0.00029323363389780805,0.00017455574289270312,5.919699652058258e-21,2.0,1,0,0.0,0.0,0,0.0,0
YNL321W,1,0.0,0.0,0.18566472780964038,9.722666794918683e-05,2.0800504771048115e-05,5.0,1,0,0.0,0.0,0,0.0,0
YGL203C,1,0.0,0.0,0.21882600917965794,5.6544402061967994e-05,0.0009472126088367228,47.0,1,0,0.0,0.0,0,0.0,0
YNL327W,1,0.0,0.0,0.19206812347499763,6.351938392597069e-05,9.927386398815524e-05,8.0,1,0,0.0,0.0,0,0.0,0
YNR004W,1,0.0,0.0,0.16319227803228728,0.00011556817011253894,6.265286866410157e-07,2.0,1,0,0.0,0.0,0,0.0,0
YPL157W,2,0.0,0.00021557413110426748,0.1964329023754193,0.00019060238470747917,2.2278997912041303e-05,2.5,1,0,0.0,0.0,0,0.0,0
YNR024W,1,0.0,0.0,0.22695678658259627,7.094984144000024e-05,0.000252612784322674,101.0,1,2,452.5,559.0,558,1.0,0
YJL045W,1,0.0,0.0,0.18803519699783233,7.936861642130242e-05,2.2523292343467103e-05,7.0,1,0,0.0,0.0,0,0.0,0
YNR030W,1,0.0,0.0,0.2218931803934208,5.5715814117077115e-05,0.001613528116316915,17.0,1,0,0.0,0.0,0,0.0,0
YNL292W,1,0.0,0.0,0.18787639760486588,8.1661025595746e-05,1.4558015727394254e-05,3.0,1,0,0.0,0.0,0,0.0,0
YNR065C,1,0.0,0.0,0.00021992522542335605,0.00021987686895338611,3.4130130264064307e-22,1.0,1,0,0.0,0.0,0,0.0,0
YLR174W,1,0.0,0.0,0.00021992522542335605,0.00021987686895338611,3.4130130264064307e-22,1.0,1,0,0.0,0.0,0,0.0,0
YNR075W,1,0.0,0.0,0.00029323363389780805,0.00017455574289270312,5.919699652058258e-21,2.0,1,0,0.0,0.0,0,0.0,0
YLL012W,2,0.0,0.0,0.0004398504508467121,0.00031051912107475194,8.37171953311446e-21,1.0,1,0,0.0,0.0,0,0.0,0
YGR233C,1,0.0,0.0,0.18416814924466354,8.467762967198707e-05,3.728748414530917e-05,3.0,1,0,0.0,0.0,0,0.0,0
YKL003C,1,0.0,0.0,0.21539152024634495,5.923272098013569e-05,0.0005009117316132879,32.0,1,9,161.77777777777777,559.0,593,0.9319709675949136,0
YOR044W,1,0.0,0.0,0.21539152024634495,5.923272098013569e-05,0.0005009117316132879,32.0,1,0,0.0,0.0,0,0.0,0
YOL015W,3,0.0,6.526573495940571e-06,0.20951934139557216,0.00013350689696876023,0.00031829007213898504,5.333333333333333,3,0,0.0,0.0,0,0.0,0
YJR003C,1,0.0,0.0,0.1569625011442784,9.075801957115668e-05,1.1941800643351943e-06,3.0,1,0,0.0,0.0,0,0.0,1
YLR412W,1,0.0,0.0,0.1765819941226667,9.637374731373514e-05,4.137302775077274e-06,2.0,1,0,0.0,0.0,0,0.0,0
YOL039W,1,0.0,0.0,0.16967778063161948,8.908724994748133e-05,1.04951189497128e-06,3.0,1,6,258.8333333333333,559.0,589,0.9439786101197695,0
YOL056W,1,0.0,0.0,0.00021992522542335605,0.00021987686895338611,3.4130130264064307e-22,1.0,1,0,0.0,0.0,0,0.0,0
YLR387C,1,0.0,0.0,0.00021992522542335605,0.00021987686895338611,3.4130130264064307e-22,1.0,1,0,0.0,0.0,0,0.0,0
YER163C,1,0.0,0.0,0.17733022291132208,7.55627130140991e-05,4.441909941846425e-06,7.0,1,0,0.0,0.0,0,0.0,0
YOL063C,1,0.0,0.0,0.20144131884450617,6.668821763990571e-05,3.0045633914051572e-05,11.0,1,0,0.0,0.0,0,0.0,0
YOL065C,2,0.0,2.448225602999638e-05,0.19913517352842142,0.0001265435866401011,2.3959459605439223e-05,13.0,2,0,0.0,0.0,0,0.0,0
YOL085C,1,0.0,0.0,0.16479563309736336,0.0001012321874890702,8.473283558116263e-07,2.0,1,0,0.0,0.0,0,0.0,0
YOL094C,1,0.0,0.0,0.00021992522542335605,0.00021987686895338611,3.4130130264064307e-22,1.0,1,7,16.285714285714285,56.0,60,0.8497175141242937,1
YNL290W,1,0.0,0.0,0.00021992522542335605,0.00021987686895338611,3.4130130264064307e-22,1.0,1,7,16.285714285714285,56.0,60,0.8497175141242937,1
YOL095C,1,0.0,0.0,0.19432868343130305,9.872659191938885e-05,2.1763822514029754e-05,2.0,1,0,0.0,0.0,0,0.0,0
YBR248C,1,0.0,0.0,0.17918704452559553,9.430508390389261e-05,6.425634900335598e-06,2.0,1,0,0.0,0.0,0,0.0,0
YOL104C,2,0.0,8.900467332594694e-06,0.20897034623593577,0.00010040103754989081,0.00025054381084988825,7.0,2,0,0.0,0.0,0,0.0,0
YOL107W,2,0.0,5.4155950555407484e-05,0.18852161782767374,0.00014530758345413208,6.925707871691167e-05,4.0,2,0,0.0,0.0,0,0.0,0
YOL110W,1,0.0,0.0,0.15432630593721103,0.00011913098241074591,5.564068267099412e-07,2.0,1,1,2.0,2.0,1,0.0,0
YGR174C,1,0.0,0.0,0.18563211213501418,6.685563835504826e-05,3.3416924241543284e-05,8.0,1,0,0.0,0.0,0,0.0,0
YOL117W,1,0.0,0.0,0.1757669325230486,9.558200775529289e-05,3.8796073882918784e-06,2.0,1,1,6.0,6.0,5,1.0,0
YOL126C,1,0.0,0.0,0.21370358427191835,7.15937907437567e-05,0.00013225457678512983,28.0,1,0,0.0,0.0,0,0.0,0
YOL144W,1,0.0,0.0,0.19830369192185188,7.370560386810961e-05,2.82560012245224e-05,9.0,1,1,5.0,5.0,4,1.0,1
YOL152W,2,0.0,0.00043114826220853495,0.2212891049324262,0.0001611542662766692,0.00015134623570651137,52.5,1,0,0.0,0.0,0,0.0,0
YOL153C,1,0.0,0.0,0.21355242728814597,6.281523934849358e-05,0.0002346705495935389,23.0,1,0,0.0,0.0,0,0.0,0
YOL159C,1,0.0,0.0,0.21370358427191835,7.15937907437567e-05,0.00013225457678512983,28.0,1,0,0.0,0.0,0,0.0,0
YOR002W,6,0.06666666666666667,8.884761886545216e-05,0.20695471960998202,0.00023637984749615634,0.00023450320324120303,5.333333333333333,3,0,0.0,0.0,0,0.0,0
YOR003W,1,0.0,0.0,0.00021992522542335605,0.00021987686895338611,3.4130130264064307e-22,1.0,1,0,0.0,0.0,0,0.0,0
YKL201C,1,0.0,0.0,0.00021992522542335605,0.00021987686895338611,3.4130130264064307e-22,1.0,1,0,0.0,0.0,0,0.0,0
YFR016C,1,0.0,0.0,0.16345101288918304,0.00010198328896687418,7.724598549937188e-07,3.0,1,0,0.0,0.0,0,0.0,0
YOR018W,1,0.0,0.0,0.00021992522542335605,0.00021987686895338611,3.4130130264064307e-22,1.0,1,0,0.0,0.0,0,0.0,0
YMR178W,1,0.0,0.0,0.00021992522542335605,0.00021987686895338611,3.4130130264064307e-22,1.0,1,0,0.0,0.0,0,0.0,0
YDR191W,1,0.0,0.0,0.19913517352842142,6.0130353760289544e-05,0.00024326936121905624,11.0,1,2,47.5,83.0,82,1.0,0
YPL200W,2,0.0,9.677834086208383e-06,0.20548581396763604,0.00010414342769363128,0.0003075650220348544,7.0,2,0,0.0,0.0,0,0.0,0
YOR037W,4,0.0,0.00039126774642576646,0.22607066338526358,0.0002066880980393948,0.0002391747254916737,31.25,2,0,0.0,0.0,0,0.0,0
YLL010C,1,0.0,0.0,0.20154697660281676,6.360971850232065e-05,0.00017344496163692854,10.0,1,1,2.0,2.0,1,0.0,0
YOR050C,1,0.0,0.0,0.17707021881422114,9.056316767014165e-05,7.594560251147043e-06,3.0,1,0,0.0,0.0,0,0.0,0
YOR054C,1,0.0,0.0,0.00029323363389780805,0.00017455574289270312,5.919699652058258e-21,2.0,1,0,0.0,0.0,0,0.0,0
YMR195W,1,0.0,0.0,0.18590153464899825,8.238295303129525e-05,2.1343612410141267e-05,5.0,1,0,0.0,0.0,0,0.0,0
YOR065W,1,0.0,0.0,0.1648727695640782,9.979583735642404e-05,6.99368990826519e-07,2.0,1,2,33.0,56.0,55,1.0,0
YOR067C,11,0.0,0.0005751786489901367,0.24165817810955764,0.0003549497588955455,0.005233005476737451,16.818181818181817,6,0,0.0,0.0,0,0.0,0
YLR034C,1,0.0,0.0,0.20227033513491283,5.949840260652595e-05,0.00016906865610607355,11.0,1,0,0.0,0.0,0,0.0,0
YIL094C,1,0.0,0.0,0.16868911654684413,9.654201657094036e-05,2.741213046625129e-06,2.0,1,0,0.0,0.0,0,0.0,0
YFL055W,1,0.0,0.0,0.18964658979335394,7.020842722200719e-05,3.170425005117847e-05,5.0,1,0,0.0,0.0,0,0.0,0
YNL320W,1,0.0,0.0,0.16550543064780424,8.528943291909776e-05,8.059471659908775e-06,3.0,1,0,0.0,0.0,0,0.0,0
YOR095C,1,0.0,0.0,0.00029323363389780805,0.00017455574289270312,5.919699652058258e-21,2.0,1,0,0.0,0.0,0,0.0,1
YMR075W,1,0.0,0.0,0.16943292553470451,9.364535674567624e-05,4.298587379401157e-06,2.0,1,4,44.5,133.0,133,0.9859876965140123,0
YOR103C,1,0.0,0.0,0.15876063676811422,7.653711373776075e-05,8.544602864411703e-07,9.0,1,2,19.0,29.0,28,1.0,1
YOR108W,1,0.0,0.0,0.19349247852205417,8.349654819704948e-05,6.197636917581796e-05,5.0,1,0,0.0,0.0,0,0.0,0
YML129C,1,0.0,0.0,0.18068837657907377,8.864887387449076e-05,4.370042776813019e-06,5.0,1,1,3.0,3.0,2,1.0,0
YJL008C,1,0.0,0.0,0.17250308914476892,7.409712708215976e-05,4.6405427385603696e-06,7.0,1,3,9.666666666666666,11.0,12,0.9090909090909091,1
YOR119C,1,0.0,0.0,0.16318597765864692,9.684887928139137e-05,1.0157944509078206e-05,2.0,1,0,0.0,0.0,0,0.0,1
YOR131C,1,0.0,0.0,0.1798427091568852,0.00010136178754318199,1.0428927780999627e-05,3.0,1,0,0.0,0.0,0,0.0,0
YDR443C,2,1.0,0.0,0.22738410852193625,9.275019040067464e-05,0.0013704589076202827,41.0,2,4,46.75,133.0,172,0.7451380388956889,0
YGR281W,1,0.0,0.0,0.2134338110136474,5.33359601501742e-05,0.0011301414025270743,34.0,1,0,0.0,0.0,0,0.0,0
YOR146W,1,0.0,0.0,0.2133045616327348,5.655697342706681e-05,0.0010150770402015171,24.0,1,0,0.0,0.0,0,0.0,1
YOR148C,1,0.0,0.0,0.1594613948509553,0.00010351416933627438,8.985632331814576e-07,3.0,1,6,156.5,559.0,619,0.8502282102357388,1
YER090W,1,0.0,0.0,0.1870864069983744,7.983294651648401e-05,1.434473760319779e-05,3.0,1,1,2.0,2.0,1,0.0,0
YOR158W,5,0.1,0.0005046582105262589,0.23344986155496925,0.0001979315371760688,0.000536241027508386,21.4,4,9,161.77777777777777,559.0,593,0.9319709675949136,0
YOR173W,1,0.0,0.0,0.21123654139501613,6.544779818809076e-05,0.00028644019312928183,20.0,1,3,192.33333333333334,559.0,558,1.0,0
YCL034W,1,0.0,0.0,0.20924966303536005,6.047005105182425e-05,0.00031492201590300665,22.0,1,0,0.0,0.0,0,0.0,0
YDR344C,1,0.0,0.0,0.15975671605239522,9.808665357883455e-05,3.75329244756358e-06,2.0,1,0,0.0,0.0,0,0.0,0
YOR221C,1,0.0,0.0,0.18428859405799936,9.80355191372321e-05,6.0801311524785e-06,2.0,1,0,0.0,0.0,0,0.0,0
YOR226C,2,0.0,5.2397701259055334e-05,0.20382115890222166,0.00013162568409354758,5.074950639943259e-05,3.0,2,0,0.0,0.0,0,0.0,0
YIL014W,1,0.0,0.0,0.1968262255326786,6.268490493722297e-05,0.00013962160484971652,7.0,1,0,0.0,0.0,0,0.0,0
YOR236W,1,0.0,0.0,0.18988513896290535,6.819973969364581e-05,5.1375342430061325e-05,8.0,1,0,0.0,0.0,0,0.0,1
YOR172W,1,0.0,0.0,0.18533908591222806,7.996011089826233e-05,2.4028874984330315e-05,4.0,1,0,0.0,0.0,0,0.0,0
YOR245C,3,0.0,0.00029662083315147727,0.21167024855096764,0.00016311581642946876,0.00029129787780219707,5.0,2,0,0.0,0.0,0,0.0,0
YDR211W,1,0.0,0.0,0.18327378022435387,8.187153225113112e-05,2.9575806050854932e-05,3.0,1,5,63.2,266.0,270,0.9641470466749277,1
YFR022W,1,0.0,0.0,0.21331532643523962,6.669436832262821e-05,0.0011077294076494743,32.0,1,0,0.0,0.0,0,0.0,0
YHR067W,1,0.0,0.0,0.21331532643523962,6.669436832262821e-05,0.0011077294076494743,32.0,1,0,0.0,0.0,0,0.0,0
YJL055W,1,0.0,0.0,0.21331532643523962,6.669436832262821e-05,0.0011077294076494743,32.0,1,0,0.0,0.0,0,0.0,0
YMR014W,1,0.0,0.0,0.21331532643523962,6.669436832262821e-05,0.0011077294076494743,32.0,1,0,0.0,0.0,0,0.0,0
YOL043C,1,0.0,0.0,0.21331532643523962,6.669436832262821e-05,0.0011077294076494743,32.0,1,0,0.0,0.0,0,0.0,0
YEL019C,1,0.0,0.0,0.19759913951261152,5.993212677268011e-05,0.001012153504757688,8.0,1,1,8.0,8.0,7,1.0,1
YOR273C,1,0.0,0.0,0.00021992522542335605,0.00021987686895338611,3.4130130264064307e-22,1.0,1,0,0.0,0.0,0,0.0,0
YEL072W,1,0.0,0.0,0.00021992522542335605,0.00021987686895338611,3.4130130264064307e-22,1.0,1,0,0.0,0.0,0,0.0,0
YOR274W,1,0.0,0.0,0.1852578538444194,9.570987429557347e-05,1.3021575155640208e-05,2.0,1,0,0.0,0.0,0,0.0,0
YOR282W,1,0.0,0.0,0.12536981145823142,0.00012453172818232769,1.2549407973755284e-09,2.0,1,0,0.0,0.0,0,0.0,1
YOR285W,7,0.0,0.000536453085696098,0.2252034308335166,0.0003312549598107038,0.0002191599784647779,6.857142857142857,3,0,0.0,0.0,0,0.0,0
YNL208W,1,0.0,0.0,0.1825692464285709,7.336293842055809e-05,6.147132842980891e-06,7.0,1,2,452.5,559.0,558,1.0,0
YPR085C,2,0.0,0.003002199736031676,0.2050372638037484,0.00014766032576892294,4.537364778886191e-05,12.5,1,0,0.0,0.0,0,0.0,1
YDR387C,1,0.0,0.0,0.17176703483884398,8.0471670078506e-05,4.555208326606917e-06,3.0,1,0,0.0,0.0,0,0.0,0
YKR017C,1,0.0,0.0,0.16847396043342794,9.930959653356097e-05,9.316843246827896e-07,2.0,1,0,0.0,0.0,0,0.0,0
YOR298W,1,0.0,0.0,0.16307894568904174,9.735831428061005e-05,1.1758179559042204e-06,2.0,1,0,0.0,0.0,0,0.0,0
YGL234W,2,0.0,0.0021472773968526588,0.19626872182922886,0.00015176794233540418,4.188793315661302e-05,10.0,1,0,0.0,0.0,0,0.0,0
YOR299W,15,0.0,0.0013419792420022658,0.24533305434524774,0.0006215544799121133,0.0016975341697364553,6.333333333333333,4,2,5.5,6.0,5,1.0,0
YKR070W,1,0.0,0.0,0.19557853013669593,6.8366632393271e-05,4.759565106010623e-05,15.0,1,0,0.0,0.0,0,0.0,0
YNL246W,2,0.0,0.00021557413110426748,0.19559663087988308,0.00015127805740170933,4.763311881416919e-05,8.0,1,1,2.0,2.0,1,0.0,1
YOR301W,1,0.0,0.0,0.00021992522542335605,0.00021987686895338611,3.4130130264064307e-22,1.0,1,0,0.0,0.0,0,0.0,0
YOR305W,1,0.0,0.0,0.1759352005541841,8.503176409075609e-05,3.920195448650528e-06,3.0,1,0,0.0,0.0,0,0.0,0
YOR307C,1,0.0,0.0,0.1604175943418829,9.485911079502887e-05,8.838893688330692e-07,6.0,1,0,0.0,0.0,0,0.0,0
YOR341W,2,0.0,1.9686400154144317e-06,0.192768878246649,0.00011716160180395672,3.673775489422496e-05,4.5,2,3,77.33333333333333,195.0,194,1.0,1
YMR271C,1,0.0,0.0,0.19246166985312235,9.405966917210877e-05,0.00019636144869626052,3.0,1,0,0.0,0.0,0,0.0,0
YOR354C,1,0.0,0.0,0.1907764575426193,7.107526308911104e-05,3.006705910587394e-05,16.0,1,0,0.0,0.0,0,0.0,0
YOR378W,1,0.0,0.0,0.00021992522542335605,0.00021987686895338611,3.4130130264064307e-22,1.0,1,0,0.0,0.0,0,0.0,0
YDR327W,1,0.0,0.0,0.00021992522542335605,0.00021987686895338611,3.4130130264064307e-22,1.0,1,0,0.0,0.0,0,0.0,1
YOR383C,1,0.0,0.0,0.18709468808933574,6.781463930973856e-05,1.0290542098402474e-05,7.0,1,0,0.0,0.0,0,0.0,0
YOR385W,1,0.0,0.0,0.21214832329423172,6.567757583619282e-05,0.00010770935787404913,15.0,1,0,0.0,0.0,0,0.0,0
YOR393W,1,0.0,0.0,0.20493785179705565,6.952373854587682e-05,4.533789023154926e-05,23.0,1,1,5.0,5.0,4,1.0,0
YPL005W,2,0.0,5.811221333145005e-06,0.21757570357308245,0.00011188393110625727,6.766603931183406e-05,7.5,2,0,0.0,0.0,0,0.0,0
YPL007C,1,0.0,0.0,0.1940610253576178,6.526064064478555e-05,1.5395163263351993e-05,14.0,1,2,69.5,133.0,132,1.0,1
YGR161C,1,0.0,0.0,0.2254075935001212,6.07942191288813e-05,0.0013232905344029296,74.0,1,0,0.0,0.0,0,0.0,0
YHL028W,1,0.0,0.0,0.2254075935001212,6.07942191288813e-05,0.0013232905344029296,74.0,1,0,0.0,0.0,0,0.0,0
YJL101C,1,0.0,0.0,0.2254075935001212,6.07942191288813e-05,0.0013232905344029296,74.0,1,0,0.0,0.0,0,0.0,0
YJR142W,1,0.0,0.0,0.2254075935001212,6.07942191288813e-05,0.0013232905344029296,74.0,1,0,0.0,0.0,0,0.0,0
YML122C,1,0.0,0.0,0.2254075935001212,6.07942191288813e-05,0.0013232905344029296,74.0,1,0,0.0,0.0,0,0.0,0
YMR306W,1,0.0,0.0,0.2254075935001212,6.07942191288813e-05,0.0013232905344029296,74.0,1,1,4.0,4.0,3,1.0,0
YOL119C,1,0.0,0.0,0.2254075935001212,6.07942191288813e-05,0.0013232905344029296,74.0,1,0,0.0,0.0,0,0.0,0
YOL122C,1,0.0,0.0,0.2254075935001212,6.07942191288813e-05,0.0013232905344029296,74.0,1,0,0.0,0.0,0,0.0,0
YPL036W,2,0.0,1.1346610210937631e-05,0.169405763028106,0.00015575607528215578,7.453182840245855e-07,2.5,2,1,4.0,4.0,3,1.0,0
YPL040C,1,0.0,0.0,0.1889936594372579,8.046961536242573e-05,1.489369150390979e-05,3.0,1,0,0.0,0.0,0,0.0,0
YER180C-A,1,0.0,0.0,0.20998773875077117,5.7172389627602955e-05,0.00031936769048979905,33.0,1,0,0.0,0.0,0,0.0,0
YPL061W,1,0.0,0.0,0.17380826486756334,7.593483617739151e-05,5.5182680906195905e-06,5.0,1,0,0.0,0.0,0,0.0,0
YPL068C,1,0.0,0.0,0.19706481389874927,7.257451279664189e-05,2.13346360376459e-05,5.0,1,0,0.0,0.0,0,0.0,0
YDR502C,2,0.0,2.5391323859151968e-05,0.20707638611181037,0.0001120470957190802,5.049274807848251e-05,16.0,2,0,0.0,0.0,0,0.0,0
YHR144C,1,0.0,0.0,0.20533607934487602,6.445300911409559e-05,4.712612289836253e-05,30.0,1,0,0.0,0.0,0,0.0,0
YPL074W,1,0.0,0.0,0.19641464652947366,9.366255800300982e-05,2.2261374643083808e-05,4.0,1,0,0.0,0.0,0,0.0,0
YPL095C,4,0.6666666666666666,4.174986625125231e-06,0.22142821485223285,0.00015823485145290337,0.00019215862439160488,11.5,4,0,0.0,0.0,0,0.0,0
YPL096C-A,1,0.0,0.0,0.1923565665474776,6.802908287473059e-05,0.0001527891151533891,14.0,1,1,6.0,6.0,5,1.0,0
YPL096W,1,0.0,0.0,0.00021992522542335605,0.00021987686895338611,3.4130130264064307e-22,1.0,1,1,2.0,2.0,1,0.0,0
YBR204C,1,0.0,0.0,0.00021992522542335605,0.00021987686895338611,3.4130130264064307e-22,1.0,1,0,0.0,0.0,0,0.0,0
YMR133W,1,0.0,0.0,0.17577424183117532,9.973568780823178e-05,4.385164486458709e-06,2.0,1,0,0.0,0.0,0,0.0,0
YPL118W,2,0.0,4.3994720633523975e-07,0.0004398504508467121,0.00031051912107475194,8.37171953311446e-21,1.0,1,9,161.77777777777777,559.0,593,0.9319709675949136,0
YDR333C,1,0.0,0.0,0.00029323363389780805,0.00017455574289270312,5.919699652058258e-21,2.0,1,0,0.0,0.0,0,0.0,0
YGR244C,1,0.0,0.0,0.00029323363389780805,0.00017455574289270312,5.919699652058258e-21,2.0,1,1,2.0,2.0,1,0.0,1
YPL125W,2,0.0,1.9130603042036637e-05,0.20292094062958585,0.00011167642209568534,0.00012006008227903713,5.5,2,1,59.0,59.0,58,1.0,1
YPL126W,1,0.0,0.0,0.16586262726864984,8.969418369027637e-05,1.1678095262628207e-05,2.0,1,5,141.4,559.0,641,0.7740542121684867,1
YPL130W,2,0.0,0.00021556531452698622,0.18170592353685294,0.0001803389863637314,6.533920901626182e-06,2.5,1,0,0.0,0.0,0,0.0,0
YKL047W,1,0.0,0.0,0.1528972035924859,0.0001106969466127244,1.8336824035488272e-07,2.0,1,0,0.0,0.0,0,0.0,0
YPL150W,1,0.0,0.0,0.00021992522542335605,0.00021987686895338611,3.4130130264064307e-22,1.0,1,0,0.0,0.0,0,0.0,0
YNL253W,1,0.0,0.0,0.00021992522542335605,0.00021987686895338611,3.4130130264064307e-22,1.0,1,2,5.0,7.0,6,1.0,0
YPL163C,1,0.0,0.0,0.17628005643983122,8.281759669162314e-05,2.870918719599104e-06,3.0,1,0,0.0,0.0,0,0.0,0
YDL142C,1,0.0,0.0,0.22857685449460702,5.490070938082129e-05,0.0025490393945079323,50.0,1,0,0.0,0.0,0,0.0,0
YPL190C,1,0.0,0.0,0.18375182338452692,0.00010265545288907382,7.095157266001616e-06,3.0,1,0,0.0,0.0,0,0.0,1
YJL024C,1,0.0,0.0,0.189493553004316,7.412853794622738e-05,8.404054151106083e-05,3.0,1,3,40.0,95.0,94,1.0,0
YPL207W,1,0.0,0.0,0.18401581163753908,9.936895376279819e-05,6.056412168669026e-06,2.0,1,0,0.0,0.0,0,0.0,1
YAR069C,1,0.0,0.0,0.19581410142287933,7.140118611987823e-05,0.00019964604359267812,5.0,1,0,0.0,0.0,0,0.0,0
YPL216W,1,0.0,0.0,0.1463639043358244,0.0001034327598236471,7.77229217525263e-08,4.0,1,0,0.0,0.0,0,0.0,0
YPL220W,1,0.0,0.0,0.20591626605516017,7.168185047131577e-05,8.181902576990826e-05,5.0,1,6,258.8333333333333,559.0,589,0.9439786101197695,0
YPL221W,1,0.0,0.0,0.00021992522542335605,0.00021987686895338611,3.4130130264064307e-22,1.0,1,0,0.0,0.0,0,0.0,0
YBR012C,1,0.0,0.0,0.00021992522542335605,0.00021987686895338611,3.4130130264064307e-22,1.0,1,0,0.0,0.0,0,0.0,0
YIR042C,1,0.0,0.0,0.19010718689009054,6.437452926865884e-05,2.6784442470321538e-05,10.0,1,0,0.0,0.0,0,0.0,0
YPL244C,2,0.0,8.841087889365894e-06,0.19320945254441985,0.00012094415759919826,5.3180176553117757e-05,8.0,2,0,0.0,0.0,0,0.0,0
YPL263C,1,0.0,0.0,0.17574500824557285,7.013535250796338e-05,1.8645859889798938e-05,5.0,1,0,0.0,0.0,0,0.0,0
YPL266W,1,0.0,0.0,0.1865167766884773,8.540246601048876e-05,7.319578828781646e-06,3.0,1,0,0.0,0.0,0,0.0,1
YOR233W,1,0.0,0.0,0.21465863558550977,5.227986601456973e-05,0.002133217929463216,27.0,1,0,0.0,0.0,0,0.0,1
YDR494W,1,0.0,0.0,0.1585878960460088,0.00010385284200991604,8.481949015937932e-07,2.0,1,4,254.25,559.0,558,1.0,0
YPR001W,1,0.0,0.0,0.15676457342707684,0.00010468277641868129,6.111905507851924e-07,4.0,1,0,0.0,0.0,0,0.0,0
YDR460W,1,0.0,0.0,0.1829564642390284,7.497665124296102e-05,1.8676453024872883e-05,4.0,1,11,47.36363636363637,195.0,266,0.7317349978720386,1
YGR087C,1,0.0,0.0,0.1806574857167275,9.035941048790148e-05,2.749852542291965e-05,2.0,1,0,0.0,0.0,0,0.0,0
YPR033C,3,0.0,5.585228992107969e-05,0.20054292324876752,0.00016244839489779465,4.915129652083101e-05,4.0,2,0,0.0,0.0,0,0.0,1
YPR037C,2,0.0,0.00016204034907664418,0.21381168462311056,0.0001329625321155398,0.00013239012283996522,15.5,2,0,0.0,0.0,0,0.0,0
YPR058W,1,0.0,0.0,0.1626146729240285,9.700413502852326e-05,1.3352594643888197e-06,2.0,1,0,0.0,0.0,0,0.0,0
YPR063C,1,0.0,0.0,0.1791718533896093,8.142539094406786e-05,5.029614907914936e-06,3.0,1,0,0.0,0.0,0,0.0,0
YPR071W,1,0.0,0.0,0.18324199910323288,8.798546331746383e-05,2.3469467568798957e-05,3.0,1,0,0.0,0.0,0,0.0,0
YDR337W,1,0.0,0.0,0.20273601579520711,6.592399885893796e-05,0.00013258401915208196,6.0,1,9,161.77777777777777,559.0,593,0.9319709675949136,0
YBL020W,1,0.0,0.0,0.22124277379294807,7.341532433198027e-05,0.00015122686018500178,103.0,1,0,0.0,0.0,0,0.0,1
YDL086W,1,0.0,0.0,0.22124277379294807,7.341532433198027e-05,0.00015122686018500178,103.0,1,0,0.0,0.0,0,0.0,0
YEL011W,1,0.0,0.0,0.22124277379294807,7.341532433198027e-05,0.00015122686018500178,103.0,1,0,0.0,0.0,0,0.0,0
YER076C,1,0.0,0.0,0.22124277379294807,7.341532433198027e-05,0.00015122686018500178,103.0,1,0,0.0,0.0,0,0.0,0
YGR053C,1,0.0,0.0,0.22124277379294807,7.341532433198027e-05,0.00015122686018500178,103.0,1,0,0.0,0.0,0,0.0,0
YGR204W,1,0.0,0.0,0.22124277379294807,7.341532433198027e-05,0.00015122686018500178,103.0,1,0,0.0,0.0,0,0.0,0
YGR291C,1,0.0,0.0,0.22124277379294807,7.341532433198027e-05,0.00015122686018500178,103.0,1,0,0.0,0.0,0,0.0,0
YJL066C,1,0.0,0.0,0.22124277379294807,7.341532433198027e-05,0.00015122686018500178,103.0,1,0,0.0,0.0,0,0.0,0
YJL079C,1,0.0,0.0,0.22124277379294807,7.341532433198027e-05,0.00015122686018500178,103.0,1,0,0.0,0.0,0,0.0,0
YKL134C,1,0.0,0.0,0.22124277379294807,7.341532433198027e-05,0.00015122686018500178,103.0,1,0,0.0,0.0,0,0.0,0
YKL208W,1,0.0,0.0,0.22124277379294807,7.341532433198027e-05,0.00015122686018500178,103.0,1,0,0.0,0.0,0,0.0,0
YLL022C,1,0.0,0.0,0.22124277379294807,7.341532433198027e-05,0.00015122686018500178,103.0,1,2,68.0,133.0,132,1.0,0
YLR201C,1,0.0,0.0,0.22124277379294807,7.341532433198027e-05,0.00015122686018500178,103.0,1,0,0.0,0.0,0,0.0,0
YML019W,1,0.0,0.0,0.22124277379294807,7.341532433198027e-05,0.00015122686018500178,103.0,1,2,19.0,29.0,28,1.0,0
YMR184W,1,0.0,0.0,0.22124277379294807,7.341532433198027e-05,0.00015122686018500178,103.0,1,0,0.0,0.0,0,0.0,0
YMR193W,1,0.0,0.0,0.22124277379294807,7.341532433198027e-05,0.00015122686018500178,103.0,1,7,202.14285714285714,559.0,589,0.9439786101197695,0
YMR315W,1,0.0,0.0,0.22124277379294807,7.341532433198027e-05,0.00015122686018500178,103.0,1,0,0.0,0.0,0,0.0,0
YOL066C,1,0.0,0.0,0.22124277379294807,7.341532433198027e-05,0.00015122686018500178,103.0,1,0,0.0,0.0,0,0.0,1
YOL147C,1,0.0,0.0,0.22124277379294807,7.341532433198027e-05,0.00015122686018500178,103.0,1,0,0.0,0.0,0,0.0,0
YOR074C,1,0.0,0.0,0.22124277379294807,7.341532433198027e-05,0.00015122686018500178,103.0,1,0,0.0,0.0,0,0.0,1
YOR079C,1,0.0,0.0,0.22124277379294807,7.341532433198027e-05,0.00015122686018500178,103.0,1,0,0.0,0.0,0,0.0,0
YPL097W,1,0.0,0.0,0.22124277379294807,7.341532433198027e-05,0.00015122686018500178,103.0,1,0,0.0,0.0,0,0.0,0
YPR157W,1,0.0,0.0,0.22124277379294807,7.341532433198027e-05,0.00015122686018500178,103.0,1,0,0.0,0.0,0,0.0,0
YPR133C,1,0.0,0.0,0.1855832101033664,9.657442078246279e-05,2.072121133477217e-05,2.0,1,1,19.0,19.0,18,1.0,1
YPR103W,1,0.0,0.0,0.2163949825072581,6.378900550311768e-05,0.00017845558379083303,31.0,1,7,21.142857142857142,46.0,48,0.9485815602836879,1
YPR104C,2,0.0,2.0636766364776567e-05,0.22628851615794596,9.946645480448095e-05,0.0001619389964917936,16.0,2,1,5.0,5.0,4,1.0,1
YPR106W,2,0.0,7.320448674637011e-06,0.18696227854362496,0.00012336832978616924,9.13325987365415e-06,5.0,2,0,0.0,0.0,0,0.0,0
YPR108W,1,0.0,0.0,0.1584274060462621,0.00010411417759149634,1.2444885486554467e-06,2.0,1,6,25.666666666666668,46.0,48,0.9547872340425532,1
YPR015C,1,0.0,0.0,0.23281978481488697,5.3306558523165116e-05,0.004407861312580055,108.0,1,0,0.0,0.0,0,0.0,1
YIL090W,1,0.0,0.0,0.22800966627005465,5.336264618800643e-05,0.0038495804014173278,84.0,1,0,0.0,0.0,0,0.0,0
YOL054W,1,0.0,0.0,0.22800966627005465,5.336264618800643e-05,0.0038495804014173278,84.0,1,0,0.0,0.0,0,0.0,0
YPR154W,19,0.0,0.00697012827322773,0.24639132575425668,0.0007974686124619226,0.0014922681385237714,7.473684210526316,5,0,0.0,0.0,0,0.0,0
YLR450W,1,0.0,0.0,0.1962504964859445,6.872420149471058e-05,4.1854910863602855e-05,19.0,1,1,3.0,3.0,2,1.0,0
YNR033W,1,0.0,0.0,0.1962504964859445,6.872420149471058e-05,4.1854910863602855e-05,19.0,1,0,0.0,0.0,0,0.0,0
YOR063W,1,0.0,0.0,0.1962504964859445,6.872420149471058e-05,4.1854910863602855e-05,19.0,1,6,258.8333333333333,559.0,589,0.9439786101197695,1
YDR358W,1,0.0,0.0,0.20332114066642326,6.432620467355503e-05,0.00012077662279940346,34.0,1,0,0.0,0.0,0,0.0,0
YLR018C,1,0.0,0.0,0.20332114066642326,6.432620467355503e-05,0.00012077662279940346,34.0,1,1,59.0,59.0,58,1.0,0
YLR165C,1,0.0,0.0,0.20332114066642326,6.432620467355503e-05,0.00012077662279940346,34.0,1,0,0.0,0.0,0,0.0,0
YPR169W,1,0.0,0.0,0.1804723621243445,6.68996572682648e-05,2.716468316533692e-05,7.0,1,0,0.0,0.0,0,0.0,1
YPR174C,3,0.0,0.0002421411917967362,0.21607418430192582,0.00017035557745629637,0.0004755598532289496,10.0,2,0,0.0,0.0,0,0.0,0
YIL119C,1,0.0,0.0,0.17652299825910517,8.126403574321458e-05,1.3342211838542181e-05,3.0,1,0,0.0,0.0,0,0.0,0
YPR201W,1,0.0,0.0,0.00021992522542335605,0.00021987686895338611,3.4130130264064307e-22,1.0,1,0,0.0,0.0,0,0.0,0
