protein,degree,clustering_coeff,betweenness,closeness,pagerank,eigenvector_centrality,avg_neighbor_degree,k_core,n_complexes,mean_complex_size,max_complex_size,co_complex_degree,co_complex_clustering,label
YDL106C,4,0.0,0.004006240165086937,0.17654380685188847,0.00040170618753363174,2.3435804474896979e-07,9.25,3,0,0.0,0.0,0,0.0,0
YKR099W,3,0.0,0.0016809585601157166,0.17607376614732276,0.00030687826878702786,1.7459534379298448e-05,13.0,3,0,0.0,0.0,0,0.0,0
YKL205W,5,0.1,0.0033264134873411174,0.1559989570592347,0.0005855855005480832,6.999311684360809e-07,6.8,3,3,74.0,131.0,130,1.0,1
YNR034W,1,0.0,0.0,0.13145579492748288,0.00016258307989894287,8.748773734413021e-09,5.0,1,0,0.0,0.0,0,0.0,0
YGL035C,5,0.1,0.0018681062965071314,0.18324754336001642,0.00040598176631416623,2.927562530340939e-07,10.6,4,0,0.0,0.0,0,0.0,0
YBR112C,9,0.08333333333333333,0.00499290178188839,0.18347349594122483,0.0007882949838913636,1.8293747146989923e-05,7.444444444444445,4,4,68.75,195.0,195,0.989796457837695,1
YNL172W,10,1.0,0.0,0.14305111861079955,0.00048434460212762537,2.4715261016438964e-07,10.7,10,4,25.0,58.0,57,1.0,1
YKL022C,12,0.6818181818181818,0.0014650736241291784,0.15088423715565322,0.000629182428959143,2.4761745466314873e-07,9.416666666666666,10,4,25.0,58.0,57,1.0,1
YHR166C,13,0.5769230769230769,0.0024198693544614444,0.15479532401387083,0.0007009734801767657,2.839140246011397e-07,8.846153846153847,10,4,25.0,58.0,57,1.0,1
YBL084C,10,1.0,0.0,0.14305111861079955,0.00048434460212762537,2.4715261016438964e-07,10.7,10,5,22.2,58.0,67,0.7503392130257802,1
YBR195C,1,0.0,0.0,0.000390625,0.0004241151896855187,7.84526137315919e-34,1.0,1,5,23.0,83.0,86,0.9124487004103967,0
YML102W,1,0.0,0.0,0.000390625,0.0004241151896855187,7.84526137315919e-34,1.0,1,4,25.75,83.0,86,0.9124487004103967,0
YNL259C,1,0.0,0.0,0.000390625,0.0004241151896855187,7.84526137315919e-34,1.0,1,0,0.0,0.0,0,0.0,0
YDR270W,1,0.0,0.0,0.000390625,0.0004241151896855187,7.84526137315919e-34,1.0,1,0,0.0,0.0,0,0.0,0
YBR010W,17,0.22058823529411764,0.010623975116137819,0.18347349594122483,0.0012747258870160001,1.791173795600926e-05,8.647058823529411,7,3,8.333333333333334,11.0,14,0.6043956043956044,0
YLR442C,7,0.2857142857142857,0.0038496810640708486,0.1806885309147946,0.0005507166747501303,4.649113751356864e-07,13.0,5,4,27.25,83.0,90,0.8404494382022472,0
YBR009C,21,0.1380952380952381,0.00800101546482283,0.18177380255522754,0.0017421956411812767,1.770930209963436e-05,6.428571428571429,7,3,8.333333333333334,11.0,14,0.6043956043956044,1
YDR227W,9,0.05555555555555555,0.005300805663011408,0.18257301252556238,0.0008531113900542129,8.932210241444741e-07,8.666666666666666,4,4,27.25,83.0,90,0.8404494382022472,0
YNL216W,6,0.0,0.0016466692933621674,0.16630008964328957,0.0006299988907440893,2.1911046550539955e-08,9.166666666666666,3,1,11.0,11.0,10,1.0,1
YDR225W,9,0.75,7.491606416205966e-05,0.1631546109740497,0.0006351126870568894,4.867189883949691e-07,9.88888888888889,7,2,9.5,11.0,10,1.0,0
YDR224C,12,0.42424242424242425,0.003943489629890412,0.17359168408516432,0.0008448478169868382,4.941728694654365e-07,10.166666666666666,7,3,7.333333333333333,11.0,12,0.696969696969697,1
YLR182W,6,0.13333333333333333,0.003492669365570444,0.15376886518256977,0.0006341087821106874,9.4068213690978e-09,4.5,3,4,68.5,195.0,194,1.0,1
YER111C,4,0.3333333333333333,0.0009385092064769608,0.15733228147854436,0.0003707360663840607,4.594897156803913e-08,6.75,3,3,90.66666666666667,195.0,194,1.0,0
YPR119W,5,0.0,0.005024339976455308,0.16299078617069832,0.00035993060171985656,2.220536754625307e-06,18.0,3,3,12.333333333333334,25.0,24,1.0,0
YPL204W,4,0.5,0.0009937812318658419,0.12992534835916467,0.00047786828435661166,1.2084105337012651e-10,3.75,3,4,17.75,55.0,61,0.7934426229508197,1
YGL019W,7,0.38095238095238093,0.0022050235311019267,0.14548717204432493,0.0006883965969808596,2.574083951106067e-10,4.0,4,3,6.0,8.0,9,0.7777777777777778,0
YDR085C,3,0.0,0.000676529864674118,0.17471272627201567,0.00028320272052485953,4.5300902719944266e-07,11.333333333333334,3,0,0.0,0.0,0,0.0,0
YHR107C,13,0.08974358974358974,0.00472246676607929,0.1865013643722582,0.001027917180089889,4.9741922803644774e-08,8.538461538461538,5,4,23.25,73.0,72,1.0,1
YDR218C,1,0.0,0.0,0.1520664335292114,0.0001298357191175613,5.797885695981432e-09,15.0,1,3,29.333333333333332,73.0,72,1.0,0
YDL030W,12,0.015151515151515152,0.007472488407038368,0.18207036428061588,0.0012941526451172515,8.910136199507551e-07,3.9166666666666665,4,11,92.45454545454545,559.0,621,0.8449742870500234,1
YDR477W,15,0.11428571428571428,0.007887044273819052,0.1907042681298729,0.0011208301769792231,7.865436322314142e-07,7.4,5,6,6.0,16.0,15,1.0,0
YNL257C,1,0.0,0.0,0.1552664402173913,0.00012716502295666797,1.0001988900182131e-08,15.0,1,0,0.0,0.0,0,0.0,0
YER032W,9,0.027777777777777776,0.0077241112687196425,0.19587144169591927,0.0008641039067288591,1.8415707797163015e-05,11.555555555555555,4,0,0.0,0.0,0,0.0,0
YDR195W,4,0.0,0.00414259421046251,0.173137211529138,0.00043511873708268527,1.77121920048642e-05,16.75,3,3,17.333333333333332,20.0,22,0.9264069264069265,0
YLR240W,1,0.0,0.0,0.000390625,0.0004241151896855187,7.84526137315919e-34,1.0,1,2,4.0,4.0,4,0.8333333333333334,1
YBR097W,1,0.0,0.0,0.000390625,0.0004241151896855187,7.84526137315919e-34,1.0,1,3,34.333333333333336,95.0,98,0.9206816747317483,0
YGL086W,5,0.0,0.001644074306304636,0.15537452684476158,0.00047505003325226626,8.65322362610547e-10,6.8,3,2,30.5,59.0,58,1.0,0
YGL116W,4,0.0,0.0016729329931562586,0.15857584924511545,0.00037967888197969993,4.038108325860989e-08,4.75,3,4,23.25,58.0,60,0.9045197740112995,1
YLR178C,4,0.5,3.3823374137593247e-06,0.16227974756884486,0.0002933403663986382,1.3944034655627743e-06,14.25,4,0,0.0,0.0,0,0.0,0
YJL061W,6,0.13333333333333333,0.0005853843676840324,0.17654380685188847,0.0004523150035945616,5.70182392084357e-07,13.166666666666666,4,5,18.8,59.0,59,0.9812974868497955,1
YFR002W,10,0.24444444444444444,0.001773555914022792,0.17514115375183914,0.0007362902463932259,1.9345134765249523e-05,9.2,5,4,23.25,59.0,59,0.9812974868497955,1
YGR119C,21,0.1523809523809524,0.0016181450027348537,0.18233065071990198,0.0012916591734782913,3.7237128416820054e-05,10.285714285714286,6,3,29.0,59.0,59,0.9812974868497955,1
YGL172W,20,0.18421052631578946,0.006343201235014015,0.1950796528460614,0.001194964145530648,5.4404293909053585e-05,13.15,6,3,29.0,59.0,59,0.9812974868497955,1
YPR141C,6,0.3333333333333333,0.002052192433093691,0.15468804145369489,0.0005248879193404147,5.192356860035072e-10,10.5,4,6,28.833333333333332,73.0,94,0.687256920613132,0
YMR198W,3,0.3333333333333333,0.0004546240846271231,0.156889909717951,0.0002729390251669605,6.824055294268623e-10,11.333333333333334,3,7,25.571428571428573,73.0,95,0.6736842105263158,1
YFR034C,11,0.12727272727272726,0.010486212196252231,0.18787500657617848,0.0007011423487925673,7.97638602211295e-07,19.272727272727273,6,0,0.0,0.0,0,0.0,0
YBR119W,5,0.0,0.0006022569124356757,0.16182382295631684,0.0006155334058400802,4.913230097606201e-09,3.4,2,6,127.5,559.0,558,1.0,0
YLR223C,2,0.0,0.00029400858928506156,0.17104742432225312,0.00024353597750430037,9.978743429727497e-09,17.5,2,5,48.8,131.0,134,0.9495006172146785,1
YLR449W,1,0.0,0.0,0.13556784317819454,0.00016894919376035113,6.763388243838706e-11,5.0,1,0,0.0,0.0,0,0.0,0
YNL227C,2,0.0,0.0002243548889766164,0.16953703593809344,0.00027135355581047057,2.432535684958949e-07,26.0,2,3,356.0,559.0,558,1.0,0
YML016C,7,0.047619047619047616,0.0018306263381669043,0.16499390708741454,0.0008437086280312866,8.916099807870177e-09,7.285714285714286,3,0,0.0,0.0,0,0.0,0
YDR110W,5,0.0,0.0042300784913331755,0.17609113042406313,0.0005263502187390573,1.0298467918515409e-07,13.2,3,0,0.0,0.0,0,0.0,0
YIL061C,29,0.0,0.01835749471407627,0.19990641093819975,0.003155292513265698,6.956402180121524e-07,4.241379310344827,4,12,90.16666666666667,559.0,624,0.8370374943408652,1
YCR101C,1,0.0,0.0,0.16131213863040925,0.00015648813599912942,8.711141968935895e-09,29.0,1,0,0.0,0.0,0,0.0,0
YFR039C,1,0.0,0.0,0.16131213863040925,0.00015648813599912942,8.711141968935895e-09,29.0,1,0,0.0,0.0,0,0.0,0
YGR203W,1,0.0,0.0,0.16131213863040925,0.00015648813599912942,8.711141968935895e-09,29.0,1,0,0.0,0.0,0,0.0,0
YLR017W,1,0.0,0.0,0.16131213863040925,0.00015648813599912942,8.711141968935895e-09,29.0,1,0,0.0,0.0,0,0.0,0
YLR213C,1,0.0,0.0,0.16131213863040925,0.00015648813599912942,8.711141968935895e-09,29.0,1,0,0.0,0.0,0,0.0,0
YMR009W,1,0.0,0.0,0.16131213863040925,0.00015648813599912942,8.711141968935895e-09,29.0,1,0,0.0,0.0,0,0.0,0
YMR044W,1,0.0,0.0,0.16131213863040925,0.00015648813599912942,8.711141968935895e-09,29.0,1,3,30.0,83.0,82,1.0,0
YOR275C,2,0.0,0.00010919776994072776,0.16603720127394458,0.00025773380907616165,9.025392550068047e-09,15.5,2,0,0.0,0.0,0,0.0,0
YLR153C,1,0.0,0.0,0.16131213863040925,0.00015648813599912942,8.711141968935895e-09,29.0,1,0,0.0,0.0,0,0.0,1
YNR016C,1,0.0,0.0,0.16131213863040925,0.00015648813599912942,8.711141968935895e-09,29.0,1,0,0.0,0.0,0,0.0,1
YNL199C,4,0.0,0.0019834494492741643,0.17965228518965692,0.00042876504562713565,5.753453124650071e-08,16.0,3,3,90.66666666666667,195.0,194,1.0,0
YHR079C,2,0.0,0.00044152997250722175,0.16968203577877033,0.0002193940106488824,1.2307153740788647e-08,20.5,2,0,0.0,0.0,0,0.0,0
YBL063W,1,0.0,0.0,0.16131213863040925,0.00015648813599912942,8.711141968935895e-09,29.0,1,5,26.6,73.0,73,0.974124809741248,0
YFL016C,3,0.3333333333333333,0.0018839346235722252,0.16739139987812882,0.0003187453186220717,8.79877395103759e-09,13.0,3,0,0.0,0.0,0,0.0,0
YHR023W,4,0.0,0.001103677126816269,0.1762127763248791,0.0004334558269661564,2.2793758889425128e-07,10.5,3,4,28.5,73.0,72,1.0,1
YER105C,6,0.06666666666666667,0.0036909477580973037,0.18588008145950446,0.00041810995990583007,5.398010094413106e-07,23.833333333333332,4,3,32.0,59.0,59,0.9812974868497955,0
YOR346W,1,0.0,0.0,0.16131213863040925,0.00015648813599912942,8.711141968935895e-09,29.0,1,1,3.0,3.0,2,1.0,0
YOL004W,11,0.07272727272727272,0.005213817539781428,0.1756062217250197,0.0012866700169730134,2.055006434590849e-08,6.636363636363637,4,11,43.18181818181818,195.0,256,0.7707720588235294,0
YPL016W,15,0.3523809523809524,0.011738114749366412,0.19656143356450903,0.0009378010157500726,3.7639992693880754e-07,16.733333333333334,9,6,64.5,195.0,269,0.6211507518171225,1
YBR117C,1,0.0,0.0,0.16131213863040925,0.00015648813599912942,8.711141968935895e-09,29.0,1,0,0.0,0.0,0,0.0,0
YER172C,11,0.12727272727272726,0.010661211931555815,0.19503703577280176,0.0010767434912294514,1.79654543865819e-05,13.818181818181818,4,10,105.5,559.0,619,0.8502282102357388,1
YPL215W,2,0.0,0.0004210290176324854,0.16795824122848274,0.00025656523221716167,1.1806105349908095e-08,23.0,2,0,0.0,0.0,0,0.0,0
YDL013W,4,0.0,0.00240196165848636,0.18309721723748976,0.0004209148567931697,1.748217446146204e-05,22.5,4,2,30.0,58.0,57,1.0,1
YMR240C,5,0.1,0.0009027150205942542,0.17609113042406313,0.0004641964590343394,4.61842495466906e-07,8.2,4,7,109.28571428571429,559.0,561,0.9900942195059842,1
YLR090W,1,0.0,0.0,0.1454397705058239,0.0001427218974150874,5.776106864827195e-09,5.0,1,0,0.0,0.0,0,0.0,0
YOR319W,2,0.0,0.0003313794450957405,0.14295949259407525,0.00026197780994625534,8.525465313075354e-09,6.0,1,7,109.28571428571429,559.0,561,0.9900942195059842,1
YGR056W,11,0.6545454545454545,0.004147943153747642,0.17243496499275712,0.0006430614039921316,6.819591616347916e-07,11.909090909090908,9,3,36.666666666666664,83.0,83,0.9782544813399942,0
YHR209W,1,0.0,0.0,0.12207315666233677,0.00017495709870404982,1.0656421213576003e-10,2.0,1,0,0.0,0.0,0,0.0,0
YJR022W,47,0.009250693802035153,0.03692525402959868,0.20896010093622003,0.005629946981702205,1.9427097376892532e-05,4.042553191489362,4,5,149.0,559.0,558,1.0,1
YDR228C,7,0.38095238095238093,0.00260055433065853,0.18963084775913341,0.0005691135301146164,3.145571755471379e-07,13.714285714285714,5,5,36.8,131.0,141,0.8656534954407294,1
YGL096W,1,0.0,0.0,0.16715634361542783,0.00016602164050294723,2.431859346134565e-07,47.0,1,0,0.0,0.0,0,0.0,0
YHR034C,1,0.0,0.0,0.16715634361542783,0.00016602164050294723,2.431859346134565e-07,47.0,1,2,289.5,559.0,558,1.0,0
YHR035W,1,0.0,0.0,0.16715634361542783,0.00016602164050294723,2.431859346134565e-07,47.0,1,2,22.0,34.0,33,1.0,0
YIL173W,1,0.0,0.0,0.16715634361542783,0.00016602164050294723,2.431859346134565e-07,47.0,1,0,0.0,0.0,0,0.0,0
YNL050C,1,0.0,0.0,0.16715634361542783,0.00016602164050294723,2.431859346134565e-07,47.0,1,0,0.0,0.0,0,0.0,0
YOR076C,3,0.0,0.0007082133505735501,0.17793363851519683,0.0003496012679358323,2.610934356403948e-07,21.0,2,1,14.0,14.0,13,1.0,1
YBR003W,1,0.0,0.0,0.16715634361542783,0.00016602164050294723,2.431859346134565e-07,47.0,1,0,0.0,0.0,0,0.0,0
YGL173C,8,0.10714285714285714,0.013060959922411448,0.20504869803628847,0.000777484892627657,3.5462111582906394e-05,23.0,4,2,287.5,559.0,558,1.0,0
YNR050C,1,0.0,0.0,0.16715634361542783,0.00016602164050294723,2.431859346134565e-07,47.0,1,0,0.0,0.0,0,0.0,0
YDR277C,3,0.0,0.002637573810998632,0.18870894763263582,0.0002926501899334889,3.565196975528091e-05,32.0,3,0,0.0,0.0,0,0.0,0
YNL118C,26,0.003076923076923077,0.02556774351544448,0.20028761217049917,0.0029471511367516394,7.784543918233823e-07,5.423076923076923,4,4,145.0,559.0,559,0.9964285943280692,1
YNR053C,7,0.19047619047619047,0.004133968101195448,0.1850709020004146,0.0006972350750199062,7.156833794725486e-07,16.428571428571427,4,0,0.0,0.0,0,0.0,1
YER013W,3,0.0,0.0003615974572570064,0.16278275708815754,0.00028067056457427693,1.0830292895719632e-08,16.333333333333332,2,6,156.5,559.0,619,0.8502282102357388,1
YLR116W,13,0.038461538461538464,0.0069441619105289395,0.18588008145950446,0.0011269314800674583,2.4821284597109815e-07,5.3076923076923075,4,4,170.5,559.0,558,1.0,1
YJR066W,8,0.10714285714285714,0.0031696212757416522,0.169151578486169,0.0008758711241599004,7.463475534136779e-09,4.25,2,2,4.5,5.0,4,1.0,0
YJR005W,5,0.3,0.0019704968437657,0.1681797176697749,0.00045462243500427654,3.311064738238452e-08,8.0,3,5,33.6,95.0,104,0.8676250933532487,0
YDL156W,1,0.0,0.0,0.15205348399046242,0.00013736442545704455,3.1058070122267878e-09,13.0,1,0,0.0,0.0,0,0.0,0
YDL161W,3,0.0,0.0010927779342504097,0.1760216938584385,0.00028540105999392044,9.156830211513828e-07,15.333333333333334,3,0,0.0,0.0,0,0.0,0
YIL130W,3,0.0,0.00027532707640204746,0.16963367494774845,0.0002683388633646091,4.860430169819911e-07,8.666666666666666,3,0,0.0,0.0,0,0.0,0
YMR065W,6,0.06666666666666667,0.0014990614665372811,0.1718044898008275,0.0005372026495994292,2.6218989050412136e-08,7.833333333333333,4,2,23.0,32.0,31,1.0,0
YML046W,2,1.0,0.0,0.1586040204743294,0.0002083669394101839,3.3658601124998325e-09,11.0,2,12,90.16666666666667,559.0,624,0.8370374943408652,1
YBR172C,2,1.0,0.0,0.1586040204743294,0.0002083669394101839,3.3658601124998325e-09,11.0,2,3,37.666666666666664,73.0,72,1.0,0
YKL074C,9,0.08333333333333333,0.004148279978094408,0.18464985134436404,0.0007512503863869339,2.0787744963662543e-08,8.0,4,8,121.375,559.0,619,0.8502282102357388,0
YPL105C,2,0.0,0.00011939458256754794,0.167360020854813,0.0002175976023638421,2.249993513723103e-07,10.0,2,2,452.5,559.0,558,1.0,0
YLR357W,10,0.8,0.0007672285384112187,0.16418979885057472,0.0005508432018682793,1.8675664028910753e-08,11.6,9,3,36.666666666666664,83.0,83,0.9782544813399942,0
YDL043C,17,0.007352941176470588,0.010568596139097214,0.18231203415356342,0.0019989695535686134,2.4758258459851306e-07,3.764705882352941,4,11,92.45454545454545,559.0,621,0.8449742870500234,1
YJL146W,1,0.0,0.0,0.14965753604056659,0.0001636943746708601,3.0949633809721965e-09,17.0,1,0,0.0,0.0,0,0.0,0
YMR302C,1,0.0,0.0,0.14965753604056659,0.0001636943746708601,3.0949633809721965e-09,17.0,1,3,78.33333333333333,131.0,130,1.0,0
YDR131C,1,0.0,0.0,0.14965753604056659,0.0001636943746708601,3.0949633809721965e-09,17.0,1,2,35.5,58.0,57,1.0,0
YDR180W,4,0.0,0.0033212192262602577,0.14978307713279088,0.0006342969101046263,3.096415520697663e-09,5.5,2,3,5.666666666666667,9.0,9,0.7777777777777778,1
YDR386W,4,0.0,0.006431460096804907,0.19497314506442454,0.0003888469892534052,1.7994357237780438e-05,27.0,4,1,2.0,2.0,1,0.0,0
YDR409W,5,0.1,0.0010809620315159962,0.1746102153823587,0.00045235433720875926,6.70476832482766e-08,11.4,4,0,0.0,0.0,0,0.0,0
YER113C,1,0.0,0.0,0.14965753604056659,0.0001636943746708601,3.0949633809721965e-09,17.0,1,0,0.0,0.0,0,0.0,0
YKL155C,1,0.0,0.0,0.14965753604056659,0.0001636943746708601,3.0949633809721965e-09,17.0,1,9,161.77777777777777,559.0,593,0.9319709675949136,0
YLL014W,1,0.0,0.0,0.14965753604056659,0.0001636943746708601,3.0949633809721965e-09,17.0,1,0,0.0,0.0,0,0.0,0
YMR117C,11,0.10909090909090909,0.007301897924325384,0.18247972023505366,0.000931386770007673,1.4209708886638187e-08,10.454545454545455,5,8,26.5,55.0,75,0.6731531531531532,1
YNL023C,2,0.0,0.0004319378863637288,0.16778463282277767,0.00023397456089716334,6.330079468950202e-08,17.0,2,0,0.0,0.0,0,0.0,0
YJL203W,13,0.01282051282051282,0.008181957354172674,0.17773880773442166,0.001448010581441238,4.623447887405099e-07,3.3846153846153846,4,11,92.54545454545455,559.0,621,0.8449742870500234,1
YOL136C,1,0.0,0.0,0.14656193568907494,0.00015861911781566034,5.7853992970315285e-09,13.0,1,0,0.0,0.0,0,0.0,0
YDR170C,4,0.16666666666666666,0.0014609118831004349,0.17037825023854963,0.00031635969298496027,4.738641345598e-07,13.5,4,2,60.0,95.0,94,1.0,1
YCR081W,4,0.5,0.0008073600380198693,0.1633785398938604,0.00029688718576417,2.3179639171183514e-07,11.5,4,4,46.75,133.0,172,0.7451380388956889,0
YHL007C,13,0.07692307692307693,0.016722247576974776,0.19166638712966938,0.0011194298319408703,1.8027078027915792e-05,9.846153846153847,5,1,2.0,2.0,1,0.0,0
YBL067C,1,0.0,0.0,0.14656193568907494,0.00015861911781566034,5.7853992970315285e-09,13.0,1,0,0.0,0.0,0,0.0,0
YBL101C,1,0.0,0.0,0.14656193568907494,0.00015861911781566034,5.7853992970315285e-09,13.0,1,0,0.0,0.0,0,0.0,0
YKR090W,1,0.0,0.0,0.14656193568907494,0.00015861911781566034,5.7853992970315285e-09,13.0,1,0,0.0,0.0,0,0.0,0
YMR285C,1,0.0,0.0,0.14656193568907494,0.00015861911781566034,5.7853992970315285e-09,13.0,1,0,0.0,0.0,0,0.0,0
YOL091W,2,0.0,0.00044905367631959325,0.1553880482551562,0.00023642566376286744,9.299329780664748e-09,13.0,2,0,0.0,0.0,0,0.0,0
YLR067C,3,0.0,0.001546735622171194,0.17515833455954483,0.00031649366462652465,1.746238686102931e-05,16.0,3,4,73.75,266.0,266,0.9926798127393957,0
YGR074W,7,0.0,0.0016616292139666614,0.14722658826682058,0.0009627015920961691,9.01108324734374e-09,2.142857142857143,3,17,69.17647058823529,559.0,625,0.8344615384615385,1
YDR389W,3,0.0,0.0009897791805865076,0.16198530912637216,0.00036682869890831233,1.7424640754120246e-08,10.666666666666666,3,0,0.0,0.0,0,0.0,1
YBR043C,1,0.0,0.0,0.12517098229933404,0.00018171038572351044,1.1263656489826283e-10,7.0,1,0,0.0,0.0,0,0.0,0
YGL202W,1,0.0,0.0,0.12517098229933404,0.00018171038572351044,1.1263656489826283e-10,7.0,1,0,0.0,0.0,0,0.0,0
YJR033C,3,0.3333333333333333,0.00046539316323212094,0.14945710743282833,0.00029701491064263136,3.1002557864529518e-09,11.666666666666666,3,1,3.0,3.0,2,1.0,0
YKL188C,1,0.0,0.0,0.12517098229933404,0.00018171038572351044,1.1263656489826283e-10,7.0,1,1,2.0,2.0,1,0.0,0
YLR440C,1,0.0,0.0,0.12517098229933404,0.00018171038572351044,1.1263656489826283e-10,7.0,1,1,6.0,6.0,5,1.0,1
YLR147C,12,0.015151515151515152,0.008049240807031814,0.19111249732419996,0.0013174273267229667,9.1937324801995e-07,9.166666666666666,4,17,69.17647058823529,559.0,625,0.8344615384615385,1
YKR080W,1,0.0,0.0,0.15553693924216028,0.00015711922764068026,1.1501433687845784e-08,12.0,1,0,0.0,0.0,0,0.0,0
YIL139C,2,0.0,0.0003313794450957405,0.15556404099146195,0.0003309667499065054,1.1503236214014059e-08,6.5,1,4,22.75,56.0,56,0.964935064935065,0
YLL021W,14,0.04395604395604396,0.01499267824002596,0.19023695530577456,0.0011570133146989407,4.981625130871397e-07,7.5,4,2,4.0,5.0,4,1.0,0
YLR433C,11,0.03636363636363636,0.007065881047848242,0.19332655505630145,0.0010801315871665751,3.547385914215636e-05,9.090909090909092,4,2,3.5,4.0,3,1.0,0
YBR114W,5,0.0,0.00247286223623919,0.1708837269116662,0.0005074940228271883,2.569740001672832e-08,8.4,3,8,39.625,195.0,251,0.6484462151394422,0
YMR088C,1,0.0,0.0,0.15553693924216028,0.00015711922764068026,1.1501433687845784e-08,12.0,1,0,0.0,0.0,0,0.0,0
YDR422C,8,0.35714285714285715,0.003750211281544524,0.17152392531219982,0.0007771775169260367,3.3178701974410916e-08,9.125,5,4,7.5,16.0,15,1.0,0
YER029C,3,0.0,0.000662758890191481,0.1423554223471259,0.0004901895883591724,4.189701808527854e-10,3.3333333333333335,1,12,73.0,559.0,565,0.9764513901964477,1
YLR220W,1,0.0,0.0,0.12163242932561309,0.0002033535288662196,5.310524037495495e-12,3.0,1,0,0.0,0.0,0,0.0,1
YNL187W,1,0.0,0.0,0.12163242932561309,0.0002033535288662196,5.310524037495495e-12,3.0,1,0,0.0,0.0,0,0.0,0
YCL061C,1,0.0,0.0,0.1494946468938379,0.00015577398203381218,1.1140515063822025e-08,12.0,1,1,3.0,3.0,2,1.0,0
YDR421W,1,0.0,0.0,0.1494946468938379,0.00015577398203381218,1.1140515063822025e-08,12.0,1,0,0.0,0.0,0,0.0,0
YDR485C,2,0.0,0.00022305909626726448,0.16461363164930395,0.00024111336298803088,2.2538397811923353e-08,16.5,2,2,48.0,83.0,82,1.0,0
YOR023C,3,0.0,0.0022311491068678583,0.17278537473388816,0.00029186797841179637,2.5278687123840535e-08,19.333333333333332,3,2,69.0,133.0,132,1.0,0
YOR191W,4,0.0,0.0028539473403733705,0.18375672146753114,0.000356104677683574,3.4965129620079564e-05,20.75,4,0,0.0,0.0,0,0.0,0
YPL146C,1,0.0,0.0,0.1494946468938379,0.00015577398203381218,1.1140515063822025e-08,12.0,1,0,0.0,0.0,0,0.0,1
YOR017W,4,0.0,0.003330634737098007,0.18793432928112833,0.00041343760895649445,1.7751760782580932e-05,22.5,4,0,0.0,0.0,0,0.0,0
YMR005W,2,0.0,0.00024162813280320439,0.1567109059592768,0.00019328149617657786,1.4589719768887555e-08,16.5,2,5,50.8,133.0,175,0.8057142857142857,1
YIR009W,18,0.0,0.01056849803873832,0.19372508001518932,0.001738261561168551,1.122474355324157e-06,4.944444444444445,4,5,148.0,559.0,558,1.0,0
YAL024C,1,0.0,0.0,0.15726299652104986,0.0001460566613754727,1.4036693844167519e-08,18.0,1,1,3.0,3.0,2,1.0,0
YBR136W,1,0.0,0.0,0.15726299652104986,0.0001460566613754727,1.4036693844167519e-08,18.0,1,0,0.0,0.0,0,0.0,1
YNL036W,2,0.0,0.0008921186712071671,0.1631546109740497,0.00023706390387493665,1.8249076390800588e-08,13.0,2,0,0.0,0.0,0,0.0,1
YJL092W,3,0.0,0.0005275178353379638,0.16167729649583484,0.000396247099453047,1.9712546079260258e-08,7.0,2,0,0.0,0.0,0,0.0,0
YIL143C,12,0.5606060606060606,0.003674802346566494,0.17766806592039802,0.00070568000203988,2.680180372863218e-07,11.25,8,12,44.0,195.0,266,0.7317349978720386,1
YDL001W,1,0.0,0.0,0.15726299652104986,0.0001460566613754727,1.4036693844167519e-08,18.0,1,0,0.0,0.0,0,0.0,0
YDR184C,3,0.0,0.0006065680473771911,0.1809632170365866,0.0003226231829484837,4.814007021126527e-07,23.333333333333332,3,0,0.0,0.0,0,0.0,0
YHR099W,16,0.6583333333333333,0.0035467395324999453,0.17449077127919477,0.0007772361644468738,8.427261167016888e-08,17.0,13,13,40.53846153846154,195.0,257,0.7653818093385214,1
YHR197W,1,0.0,0.0,0.15726299652104986,0.0001460566613754727,1.4036693844167519e-08,18.0,1,1,3.0,3.0,2,1.0,1
YNL091W,2,0.0,0.0003765136851512818,0.16867221448139053,0.0002313960423296914,2.543457659226885e-08,19.5,2,0,0.0,0.0,0,0.0,0
YOR011W,1,0.0,0.0,0.15726299652104986,0.0001460566613754727,1.4036693844167519e-08,18.0,1,0,0.0,0.0,0,0.0,0
YLR456W,5,0.0,0.0025109674442749625,0.18216323836972048,0.00045165537490579545,2.5648776714306417e-07,9.6,4,0,0.0,0.0,0,0.0,0
YIL144W,8,0.14285714285714285,0.004392735230759818,0.17772111700009954,0.0006637156401412071,1.9056439726490874e-08,10.75,5,7,28.142857142857142,55.0,75,0.6731531531531532,1
YKR084C,6,0.6666666666666666,0.0002996776988450803,0.16147260467534816,0.00048784797662497985,2.4518445011090237e-07,5.666666666666667,5,3,93.66666666666667,266.0,265,1.0,0
YBR275C,2,0.0,0.0003313794450957405,0.13871690976538223,0.00032390493310007883,2.7399857524723234e-10,3.5,1,1,11.0,11.0,10,1.0,0
YOR351C,2,0.0,0.0003963159254460099,0.1497579520674327,0.00024776859907869734,3.5598695537143006e-09,7.5,2,0,0.0,0.0,0,0.0,0
YOR101W,2,0.0,0.00048327509898332297,0.15303085897326021,0.0002500950181984124,3.675177267538542e-09,7.0,2,1,11.0,11.0,10,1.0,0
YCR096C,8,0.07142857142857142,0.008428474673804563,0.17715686700069452,0.0007369364814537469,3.507874407780413e-05,7.0,4,0,0.0,0.0,0,0.0,1
YCR084C,8,0.10714285714285714,0.005476646856435184,0.1752786946598606,0.0006423636565183459,0.0013907159683949862,18.375,4,4,68.75,195.0,195,0.989796457837695,0
YJR045C,6,0.26666666666666666,0.005846473418138058,0.16225025556565198,0.0005367538621659407,3.686874712407433e-09,6.5,3,5,10.2,18.0,24,0.644927536231884,1
YIL022W,3,0.6666666666666666,0.00022481782269648688,0.14133006668513537,0.00030283459776823154,1.3026809953488833e-10,6.333333333333333,3,5,10.2,18.0,24,0.644927536231884,1
YOR232W,4,0.3333333333333333,0.0016379232208353005,0.1563678135125668,0.0004052150360136935,3.32191483861355e-09,7.75,3,3,8.0,11.0,10,1.0,1
YDR103W,11,0.12727272727272726,0.005756578000579224,0.19064318412342515,0.0010046489275754248,2.6405099324246455e-07,8.636363636363637,4,3,8.333333333333334,16.0,15,1.0,0
YOR212W,9,0.1111111111111111,0.0022296042099155667,0.17581371233753446,0.000945256813397482,2.4655694009656104e-07,6.444444444444445,4,4,6.25,16.0,17,0.7941176470588235,0
YCR088W,12,0.13636363636363635,0.006574059696656449,0.1965397977435333,0.0009954961944577852,3.7192614163011896e-05,13.166666666666666,5,3,43.666666666666664,73.0,72,1.0,1
YDR388W,40,0.023076923076923078,0.054738856267876446,0.22065794148541773,0.0030644867911585705,0.0014376601186857512,9.4,6,4,33.25,73.0,73,0.9726027397260274,0
YNL138W,5,0.2,0.0008845067632258936,0.18220041454081634,0.0004711120459566864,1.8717494025065716e-05,16.4,4,4,33.25,73.0,73,0.9726027397260274,1
YFL039C,25,0.04666666666666667,0.026319724387910373,0.20918041969306467,0.002178035012060748,0.001413979155800397,11.72,5,8,46.125,133.0,283,0.3806230108011929,1
YMR092C,1,0.0,0.0,0.1672972980886349,0.00013774816878227633,1.7673954105171878e-05,25.0,1,3,43.666666666666664,73.0,72,1.0,0
YDL178W,2,0.0,0.0009924688915275682,0.1756926165994293,0.0002064371117667112,1.768022925731198e-05,19.0,2,3,43.666666666666664,73.0,72,1.0,0
YLR319C,5,0.3,0.0023055054184365677,0.18920886537035075,0.0004353586714800342,1.7935025333923934e-05,13.8,4,5,27.8,73.0,76,0.8989473684210526,0
YOR122C,5,0.1,0.0028432869143812218,0.1784136753097522,0.0004904778624889548,1.8174393971075916e-05,11.2,4,3,43.666666666666664,73.0,72,1.0,1
YHR179W,2,0.0,0.000804771389073424,0.1768410480835892,0.0002336353238751168,3.514490363180516e-05,31.5,2,3,43.666666666666664,73.0,72,1.0,0
YCL040W,1,0.0,0.0,0.1672972980886349,0.00013774816878227633,1.7673954105171878e-05,25.0,1,3,43.666666666666664,73.0,72,1.0,0
YDR382W,81,0.9753086419753086,0.00602765666067313,0.18870894763263582,0.0005783636998700754,0.1111211370988243,79.5679012345679,80,6,258.8333333333333,559.0,589,0.9439786101197695,0
YCL027W,24,0.010869565217391304,0.025889004497485973,0.20694993770282802,0.0024837745747923125,1.9360966519044677e-05,5.708333333333333,4,0,0.0,0.0,0,0.0,0
YBR200W,12,0.10606060606060606,0.006952501251947605,0.19839600694444445,0.0009454379569480438,1.9099888103487105e-05,11.333333333333334,5,3,43.666666666666664,73.0,72,1.0,1
YLR229C,14,0.14285714285714285,0.006608748798966943,0.19209941500806885,0.0010623512046706307,1.4310444793998714e-06,10.357142857142858,5,1,2.0,2.0,1,0.0,1
YNL271C,14,0.08791208791208792,0.009385541979307214,0.20219273723247652,0.0010717924727720444,1.9636534134449764e-05,13.785714285714286,5,1,5.0,5.0,4,1.0,0
YOR181W,26,0.055384615384615386,0.01776278825435231,0.20182706708488754,0.0020849220955276443,7.270698911694752e-05,9.153846153846153,5,3,43.666666666666664,73.0,72,1.0,1
YDR129C,3,0.6666666666666666,2.4787464512435537e-05,0.1763520061728395,0.00027641867744265846,1.9047638746371414e-05,21.0,3,3,43.666666666666664,73.0,72,1.0,0
YIL034C,1,0.0,0.0,0.16256045725600873,0.00013178379198727666,9.087974321920458e-07,26.0,1,5,27.2,73.0,73,0.9729832572298326,0
YLL050C,1,0.0,0.0,0.16256045725600873,0.00013178379198727666,9.087974321920458e-07,26.0,1,3,43.666666666666664,73.0,72,1.0,1
YIL159W,10,0.022222222222222223,0.011533675541802539,0.1886890058649477,0.0008681081093804214,1.4556898401037784e-06,12.9,4,0,0.0,0.0,0,0.0,0
YKR055W,3,0.0,0.0004495263899289054,0.16131213863040925,0.0002824728197975369,3.0256736512162296e-08,6.0,3,0,0.0,0.0,0,0.0,0
YOR363C,2,0.0,0.002000781555295037,0.14704472226797333,0.00031511829185338773,2.2720535666857215e-07,3.0,1,3,90.66666666666667,195.0,194,1.0,0
YPR165W,16,0.025,0.01041026809777723,0.19127627878950187,0.0014720236269314024,9.333241938363439e-07,6.375,4,2,3.0,4.0,3,1.0,1
YNL243W,8,0.25,0.00768788097803609,0.19401978295121158,0.0006257610516190418,3.7724288551806716e-05,16.25,5,3,43.666666666666664,73.0,72,1.0,1
YLR337C,6,0.2,0.0003448817327730145,0.18510927456976986,0.0004704608036676403,1.871593531023912e-05,16.166666666666668,5,3,43.666666666666664,73.0,72,1.0,0
YDR448W,20,0.47368421052631576,0.005474988043779318,0.1852629241025109,0.0009261262468378657,3.517717051972482e-07,15.55,13,11,46.18181818181818,195.0,255,0.7764397097421646,0
YDL165W,17,0.5955882352941176,0.002657136481779696,0.17765038926474977,0.0007485119259174135,4.763125539598205e-07,14.529411764705882,12,7,63.142857142857146,195.0,255,0.7764397097421646,1
YDR176W,21,0.4380952380952381,0.00472969254451532,0.18266640025575448,0.0009722914038783214,1.611853384559847e-06,16.19047619047619,13,10,50.3,195.0,255,0.7764397097421646,0
YGL013C,1,0.0,0.0,0.14989624433344526,0.0001029487895802476,2.0147923775954606e-08,21.0,1,0,0.0,0.0,0,0.0,0
YBL005W,3,0.0,0.0007979620478469773,0.18138602829134498,0.0002295773390107893,3.542893174444341e-05,23.333333333333332,3,0,0.0,0.0,0,0.0,0
YEL009C,12,0.30303030303030304,0.003544083962051367,0.18626789719382433,0.0005137333571453068,1.3641452104582563e-06,19.916666666666668,9,0,0.0,0.0,0,0.0,0
YER148W,21,0.0761904761904762,0.017437382309049676,0.20244490504535148,0.0011870857482276002,1.7826922059730518e-05,10.714285714285714,8,10,46.4,195.0,264,0.7423378269385874,1
YPL248C,17,0.11029411764705882,0.011497857661935111,0.18981227410439036,0.0009193722922806907,2.3880504367494067e-06,17.823529411764707,9,4,68.75,195.0,194,1.0,0
YGL048C,41,0.7402439024390244,0.012145956736405785,0.19341031872833622,0.0010666903992292576,1.845936028860977e-06,33.8780487804878,35,6,25.5,46.0,48,0.9547872340425532,1
YHR041C,24,0.7318840579710145,0.001090404287256506,0.18860928092320692,0.0007904789358584217,2.327586653218831e-05,22.083333333333332,20,6,59.5,195.0,211,0.9097269239449334,0
YER022W,24,0.7210144927536232,0.006128602574000517,0.19064318412342515,0.0008470328486839633,2.3271151510983614e-05,21.375,20,6,59.5,195.0,211,0.9097269239449334,1
YDR308C,23,0.7707509881422925,0.00635327338526197,0.196734691769502,0.0007856063370258851,2.3247287996708986e-05,22.565217391304348,20,5,70.0,195.0,211,0.9097269239449334,1
YMR236W,21,0.6285714285714286,0.0003880933813228063,0.17846717266366816,0.0008245536521705034,4.0092268299912947e-07,17.857142857142858,13,14,45.57142857142857,195.0,266,0.731961980422755,1
YGL112C,24,0.5144927536231884,0.0013603460507096452,0.18339811652629417,0.0009520130910721889,4.374887539255196e-07,17.458333333333332,13,15,42.86666666666667,195.0,266,0.731961980422755,1
YBR198C,25,0.47333333333333333,0.003868687280168657,0.18773673246766903,0.0009555694575345642,7.182109335718257e-07,18.44,13,14,45.57142857142857,195.0,266,0.731961980422755,1
YDR216W,9,0.3888888888888889,0.005137377145969561,0.19046016666666668,0.00046956782311859406,2.965595062860751e-07,20.77777777777778,7,0,0.0,0.0,0,0.0,0
YGR274C,16,0.5833333333333334,0.0012472040283824282,0.18065196909146097,0.0006432393708108589,3.71492408398308e-07,18.75,11,8,59.25,195.0,266,0.731961980422755,1
YDR167W,34,0.24242424242424243,0.010134456337288383,0.1866768491897543,0.0018794407578742378,3.92780488190446e-07,12.117647058823529,13,14,45.57142857142857,195.0,266,0.731961980422755,1
YPL254W,13,1.0,0.0,0.16696877337759491,0.0005454726496412405,7.038293715434663e-08,19.46153846153846,13,10,50.3,195.0,255,0.7764397097421646,0
YGR252W,16,0.7083333333333334,0.0024459589926753124,0.18012348053061636,0.0007087345577818925,5.177986737607853e-07,17.875,13,11,45.90909090909091,195.0,255,0.7764397097421646,0
YPR086W,12,0.09090909090909091,0.004626786716455411,0.1865013643722582,0.0008874770066952695,2.8709413941073416e-07,7.916666666666667,5,3,112.33333333333333,195.0,263,0.7308797492235799,1
YML085C,8,0.03571428571428571,0.004692432958827296,0.1487102575580911,0.0008446620868926577,6.191095428607e-09,3.5,2,5,22.8,73.0,72,1.0,1
YNL148C,3,0.0,0.0005216468634838564,0.12986864953814822,0.0003503339531320131,7.965666731115556e-11,5.666666666666667,2,0,0.0,0.0,0,0.0,0
YMR043W,7,0.23809523809523808,0.0047944002250238085,0.1623830540651146,0.0006916516360085282,4.4483652671512043e-07,4.428571428571429,3,3,91.33333333333333,195.0,194,1.0,1
YHR084W,2,1.0,0.0,0.13675147909167498,0.00024424399783445395,1.1114810274626794e-08,6.0,2,1,3.0,3.0,2,1.0,1
YCL066W,5,0.2,0.0030744789629498976,0.15061696014339943,0.0005677899730560765,4.4437392467429847e-07,4.6,2,0,0.0,0.0,0,0.0,0
YDR245W,2,1.0,0.0,0.10132009660670714,0.0003161109177029399,1.379944194159271e-10,3.0,2,3,7.333333333333333,9.0,11,0.7818181818181819,0
YJR075W,3,0.6666666666666666,0.001,0.11529437996384065,0.00044537504143373456,5.5200115092700604e-09,2.6666666666666665,2,3,7.333333333333333,9.0,11,0.7818181818181819,0
YJL183W,3,0.6666666666666666,0.001,0.11529437996384065,0.00044537504143373456,5.5200115092700604e-09,2.6666666666666665,2,3,7.333333333333333,9.0,11,0.7818181818181819,0
YPL050C,2,0.0,0.002990230558812036,0.1591128196845482,0.00025994682300414557,3.486747433075244e-05,11.5,2,4,6.0,9.0,11,0.7818181818181819,0
YEL036C,3,0.3333333333333333,0.0026604142243063698,0.133720067587808,0.00042650423695771465,4.359621833290468e-07,2.6666666666666665,2,3,7.333333333333333,9.0,11,0.7818181818181819,0
YER179W,26,0.5846153846153846,0.012071212415688613,0.19113295466709485,0.0010017322221695167,0.0013967216331123849,21.346153846153847,20,3,83.66666666666667,195.0,194,1.0,0
YBR073W,1,0.0,0.0,0.1555504889363185,9.63473570052805e-05,1.745824221356138e-05,26.0,1,0,0.0,0.0,0,0.0,0
YGR047C,7,0.38095238095238093,0.00211999713266644,0.1592547326525152,0.0005924770175513249,2.482096693820469e-07,4.0,4,4,84.75,195.0,255,0.7764397097421646,1
YDL150W,1,0.0,0.0,0.1337601365270807,0.00013557547358003307,3.102610079234972e-09,7.0,1,2,17.5,18.0,17,1.0,1
YNL113W,20,0.7052631578947368,0.00026325861267031145,0.16002545819143216,0.0006694806592076856,2.454634173552606e-07,17.15,13,6,46.666666666666664,195.0,199,0.9538094512968884,1
YIL021W,16,0.6333333333333333,0.004465300829639881,0.17340624089540646,0.0007082768189093852,1.753012064830996e-05,19.25,12,6,57.166666666666664,195.0,208,0.9184318097361576,1
YGL070C,14,0.7802197802197802,0.0010054800051265403,0.16569822406273202,0.00058905314862203,2.665159806043664e-07,18.642857142857142,12,6,57.166666666666664,195.0,208,0.9184318097361576,0
YOR116C,13,0.9102564102564102,1.6044343686282966e-05,0.1531752648623145,0.0004551630268150198,2.8647218634591607e-08,19.53846153846154,12,4,60.75,195.0,199,0.9538094512968884,1
YGR246C,5,0.3,0.001021006625038538,0.1672972980886349,0.00035074799370378613,2.4069207346500316e-07,10.0,4,3,110.33333333333333,195.0,255,0.7764397097421646,1
YOL086C,1,0.0,0.0,0.12624180306136878,0.0001533294152072328,7.756758594777348e-11,8.0,1,1,3.0,3.0,2,1.0,0
YPL242C,11,0.01818181818181818,0.019924175246444874,0.19769309815101863,0.001052287638500811,3.545043815107344e-05,12.909090909090908,4,0,0.0,0.0,0,0.0,1
YDR264C,6,0.13333333333333333,0.0028100767050209734,0.1726517175111197,0.0006332212767482506,6.708393218613426e-07,6.166666666666667,3,0,0.0,0.0,0,0.0,0
YDL226C,2,0.0,0.0002005603344969595,0.16903948333806684,0.0002276549204670839,1.768233930377463e-05,15.5,2,0,0.0,0.0,0,0.0,0
YJR086W,3,0.6666666666666666,0.0001305064620663248,0.159839232163638,0.0003342018067691478,1.7428445115926172e-08,9.666666666666666,3,4,6.25,16.0,17,0.7941176470588235,0
YKL178C,1,0.0,0.0,0.14308550865453962,0.00015352403013763538,8.385198602755422e-09,6.0,1,0,0.0,0.0,0,0.0,0
YPL129W,45,0.2868686868686869,0.018985848511761216,0.20004078674658304,0.0017453405132417015,2.3318485073527748e-05,17.333333333333332,20,18,41.22222222222222,195.0,336,0.5164356787491116,0
YLR418C,15,0.6285714285714286,0.003953639476439004,0.17868148328830183,0.0006117132417383026,5.577364324931345e-07,20.333333333333332,12,6,57.166666666666664,195.0,219,0.8371664362615726,0
YBR279W,7,0.09523809523809523,0.002592671734630255,0.18708760084870077,0.0003914273582836516,6.268326511698368e-07,22.0,4,3,33.333333333333336,74.0,85,0.7873949579831933,0
YJL167W,0,0.0,0.0,0.0,6.361727845282784e-05,7.48182427707595e-40,0.0,0,0,0.0,0.0,0,0.0,1
YOR128C,1,0.0,0.0,0.000390625,0.0004241151896855187,7.84526137315919e-34,1.0,1,0,0.0,0.0,0,0.0,0
YDR099W,12,0.0,0.015239911766950736,0.18734278276151506,0.001170112533296467,2.23234413818961e-06,9.083333333333334,4,0,0.0,0.0,0,0.0,0
YLR267W,1,0.0,0.0,0.15303085897326021,0.00014670428458400184,3.740791797834031e-08,12.0,1,0,0.0,0.0,0,0.0,0
YOR026W,1,0.0,0.0,0.0005208333333333333,0.0003310848129367916,2.88902900771161e-32,2.0,1,4,26.0,55.0,56,0.9318181818181818,0
YDL193W,2,0.0,0.0,0.00078125,0.0006101759431829726,4.0857040047950434e-32,1.0,1,0,0.0,0.0,0,0.0,1
YDL132W,9,0.25,0.004215534096903822,0.1701833837685856,0.0007608105479024362,2.332877978248148e-07,7.444444444444445,4,7,13.571428571428571,58.0,57,1.0,1
YDR285W,5,0.1,0.004683861814429139,0.15907029510022272,0.0004773846420698868,3.1997999009448297e-09,7.4,3,2,4.5,5.0,4,1.0,0
YDL017W,9,0.7777777777777778,0.0006339021871509502,0.15755440417365216,0.00037557890750437113,4.251913363091044e-09,18.666666666666668,8,3,22.0,56.0,55,1.0,1
YDR173C,4,0.5,0.0006302739284779555,0.15836488359201775,0.0003354530491095652,6.145340951406533e-09,6.75,3,3,91.33333333333333,195.0,194,1.0,0
YLR245C,0,0.0,0.0,0.0,6.361727845282784e-05,7.48182427707595e-40,0.0,0,0,0.0,0.0,0,0.0,0
YCR005C,1,0.0,0.0,0.0005208333333333333,0.0003310848129367916,2.88902900771161e-32,2.0,1,0,0.0,0.0,0,0.0,0
YOR039W,6,0.4,0.002537381204919443,0.16191186638556404,0.0005520051553790363,7.642276671951254e-09,6.166666666666667,4,5,5.4,8.0,11,0.6,0
YOR302W,8,0.0,0.008401848934056629,0.16731297437218892,0.000854288708932781,3.233831004611083e-07,5.75,3,0,0.0,0.0,0,0.0,0
YIR032C,0,0.0,0.0,0.0,6.361727845282784e-05,7.48182427707595e-40,0.0,0,0,0.0,0.0,0,0.0,0
YNL314W,2,1.0,0.0,0.1406842154506776,0.00027270345056319006,9.46560454464949e-11,5.0,2,0,0.0,0.0,0,0.0,0
YDR145W,22,0.5584415584415584,0.0034691177081146544,0.17720961318975786,0.0008944361857472445,3.8744534353082156e-07,17.272727272727273,13,14,45.57142857142857,195.0,266,0.731961980422755,1
YBR176W,0,0.0,0.0,0.0,6.361727845282784e-05,7.48182427707595e-40,0.0,0,0,0.0,0.0,0,0.0,0
YGR267C,0,0.0,0.0,0.0,6.361727845282784e-05,7.48182427707595e-40,0.0,0,0,0.0,0.0,0,0.0,1
YPL070W,2,0.0,0.0002575931530059823,0.15675217825476254,0.0002378011671376053,5.954365508239267e-09,12.0,2,0,0.0,0.0,0,0.0,0
YOR260W,5,0.6,0.000399007206290707,0.14719017908663756,0.0005034758337702058,1.7504974670766873e-09,4.0,4,5,63.2,266.0,270,0.9641470466749277,1
YJL137C,0,0.0,0.0,0.0,6.361727845282784e-05,7.48182427707595e-40,0.0,0,0,0.0,0.0,0,0.0,0
YML121W,0,0.0,0.0,0.0,6.361727845282784e-05,7.48182427707595e-40,0.0,0,1,5.0,5.0,4,1.0,0
YGL122C,2,0.0,0.00024890047818143063,0.16001111770767992,0.00023590860146338396,4.538369716225618e-07,14.5,2,0,0.0,0.0,0,0.0,1
YKL103C,0,0.0,0.0,0.0,6.361727845282784e-05,7.48182427707595e-40,0.0,0,0,0.0,0.0,0,0.0,0
YLR288C,9,0.0,0.010178489449802373,0.18535908465690856,0.0006604317058584278,0.0013916323981927848,16.333333333333332,4,2,2.5,3.0,2,1.0,0
YBR253W,22,0.8398268398268398,0.0034576641934890595,0.18940957489126978,0.0007439277787671038,4.0410146249974494e-05,21.954545454545453,20,6,59.5,195.0,211,0.9097269239449334,1
YKL142W,13,1.0,0.0,0.1349020899440919,0.0004684170461318496,5.912221078286192e-11,13.153846153846153,13,6,221.83333333333334,559.0,589,0.9439786101197695,0
YGL221C,0,0.0,0.0,0.0,6.361727845282784e-05,7.48182427707595e-40,0.0,0,0,0.0,0.0,0,0.0,0
YPL031C,7,0.0,0.0015984253674216616,0.17121143566017835,0.0006515173242049207,1.5968730228600308e-08,5.285714285714286,3,8,6.875,25.0,30,0.7655172413793103,0
YER023W,1,0.0,0.0,0.15589000021826438,0.00015950443354566832,1.747094952663328e-05,38.0,1,0,0.0,0.0,0,0.0,1
YER162C,4,0.0,0.0032961588198538753,0.17005372023809526,0.0003903483379846351,4.457815537669292e-07,9.75,3,5,50.0,195.0,194,1.0,0
YLL039C,11,0.05454545454545454,0.007152501004483374,0.18268508926744426,0.0010500535250887095,3.496208476800547e-05,6.454545454545454,3,0,0.0,0.0,0,0.0,0
YBR135W,1,0.0,0.0,0.1326767768241938,7.407166052018572e-05,1.7787102950010448e-06,59.0,1,1,14.0,14.0,13,1.0,1
YBL072C,59,0.9000584453535944,0.0043298163345056664,0.15772140822365516,0.0007261534635531913,9.983685585313241e-05,53.52542372881356,56,7,227.28571428571428,559.0,589,0.9439786101197695,0
YFL017C,1,0.0,0.0,0.1326767768241938,7.407166052018572e-05,1.7787102950010448e-06,59.0,1,0,0.0,0.0,0,0.0,1
YDR394W,36,0.946031746031746,0.0007521575906680961,0.17990569899244332,0.0008390432335434939,1.5754988117498842e-06,36.27777777777778,35,6,25.5,46.0,48,0.9547872340425532,1
YGL175C,0,0.0,0.0,0.0,6.361727845282784e-05,7.48182427707595e-40,0.0,0,0,0.0,0.0,0,0.0,0
YLR082C,1,0.0,0.0,0.15272979749379864,0.00015317546608631117,2.2992505433347295e-07,9.0,1,0,0.0,0.0,0,0.0,0
YHR184W,0,0.0,0.0,0.0,6.361727845282784e-05,7.48182427707595e-40,0.0,0,0,0.0,0.0,0,0.0,0
YGR144W,1,0.0,0.0,0.15589000021826438,0.00015950443354566832,1.747094952663328e-05,38.0,1,0,0.0,0.0,0,0.0,0
YPL214C,0,0.0,0.0,0.0,6.361727845282784e-05,7.48182427707595e-40,0.0,0,0,0.0,0.0,0,0.0,0
YJL164C,3,1.0,0.0,0.1341016945174615,0.00034797841051544974,3.4122822801048886e-10,3.6666666666666665,3,2,3.5,4.0,3,1.0,1
YDL064W,4,0.3333333333333333,0.0003788387792383508,0.16379818938629484,0.0003537950130031938,9.84444014057108e-09,8.75,3,0,0.0,0.0,0,0.0,1
YGL071W,1,0.0,0.0,0.13893277797230005,0.00014789905013900655,4.3829920318325073e-07,3.0,1,0,0.0,0.0,0,0.0,0
YML007W,3,0.0,0.00033507309394699094,0.1666415363975735,0.0002974034969760777,3.5065494940383576e-05,7.666666666666667,2,2,10.5,12.0,18,0.7647058823529411,0
YBR270C,3,0.0,0.001652478289155019,0.17101465975481278,0.00025054298104792343,2.3194665323365918e-08,18.333333333333332,3,0,0.0,0.0,0,0.0,0
YLR117C,6,0.0,0.011621298009342099,0.18985263822434875,0.0005323090339090727,2.4678171939483015e-07,15.166666666666666,4,3,219.33333333333334,559.0,558,1.0,1
YDL089W,0,0.0,0.0,0.0,6.361727845282784e-05,7.48182427707595e-40,0.0,0,0,0.0,0.0,0,0.0,1
YDR032C,0,0.0,0.0,0.0,6.361727845282784e-05,7.48182427707595e-40,0.0,0,0,0.0,0.0,0,0.0,0
YDR051C,1,0.0,0.0,0.13185379282971496,0.00017092023877710128,2.8276854993351523e-09,5.0,1,0,0.0,0.0,0,0.0,0
YFR047C,0,0.0,0.0,0.0,6.361727845282784e-05,7.48182427707595e-40,0.0,0,0,0.0,0.0,0,0.0,0
YGR010W,0,0.0,0.0,0.0,6.361727845282784e-05,7.48182427707595e-40,0.0,0,0,0.0,0.0,0,0.0,0
YGR024C,0,0.0,0.0,0.0,6.361727845282784e-05,7.48182427707595e-40,0.0,0,0,0.0,0.0,0,0.0,1
YGR058W,0,0.0,0.0,0.0,6.361727845282784e-05,7.48182427707595e-40,0.0,0,0,0.0,0.0,0,0.0,0
YHR111W,0,0.0,0.0,0.0,6.361727845282784e-05,7.48182427707595e-40,0.0,0,0,0.0,0.0,0,0.0,0
YHR204W,1,0.0,0.0,0.13511646329928112,0.00011514576264509631,2.312737270708381e-10,11.0,1,0,0.0,0.0,0,0.0,0
YLR321C,11,0.6545454545454545,0.0022044367635063312,0.16118108525907204,0.0006673592405260073,1.8501085748905357e-08,11.272727272727273,9,3,36.666666666666664,83.0,83,0.9782544813399942,1
YJR024C,0,0.0,0.0,0.0,6.361727845282784e-05,7.48182427707595e-40,0.0,0,0,0.0,0.0,0,0.0,0
YLL057C,0,0.0,0.0,0.0,6.361727845282784e-05,7.48182427707595e-40,0.0,0,0,0.0,0.0,0,0.0,0
YLR328W,0,0.0,0.0,0.0,6.361727845282784e-05,7.48182427707595e-40,0.0,0,0,0.0,0.0,0,0.0,0
YMR075W,1,0.0,0.0,0.000390625,0.0004241151896855187,7.84526137315919e-34,1.0,1,4,44.5,133.0,133,0.9859876965140123,0
YCR023C,1,0.0,0.0,0.000390625,0.0004241151896855187,7.84526137315919e-34,1.0,1,0,0.0,0.0,0,0.0,0
YNL218W,0,0.0,0.0,0.0,6.361727845282784e-05,7.48182427707595e-40,0.0,0,0,0.0,0.0,0,0.0,0
YPL192C,1,0.0,0.0,0.15701407514069646,0.00015120753162803155,3.965912584893618e-09,29.0,1,0,0.0,0.0,0,0.0,0
YER031C,6,0.06666666666666667,0.003013521277713027,0.15169179020474047,0.0005834705616329807,6.428191881397931e-09,6.833333333333333,3,0,0.0,0.0,0,0.0,0
YJL099W,3,0.0,0.003225487735029262,0.16731297437218892,0.000307104012337631,4.751460319874856e-07,7.666666666666667,3,2,5.5,6.0,5,1.0,0
YHR016C,15,0.06666666666666667,0.0026579295800098907,0.1911738824946467,0.0011492822175142694,2.2047688182281713e-05,8.466666666666667,5,0,0.0,0.0,0,0.0,0
YGR243W,1,0.0,0.0,0.15557759540820773,0.00012891106140739046,2.7558726957563034e-07,15.0,1,0,0.0,0.0,0,0.0,0
YAR027W,0,0.0,0.0,0.0,6.361727845282784e-05,7.48182427707595e-40,0.0,0,0,0.0,0.0,0,0.0,0
YAR033W,0,0.0,0.0,0.0,6.361727845282784e-05,7.48182427707595e-40,0.0,0,1,2.0,2.0,1,0.0,0
YDR020C,0,0.0,0.0,0.0,6.361727845282784e-05,7.48182427707595e-40,0.0,0,0,0.0,0.0,0,0.0,0
YDR510W,4,0.0,0.0009197773759767043,0.15795860425513095,0.0004126039880535022,7.378964247283971e-09,4.0,2,0,0.0,0.0,0,0.0,1
YGR268C,2,1.0,0.0,0.159439598401643,0.0001918691353007613,1.239307285863136e-07,21.5,2,0,0.0,0.0,0,0.0,0
YJL218W,0,0.0,0.0,0.0,6.361727845282784e-05,7.48182427707595e-40,0.0,0,0,0.0,0.0,0,0.0,0
YJR056C,1,0.0,0.0,0.15359690860215056,0.00013500694285914939,9.26929107247428e-09,10.0,1,0,0.0,0.0,0,0.0,0
YKL130C,0,0.0,0.0,0.0,6.361727845282784e-05,7.48182427707595e-40,0.0,0,0,0.0,0.0,0,0.0,0
YLR025W,3,0.3333333333333333,0.0004078570421714659,0.13930129992978627,0.00039281780194393086,3.110201186579783e-09,5.666666666666667,2,3,34.0,95.0,96,0.9592105263157895,0
YNL333W,1,0.0,0.0,0.13049507143901193,0.00016523003195286943,2.7724404104524843e-09,6.0,1,0,0.0,0.0,0,0.0,0
YOR111W,0,0.0,0.0,0.0,6.361727845282784e-05,7.48182427707595e-40,0.0,0,0,0.0,0.0,0,0.0,0
YBR137W,0,0.0,0.0,0.0,6.361727845282784e-05,7.48182427707595e-40,0.0,0,0,0.0,0.0,0,0.0,0
YDR100W,0,0.0,0.0,0.0,6.361727845282784e-05,7.48182427707595e-40,0.0,0,0,0.0,0.0,0,0.0,0
YEL017W,0,0.0,0.0,0.0,6.361727845282784e-05,7.48182427707595e-40,0.0,0,0,0.0,0.0,0,0.0,0
YEL066W,0,0.0,0.0,0.0,6.361727845282784e-05,7.48182427707595e-40,0.0,0,0,0.0,0.0,0,0.0,0
YGL037C,1,0.0,0.0,0.1658059302163618,0.0001410147464338354,2.366872192632159e-07,41.0,1,0,0.0,0.0,0,0.0,0
YGR020C,15,0.8666666666666667,0.00028726557924371884,0.14940708413521883,0.0006282461265382949,6.194590536147536e-10,14.133333333333333,14,5,12.8,15.0,15,0.9904761904761905,0
YCL016C,2,0.0,4.500889517784904e-05,0.13157203319578514,0.0001948086765272832,5.389225410362323e-11,8.5,2,1,7.0,7.0,6,1.0,0
YHR113W,0,0.0,0.0,0.0,6.361727845282784e-05,7.48182427707595e-40,0.0,0,2,452.5,559.0,558,1.0,0
YIR038C,0,0.0,0.0,0.0,6.361727845282784e-05,7.48182427707595e-40,0.0,0,0,0.0,0.0,0,0.0,0
YJL199C,0,0.0,0.0,0.0,6.361727845282784e-05,7.48182427707595e-40,0.0,0,0,0.0,0.0,0,0.0,0
YLR014C,0,0.0,0.0,0.0,6.361727845282784e-05,7.48182427707595e-40,0.0,0,0,0.0,0.0,0,0.0,0
YMR159C,2,0.0,0.0008030802479887492,0.17029700166905104,0.00022961815798382604,2.4228209655576294e-07,24.0,2,1,3.0,3.0,2,1.0,0
YNL044W,0,0.0,0.0,0.0,6.361727845282784e-05,7.48182427707595e-40,0.0,0,0,0.0,0.0,0,0.0,1
YNL331C,0,0.0,0.0,0.0,6.361727845282784e-05,7.48182427707595e-40,0.0,0,0,0.0,0.0,0,0.0,0
YHR152W,10,0.0,0.0028810279531000715,0.17072034252796636,0.0013939454310294302,1.7649683013876522e-05,2.7,2,0,0.0,0.0,0,0.0,0
YLR132C,1,0.0,0.0,0.14175643557478565,0.00018352680508603318,2.2061136310557623e-07,10.0,1,0,0.0,0.0,0,0.0,1
YHR128W,1,0.0,0.0,0.14175643557478565,0.00018352680508603318,2.2061136310557623e-07,10.0,1,0,0.0,0.0,0,0.0,1
YDR267C,1,0.0,0.0,0.14175643557478565,0.00018352680508603318,2.2061136310557623e-07,10.0,1,0,0.0,0.0,0,0.0,1
YHR073W,1,0.0,0.0,0.14175643557478565,0.00018352680508603318,2.2061136310557623e-07,10.0,1,0,0.0,0.0,0,0.0,0
YLR016C,1,0.0,0.0,0.14175643557478565,0.00018352680508603318,2.2061136310557623e-07,10.0,1,1,3.0,3.0,2,1.0,0
YJL168C,2,0.0,0.0002561945212088014,0.15587639131383677,0.00024734255706701443,4.445011960155262e-07,13.5,2,0,0.0,0.0,0,0.0,0
YJR148W,1,0.0,0.0,0.14175643557478565,0.00018352680508603318,2.2061136310557623e-07,10.0,1,1,2.0,2.0,1,0.0,0
YPR152C,1,0.0,0.0,0.14175643557478565,0.00018352680508603318,2.2061136310557623e-07,10.0,1,2,325.0,559.0,558,1.0,0
YGL058W,4,0.0,0.0007613549696309049,0.1559172251571778,0.0003500820287499525,7.4500274997345166e-09,6.75,3,2,24.0,46.0,46,0.9565217391304348,0
YIL035C,5,0.8,3.08511597408867e-05,0.14244627542879937,0.00046805303200961334,2.527527515723309e-10,5.4,4,3,6.0,8.0,9,0.7777777777777778,0
YKL112W,5,0.6,0.0007714755901183126,0.15023677429533025,0.0004707199785286454,4.2983694965674863e-10,5.6,4,1,4.0,4.0,3,1.0,1
YOR061W,5,0.8,3.08511597408867e-05,0.14244627542879937,0.0004680530320096133,2.527527515723309e-10,5.4,4,3,6.0,8.0,9,0.7777777777777778,0
YBL007C,24,0.06159420289855073,0.013671553329835308,0.1942308346024149,0.0018618515763046775,4.204646705926443e-06,7.125,5,4,33.5,73.0,73,0.9729832572298326,0
YIL138C,1,0.0,0.0,0.1672972980886349,0.00013774816878227633,1.7673954105171878e-05,25.0,1,3,43.666666666666664,73.0,72,1.0,0
YGR080W,1,0.0,0.0,0.1672972980886349,0.00013774816878227633,1.7673954105171878e-05,25.0,1,3,43.666666666666664,73.0,72,1.0,0
YFL031W,1,0.0,0.0,0.1516402600849257,0.00010297153972529034,4.39810698165023e-09,20.0,1,0,0.0,0.0,0,0.0,0
YJR064W,8,0.75,0.0007414000765188523,0.13439440482462744,0.000551053264614547,1.6592646077488818e-10,6.75,7,3,9.666666666666666,11.0,12,0.9090909090909091,1
YML124C,1,0.0,0.0,0.11239859388769988,0.00016295700507170258,1.0008983249810863e-12,3.0,1,4,28.0,73.0,72,1.0,0
YCR097W,1,0.0,0.0,0.14616601690406025,0.00014197638328334114,4.3846487007277025e-07,8.0,1,0,0.0,0.0,0,0.0,0
YLR127C,12,0.6818181818181818,0.00406473518249882,0.16310989883072988,0.0005973634220566219,1.749527101427839e-05,11.333333333333334,10,4,25.0,58.0,57,1.0,1
YOL133W,5,0.0,0.001213198505701021,0.15881562416614783,0.00047833510404285287,4.3745964849390946e-07,5.8,3,4,23.5,58.0,75,0.6443243243243243,1
YGL105W,2,0.0,0.0020007815552950366,0.13147515370738533,0.00033910360768300515,8.750140848274597e-09,3.0,1,1,3.0,3.0,2,1.0,0
YGR264C,1,0.0,0.0,0.11359995307927218,0.0002087174978697014,1.0937254033941491e-10,2.0,1,1,3.0,3.0,2,1.0,1
YDL192W,13,0.5769230769230769,0.0031892378528144273,0.1742863897022938,0.0008732149161234073,7.528150670610843e-07,11.923076923076923,9,5,29.0,95.0,103,0.8431372549019608,0
YPR176C,3,0.3333333333333333,0.0002659758422798178,0.15931156874553892,0.00030428925250422745,1.2460690578508798e-08,6.333333333333333,2,3,3.6666666666666665,6.0,5,1.0,1
YAL026C,1,0.0,0.0,0.14420643373445324,0.00012069981554048607,9.40980773538389e-09,13.0,1,0,0.0,0.0,0,0.0,0
YDL029W,10,0.37777777777777777,0.0027913713500445016,0.17954389768728007,0.0007146115225189633,2.5875790796157824e-06,11.6,5,7,35.285714285714285,95.0,163,0.5252594107399834,1
YNL084C,9,0.05555555555555555,0.005162398817913466,0.1741164371038518,0.0007654703504119818,3.673743518904253e-08,8.11111111111111,4,1,3.0,3.0,2,1.0,0
YKL129C,18,0.058823529411764705,0.007467131813383392,0.20255973482699943,0.001306578042927168,3.7762250249476925e-05,10.88888888888889,5,3,37.666666666666664,73.0,72,1.0,0
YMR109W,21,0.08095238095238096,0.01120364377473436,0.20589991495618082,0.001479536065995984,3.829494227829434e-05,11.761904761904763,5,3,37.666666666666664,73.0,72,1.0,0
YJL095W,5,0.2,0.001130536959024153,0.18045114325416878,0.00040930523596589006,1.420635036980626e-06,12.4,3,0,0.0,0.0,0,0.0,0
YOR231W,5,0.1,0.001279815107443704,0.17548541154791156,0.00042319141719796504,4.654377622615034e-07,8.6,3,0,0.0,0.0,0,0.0,0
YPL084W,4,0.0,0.0026292234191537785,0.1770865875731429,0.0004112272534848924,1.7482893770078397e-05,14.5,3,0,0.0,0.0,0,0.0,0
YBL085W,10,0.08888888888888889,0.002405407531024689,0.1881918278351602,0.0008387398559951929,7.413106336902785e-07,8.8,5,0,0.0,0.0,0,0.0,0
YJL157C,9,0.1111111111111111,0.007501100809091055,0.19181051267590504,0.0007632658402588168,1.7773614353255494e-05,13.666666666666666,4,1,4.0,4.0,3,1.0,1
YGR152C,4,0.5,5.2840531558580215e-05,0.1718044898008275,0.0003242527206997079,2.63142877518257e-07,12.5,4,0,0.0,0.0,0,0.0,0
YIL004C,15,0.4380952380952381,0.0016486219805115344,0.1729862490311955,0.0009134269146342931,7.706856228491688e-07,11.733333333333333,9,3,40.666666666666664,95.0,94,1.0,1
YLR078C,21,0.2761904761904762,0.011659953410908504,0.18697005890052357,0.0013680486323777302,1.8124392988755854e-05,12.142857142857142,9,3,40.666666666666664,95.0,94,1.0,1
YPL218W,12,0.4393939393939394,0.001269515676523696,0.1662691184002235,0.0007591984721579948,2.7656726303487067e-07,10.583333333333334,7,5,35.0,95.0,104,0.8676250933532487,1
YPR181C,14,0.3516483516483517,0.006216377268392337,0.1787709313676412,0.000851748389094037,1.3879433314324173e-06,12.571428571428571,7,6,29.5,95.0,104,0.8676250933532487,1
YIL109C,12,0.48484848484848486,0.0009257532285413812,0.16746989894016134,0.0007362110438235291,2.765174751024565e-07,10.75,7,5,35.0,95.0,104,0.8676250933532487,1
YLR268W,18,0.3006535947712418,0.009942681218407586,0.18190342935004075,0.001211763952295903,7.632309595688092e-07,11.444444444444445,9,3,40.666666666666664,95.0,94,1.0,0
YNR003C,13,0.8461538461538461,0.0002878072109759881,0.15552339190837036,0.0004776290363702895,2.8330764151338362e-08,18.846153846153847,12,4,60.75,195.0,199,0.9538094512968884,1
YBR123C,6,0.4666666666666667,0.0013477248348695112,0.1719699569007031,0.0004727504052343698,9.089875368661029e-07,8.666666666666666,4,4,84.75,195.0,255,0.7764397097421646,1
YML111W,1,0.0,0.0,0.14777489551435902,0.00015773398157639576,2.3835394422316115e-07,7.0,1,2,30.0,58.0,57,1.0,0
YER125W,7,0.09523809523809523,0.002896305110513144,0.17952584581741404,0.0007745078883264244,1.906916009573699e-05,9.142857142857142,3,3,20.666666666666668,58.0,57,1.0,1
YBR160W,19,0.005847953216374269,0.015100765670728173,0.18813234248235172,0.001967938657586217,4.7408686658445776e-07,4.473684210526316,4,14,69.42857142857143,559.0,588,0.9025252349662182,1
YFL029C,2,0.0,0.0003313794450957405,0.15358369710132463,0.0003231988703272594,5.9269591135572786e-09,10.0,1,0,0.0,0.0,0,0.0,1
YJR060W,4,0.16666666666666666,0.001030896848046184,0.14492038491193895,0.0003791475709982734,7.186674241940884e-11,5.25,3,8,46.375,195.0,248,0.6581232858821993,0
YDR318W,2,0.0,0.00012255378474549698,0.14206094856392712,0.00017338690754091317,2.8695954631100776e-09,13.5,2,7,23.0,55.0,54,1.0,0
YLR293C,14,0.08791208791208792,0.00640448630827242,0.1860931800416884,0.0009743120881318576,3.5985136013771625e-05,9.857142857142858,6,0,0.0,0.0,0,0.0,1
YIL063C,3,0.3333333333333333,4.501440037011087e-06,0.15781899085204174,0.0002543740852390819,6.935323078689863e-07,9.666666666666666,3,1,59.0,59.0,58,1.0,1
YER009W,9,0.1111111111111111,0.0007865970015464138,0.17659618855701711,0.0006388331800416084,1.8933879298875837e-05,13.555555555555555,6,0,0.0,0.0,0,0.0,1
YPR017C,1,0.0,0.0,0.1283839561763014,0.00014644543859439622,8.344358517835377e-11,6.0,1,0,0.0,0.0,0,0.0,0
YGR172C,4,0.0,0.0029187398297599166,0.1702482897120519,0.00038470627524192817,2.400295240962078e-08,11.25,3,0,0.0,0.0,0,0.0,1
YFL038C,7,0.09523809523809523,0.0054232960000772405,0.16099216143720135,0.0005629400484014636,2.1344973113896366e-08,9.857142857142858,3,0,0.0,0.0,0,0.0,1
YKL196C,5,0.3,0.0004206023550482919,0.14997178418444482,0.0004469578732150874,9.522011425527018e-09,9.0,3,3,38.666666666666664,95.0,94,1.0,1
YLR093C,7,0.2857142857142857,0.00250383359691404,0.15805648070284148,0.0006865729849221413,4.346147627046003e-09,8.0,3,4,31.0,95.0,94,1.0,0
YOR106W,9,0.16666666666666666,0.004772156704270445,0.1610066783137962,0.0008510493146245511,7.087628727496961e-09,7.666666666666667,3,4,31.5,95.0,94,1.0,1
YGL212W,3,0.6666666666666666,0.0,0.13660500822431337,0.0003093499123954381,2.2030579257506502e-10,5.666666666666667,3,4,31.5,95.0,94,1.0,0
YLR249W,1,0.0,0.0,0.14961991473940006,0.00013196095430984748,2.2987773244441584e-07,9.0,1,4,295.0,559.0,589,0.9439786101197695,1
YBR118W,9,0.3055555555555556,0.004511568731533465,0.1822562072573237,0.0007234526335158408,1.8391029138313457e-05,10.222222222222221,5,6,198.5,559.0,589,0.9439786101197695,0
YAL040C,7,0.047619047619047616,0.0035117773091365603,0.18072510754048585,0.0006517596633393272,2.4343382082627613e-07,8.714285714285714,4,3,12.333333333333334,25.0,24,1.0,0
YNL064C,5,0.0,0.0008020760442539928,0.16396364210284664,0.00044122882000238793,2.5457018446230504e-07,6.4,4,1,4.0,4.0,3,1.0,0
YLL026W,7,0.047619047619047616,0.0006628369682127331,0.16934408786987862,0.0005467376309547533,1.1446620978153163e-06,9.571428571428571,4,0,0.0,0.0,0,0.0,0
YAL005C,11,0.09090909090909091,0.0050950035593641165,0.1865793168756531,0.0008295171643013475,1.8443754775608465e-05,13.545454545454545,6,1,11.0,11.0,10,1.0,0
YDL229W,4,0.0,0.00011378580237944272,0.17140866492272247,0.0003340997405212013,5.27984358394319e-07,17.0,4,2,287.0,559.0,558,1.0,0
YDR507C,8,0.17857142857142858,0.0017200691793457896,0.16963367494774845,0.0006821123162035579,4.600697096138789e-09,8.125,4,0,0.0,0.0,0,0.0,0
YLR310C,12,0.06060606060606061,0.008149942439452773,0.18136760411376335,0.0011454456983942545,2.904614524301936e-07,5.5,4,0,0.0,0.0,0,0.0,1
YPL240C,16,0.06666666666666667,0.011132933406814392,0.18599625651041668,0.0012617622031419868,2.7918522242187236e-07,7.125,4,0,0.0,0.0,0,0.0,0
YNL098C,4,0.16666666666666666,0.0015678299343083128,0.15786084895234728,0.0004709733096856372,3.798741861316823e-09,5.5,2,0,0.0,0.0,0,0.0,0
YLL016W,3,0.3333333333333333,0.0002043063540514062,0.16673490171818098,0.00030308137453216664,4.5804612500647845e-07,8.666666666666666,3,0,0.0,0.0,0,0.0,0
YLL024C,7,0.09523809523809523,0.0041180701971619315,0.18417370422898402,0.0005204658528491678,2.502224944091692e-06,19.0,4,1,11.0,11.0,10,1.0,0
YBL075C,1,0.0,0.0,0.14902053601235188,0.00014476322720678676,3.630623996235058e-09,12.0,1,1,4.0,4.0,3,1.0,0
YJL194W,15,0.7428571428571429,0.003221129353632009,0.1702482897120519,0.0005738514900217952,1.9627535413556213e-08,19.866666666666667,13,4,27.0,56.0,57,0.9505012531328321,1
YGR108W,1,0.0,0.0,0.15355728091675266,0.00015205516948303132,5.926032984547153e-09,19.0,1,3,12.333333333333334,25.0,24,1.0,0
YLR210W,1,0.0,0.0,0.15355728091675266,0.00015205516948303132,5.926032984547153e-09,19.0,1,3,12.333333333333334,25.0,24,1.0,0
YGL178W,4,0.3333333333333333,0.0010162652017356147,0.16802146066622756,0.0003977749825350838,7.013778804539352e-09,13.0,4,0,0.0,0.0,0,0.0,0
YER120W,2,0.0,0.0002198748891191369,0.15884388066008365,0.0002517950014537427,1.1617155297179343e-08,12.5,2,0,0.0,0.0,0,0.0,0
YHR102W,2,0.0,0.001533988330418773,0.15286054811231917,0.0002914063624298914,8.738719298121446e-09,10.5,2,1,3.0,3.0,2,1.0,1
YOR257W,2,0.0,0.00013758012764264398,0.13422266124182516,0.0002834752670159531,1.1094068525812159e-10,2.5,2,4,30.0,59.0,89,0.5462206332992849,1
YDR356W,3,0.3333333333333333,0.0006805839758801461,0.1388139673870792,0.00034408505660978435,1.19994058251742e-10,5.0,2,4,17.0,32.0,31,1.0,1
YFL009W,7,0.14285714285714285,0.004496263638058145,0.1698595949866819,0.00046404794238370393,3.453892241823393e-08,11.428571428571429,4,5,17.0,58.0,57,1.0,1
YAL041W,12,0.07575757575757576,0.004984446493916896,0.18396497656089017,0.000932676998322615,5.129783382575213e-07,7.75,5,1,4.0,4.0,3,1.0,1
YNL298W,13,0.16666666666666666,0.012142114707879438,0.20155368128456938,0.000989716248159679,1.8666621357582438e-06,12.692307692307692,5,0,0.0,0.0,0,0.0,0
YHR061C,12,0.24242424242424243,0.002633864802625815,0.19695169451797928,0.0009000376317924835,9.725165874990658e-08,12.583333333333334,5,0,0.0,0.0,0,0.0,0
YDR309C,15,0.17142857142857143,0.009672508808853512,0.1979122215140767,0.0011517390908834255,1.1294102785800628e-07,10.6,5,0,0.0,0.0,0,0.0,0
YOR127W,5,0.3,0.0021202585643162494,0.18014165279459243,0.000413680954702486,5.4492208217132716e-08,12.6,4,0,0.0,0.0,0,0.0,0
YHR161C,6,0.06666666666666667,0.002390136989796238,0.16144340528933093,0.000626742950021269,2.6710049815402283e-08,5.833333333333333,3,0,0.0,0.0,0,0.0,0
YGL206C,5,0.2,0.0009425544091248248,0.1410064015241254,0.0005937901014786181,3.430011579443087e-10,3.6,3,5,29.8,95.0,104,0.8676250933532487,0
YGR167W,3,0.6666666666666666,0.00013264149038052668,0.1400332571955141,0.00035544660296164197,3.4242837063393897e-10,4.666666666666667,3,5,29.8,95.0,104,0.8676250933532487,0
YIR006C,7,0.09523809523809523,0.003459881846169051,0.17780960590519818,0.0006578130475268309,3.02141039444771e-07,9.285714285714286,3,4,33.5,73.0,73,0.9729832572298326,1
YBL023C,23,0.7154150197628458,0.0022206435075658006,0.1647047378009409,0.0007925231530411065,2.294948728285071e-07,17.565217391304348,18,6,22.333333333333332,56.0,57,0.9505012531328321,1
YDR207C,6,0.06666666666666667,0.0057870101101795204,0.1652840935388318,0.0006439897169404441,5.4453015613235925e-09,8.666666666666666,3,6,74.33333333333333,195.0,255,0.7764397097421646,0
YMR139W,1,0.0,0.0,0.1379879491885626,0.00015496819325273436,6.824471386427355e-11,6.0,1,0,0.0,0.0,0,0.0,0
YDR390C,3,0.3333333333333333,5.5407982658259186e-05,0.14336122541148133,0.00035547697826298876,4.423384065615811e-07,3.6666666666666665,2,1,2.0,2.0,1,0.0,1
YKR002W,2,1.0,0.0,0.13973736598059164,0.00025859020914167333,4.422442143727319e-07,4.0,2,2,17.5,20.0,19,1.0,1
YGR048W,5,0.1,0.0026242773912670673,0.16715634361542783,0.0005543425564793659,3.4938746440139763e-05,8.6,2,1,3.0,3.0,2,1.0,1
YDL140C,23,0.2964426877470356,0.007179933497273998,0.1752442891844146,0.0010932985559049344,5.089803370646411e-07,13.08695652173913,12,6,57.166666666666664,195.0,208,0.9184318097361576,1
YGL130W,2,1.0,0.0,0.1448733519269777,0.00018088933165462178,6.444971009465327e-09,12.5,2,2,98.5,195.0,194,1.0,1
YPL228W,2,1.0,0.0,0.1448733519269777,0.00018088933165462178,6.444971009465327e-09,12.5,2,2,98.5,195.0,194,1.0,1
YCR077C,9,0.027777777777777776,0.00286711668350964,0.1787351413913914,0.0011201694930299982,4.511437655045078e-07,4.555555555555555,3,5,229.2,559.0,558,1.0,0
YNL088W,2,0.0,0.0006825969002782542,0.14750632486575796,0.00030643431443452953,5.643182152973538e-09,5.5,2,4,23.25,56.0,59,0.8714202220923437,1
YGL049C,4,0.3333333333333333,0.0004486930980626868,0.17261833550850736,0.00041021898036112443,5.9556454475794626e-08,12.5,2,6,201.0,559.0,589,0.9439786101197695,0
YER165W,18,0.0784313725490196,0.007098270975165152,0.1959574256474978,0.0013344181577983638,3.93352409619631e-06,12.61111111111111,6,7,192.71428571428572,559.0,651,0.7999338296112489,1
YPL256C,9,0.05555555555555555,0.004983602698396699,0.1733894020683628,0.0008192028329367704,6.731268808278385e-07,6.333333333333333,4,4,12.75,25.0,30,0.7655172413793103,0
YJR090C,8,0.14285714285714285,0.00621743016799353,0.18109168990872213,0.0006578606928058878,1.7457274608415494e-05,11.375,4,5,17.2,58.0,57,1.0,0
YBR109C,38,0.001422475106685633,0.032924814736724636,0.1916458154448857,0.004243498755583611,0.001397737208154286,6.2894736842105265,5,4,17.0,32.0,31,1.0,1
YNR035C,6,0.6666666666666666,0.0010128665532492243,0.16707813815851033,0.00047203620670728297,1.7546730020920563e-05,12.0,5,4,29.0,95.0,96,0.962280701754386,1
YGL043W,3,0.0,0.0017797285098138914,0.17201965920038537,0.00028162778185151653,1.7483170640646607e-05,22.666666666666668,3,0,0.0,0.0,0,0.0,0
YHR030C,7,0.09523809523809523,0.002302567235906328,0.1652840935388318,0.0006463849119142725,1.3052566494585711e-08,5.285714285714286,3,0,0.0,0.0,0,0.0,0
YJR109C,2,0.0,0.002000781555295037,0.1394209465526665,0.00032709144518800793,4.213133120056529e-09,4.5,1,1,2.0,2.0,1,0.0,0
YLR216C,7,0.14285714285714285,0.0016349370757176979,0.16568284889115711,0.0005362578065891126,2.5978778995132573e-07,9.285714285714286,4,0,0.0,0.0,0,0.0,0
YMR186W,7,0.19047619047619047,0.0006039432310529925,0.16309500022835222,0.0005935870100950431,2.2759039282686666e-07,6.142857142857143,4,1,4.0,4.0,3,1.0,0
YKL117W,4,0.6666666666666666,7.338889587451995e-06,0.15423374470933748,0.0003401744519994002,1.2561265901862286e-08,9.0,4,0,0.0,0.0,0,0.0,0
YNL330C,6,0.26666666666666666,0.0004354933101214853,0.15646372787416754,0.0005922619308025969,3.96353466941817e-09,5.5,4,10,47.2,195.0,256,0.7707720588235294,0
YJR032W,5,0.3,0.0001575864655311485,0.1595963588219521,0.0004323143589607501,1.8191460872786794e-08,7.2,4,0,0.0,0.0,0,0.0,0
YDR172W,3,0.0,0.0008158423991120976,0.17006991737308316,0.00029088868105987424,6.72738997634673e-08,13.666666666666666,3,2,134.0,266.0,265,1.0,1
YGR218W,24,0.010869565217391304,0.020957657878483676,0.2019411968446053,0.0023241980988827665,2.5422838306735727e-06,8.083333333333334,5,1,59.0,59.0,58,1.0,1
YGL092W,15,0.3333333333333333,0.0024784176418057398,0.1908061618401368,0.0009212939880947521,3.780278545254903e-05,14.933333333333334,6,3,29.666666666666668,59.0,59,0.9812974868497955,1
YOR098C,41,0.004878048780487805,0.035299093439398625,0.2068540387511585,0.003729803985142474,1.8935788772791797e-05,5.780487804878049,6,3,32.0,59.0,59,0.9812974868497955,1
YIL115C,6,0.06666666666666667,0.0007874746463954142,0.17127712829736214,0.000499355222018203,3.3025242594878537e-07,8.833333333333334,3,5,21.0,59.0,59,0.9812974868497955,1
YGL097W,6,0.13333333333333333,0.0003715974642483464,0.1782889727908138,0.0005021499384799617,5.659821921294483e-07,15.5,4,0,0.0,0.0,0,0.0,1
YDR002W,3,0.3333333333333333,0.001665738590663592,0.17692866255449863,0.0003140064593837213,5.8610139760736696e-08,20.666666666666668,3,0,0.0,0.0,0,0.0,1
YNL286W,1,0.0,0.0,0.14965753604056659,0.0001636943746708601,3.0949633809721965e-09,17.0,1,6,126.5,559.0,561,0.9900942195059842,0
YJL005W,3,0.3333333333333333,0.0003313794450957405,0.15066779702134842,0.00039455418543216315,3.678682946499506e-09,5.666666666666667,2,1,2.0,2.0,1,0.0,1
YBR140C,1,0.0,0.0,0.12764970421075209,0.00017522136865012918,4.5981914906999605e-11,3.0,1,0,0.0,0.0,0,0.0,1
YDR052C,10,0.6222222222222222,0.0010995347929522003,0.1591128196845482,0.00046057711487821674,4.204105901634527e-09,17.2,8,3,22.0,56.0,55,1.0,1
YMR001C,3,0.0,0.0004659554051614465,0.13971549784820034,0.00027430319530726455,1.0731536841332084e-10,5.666666666666667,3,0,0.0,0.0,0,0.0,1
YPL153C,6,0.0,0.002764869031814561,0.1575405031321687,0.0005804333319414318,1.6940450141153032e-09,4.5,3,1,2.0,2.0,1,0.0,1
YOR368W,3,0.0,0.0019478119459739845,0.1645529501889227,0.0003726395452843851,1.3272507166977056e-06,7.0,2,1,3.0,3.0,2,1.0,0
YPL194W,3,0.0,0.00315679416534394,0.15888628425876491,0.00033589697577488117,1.7413981302755967e-05,5.666666666666667,2,2,2.5,3.0,2,1.0,0
YHR164C,2,0.0,7.815552950371239e-07,0.00078125,0.0006101759431829726,4.0857040047950434e-32,1.0,1,3,29.333333333333332,56.0,55,1.0,1
YKL113C,1,0.0,0.0,0.0005208333333333333,0.0003310848129367916,2.88902900771161e-32,2.0,1,2,43.0,56.0,55,1.0,0
YJR132W,7,0.0,0.005622518769443735,0.18028716301494346,0.0006720755239735945,4.6855964662013516e-07,10.714285714285714,3,1,59.0,59.0,58,1.0,0
YMR199W,5,0.0,0.0007110912296031211,0.1666415363975735,0.0004726707891679803,4.4091567383614326e-07,5.6,3,3,12.333333333333334,25.0,24,1.0,0
YOR027W,6,0.26666666666666666,0.00026036497292154293,0.1605145687252787,0.0005099251098467533,2.3837814313121052e-07,7.333333333333333,4,0,0.0,0.0,0,0.0,0
YGR186W,3,0.3333333333333333,0.0003313794450957405,0.161487208329565,0.00030192469826033157,2.952057668726379e-07,16.333333333333332,2,4,101.25,195.0,264,0.7423378269385874,1
YMR277W,1,0.0,0.0,0.13533151906169472,0.0001491566509584317,3.689950883758384e-09,3.0,1,0,0.0,0.0,0,0.0,1
YNL135C,3,0.0,7.82165318020078e-05,0.14261693789936103,0.00037093197169051534,2.768891954534092e-10,2.3333333333333335,2,1,11.0,11.0,10,1.0,0
YDR174W,2,0.0,0.00017961904961833256,0.1579865565829057,0.0002452356309414926,1.7862959576339997e-08,8.5,2,0,0.0,0.0,0,0.0,0
YDR464W,2,0.0,6.396760568452272e-05,0.1428679838774204,0.0002553401502353928,6.394390175663712e-11,5.0,2,0,0.0,0.0,0,0.0,1
YKL203C,3,0.3333333333333333,0.00017162154688380116,0.16048571476721193,0.00033386928860986006,4.210543221180069e-09,4.666666666666667,2,2,6.5,8.0,10,0.6,1
YML051W,3,0.3333333333333333,0.0003313794450957405,0.15471484815007364,0.00032908121298124695,3.024695399534866e-08,6.666666666666667,2,5,55.4,195.0,194,1.0,0
YBR020W,1,0.0,0.0,0.13054277398011405,0.0001568556680197682,3.784574675236086e-10,3.0,1,0,0.0,0.0,0,0.0,0
YOL051W,24,0.7065217391304348,0.0037025644764443442,0.18730347870554917,0.0008735789564809157,2.3241182234493825e-05,19.958333333333332,20,5,70.0,195.0,211,0.9097269239449334,0
YKL028W,2,1.0,0.0,0.1549027554871172,0.00015085450073141796,2.942597003579559e-07,13.5,2,4,101.0,195.0,264,0.7423378269385874,1
YKR062W,3,0.3333333333333333,0.00028477286438336255,0.16071683730873088,0.00019902732597685882,3.005454282006131e-07,16.333333333333332,2,4,101.0,195.0,264,0.7423378269385874,1
YDL159W,6,0.5333333333333333,0.00036953648493572646,0.17337256651131178,0.0005145481717996241,1.328810690438765e-08,9.5,4,3,8.333333333333334,16.0,15,1.0,0
YLR313C,5,0.1,0.001548716198920635,0.161414216461761,0.000477444828305225,9.478424416927641e-09,7.6,3,1,5.0,5.0,4,1.0,0
YFL037W,5,0.1,0.0025185898587615553,0.14330369682985555,0.0006315087851816796,2.0213256793429442e-10,3.2,2,5,22.8,73.0,72,1.0,1
YCL029C,3,0.3333333333333333,0.0006112766870142065,0.13792399679437664,0.0003353016918295012,1.8953193891097162e-10,5.666666666666667,2,7,37.57142857142857,73.0,136,0.4761437908496732,0
YER016W,2,0.0,0.0015811763288158778,0.1550507174800278,0.00017856137288286178,2.0126948615168526e-08,25.0,2,4,43.5,73.0,123,0.5407170465147274,1
YER007W,2,0.0,0.0003383572179741178,0.12625965651958707,0.0002759058594982188,7.761182312223153e-11,5.0,2,0,0.0,0.0,0,0.0,0
YNL223W,3,0.3333333333333333,0.0006965546288080722,0.13920355987370392,0.0003409205841171776,2.0233134006131129e-10,5.666666666666667,2,6,36.666666666666664,95.0,163,0.5252594107399834,0
YDR283C,2,0.0,6.15370928933696e-06,0.1528082210098417,0.00020280575364545067,6.334458731436662e-09,11.5,2,3,356.0,559.0,558,1.0,0
YMR311C,6,0.7333333333333333,0.0002982259317466244,0.15724914685160724,0.0005558710590189606,3.928192423262581e-09,7.833333333333333,5,1,6.0,6.0,5,1.0,0
YDL207W,5,0.3,0.0004631800670628989,0.16862442747190481,0.00041175729904595153,1.1358147593228744e-06,13.0,3,2,31.0,59.0,58,1.0,1
YKL068W,27,0.02564102564102564,0.015511022563131738,0.20357588216850986,0.0018918683020902674,5.375758490635344e-05,8.592592592592593,6,3,32.0,59.0,59,0.9812974868497955,0
YDR192C,26,0.052307692307692305,0.01236113688762293,0.1920787502689329,0.0018470837689047097,3.6288601377365436e-05,8.038461538461538,6,3,32.0,59.0,59,0.9812974868497955,0
YOR046C,3,0.6666666666666666,3.165762158551793e-05,0.14887144092879773,0.00028203409261818495,2.417608184789776e-08,4.666666666666667,3,3,211.0,559.0,613,0.8374063056435189,1
YMR255W,3,0.6666666666666666,3.786093478691922e-05,0.1583087208529125,0.00027391888864126236,4.680898229098174e-07,11.333333333333334,3,1,59.0,59.0,58,1.0,0
YNL229C,3,0.6666666666666666,7.862691914208673e-06,0.1617065805560587,0.0003244349010042906,4.299434282313734e-09,6.333333333333333,2,0,0.0,0.0,0,0.0,0
YER040W,8,0.07142857142857142,0.008758647399257307,0.19821981155639434,0.0006876905449899112,3.317719034679969e-07,13.625,5,0,0.0,0.0,0,0.0,0
YHR005C,14,0.02197802197802198,0.00929899534188888,0.1829096560643311,0.0015035067067027778,4.7667783803866816e-07,6.0,4,2,9.5,16.0,15,1.0,1
YLR452C,19,0.005847953216374269,0.01219315632600599,0.1886890058649477,0.0021156444586685518,6.559317555977527e-08,4.421052631578948,4,0,0.0,0.0,0,0.0,0
YLR362W,13,0.14102564102564102,0.011366813283087805,0.1923891889343821,0.0010893682636341868,2.696326049852408e-07,10.23076923076923,4,3,8.333333333333334,16.0,15,1.0,0
YGL238W,2,0.0,2.7032740149439233e-05,0.16041362523582786,0.0001833662369032256,4.897917317009846e-07,12.5,2,1,59.0,59.0,58,1.0,1
YOL021C,8,0.5357142857142857,0.0035581201644750635,0.16596003926944883,0.0005952759230617821,4.6206788321779547e-07,8.75,6,6,32.166666666666664,131.0,136,0.9196078431372549,1
YER110C,9,0.08333333333333333,0.0018888195111553473,0.18138602829134498,0.0005527451459459975,0.0013932331387656292,24.88888888888889,6,1,59.0,59.0,58,1.0,0
YDR335W,15,0.21904761904761905,0.0053215605449701605,0.19021668930435712,0.0009582875066911583,3.844579803500293e-06,15.333333333333334,6,0,0.0,0.0,0,0.0,0
YOR160W,7,0.09523809523809523,0.0005420279668338525,0.17825337551163023,0.0005025032981304408,2.5119085053345457e-06,20.285714285714285,6,0,0.0,0.0,0,0.0,1
YJL041W,10,0.2,0.001299821557510997,0.17742091241057234,0.0007112724109387287,1.9985271094869737e-05,10.7,5,5,19.0,59.0,59,0.9812974868497955,1
YLR335W,14,0.15384615384615385,0.0011901625211638187,0.18744111510602562,0.0009289315645351357,4.214072707760842e-06,14.785714285714286,6,3,32.0,59.0,59,0.9812974868497955,0
YMR308C,13,0.07692307692307693,0.019087508827552554,0.20757545483608464,0.0008545699369319628,0.001411693023998535,23.692307692307693,6,1,15.0,15.0,14,1.0,1
YLR256W,3,0.0,0.002016355017420682,0.1539544802983273,0.0003422974622830562,6.672719884744861e-09,7.333333333333333,2,0,0.0,0.0,0,0.0,0
YJL081C,4,1.0,0.0,0.15786084895234728,0.00031780259527761177,4.5750709476052814e-07,14.75,4,6,43.833333333333336,133.0,211,0.570029338749718,1
YBR289W,13,0.5256410256410257,0.004861967873143095,0.1860931800416884,0.0007002939814466432,3.4312879731811816e-07,14.538461538461538,9,6,64.5,195.0,269,0.6211507518171225,0
YBL008W,5,0.6,0.00011227134464034459,0.15472825498266898,0.0003134883886085838,1.8133321471296587e-08,9.2,4,3,32.333333333333336,83.0,82,1.0,0
YOR038C,4,1.0,0.0,0.15274286248930713,0.000248396008063512,1.2664216864023442e-08,10.25,4,3,32.333333333333336,83.0,82,1.0,0
YLR113W,6,0.06666666666666667,0.0011520151854906057,0.1639485871361675,0.0006221665807362287,2.241714159536662e-07,4.333333333333333,3,0,0.0,0.0,0,0.0,0
YMR172W,1,0.0,0.0,0.13705588444120356,0.0001518288369734763,2.8020386810508704e-09,6.0,1,0,0.0,0.0,0,0.0,0
YJL128C,3,0.3333333333333333,0.0005478617281733674,0.17661365603363008,0.0002937898685891095,4.1246852512833905e-08,12.666666666666666,3,0,0.0,0.0,0,0.0,0
YOR208W,2,0.0,2.554892561194149e-05,0.1459748252534336,0.00023038198522207492,2.968339673380948e-09,6.5,2,0,0.0,0.0,0,0.0,0
YER075C,4,0.0,0.0003929660446269462,0.15222200021312873,0.00044062110709142225,3.131793234017761e-09,5.25,3,0,0.0,0.0,0,0.0,0
YBL016W,7,0.38095238095238093,0.0005655433261453375,0.17241831426226342,0.0006292327433020113,1.303093838078338e-08,8.428571428571429,4,3,8.333333333333334,16.0,15,1.0,0
YIL072W,2,1.0,0.0,0.14216274382961783,0.00023141494137096186,8.525216501419291e-11,4.5,2,2,4.5,5.0,4,1.0,0
YOL123W,8,0.21428571428571427,0.0036325880812704673,0.1916458154448857,0.0006120932312201716,1.3628955455973693e-06,14.125,5,4,41.75,131.0,139,0.887811489938484,1
YMR080C,10,0.022222222222222223,0.00418163475322747,0.18032357730761464,0.001115437065391068,3.253124974584942e-08,6.0,3,3,192.33333333333334,559.0,558,1.0,0
YGL073W,2,0.0,0.00015491539445361595,0.15182076885468923,0.00023176151679496149,5.8841284022416036e-09,7.0,2,0,0.0,0.0,0,0.0,1
YOR178C,9,0.3055555555555556,0.0021208277420237225,0.1646288090079292,0.000832317916175381,9.823882442323018e-09,6.555555555555555,5,3,5.0,7.0,8,0.7857142857142857,0
YBR045C,3,0.3333333333333333,0.0002850320976864514,0.1592263298109506,0.00029867386021056506,3.507489735728221e-09,9.333333333333334,3,2,4.5,7.0,6,1.0,0
YER054C,8,0.42857142857142855,0.0010118325954331384,0.1599967797939068,0.0007422125754821439,6.7097127329233605e-09,6.75,5,2,6.5,7.0,8,0.7857142857142857,0
YER133W,13,0.1282051282051282,0.00975834370566318,0.1762823637575279,0.0011893979994850672,2.808726755997611e-07,6.846153846153846,5,11,5.636363636363637,20.0,29,0.4753694581280788,1
YLR263W,4,0.16666666666666666,0.0028126093772354224,0.16204411130774118,0.00040748691670954576,3.615476007178108e-09,6.75,3,2,4.5,5.0,4,1.0,0
YIL033C,5,0.3,0.0016151627829822004,0.15971056015205726,0.0005122672595391009,2.6359474343663568e-08,7.0,3,2,3.5,4.0,3,1.0,0
YBR050C,4,0.0,0.006211038221495233,0.1776150465035313,0.00035992916466809295,1.7515022624330632e-05,19.5,4,2,4.5,7.0,6,1.0,0
YDR168W,3,0.6666666666666666,7.696907598363668e-07,0.15346489578856898,0.00027644676275524543,6.6966676393420014e-09,9.0,3,0,0.0,0.0,0,0.0,1
YOR036W,5,0.0,0.002590886654847213,0.18179230935654653,0.0004979345779054238,1.4275970884247676e-08,14.0,3,4,33.0,95.0,94,1.0,1
YCL032W,30,0.004597701149425287,0.0353969488480033,0.21140943197963535,0.0026261385530048312,7.926451392195181e-07,6.366666666666666,5,0,0.0,0.0,0,0.0,0
YGL253W,0,0.0,0.0,0.0,6.361727845282784e-05,7.48182427707595e-40,0.0,0,0,0.0,0.0,0,0.0,0
YER132C,1,0.0,0.0,0.1552259464922194,0.00014121678465378167,3.300641833677992e-09,11.0,1,0,0.0,0.0,0,0.0,0
YGR179C,1,0.0,0.0,0.1552259464922194,0.00014121678465378167,3.300641833677992e-09,11.0,1,7,23.0,55.0,54,1.0,1
YIL047C,1,0.0,0.0,0.1452504728300659,0.0001529557599832811,3.081958643129013e-09,9.0,1,0,0.0,0.0,0,0.0,0
YOR151C,14,0.7912087912087912,0.00043425199504474216,0.165667476572648,0.0005474844891748028,2.7226370893275007e-07,18.714285714285715,12,6,57.166666666666664,195.0,208,0.9184318097361576,1
YLR384C,7,0.7142857142857143,0.005311449785072293,0.15877325826960698,0.0003825790146977072,2.4218138186162436e-07,18.142857142857142,6,1,6.0,6.0,5,1.0,0
YJL140W,13,0.9102564102564102,9.720543555958253e-05,0.1639184854952722,0.0005026071236145183,2.691096019235397e-07,19.384615384615383,12,8,114.75,559.0,763,0.602910874672776,0
YBR154C,28,0.5185185185185185,0.0012551806971240389,0.16830653808087476,0.0009566065420524658,2.781742406358772e-07,15.892857142857142,13,11,38.90909090909091,195.0,213,0.8788200903534414,1
YPR187W,29,0.4827586206896552,0.010820054395130816,0.18309721723748976,0.0010327743475324993,5.119395162719452e-07,16.724137931034484,13,11,38.90909090909091,195.0,213,0.8788200903534414,1
YJR094C,2,0.0,0.0003313794450957405,0.13800927983459577,0.0003275402989507583,6.825558228551514e-11,3.5,1,3,90.66666666666667,195.0,194,1.0,0
YLR347C,12,0.10606060606060606,0.005187047808526814,0.18464985134436404,0.000803671415306169,0.001393487718348527,19.833333333333332,6,1,59.0,59.0,58,1.0,1
YIL149C,2,0.0,4.678362573099416e-06,0.1551585038668752,0.00018313799862855536,1.765962320519698e-05,11.0,2,2,309.0,559.0,613,0.8374063056435189,0
YMR047C,23,0.03162055335968379,0.01072796759803897,0.1981098482747143,0.00148141053263678,5.3740594273467286e-05,10.130434782608695,6,4,25.5,59.0,59,0.9812974868497955,1
YER011W,2,0.0,0.0006387205727457495,0.1516273830247962,0.0002339758543932204,1.7420575716692383e-05,7.0,2,0,0.0,0.0,0,0.0,0
YBR143C,1,0.0,0.0,0.14831498151839853,0.00015840220814509413,4.0692388913022965e-10,10.0,1,2,134.0,266.0,265,1.0,1
YJL034W,4,0.0,0.00332330337371369,0.13405135604354357,0.00046521154169249694,3.1386656818997473e-09,3.0,2,3,13.666666666666666,29.0,30,0.871264367816092,1
YPL187W,4,0.5,0.0014348614158023476,0.14805672160033168,0.000320118118533123,2.4301091647920915e-08,10.5,3,0,0.0,0.0,0,0.0,0
YMR297W,3,0.0,0.0027835733773561647,0.15380860216211562,0.0003195137923496762,2.267245112301516e-07,10.0,2,0,0.0,0.0,0,0.0,0
YMR214W,1,0.0,0.0,0.11551815116128615,0.00016249190132015752,3.923165895491374e-11,4.0,1,0,0.0,0.0,0,0.0,0
YOR254C,4,0.5,0.0026604142243063698,0.11556300967574915,0.0004933822897264554,3.9250527875487774e-11,3.25,3,4,12.25,29.0,28,1.0,1
YPL253C,1,0.0,0.0,0.13052368877923978,0.0001379978920494447,6.493906082114875e-12,6.0,1,1,6.0,6.0,5,1.0,0
YDL108W,11,0.6545454545454545,0.0008487346247900649,0.1631546109740497,0.0005856172602416179,2.5547427605536594e-07,11.818181818181818,8,12,45.0,195.0,282,0.6572777062668786,1
YGR040W,7,0.38095238095238093,0.00253944621373325,0.1780223392323031,0.0006123752305691401,8.363386083942741e-09,9.571428571428571,4,2,10.5,16.0,15,1.0,0
YLR451W,1,0.0,0.0,0.1615602662414043,0.00016035701355834956,9.740065078368283e-09,26.0,1,2,135.0,195.0,194,1.0,0
YDL056W,2,0.0,0.0002766897052557885,0.14829034652437506,0.0002429955900106386,5.8819958916558955e-09,5.5,2,3,90.66666666666667,195.0,194,1.0,0
YHR206W,5,0.1,0.0012373626187024242,0.17226860226724555,0.0005272567438056227,4.6091182852697607e-07,7.4,3,0,0.0,0.0,0,0.0,0
YMR042W,4,0.6666666666666666,0.0002547403081966406,0.15751270840684545,0.00038157896955864196,6.160234570647329e-09,6.0,3,3,91.33333333333333,195.0,194,1.0,0
YML099C,7,0.19047619047619047,0.009993972674800563,0.18385132439250415,0.0005869347224681827,3.5929093333689196e-08,13.857142857142858,3,3,91.33333333333333,195.0,194,1.0,0
YIL150C,6,0.4,0.002878915595036962,0.1701509493520107,0.0003036973620571672,1.741190188115902e-05,17.833333333333332,5,0,0.0,0.0,0,0.0,1
YEL032W,20,0.8842105263157894,0.0003450429185432764,0.16366306714023832,0.0006461013464499381,2.2935492672462896e-07,19.3,18,6,22.333333333333332,56.0,57,0.9505012531328321,1
YBR202W,20,0.8842105263157894,0.0003450429185432764,0.16366306714023832,0.0006461013464499381,2.2935492672462896e-07,19.3,18,6,22.333333333333332,56.0,57,0.9505012531328321,1
YPR019W,20,0.8842105263157894,0.0003450429185432764,0.16366306714023832,0.0006461013464499381,2.2935492672462896e-07,19.3,18,6,22.333333333333332,56.0,57,0.9505012531328321,1
YIL046W,8,0.10714285714285714,0.004366530541340633,0.16225025556565198,0.000737001529664008,2.594123251742005e-08,7.0,4,5,16.8,58.0,57,1.0,1
YJL187C,4,0.0,0.002280437057843202,0.17777419977100758,0.0003451988592428009,1.3548590013232369e-06,12.25,4,0,0.0,0.0,0,0.0,0
YBL105C,12,0.10606060606060606,0.01073244517250325,0.19806589711591793,0.000849485469828551,3.52945505997472e-05,13.083333333333334,5,0,0.0,0.0,0,0.0,1
YPL140C,2,0.0,6.070841275729694e-05,0.15564540293758716,0.00021482731110841999,6.348559770042251e-09,9.5,2,0,0.0,0.0,0,0.0,0
YMR167W,5,0.1,0.0030154884101517474,0.145262289497234,0.0005583171761292819,1.2740708520984447e-10,4.0,2,6,39.833333333333336,195.0,196,0.9796441653584511,0
YLR035C,2,1.0,0.0,0.1272312998788656,0.00023256863642030106,3.871942617168972e-12,8.5,2,1,2.0,2.0,1,0.0,0
YPL164C,2,0.0,4.858532896064777e-05,0.12573509347933245,0.00029500876315204506,2.477555162427859e-12,3.5,2,1,2.0,2.0,1,0.0,0
YBR088C,12,0.16666666666666666,0.0034229007561201886,0.14042973358238303,0.0010394985570670733,1.8218899506821675e-10,5.166666666666667,5,3,29.0,56.0,55,1.0,1
YMR224C,3,0.3333333333333333,0.0008126615155783581,0.13971549784820034,0.00032824732019423104,1.6479860561286365e-11,6.0,2,4,59.5,195.0,194,1.0,0
YOL090W,9,0.16666666666666666,0.0022444712509897204,0.15783294108547688,0.000779586611497719,6.789352458595803e-09,7.0,4,6,40.0,195.0,194,1.0,0
YOR033C,2,0.0,0.00034208150320964035,0.13734051707560957,0.00023261050059517757,8.652663238101545e-11,7.0,2,0,0.0,0.0,0,0.0,0
YML095C,3,1.0,0.0,0.147567277892562,0.00029605152599426277,4.313208195930223e-10,11.666666666666666,3,4,61.75,195.0,194,1.0,0
YMR201C,9,0.16666666666666666,0.006413136278867746,0.1675013191838649,0.0006824559075935167,2.1195256064390056e-08,10.88888888888889,4,4,61.75,195.0,194,1.0,0
YPL022W,17,0.022058823529411766,0.00842631321415607,0.16406910433703942,0.0018818754266837312,6.429334193663769e-09,4.352941176470588,4,4,61.75,195.0,194,1.0,0
YER171W,12,0.5757575757575758,0.0022991344873353344,0.1687040875377929,0.0007294877611933919,2.4653764520686537e-07,9.833333333333334,8,12,44.0,195.0,266,0.7317349978720386,1
YHR165C,10,0.1111111111111111,0.0038219334040776247,0.1884898197508709,0.0009904933408824523,1.7948833968725612e-05,10.7,4,10,105.5,559.0,619,0.8502282102357388,1
YKR082W,6,0.3333333333333333,0.00010448513747230149,0.1762823637575279,0.0003955791938252699,2.990789805066209e-06,22.0,6,3,32.0,59.0,59,0.9812974868497955,0
YML103C,4,0.3333333333333333,0.000766868321769182,0.1707693250286917,0.0003227955341356528,9.649760484893286e-07,13.5,3,3,32.0,59.0,59,0.9812974868497955,0
YDL116W,14,0.31868131868131866,0.006571383662037961,0.1903180625133234,0.0009344304123027075,4.0073708697455474e-06,15.642857142857142,6,3,29.666666666666668,59.0,59,0.9812974868497955,0
YMR228W,1,0.0,0.0,0.000390625,0.0004241151896855187,7.84526137315919e-34,1.0,1,1,2.0,2.0,1,0.0,0
YFL036W,1,0.0,0.0,0.000390625,0.0004241151896855187,7.84526137315919e-34,1.0,1,1,2.0,2.0,1,0.0,0
YKL013C,7,0.6190476190476191,0.0003259586553307318,0.17063876744074924,0.0005032625499854826,1.2303991882388164e-06,10.285714285714286,5,4,29.0,95.0,96,0.962280701754386,1
YBR234C,2,0.0,0.0,0.1652534995372513,0.00018518403696327288,9.506733188709012e-07,19.5,2,5,29.2,73.0,77,0.8855092276144908,1
YOR047C,3,0.0,0.007258726965909802,0.17654380685188847,0.00019067831337742195,2.0157007396276157e-06,34.0,3,0,0.0,0.0,0,0.0,0
YDR043C,2,0.0,9.865841761130436e-05,0.16420489815155417,0.0002015653688774441,2.38664092192393e-07,12.0,2,0,0.0,0.0,0,0.0,0
YNL112W,1,0.0,0.0,0.14831498151839853,0.00015840220814509413,4.0692388913022965e-10,10.0,1,0,0.0,0.0,0,0.0,1
YHR170W,1,0.0,0.0,0.14831498151839853,0.00015840220814509413,4.0692388913022965e-10,10.0,1,3,356.0,559.0,558,1.0,1
YLR363C,1,0.0,0.0,0.14831498151839853,0.00015840220814509413,4.0692388913022965e-10,10.0,1,0,0.0,0.0,0,0.0,0
YJL039C,1,0.0,0.0,0.1447911176208239,0.00012619907014827024,2.4180366478332136e-07,10.0,1,1,59.0,59.0,58,1.0,1
YMR129W,2,1.0,0.0,0.14799536365520102,0.00019482857750338908,2.538654190472268e-07,7.0,2,3,32.0,59.0,59,0.9812974868497955,0
YHR077C,7,0.047619047619047616,0.0027971063539143654,0.16911953613373745,0.0007123170922207912,4.825323961117978e-09,4.857142857142857,3,3,192.33333333333334,559.0,558,1.0,0
YNR023W,11,0.6545454545454545,0.0015800093521801902,0.18083492632165285,0.0006130574353265665,3.256321181488643e-07,14.545454545454545,9,6,64.5,195.0,269,0.6211507518171225,0
YKL023W,2,0.0,0.0003313794450957405,0.14067313184432365,0.0003198678159616317,6.048920004150295e-11,4.0,1,0,0.0,0.0,0,0.0,0
YDR159W,2,0.0,0.0004318623414485017,0.17437149047851563,0.00019492879799294465,2.8487860512319916e-07,14.5,2,2,30.5,59.0,58,1.0,0
YDR395W,7,0.047619047619047616,0.001098072720174253,0.18555170554920503,0.0005002470816963993,1.9738565272226047e-05,19.571428571428573,5,1,59.0,59.0,58,1.0,1
YOR185C,2,0.0,2.448897901960304e-06,0.15915536701132008,0.00018775999051765983,4.735114110182599e-07,8.0,2,0,0.0,0.0,0,0.0,0
YNL189W,11,0.03636363636363636,0.0027284878887424502,0.18379455095213587,0.0007822631467769841,3.1998491660502745e-06,13.181818181818182,6,1,59.0,59.0,58,1.0,1
YPL124W,7,0.14285714285714285,0.0024360598924729375,0.1550507174800278,0.0006610934355042448,8.84446350876823e-09,6.0,3,4,17.0,32.0,31,1.0,1
YKL042W,6,0.26666666666666666,0.001445299811718606,0.15766570088300222,0.0005542807809719662,6.436885032073997e-10,8.5,3,4,17.0,32.0,31,1.0,1
YNL225C,3,0.6666666666666666,1.6384261457056517e-05,0.1449556796963793,0.00033617477193069434,1.3370969956761814e-10,4.0,2,4,17.0,32.0,31,1.0,1
YOR373W,2,1.0,0.0,0.1414868512282092,0.0002475117456204157,1.2575981195594452e-10,3.5,2,4,17.0,32.0,31,1.0,1
YBR017C,6,0.0,0.002458509753215459,0.17855640625,0.000479750782233441,2.4997827521145895e-06,23.166666666666668,5,0,0.0,0.0,0,0.0,0
YGL016W,7,0.09523809523809523,0.0024015673046123183,0.19343127098905863,0.0005259484784118062,1.894870010956213e-05,18.285714285714285,4,1,59.0,59.0,58,1.0,0
YPL174C,7,0.14285714285714285,0.006560879308122585,0.18755925026260506,0.0006130222602204006,2.7292788479792647e-07,13.285714285714286,4,5,25.2,73.0,73,0.9733637747336378,0
YBL079W,3,0.3333333333333333,0.00014241334142829233,0.17474692332158936,0.00026459976937475316,9.157577323674813e-07,24.666666666666668,3,4,24.75,59.0,59,0.9812974868497955,0
YOR194C,4,0.6666666666666666,7.497384045371204e-05,0.17607376614732276,0.00030274666856055257,4.6931911955110076e-07,11.0,4,4,101.0,195.0,264,0.7423378269385874,1
YKL058W,4,0.6666666666666666,7.497384045371204e-05,0.17607376614732276,0.00030274666856055257,4.6931911955110076e-07,11.0,4,4,101.0,195.0,264,0.7423378269385874,1
YJL143W,4,0.3333333333333333,0.0011668597884146557,0.13826576293170204,0.00031472269012813896,8.878597984793507e-11,8.25,3,5,9.2,18.0,24,0.644927536231884,1
YNR017W,9,0.1388888888888889,0.004060642487012458,0.14418314458171835,0.0008146261407194198,3.4110270762876798e-09,5.222222222222222,3,5,9.2,18.0,24,0.644927536231884,1
YER107C,2,1.0,0.0,0.16309500022835222,0.00018447459064826658,4.93587401705083e-07,18.5,2,4,25.5,59.0,59,0.9812974868497955,0
YDR392W,15,0.7714285714285715,0.0014566005002600792,0.17996009499092924,0.0006431439036147787,5.157588700204963e-07,18.533333333333335,13,9,55.22222222222222,195.0,255,0.7764397097421646,0
YER161C,2,0.0,0.0006776833071626052,0.1586181098427645,0.00018098327236088464,7.1897110289886834e-09,9.0,2,0,0.0,0.0,0,0.0,0
YER047C,5,0.0,0.001998783287969419,0.19141981802101202,0.00042112870489434954,2.7741688145278026e-07,16.0,4,0,0.0,0.0,0,0.0,0
YML065W,24,0.6485507246376812,0.009703054347543205,0.17921951846833284,0.0009038910506607256,2.469612842307252e-08,18.25,18,7,20.285714285714285,56.0,57,0.9505012531328321,1
YKR101W,4,0.3333333333333333,0.002011686274753507,0.18468804949317336,0.00033085179545703364,2.6045579865467594e-07,19.75,4,2,47.5,83.0,82,1.0,0
YML109W,22,0.06493506493506493,0.017409201973782568,0.20490751233647006,0.0017136494473205858,5.581662744634619e-07,8.5,5,0,0.0,0.0,0,0.0,0
YLR045C,1,0.0,0.0,0.1583508391716921,0.0001471957345722384,1.0269729555376064e-09,11.0,1,7,37.57142857142857,73.0,136,0.4761437908496732,1
YER149C,4,0.16666666666666666,0.0016744987025816833,0.17956195318785198,0.00037243793453095765,2.6246442840630837e-07,13.25,3,2,4.0,5.0,4,1.0,0
YPR159W,4,0.0,0.0011131694441843317,0.18005082812342443,0.0003844782313385501,1.0106819632630033e-06,17.25,3,2,3.5,5.0,4,1.0,0
YGR178C,2,0.0,9.318499151911966e-05,0.17642170363600435,0.00019743362055035175,8.424089126627252e-08,18.5,2,3,192.0,559.0,558,1.0,0
YMR061W,6,0.5333333333333333,0.0010634578708129472,0.18003267417826174,0.0004616895100636318,2.92806079909643e-07,10.666666666666666,5,5,36.8,131.0,141,0.8656534954407294,1
YGL044C,5,0.8,5.49244359080533e-05,0.17490097585463807,0.00039023383048507955,7.418227266112109e-08,8.8,5,5,36.8,131.0,141,0.8656534954407294,1
YAL059W,1,0.0,0.0,0.15873091497021957,0.00012667749411139027,4.9167299957219684e-08,18.0,1,0,0.0,0.0,0,0.0,0
YGL094C,1,0.0,0.0,0.14661007163970768,0.00014348739945525493,3.779781947110152e-09,7.0,1,1,2.0,2.0,1,0.0,0
YER118C,19,0.029239766081871343,0.021129894175308486,0.2109349158298878,0.0015808290579795814,2.8057236370965535e-06,9.894736842105264,5,0,0.0,0.0,0,0.0,0
YGL153W,5,0.6,0.0003313794450957405,0.13579466594417827,0.0006174212883533791,3.0790187188685907e-09,5.4,4,1,3.0,3.0,2,1.0,0
YLR191W,11,0.10909090909090909,0.007077531266849122,0.15675217825476254,0.0013465822802642227,2.1104011883984775e-08,3.6363636363636362,4,1,3.0,3.0,2,1.0,0
YNL214W,4,1.0,0.0,0.13578433935361217,0.00047750184056392084,3.0785435978313594e-09,6.75,4,1,3.0,3.0,2,1.0,0
YDR244W,7,0.2857142857142857,0.001601429154794225,0.14651383133667023,0.0008488962819704585,2.1903205081088626e-07,4.142857142857143,4,0,0.0,0.0,0,0.0,0
YDR142C,4,1.0,0.0,0.13578433935361217,0.00047750184056392084,3.0785435978313594e-09,6.75,4,0,0.0,0.0,0,0.0,0
YDL065C,2,0.0,0.00023134749608439144,0.14251449137999841,0.00029165595831000073,1.3933882296364754e-08,3.0,2,0,0.0,0.0,0,0.0,0
YML042W,2,0.0,9.738692685219178e-05,0.131156461179668,0.00029040948470978017,2.912062499544959e-09,4.5,2,0,0.0,0.0,0,0.0,0
YGR077C,2,0.0,0.0025161797193618994,0.16833827307438484,0.0002536747719549072,1.7487319775160314e-05,21.5,2,0,0.0,0.0,0,0.0,0
YOL001W,3,0.0,0.0004758350598279199,0.15929735591935054,0.0003305507519969922,1.0191123433631031e-08,6.333333333333333,2,4,11.75,25.0,30,0.7655172413793103,0
YPL089C,2,0.0,0.0009075249071977546,0.15975342779815693,0.00018914928864397187,5.076738703878781e-09,20.5,2,0,0.0,0.0,0,0.0,0
YNL233W,2,0.0,0.00011455723121903943,0.14467380185545292,0.00026483596808735545,3.1761878304853466e-09,3.0,2,1,2.0,2.0,1,0.0,0
YBL061C,4,0.0,0.002348471227725892,0.15991080624216372,0.00046592548361896655,2.3069621029764313e-07,4.25,2,0,0.0,0.0,0,0.0,0
YBR023C,1,0.0,0.0,0.13422266124182516,0.0001624140685829213,2.8839428377993634e-09,4.0,1,0,0.0,0.0,0,0.0,0
YMR284W,2,0.0,0.00019304708231568916,0.15211825374850912,0.00025625979474883743,1.122235084061661e-08,5.5,2,4,59.25,195.0,194,1.0,0
YJR052W,4,0.0,0.0014887271567958827,0.16673490171818098,0.0003635059812053957,1.1974800344839653e-08,6.25,3,8,39.625,195.0,251,0.6484462151394422,0
YDR169C,1,0.0,0.0,0.145108822633076,0.00016294569397416628,2.5755019465648957e-10,11.0,1,0,0.0,0.0,0,0.0,0
YMR019W,1,0.0,0.0,0.145108822633076,0.00016294569397416628,2.5755019465648957e-10,11.0,1,0,0.0,0.0,0,0.0,0
YKL072W,1,0.0,0.0,0.145108822633076,0.00016294569397416628,2.5755019465648957e-10,11.0,1,0,0.0,0.0,0,0.0,0
YLR026C,17,0.11029411764705882,0.009311413688189215,0.17703391458457268,0.0013043264116280838,2.8878177989708186e-07,8.705882352941176,5,4,33.0,95.0,94,1.0,1
YHL031C,2,1.0,0.0,0.14912009875563723,0.00019566651977200015,9.37632217904603e-09,13.0,2,3,40.666666666666664,95.0,94,1.0,0
YFL005W,4,0.16666666666666666,0.00018901688720300027,0.12754029017857144,0.0003869543857738982,1.4992367563089975e-11,8.75,3,1,3.0,3.0,2,1.0,1
YNL272C,2,0.0,0.0001809026349261286,0.12836549694464414,0.00022789277239989593,6.058209812921945e-12,5.5,2,0,0.0,0.0,0,0.0,1
YGR009C,9,0.05555555555555555,0.006121179999411189,0.17839584998501348,0.0009069883072447407,2.5517175822731797e-07,8.666666666666666,3,2,3.0,3.0,4,0.3333333333333333,1
YPL232W,4,0.16666666666666666,0.00017925979894012228,0.1537556240850771,0.00044760529365115494,3.57336906454648e-09,5.25,2,5,27.0,95.0,95,0.9791713325867861,0
YAL030W,2,0.0,0.00013240838883339483,0.14924473942661318,0.00026285370545913616,3.1946282541314955e-09,6.0,2,4,31.25,95.0,95,0.9791713325867861,0
YBL050W,29,0.007389162561576354,0.03843345668592798,0.19334748917162967,0.0029760732601470698,3.1725434963697345e-07,4.655172413793103,4,2,48.5,95.0,94,1.0,1
YBR080C,2,0.0,0.0005233576963519779,0.16700000584549196,0.00023586842501420162,4.144421190221038e-09,17.0,2,2,48.5,95.0,94,1.0,1
YDR164C,3,0.3333333333333333,0.0003313794450957405,0.14836427606979644,0.0003935178906525402,3.237860105254147e-09,4.666666666666667,2,0,0.0,0.0,0,0.0,1
YNR049C,1,0.0,0.0,0.1259923837496472,0.0001751480809980851,4.052835261593923e-11,3.0,1,0,0.0,0.0,0,0.0,0
YJL025W,4,0.6666666666666666,2.9393499831582134e-05,0.16851302968101173,0.0003331485405937434,2.316825984179883e-07,8.0,3,5,68.8,195.0,255,0.7764397097421646,1
YMR270C,5,0.2,0.0028882353108195175,0.1825356841647925,0.00045445944504436827,2.3589033392008196e-07,12.0,3,6,58.333333333333336,195.0,257,0.7645914396887159,1
YLR075W,81,0.9753086419753086,0.0003313794450957405,0.18101825451135442,0.0005634766833386969,0.11112082808720654,79.27160493827161,80,6,258.8333333333333,559.0,589,0.9439786101197695,1
YIR012W,1,0.0,0.0,0.14878460649112574,6.952353869411594e-05,0.0013889483738925613,81.0,1,3,356.0,559.0,558,1.0,1
YLR119W,2,0.0,4.206768854372577e-05,0.14424138157363278,0.00025143015532973884,1.1502702680955895e-08,3.5,2,1,4.0,4.0,3,1.0,0
YMR235C,2,0.0,0.0008228049336171928,0.15726299652104986,0.00023090982267970814,4.537342960638721e-07,14.0,2,0,0.0,0.0,0,0.0,1
YFL033C,2,0.0,0.000536215379539789,0.15958209513808205,0.00020024918408513746,7.87155825306127e-09,19.5,2,0,0.0,0.0,0,0.0,0
YGR032W,3,0.6666666666666666,0.00016568972254787026,0.15568611583398728,0.00035549535618445877,1.1821233226496794e-08,7.0,2,4,3.5,5.0,7,0.42857142857142855,0
YDL135C,1,0.0,0.0,0.15564540293758716,0.00014201344724346811,1.1669705857305142e-08,16.0,1,0,0.0,0.0,0,0.0,0
YPL075W,2,0.0,0.0001346093163963719,0.15459429112554113,0.0002435638730763242,1.1635458223750378e-09,5.0,2,3,90.66666666666667,195.0,194,1.0,1
YDR171W,1,0.0,0.0,0.1386953598337735,0.00015275820836791322,2.7395571567716773e-10,6.0,1,1,11.0,11.0,10,1.0,0
YDR217C,3,0.0,0.0007716995428008139,0.15253409042371435,0.0003299924398295641,3.965104498275284e-10,5.333333333333333,2,0,0.0,0.0,0,0.0,0
YGR184C,6,0.2,0.005512393954953785,0.16838589801018486,0.00039603769045994184,6.683311039900182e-08,24.333333333333332,4,1,46.0,46.0,45,1.0,0
YML032C,4,1.0,0.0,0.10903542150097703,0.00040877123976352993,3.5855165099510875e-11,4.75,4,3,77.66666666666667,195.0,194,1.0,0
YMR153W,2,0.0,0.0049831965611567015,0.16642409008295275,0.0002588586176232822,1.7648137147126952e-05,8.0,2,2,31.0,59.0,58,1.0,0
YKR072C,1,0.0,0.0,0.13778563643028013,0.00016574761253512893,1.1184984994829737e-10,7.0,1,0,0.0,0.0,0,0.0,0
YJR043C,20,0.8105263157894737,0.0036463641989313454,0.15828065441893452,0.0007117558334547131,1.417690863684191e-08,19.3,18,4,27.25,56.0,55,1.0,0
YNL102W,9,0.16666666666666666,0.0031508590528216865,0.15790272926246907,0.0007424408039659538,1.1716586673837077e-09,6.888888888888889,3,5,20.4,56.0,59,0.8766803039158387,1
YOR217W,5,1.0,0.0,0.12239951072799563,0.00042420623607958665,3.185937817722362e-12,6.6,5,4,24.25,56.0,56,0.9668831168831169,1
YJR068W,5,1.0,0.0,0.12239951072799563,0.00042420623607958665,3.185937817722362e-12,6.6,5,7,16.285714285714285,56.0,60,0.8497175141242937,1
YNL290W,5,1.0,0.0,0.12239951072799563,0.00042420623607958665,3.185937817722362e-12,6.6,5,7,16.285714285714285,56.0,60,0.8497175141242937,1
YOL094C,5,1.0,0.0,0.12239951072799563,0.00042420623607958665,3.185937817722362e-12,6.6,5,7,16.285714285714285,56.0,60,0.8497175141242937,1
YBR087W,6,0.6666666666666666,0.0009982275179197852,0.13075308014792034,0.0004975151875206636,6.301113070514713e-11,5.666666666666667,5,7,16.285714285714285,56.0,60,0.8497175141242937,1
YNL262W,21,0.7476190476190476,0.001464613451617898,0.16163339028695575,0.0007679753406349678,1.457699260661844e-08,18.19047619047619,18,6,19.666666666666668,56.0,56,0.9662337662337662,1
YIR008C,4,0.8333333333333334,6.904362508955326e-05,0.14775043959453868,0.00030563562663219894,6.020318253577369e-10,9.5,3,5,20.4,56.0,59,0.8766803039158387,1
YKL045W,5,0.5,0.0029598045994005243,0.167360020854813,0.000387113982158551,3.1987320608379446e-08,12.2,3,5,20.4,56.0,59,0.8766803039158387,1
YMR203W,9,0.8055555555555556,0.0004739614954344365,0.12576166097337654,0.0005190414326963597,2.3837419881974975e-12,8.0,8,4,10.5,18.0,18,0.9281045751633987,1
YNL131W,9,0.8055555555555556,0.0004739614954344365,0.12576166097337654,0.0005190414326963597,2.3837419881974975e-12,8.0,8,4,10.5,18.0,18,0.9281045751633987,1
YJL124C,32,0.0,0.027619516862382072,0.20017534332959644,0.0036138586616994077,1.5769852854227713e-06,4.6875,4,3,192.66666666666666,559.0,560,0.9943713263480706,0
YAL019W,1,0.0,0.0,0.161487208329565,0.00016045213177766438,1.9758036541174997e-08,32.0,1,0,0.0,0.0,0,0.0,0
YBR214W,1,0.0,0.0,0.161487208329565,0.00016045213177766438,1.9758036541174997e-08,32.0,1,0,0.0,0.0,0,0.0,0
YBR274W,8,0.0,0.005058333423145369,0.1776150465035313,0.0008087530432410771,2.946054673113495e-08,7.625,3,0,0.0,0.0,0,0.0,0
YDL175C,3,0.0,0.0018690706374855969,0.18712681434709708,0.0003228370019756132,1.7521844576957006e-05,25.0,3,2,3.5,4.0,3,1.0,0
YEL060C,2,0.0,0.002000781555295037,0.1615164235639982,0.00033664216984481666,1.9761149236839245e-08,16.5,1,0,0.0,0.0,0,0.0,0
YER028C,1,0.0,0.0,0.161487208329565,0.00016045213177766438,1.9758036541174997e-08,32.0,1,0,0.0,0.0,0,0.0,0
YGL207W,4,0.0,0.0035613355244860103,0.17447372117451632,0.00035394070613046374,3.1774551877377106e-08,15.25,3,3,9.333333333333334,19.0,23,0.6640316205533597,1
YGR158C,1,0.0,0.0,0.161487208329565,0.00016045213177766438,1.9758036541174997e-08,32.0,1,3,12.0,14.0,13,1.0,1
YIL042C,1,0.0,0.0,0.161487208329565,0.00016045213177766438,1.9758036541174997e-08,32.0,1,1,7.0,7.0,6,1.0,0
YIL048W,3,0.0,0.0018194257616544072,0.18484100025879918,0.0003251880822441526,1.7584621169842417e-05,30.0,3,0,0.0,0.0,0,0.0,1
YJR143C,1,0.0,0.0,0.161487208329565,0.00016045213177766438,1.9758036541174997e-08,32.0,1,0,0.0,0.0,0,0.0,0
YKR026C,6,0.4,0.0017458779036472088,0.16903948333806684,0.000581005857599379,1.0014974430878178e-07,11.833333333333334,4,5,63.2,266.0,270,0.9641470466749277,0
YLR003C,1,0.0,0.0,0.161487208329565,0.00016045213177766438,1.9758036541174997e-08,32.0,1,0,0.0,0.0,0,0.0,0
YML088W,1,0.0,0.0,0.161487208329565,0.00016045213177766438,1.9758036541174997e-08,32.0,1,2,35.5,58.0,57,1.0,0
YMR056C,1,0.0,0.0,0.161487208329565,0.00016045213177766438,1.9758036541174997e-08,32.0,1,0,0.0,0.0,0,0.0,0
YMR250W,2,0.0,0.002890805464846441,0.17610849812604795,0.00025633928687050485,1.7490707563174454e-05,35.0,2,0,0.0,0.0,0,0.0,0
YNL032W,1,0.0,0.0,0.161487208329565,0.00016045213177766438,1.9758036541174997e-08,32.0,1,1,6.0,6.0,5,1.0,0
YNL163C,1,0.0,0.0,0.161487208329565,0.00016045213177766438,1.9758036541174997e-08,32.0,1,0,0.0,0.0,0,0.0,1
YOR109W,1,0.0,0.0,0.161487208329565,0.00016045213177766438,1.9758036541174997e-08,32.0,1,0,0.0,0.0,0,0.0,0
YOR147W,1,0.0,0.0,0.161487208329565,0.00016045213177766438,1.9758036541174997e-08,32.0,1,0,0.0,0.0,0,0.0,0
YOR320C,3,0.0,0.0009772882776004676,0.16862442747190481,0.0003716818762592789,1.0282459868577404e-07,20.0,2,0,0.0,0.0,0,0.0,0
YPL152W,2,0.0,0.00038516868064274336,0.16846533281441647,0.00023827556853400913,1.0003918123849923e-07,27.0,2,2,4.5,6.0,6,0.7333333333333333,0
YBL026W,36,0.0031746031746031746,0.03232794876488853,0.20957324677230046,0.003658712993437642,0.00139882696821459,5.833333333333333,4,6,127.5,559.0,558,1.0,1
YAR003W,3,0.0,0.002460409954827984,0.17099828217774374,0.00034369873118448446,1.7498323638793412e-05,18.666666666666668,3,2,45.5,83.0,82,1.0,0
YBL066C,2,1.0,0.0,0.16899148802763583,0.00024008797979645466,1.771450704293739e-05,22.5,2,0,0.0,0.0,0,0.0,0
YCR066W,3,0.0,0.0009513788203550994,0.17495238707622968,0.0003759699715196658,3.4932610528642524e-05,18.333333333333332,2,1,2.0,2.0,1,0.0,0
YDR440W,2,0.0,0.0008258713110427353,0.17396376290919718,0.00021434554414395253,1.770847182151387e-05,26.5,2,0,0.0,0.0,0,0.0,0
YEL015W,9,0.05555555555555555,0.003908291647137094,0.18689177962110112,0.0009432217782543954,1.839452751598524e-05,7.666666666666667,4,2,287.5,559.0,558,1.0,0
YER025W,4,0.16666666666666666,0.0014162844502897873,0.1747298231235933,0.0004704675984556678,1.7570444106335565e-05,15.5,2,7,174.28571428571428,559.0,592,0.9345646407829149,1
YGL185C,1,0.0,0.0,0.16754847166181852,0.00015052979216297128,1.748458198860392e-05,36.0,1,0,0.0,0.0,0,0.0,0
YIL066C,5,0.4,0.0032048952587719467,0.16973042419201523,0.0005420278120465711,1.749886328795247e-05,9.8,3,1,4.0,4.0,3,1.0,0
YIL132C,1,0.0,0.0,0.16754847166181852,0.00015052979216297128,1.748458198860392e-05,36.0,1,0,0.0,0.0,0,0.0,0
YLR039C,1,0.0,0.0,0.16754847166181852,0.00015052979216297128,1.748458198860392e-05,36.0,1,2,4.5,7.0,6,1.0,0
YLR120C,1,0.0,0.0,0.16754847166181852,0.00015052979216297128,1.748458198860392e-05,36.0,1,0,0.0,0.0,0,0.0,0
YLR126C,1,0.0,0.0,0.16754847166181852,0.00015052979216297128,1.748458198860392e-05,36.0,1,0,0.0,0.0,0,0.0,0
YMR066W,1,0.0,0.0,0.16754847166181852,0.00015052979216297128,1.748458198860392e-05,36.0,1,0,0.0,0.0,0,0.0,0
YMR207C,1,0.0,0.0,0.16754847166181852,0.00015052979216297128,1.748458198860392e-05,36.0,1,0,0.0,0.0,0,0.0,0
YMR237W,1,0.0,0.0,0.16754847166181852,0.00015052979216297128,1.748458198860392e-05,36.0,1,4,229.0,559.0,563,0.9823644305101673,0
YOL102C,1,0.0,0.0,0.16754847166181852,0.00015052979216297128,1.748458198860392e-05,36.0,1,3,74.0,131.0,130,1.0,1
YOL163W,1,0.0,0.0,0.16754847166181852,0.00015052979216297128,1.748458198860392e-05,36.0,1,0,0.0,0.0,0,0.0,0
YOR043W,1,0.0,0.0,0.16754847166181852,0.00015052979216297128,1.748458198860392e-05,36.0,1,1,2.0,2.0,1,0.0,0
YPL042C,13,0.28205128205128205,0.0073839842679946435,0.18850971943623313,0.0007128321381358041,1.7572407868611044e-05,14.846153846153847,7,4,46.75,133.0,172,0.7451380388956889,0
YPL115C,6,0.06666666666666667,0.004620224326944913,0.18910867003812754,0.0005082769918784164,1.7526214801083128e-05,15.833333333333334,4,0,0.0,0.0,0,0.0,1
YPL119C,1,0.0,0.0,0.16754847166181852,0.00015052979216297128,1.748458198860392e-05,36.0,1,0,0.0,0.0,0,0.0,0
YPR184W,3,0.0,0.00254888876610112,0.1832851634674605,0.00029863341514561924,1.762506896460977e-05,25.0,3,0,0.0,0.0,0,0.0,0
YDR166C,7,0.7142857142857143,0.0004927927458172985,0.17952584581741404,0.0005144733886545299,1.7985622467725986e-05,11.571428571428571,6,2,7.5,8.0,7,1.0,1
YLR128W,1,0.0,0.0,0.16754847166181852,0.00015052979216297128,1.748458198860392e-05,36.0,1,0,0.0,0.0,0,0.0,0
YNL264C,1,0.0,0.0,0.16754847166181852,0.00015052979216297128,1.748458198860392e-05,36.0,1,0,0.0,0.0,0,0.0,0
YNL287W,15,0.42857142857142855,0.01106834861815851,0.19542126108131774,0.0009513322948397098,3.5783459065476794e-05,14.933333333333334,9,6,30.166666666666668,95.0,107,0.8236642567448422,1
YPR032W,3,0.0,0.0015117367588721835,0.17719202763719363,0.00032849439920980755,1.74906240684992e-05,16.333333333333332,3,1,3.0,3.0,2,1.0,0
YER112W,21,0.0,0.016932355561762986,0.19859460154599046,0.002095860284143442,9.101328406608858e-07,3.857142857142857,4,10,105.4,559.0,619,0.8502282102357388,1
YDL145C,11,0.8,0.00264971960694885,0.18003267417826174,0.0006845429032576346,7.606770132157382e-07,14.090909090909092,9,5,34.0,95.0,104,0.8676250933532487,1
YDR082W,2,0.0,0.0005214139263464224,0.16090511512120392,0.00027214599077415744,1.1399678292680702e-08,11.5,2,1,11.0,11.0,10,1.0,1
YDR289C,1,0.0,0.0,0.16045687118080518,0.00014895665940704655,1.139788274810133e-08,21.0,1,1,3.0,3.0,2,1.0,0
YER124C,5,0.2,0.0018638092621123719,0.1845544250645995,0.00044551933344916294,2.61599071010504e-07,14.4,4,0,0.0,0.0,0,0.0,0
YIL029C,1,0.0,0.0,0.16045687118080518,0.00014895665940704655,1.139788274810133e-08,21.0,1,0,0.0,0.0,0,0.0,0
YBR108W,1,0.0,0.0,0.15811246457982822,0.00013905244234104728,1.744256476788811e-05,17.0,1,0,0.0,0.0,0,0.0,0
YDL240W,2,0.0,0.0007187742922042708,0.17343992836328317,0.00021744861113168754,1.7454234473745415e-05,16.5,2,0,0.0,0.0,0,0.0,0
YJR138W,3,0.0,0.0012694929420928901,0.1768060265867908,0.00030221526005161077,1.7534243795333536e-05,20.0,3,0,0.0,0.0,0,0.0,0
YLR281C,1,0.0,0.0,0.15811246457982822,0.00013905244234104728,1.744256476788811e-05,17.0,1,0,0.0,0.0,0,0.0,0
YMR142C,81,0.9753086419753086,0.007704748313130486,0.18981227410439036,0.0005796602550854902,0.11112090840086176,79.46913580246914,80,6,258.8333333333333,559.0,589,0.9439786101197695,0
YOR096W,57,0.9649122807017544,0.009263010238512425,0.1699080847368922,0.0006140426749411117,0.00011697046075238454,55.68421052631579,56,8,204.625,559.0,589,0.9439786101197695,0
YJL110C,3,0.3333333333333333,0.0004473421639540404,0.1624273685527154,0.0003510918139393437,1.149433171538547e-08,10.333333333333334,2,0,0.0,0.0,0,0.0,0
YJL155C,1,0.0,0.0,0.16045687118080518,0.00014895665940704655,1.139788274810133e-08,21.0,1,0,0.0,0.0,0,0.0,0
YKL209C,2,0.0,0.0006324343703200081,0.16838589801018486,0.0002267800961633913,9.167902744542558e-08,21.5,2,0,0.0,0.0,0,0.0,0
YLL032C,1,0.0,0.0,0.16045687118080518,0.00014895665940704655,1.139788274810133e-08,21.0,1,2,452.5,559.0,558,1.0,0
YLR386W,2,0.0,0.0011914860005766362,0.16913555579236525,0.0001703163864747932,3.131520775470561e-08,30.0,2,1,2.0,2.0,1,0.0,0
YOR195W,3,0.3333333333333333,0.001132866055461059,0.16942442949995257,0.0002809749479583937,2.0327765160709814e-08,12.666666666666666,3,2,49.0,55.0,54,1.0,0
YOR219C,1,0.0,0.0,0.16045687118080518,0.00014895665940704655,1.139788274810133e-08,21.0,1,0,0.0,0.0,0,0.0,0
YER146W,22,0.004329004329004329,0.015607053366207666,0.17678852103960396,0.001992418387172392,4.896561221965655e-06,8.590909090909092,4,6,127.5,559.0,558,1.0,1
YCR024C,1,0.0,0.0,0.1459151803955218,0.0001414407152091726,8.028114469732424e-08,22.0,1,0,0.0,0.0,0,0.0,0
YDL112W,1,0.0,0.0,0.1459151803955218,0.0001414407152091726,8.028114469732424e-08,22.0,1,0,0.0,0.0,0,0.0,0
YER131W,57,0.9655388471177945,0.003457477806962471,0.1652076297649889,0.0006164024893868866,9.982235157230529e-05,55.771929824561404,56,7,227.28571428571428,559.0,589,0.9439786101197695,0
YGR210C,1,0.0,0.0,0.1459151803955218,0.0001414407152091726,8.028114469732424e-08,22.0,1,0,0.0,0.0,0,0.0,0
YHL008C,1,0.0,0.0,0.1459151803955218,0.0001414407152091726,8.028114469732424e-08,22.0,1,0,0.0,0.0,0,0.0,0
YIL038C,14,0.7472527472527473,0.003036310472702434,0.16648615967365968,0.0006338251855571756,1.1205173021031699e-07,15.285714285714286,12,7,63.142857142857146,195.0,255,0.7764397097421646,0
YJL084C,2,0.0,0.001593367029709508,0.16306521118721462,0.00020379689450106064,1.7474916043645573e-05,15.5,2,0,0.0,0.0,0,0.0,0
YLR058C,1,0.0,0.0,0.1459151803955218,0.0001414407152091726,8.028114469732424e-08,22.0,1,0,0.0,0.0,0,0.0,0
YOR201C,1,0.0,0.0,0.1459151803955218,0.0001414407152091726,8.028114469732424e-08,22.0,1,0,0.0,0.0,0,0.0,0
YPR010C,15,0.7523809523809524,0.003474398643115275,0.16214711791681802,0.0005904975655420273,1.0607480573150457e-07,18.8,13,3,77.33333333333333,195.0,194,1.0,1
YDR378C,6,0.0,0.0013274527782147947,0.1449909916768169,0.0009199493529509752,2.2162192649474656e-07,2.0,2,6,127.5,559.0,558,1.0,1
YGL251C,1,0.0,0.0,0.12355134669941878,0.00019702358617809757,2.7854174472747928e-09,6.0,1,0,0.0,0.0,0,0.0,0
YJL139C,1,0.0,0.0,0.12355134669941878,0.00019702358617809757,2.7854174472747928e-09,6.0,1,0,0.0,0.0,0,0.0,0
YLR053C,1,0.0,0.0,0.12355134669941878,0.00019702358617809757,2.7854174472747928e-09,6.0,1,0,0.0,0.0,0,0.0,0
YMR221C,1,0.0,0.0,0.12355134669941878,0.00019702358617809757,2.7854174472747928e-09,6.0,1,0,0.0,0.0,0,0.0,0
YDL077C,1,0.0,0.0,0.12410092177509037,0.00018456372391918095,2.7814165666688307e-09,4.0,1,4,5.5,7.0,11,0.5454545454545454,0
YNL147W,4,0.0,0.002425479291718118,0.14574843380132235,0.0005596051396510196,2.2130381253168254e-07,2.5,2,6,127.5,559.0,558,1.0,1
YIL112W,2,0.0,0.0005095352034190429,0.12742196977806325,0.0003236913872824118,2.7823553279730046e-09,5.5,2,3,56.333333333333336,133.0,132,1.0,0
YBR034C,3,0.0,0.0018351276980330823,0.1715568853285934,0.0003024442120008602,2.0214260628026117e-06,35.0,2,0,0.0,0.0,0,0.0,0
YBR044C,4,0.5,0.0046611393948506625,0.16728162474236463,0.0004543901510963522,2.4330356478534817e-07,14.75,3,0,0.0,0.0,0,0.0,0
YCR107W,1,0.0,0.0,0.16715634361542783,0.00016602164050294723,2.431859346134565e-07,47.0,1,0,0.0,0.0,0,0.0,0
YDR127W,1,0.0,0.0,0.16715634361542783,0.00016602164050294723,2.431859346134565e-07,47.0,1,0,0.0,0.0,0,0.0,0
YDR135C,1,0.0,0.0,0.16715634361542783,0.00016602164050294723,2.431859346134565e-07,47.0,1,0,0.0,0.0,0,0.0,0
YEL023C,2,0.0,0.0012647122659445874,0.18223760588895693,0.00023228094709181528,2.501664621267305e-07,34.5,2,0,0.0,0.0,0,0.0,0
YGL028C,1,0.0,0.0,0.16715634361542783,0.00016602164050294723,2.431859346134565e-07,47.0,1,0,0.0,0.0,0,0.0,0
YJL004C,4,0.16666666666666666,0.0027962689763713637,0.18134918367865122,0.00035956728030544333,6.427039327754005e-07,26.25,4,0,0.0,0.0,0,0.0,0
YKR021W,1,0.0,0.0,0.16715634361542783,0.00016602164050294723,2.431859346134565e-07,47.0,1,0,0.0,0.0,0,0.0,0
YKR104W,1,0.0,0.0,0.16715634361542783,0.00016602164050294723,2.431859346134565e-07,47.0,1,0,0.0,0.0,0,0.0,0
YLL015W,2,0.0,0.0017442111142202846,0.16808472771345195,0.00027210372239585006,2.4322965006812404e-07,29.5,2,0,0.0,0.0,0,0.0,0
YLR133W,1,0.0,0.0,0.16715634361542783,0.00016602164050294723,2.431859346134565e-07,47.0,1,0,0.0,0.0,0,0.0,0
YLR430W,1,0.0,0.0,0.16715634361542783,0.00016602164050294723,2.431859346134565e-07,47.0,1,0,0.0,0.0,0,0.0,1
YMR205C,2,0.0,0.0003313794450957405,0.16718764630149813,0.0003453581431768894,2.432241291145515e-07,24.0,1,1,2.0,2.0,1,0.0,0
YNL242W,1,0.0,0.0,0.16715634361542783,0.00016602164050294723,2.431859346134565e-07,47.0,1,0,0.0,0.0,0,0.0,0
YNL329C,1,0.0,0.0,0.16715634361542783,0.00016602164050294723,2.431859346134565e-07,47.0,1,0,0.0,0.0,0,0.0,0
YOL031C,1,0.0,0.0,0.16715634361542783,0.00016602164050294723,2.431859346134565e-07,47.0,1,0,0.0,0.0,0,0.0,0
YOL140W,1,0.0,0.0,0.16715634361542783,0.00016602164050294723,2.431859346134565e-07,47.0,1,0,0.0,0.0,0,0.0,0
YPR178W,1,0.0,0.0,0.16715634361542783,0.00016602164050294723,2.431859346134565e-07,47.0,1,7,133.57142857142858,559.0,619,0.8502282102357388,1
YDR141C,1,0.0,0.0,0.14723872866331328,0.00017033942284698948,5.6422983319168385e-09,9.0,1,1,2.0,2.0,1,0.0,1
YER115C,2,1.0,0.0,0.1655599501622624,0.00023659872943585753,1.2622825845190881e-08,15.5,2,0,0.0,0.0,0,0.0,0
YGL143C,1,0.0,0.0,0.14723872866331328,0.00017033942284698948,5.6422983319168385e-09,9.0,1,0,0.0,0.0,0,0.0,0
YMR002W,1,0.0,0.0,0.14723872866331328,0.00017033942284698948,5.6422983319168385e-09,9.0,1,0,0.0,0.0,0,0.0,0
YNR027W,1,0.0,0.0,0.14723872866331328,0.00017033942284698948,5.6422983319168385e-09,9.0,1,0,0.0,0.0,0,0.0,0
YGR116W,2,0.0,0.00027991605709947983,0.17023205858518448,0.0002499152011918329,2.396651194118412e-07,17.5,2,1,19.0,19.0,18,1.0,1
YJR140C,2,0.0,0.0011431291558304925,0.15553693924216028,0.0002789432769419801,2.300317595639748e-07,8.5,2,3,32.333333333333336,83.0,82,1.0,0
YBL034C,2,0.0,0.002033912009388858,0.16269376423690207,0.00026803390620931883,9.742600195163695e-09,15.5,2,5,33.0,73.0,94,0.687256920613132,1
YBL037W,4,0.5,0.0013902523798279395,0.1655753025315282,0.0004198172975430096,1.0168110716112512e-08,9.25,3,5,33.6,95.0,104,0.8676250933532487,0
YBL054W,1,0.0,0.0,0.1615602662414043,0.00016035701355834956,9.740065078368283e-09,26.0,1,0,0.0,0.0,0,0.0,0
YCR076C,2,0.0,0.0016585665930336107,0.16321426531078612,0.0002664390954512524,9.783780533035855e-09,19.0,2,0,0.0,0.0,0,0.0,0
YGL014W,1,0.0,0.0,0.1615602662414043,0.00016035701355834956,9.740065078368283e-09,26.0,1,0,0.0,0.0,0,0.0,1
YHR186C,1,0.0,0.0,0.1615602662414043,0.00016035701355834956,9.740065078368283e-09,26.0,1,2,4.5,5.0,4,1.0,1
YIR014W,2,0.0,0.0012092667570149432,0.17999637726814516,0.0002486687438482435,2.5174165014739343e-07,25.0,2,0,0.0,0.0,0,0.0,0
YIR024C,1,0.0,0.0,0.1615602662414043,0.00016035701355834956,9.740065078368283e-09,26.0,1,0,0.0,0.0,0,0.0,0
YJR023C,1,0.0,0.0,0.1615602662414043,0.00016035701355834956,9.740065078368283e-09,26.0,1,0,0.0,0.0,0,0.0,1
YKL133C,1,0.0,0.0,0.1615602662414043,0.00016035701355834956,9.740065078368283e-09,26.0,1,0,0.0,0.0,0,0.0,0
YKR031C,1,0.0,0.0,0.1615602662414043,0.00016035701355834956,9.740065078368283e-09,26.0,1,0,0.0,0.0,0,0.0,0
YKR054C,6,0.06666666666666667,0.007366938823234065,0.17729759333730513,0.000509864913003442,1.0201358557993287e-08,13.833333333333334,4,7,24.571428571428573,73.0,95,0.6732362821948489,0
YML112W,3,0.3333333333333333,0.000662758890191481,0.16161876018283852,0.00043868225597317145,9.743159200586641e-09,10.0,2,3,74.33333333333333,195.0,214,0.8490632267122987,0
YOL151W,1,0.0,0.0,0.1615602662414043,0.00016035701355834956,9.740065078368283e-09,26.0,1,0,0.0,0.0,0,0.0,0
YOR093C,1,0.0,0.0,0.1615602662414043,0.00016035701355834956,9.740065078368283e-09,26.0,1,0,0.0,0.0,0,0.0,0
YOR124C,1,0.0,0.0,0.1615602662414043,0.00016035701355834956,9.740065078368283e-09,26.0,1,0,0.0,0.0,0,0.0,0
YJR065C,7,0.6666666666666666,0.0003883915989678984,0.17382827711253895,0.0005090384112728546,1.6617969673767707e-06,11.428571428571429,5,4,29.0,95.0,96,0.962280701754386,1
YPL090C,57,0.9655388471177945,0.0034644066202028766,0.1652076297649889,0.0006164024893868866,9.982235157230529e-05,55.771929824561404,56,8,204.625,559.0,589,0.9439786101197695,0
YBR217W,3,0.0,1.5631105900742477e-06,0.001171875,0.0007962366966804264,5.485821999345741e-31,1.0,1,1,3.0,3.0,2,1.0,0
YDR022C,1,0.0,0.0,0.000703125,0.0003000746873538826,3.167240808054812e-31,3.0,1,0,0.0,0.0,0,0.0,0
YGL078C,1,0.0,0.0,0.000703125,0.0003000746873538826,3.167240808054812e-31,3.0,1,0,0.0,0.0,0,0.0,0
YLR424W,1,0.0,0.0,0.000703125,0.0003000746873538826,3.167240808054812e-31,3.0,1,3,217.66666666666666,559.0,558,1.0,1
YHR171W,3,0.0,0.0006625208212438946,0.12766795813670814,0.0005461735846038461,4.4248632000677714e-11,1.6666666666666667,1,0,0.0,0.0,0,0.0,0
YNL255C,1,0.0,0.0,0.11074639102524345,0.00021945584208372268,5.550578741816175e-13,3.0,1,0,0.0,0.0,0,0.0,0
YKL134C,1,0.0,0.0,0.11074639102524345,0.00021945584208372268,5.550578741816175e-13,3.0,1,0,0.0,0.0,0,0.0,0
YDL137W,1,0.0,0.0,0.000390625,0.0004241151896855187,7.84526137315919e-34,1.0,1,0,0.0,0.0,0,0.0,0
YDR007W,1,0.0,0.0,0.000390625,0.0004241151896855187,7.84526137315919e-34,1.0,1,0,0.0,0.0,0,0.0,0
YPL051W,3,0.0,3.1262211801484955e-06,0.001171875,0.0007962366966804264,5.485821999345741e-31,1.0,1,0,0.0,0.0,0,0.0,0
YER044C,1,0.0,0.0,0.000703125,0.0003000746873538826,3.167240808054812e-31,3.0,1,0,0.0,0.0,0,0.0,0
YJL115W,6,0.2,0.002478285370494259,0.15968199450008944,0.0004619041742713589,4.4301174762763096e-07,7.666666666666667,3,3,31.666666666666668,83.0,83,0.9759036144578314,0
YMR200W,2,0.0,0.0009125397885426853,0.16107930198466397,0.00022506890988428706,1.747648699327988e-05,22.0,2,0,0.0,0.0,0,0.0,1
YLR399C,4,0.0,0.0009941383352872215,0.13910595687909008,0.0005917902979070208,1.6509094635159909e-09,4.25,1,0,0.0,0.0,0,0.0,0
YIL002C,1,0.0,0.0,0.11925225823148333,0.00019047142736553134,2.155207506635319e-11,4.0,1,0,0.0,0.0,0,0.0,0
YDR410C,1,0.0,0.0,0.11925225823148333,0.00019047142736553134,2.155207506635319e-11,4.0,1,0,0.0,0.0,0,0.0,0
YNL244C,14,0.32967032967032966,0.005694614789199669,0.16679720340962167,0.0007502923906689433,1.2943408093969763e-07,20.142857142857142,6,6,53.166666666666664,266.0,267,0.9854129706288193,1
YOR338W,1,0.0,0.0,0.11925225823148333,0.00019047142736553134,2.155207506635319e-11,4.0,1,0,0.0,0.0,0,0.0,0
YGL233W,11,0.3090909090909091,0.002148127160337681,0.18763808979613283,0.0007930695726269789,9.750985999842674e-07,9.454545454545455,6,2,7.5,8.0,7,1.0,1
YEL043W,8,0.14285714285714285,0.008267549339871652,0.18850971943623313,0.0006234755088841713,2.8924688641998875e-07,12.5,5,2,452.5,559.0,558,1.0,0
YGR134W,1,0.0,0.0,0.16032720324144745,0.00013064014160962253,2.3874127548904966e-07,12.0,1,3,51.333333333333336,133.0,132,1.0,0
YGR261C,5,0.4,0.003163430768489515,0.1597248468109849,0.0005038621940594288,2.1926375395965376e-07,5.2,3,3,40.0,95.0,94,1.0,0
YPL161C,15,0.05714285714285714,0.004119179172984966,0.1858994338885997,0.0011680052078608004,4.6358514477783655e-07,6.866666666666666,5,0,0.0,0.0,0,0.0,0
YJR076C,11,0.07272727272727272,0.002116438794381512,0.18360555912596402,0.0009115028112189914,2.534760034233016e-07,7.181818181818182,4,4,23.25,73.0,72,1.0,1
YLL038C,2,0.0,0.00024491422056506095,0.1680372729625447,0.0002108007406488896,4.489124506158252e-07,13.0,2,0,0.0,0.0,0,0.0,0
YER158C,3,0.0,0.0009494692693428871,0.16291642906021897,0.0003028381370239244,1.7839617178908198e-08,10.333333333333334,3,0,0.0,0.0,0,0.0,0
YER114C,10,0.08888888888888889,0.005969928354090227,0.19638848025736913,0.0008141173931064003,3.2184940091991815e-07,10.2,5,0,0.0,0.0,0,0.0,0
YOR370C,4,0.16666666666666666,0.0010809023170142912,0.17977890278896497,0.0003960801347759876,2.4090887605319775e-07,14.0,2,2,4.5,6.0,5,1.0,1
YOR188W,2,0.0,9.261026152090998e-06,0.16953703593809344,0.00019801695256941635,2.4947250965564333e-07,12.0,2,0,0.0,0.0,0,0.0,0
YIR039C,2,0.0,0.0017700891761435876,0.1627085896209222,0.0002390548757591741,4.070030797848983e-09,11.0,2,0,0.0,0.0,0,0.0,0
YKL092C,4,0.0,0.0028801750714484704,0.17122785409474492,0.0005293152386956884,2.5049973226973595e-07,8.75,2,0,0.0,0.0,0,0.0,0
YIL117C,1,0.0,0.0,0.14210617290091526,0.00017574692436470756,3.131222594108856e-09,4.0,1,0,0.0,0.0,0,0.0,0
YPL095C,1,0.0,0.0,0.14210617290091526,0.00017574692436470756,3.131222594108856e-09,4.0,1,0,0.0,0.0,0,0.0,0
YOR299W,4,0.0,0.0023445763681205307,0.16081816288390527,0.0005050822969114138,2.257658970780747e-07,5.0,2,2,5.5,6.0,5,1.0,0
YGL095C,1,0.0,0.0,0.13486133402567976,0.00017120975499488033,2.8250540094934455e-09,4.0,1,0,0.0,0.0,0,0.0,0
YKL082C,5,0.3,0.001364370935308798,0.17337256651131178,0.00045782121896972974,1.5431361620200373e-08,11.0,3,3,356.0,559.0,558,1.0,1
YMR293C,1,0.0,0.0,0.13486133402567976,0.00017120975499488033,2.8250540094934455e-09,4.0,1,0,0.0,0.0,0,0.0,0
YKL007W,2,0.0,4.019448774623317e-05,0.17246827610354487,0.00019935664296617277,2.3074711847535867e-07,10.5,2,5,27.2,73.0,73,0.9729832572298326,0
YOR284W,7,0.3333333333333333,0.0011228044420168622,0.18965098911311737,0.0005343513711624126,1.9080760909767358e-05,19.571428571428573,5,0,0.0,0.0,0,0.0,0
YBR130C,2,0.0,0.0004125320345327228,0.16422000022992736,0.00021199398334116864,4.255795203359706e-09,12.5,2,0,0.0,0.0,0,0.0,0
YJL008C,8,0.75,0.002836168114833492,0.15204053665701636,0.0005210110299495995,6.500945436356397e-09,7.875,7,3,9.666666666666666,11.0,12,0.9090909090909091,1
YLR206W,2,0.0,0.0003988114890134705,0.16309500022835222,0.0002046684944670525,2.9247838175711714e-08,12.5,2,0,0.0,0.0,0,0.0,0
YGR221C,2,0.0,0.0002004430291131229,0.1681955597682743,0.00018982033555753637,4.475779338565665e-07,12.0,2,0,0.0,0.0,0,0.0,0
YIL079C,2,0.0,0.0004125770956706981,0.15770747769828652,0.00018183211805511472,6.935965588293122e-09,9.0,2,2,3.5,4.0,3,1.0,0
YER059W,1,0.0,0.0,0.15355728091675266,0.00015205516948303132,5.926032984547153e-09,19.0,1,1,14.0,14.0,13,1.0,0
YIL050W,1,0.0,0.0,0.15355728091675266,0.00015205516948303132,5.926032984547153e-09,19.0,1,1,14.0,14.0,13,1.0,0
YNL309W,5,0.3,0.0011227694943794617,0.16852893463898067,0.0005298273689942589,1.7668009317144186e-08,10.4,4,6,73.16666666666667,195.0,255,0.7764397097421646,0
YKL014C,1,0.0,0.0,0.15355728091675266,0.00015205516948303132,5.926032984547153e-09,19.0,1,1,5.0,5.0,4,1.0,1
YKR077W,2,0.0,0.00013844104206263468,0.16247170723384896,0.00025086344390356423,1.7354288117669794e-08,16.0,2,0,0.0,0.0,0,0.0,0
YBL103C,5,0.1,0.0010825597239058425,0.14925721495444286,0.0006384901241250354,5.75149418997716e-09,4.6,2,3,90.66666666666667,195.0,194,1.0,0
YDL126C,2,0.0,0.0006447145774491622,0.15220902416673773,0.00025275203831463995,4.3724866822307763e-07,8.0,2,3,22.0,58.0,58,0.9661222020568663,1
YDR274C,1,0.0,0.0,0.14138602126059072,0.0001354915355627259,2.9160834751377975e-09,9.0,1,0,0.0,0.0,0,0.0,0
YIL084C,2,0.0,0.00137150769080943,0.16493294499353411,0.0002371033731892392,4.335051168347811e-09,18.5,2,4,46.25,133.0,133,0.9859876965140123,0
YJL036W,1,0.0,0.0,0.1464777737899918,0.00014951312001403548,3.6913858345419225e-10,8.0,1,1,3.0,3.0,2,1.0,0
YNL234W,2,0.0,0.0006570921595008779,0.1494946468938379,0.0002331235019303115,3.7241511269213574e-10,7.5,2,0,0.0,0.0,0,0.0,0
YNL087W,1,0.0,0.0,0.12391145471894519,0.00014722766036910385,3.2765292379435085e-12,7.0,1,0,0.0,0.0,0,0.0,0
YPR120C,13,0.01282051282051282,0.0055946598801824895,0.18332279902464066,0.0015039899126226266,9.140232175892468e-07,4.769230769230769,4,3,12.333333333333334,25.0,24,1.0,1
YMR232W,1,0.0,0.0,0.1503379693946283,0.00016242555287336073,1.1428255133122641e-08,13.0,1,0,0.0,0.0,0,0.0,0
YPL269W,2,0.0,0.00066719516301896,0.15387487612030334,0.0002697285131976342,1.4255940632457793e-08,9.0,2,0,0.0,0.0,0,0.0,0
YDR122W,1,0.0,0.0,0.1503379693946283,0.00016242555287336073,1.1428255133122641e-08,13.0,1,0,0.0,0.0,0,0.0,0
YMR036C,1,0.0,0.0,0.1503379693946283,0.00016242555287336073,1.1428255133122641e-08,13.0,1,0,0.0,0.0,0,0.0,0
YDR130C,5,0.1,0.001458219524439557,0.172835549559578,0.000612392533587073,2.791230933282031e-07,7.2,3,0,0.0,0.0,0,0.0,1
YJL048C,1,0.0,0.0,0.1503379693946283,0.00016242555287336073,1.1428255133122641e-08,13.0,1,0,0.0,0.0,0,0.0,0
YOR066W,1,0.0,0.0,0.1503379693946283,0.00016242555287336073,1.1428255133122641e-08,13.0,1,0,0.0,0.0,0,0.0,0
YOR264W,1,0.0,0.0,0.1503379693946283,0.00016242555287336073,1.1428255133122641e-08,13.0,1,0,0.0,0.0,0,0.0,0
YOR269W,6,0.06666666666666667,0.0013130722750457466,0.16087612059645012,0.000559558532318983,3.1896940486638333e-09,7.5,4,0,0.0,0.0,0,0.0,0
YPL014W,1,0.0,0.0,0.14858650765582093,0.00014274411015196306,3.0428651066968786e-09,7.0,1,0,0.0,0.0,0,0.0,0
YMR111C,1,0.0,0.0,0.15589000021826438,0.00015950443354566832,1.747094952663328e-05,38.0,1,0,0.0,0.0,0,0.0,0
YDL186W,2,0.0,0.000318202587061353,0.16759565069457483,0.00024184378123997876,4.4422393126105027e-07,15.0,2,0,0.0,0.0,0,0.0,0
YHR182W,1,0.0,0.0,0.15700026927811483,0.00014704041750150486,4.434038682189952e-07,11.0,1,0,0.0,0.0,0,0.0,0
YOR324C,3,0.0,0.0016887884670310654,0.16884766548463356,0.0002791058208588186,4.6098170717254145e-07,8.666666666666666,3,0,0.0,0.0,0,0.0,0
YKL057C,10,0.5111111111111111,0.0009117427978031278,0.17788046050009965,0.0006172965149177705,2.8563901909948763e-06,15.7,6,3,29.666666666666668,59.0,59,0.9812974868497955,0
YLR429W,3,0.0,0.001164316742675014,0.17624756317244103,0.0003334040362110314,1.1106518329994643e-06,10.0,2,4,34.75,73.0,77,0.8855092276144908,0
YPL032C,2,0.0,0.00013053876378583425,0.14919485816343583,0.0002735642732528571,1.97345085412136e-08,4.5,2,0,0.0,0.0,0,0.0,0
YNL094W,17,0.022058823529411766,0.021171319859120092,0.2001977870276937,0.001406247154928258,8.875391040108711e-05,11.941176470588236,5,0,0.0,0.0,0,0.0,0
YNL027W,6,0.06666666666666667,0.0015317169480845974,0.16963367494774845,0.0007025086865259173,4.5530933205041284e-07,4.5,3,2,10.5,12.0,18,0.7647058823529411,0
YHR207C,1,0.0,0.0,0.1410064015241254,0.00016335711042353917,5.691122312632191e-09,6.0,1,0,0.0,0.0,0,0.0,0
YNR018W,1,0.0,0.0,0.1410064015241254,0.00016335711042353917,5.691122312632191e-09,6.0,1,0,0.0,0.0,0,0.0,0
YGR005C,3,0.3333333333333333,0.0003802901147998036,0.1617065805560587,0.00027771490923679976,2.9520577520925407e-07,16.666666666666668,2,5,83.8,195.0,265,0.7373070325900515,1
YHR191C,2,0.0,9.13712354940546e-05,0.13685629359239673,0.00022500020347049912,3.690625110268564e-09,2.5,2,1,7.0,7.0,6,1.0,0
YCR054C,2,0.0,0.00048157871661085077,0.17147450902717756,0.000148452043271846,4.490511595745231e-08,24.5,2,0,0.0,0.0,0,0.0,1
YMR032W,13,0.0641025641025641,0.007578955415152681,0.20067027000449542,0.0009910217444942452,2.00218305503848e-06,13.153846153846153,5,0,0.0,0.0,0,0.0,1
YDL097C,36,0.9444444444444444,0.0005541387901331454,0.18083492632165285,0.000849776166595837,1.575544252879037e-06,36.166666666666664,35,6,25.666666666666668,46.0,48,0.9547872340425532,1
YCR027C,1,0.0,0.0,0.1555504889363185,9.63473570052805e-05,1.745824221356138e-05,26.0,1,0,0.0,0.0,0,0.0,0
YDL101C,5,0.0,0.0031243851623358886,0.15655975997369576,0.0006296530499417471,2.2622341458310084e-07,5.6,2,0,0.0,0.0,0,0.0,0
YBR205W,5,0.1,0.002544466066199403,0.173137211529138,0.000425110314158946,1.7825623258629612e-05,16.0,4,0,0.0,0.0,0,0.0,0
YJR113C,1,0.0,0.0,0.000390625,0.0004241151896855187,7.84526137315919e-34,1.0,1,9,161.77777777777777,559.0,593,0.9319709675949136,0
YKL048C,1,0.0,0.0,0.000390625,0.0004241151896855187,7.84526137315919e-34,1.0,1,0,0.0,0.0,0,0.0,0
YBR102C,5,0.0,0.0016684392340991865,0.18194049954147137,0.0005161265256754641,2.4603221972459983e-07,11.8,4,1,8.0,8.0,7,1.0,1
YNR046W,1,0.0,0.0,0.14940708413521883,0.00015138101562563834,3.0788962314156768e-09,5.0,1,1,2.0,2.0,1,0.0,1
YMR052W,1,0.0,0.0,0.000390625,0.0004241151896855187,7.84526137315919e-34,1.0,1,1,6.0,6.0,5,1.0,0
YJL184W,1,0.0,0.0,0.000390625,0.0004241151896855187,7.84526137315919e-34,1.0,1,1,5.0,5.0,4,1.0,1
YDR373W,1,0.0,0.0,0.11681041884731128,0.0001685966984304509,3.848621258520968e-11,5.0,1,0,0.0,0.0,0,0.0,1
YML058W,3,0.3333333333333333,0.0014301661837443096,0.16851302968101173,0.00034000976838500775,4.6360458529572255e-07,11.0,3,0,0.0,0.0,0,0.0,0
YCL011C,1,0.0,0.0,0.12872641211880903,0.00015743971113770807,2.6005166379376244e-10,2.0,1,0,0.0,0.0,0,0.0,0
YMR238W,2,1.0,0.0,0.16179449642080465,0.00019264770806543124,2.8016122055931758e-09,13.5,2,0,0.0,0.0,0,0.0,0
YCR086W,5,0.3,0.0037375035817840212,0.18975176009564293,0.0004012286787613289,2.4663920900009797e-07,21.6,5,3,20.333333333333332,55.0,54,1.0,0
YMR055C,5,0.2,0.0028548672394234954,0.1693922837017361,0.0004693495298093676,7.705972819796737e-09,7.2,3,1,2.0,2.0,1,0.0,0
YJL030W,2,0.0,0.00022100485797758946,0.1380199476308263,0.00025152931953711303,8.707063474669677e-11,3.5,2,5,32.6,59.0,114,0.4817574910728148,0
YER122C,2,0.0,0.00018768039122985065,0.15009785327000674,0.00025232492229325474,5.857903811557454e-09,4.5,2,3,17.666666666666668,34.0,37,0.8648648648648649,0
YBR128C,1,0.0,0.0,0.15006001029498278,0.00015495657355388704,5.961287870041736e-09,14.0,1,1,4.0,4.0,3,1.0,0
YJL080C,1,0.0,0.0,0.15006001029498278,0.00015495657355388704,5.961287870041736e-09,14.0,1,2,287.0,559.0,558,1.0,0
YDR179C,1,0.0,0.0,0.15006001029498278,0.00015495657355388704,5.961287870041736e-09,14.0,1,3,8.0,16.0,19,0.672514619883041,0
YHL026C,1,0.0,0.0,0.15006001029498278,0.00015495657355388704,5.961287870041736e-09,14.0,1,0,0.0,0.0,0,0.0,0
YMR069W,1,0.0,0.0,0.15006001029498278,0.00015495657355388704,5.961287870041736e-09,14.0,1,0,0.0,0.0,0,0.0,0
YGL181W,20,0.04736842105263158,0.015599699520514574,0.20078309484988194,0.0017616957694103425,1.891419903968315e-05,7.6,5,0,0.0,0.0,0,0.0,0
YOR384W,1,0.0,0.0,0.16188250793291026,0.00013855459852273277,2.3658820115595286e-07,20.0,1,0,0.0,0.0,0,0.0,0
YBR138C,1,0.0,0.0,0.16188250793291026,0.00013855459852273277,2.3658820115595286e-07,20.0,1,0,0.0,0.0,0,0.0,0
YBR272C,3,0.0,0.0050917558938525795,0.18244243000919588,0.00024851914684688296,2.6050792621591546e-07,29.666666666666668,3,0,0.0,0.0,0,0.0,0
YAR018C,4,0.0,0.008647847953374296,0.18087156224675852,0.00030443858875763187,2.0596190736781225e-06,26.5,4,0,0.0,0.0,0,0.0,0
YLL019C,1,0.0,0.0,0.16188250793291026,0.00013855459852273277,2.3658820115595286e-07,20.0,1,0,0.0,0.0,0,0.0,0
YHR086W,2,0.0,0.00012791503163734933,0.16423510508646064,0.00023740253325868957,2.449134168301124e-07,12.5,2,7,110.85714285714286,559.0,558,1.0,1
YJL141C,3,0.0,0.001859937834902439,0.17687608345715702,0.00020331773524240532,2.597888314205546e-07,25.666666666666668,3,0,0.0,0.0,0,0.0,0
YGR241C,1,0.0,0.0,0.16188250793291026,0.00013855459852273277,2.3658820115595286e-07,20.0,1,0,0.0,0.0,0,0.0,0
YDR511W,1,0.0,0.0,0.16188250793291026,0.00013855459852273277,2.3658820115595286e-07,20.0,1,0,0.0,0.0,0,0.0,0
YER045C,2,0.0,0.00028250882738460863,0.16396364210284664,0.0002603067797152254,2.3726313542630584e-07,12.0,2,0,0.0,0.0,0,0.0,0
YPR171W,6,0.2,0.002030978346867213,0.19189296749059648,0.000497954298343511,1.8333733291810278e-05,19.0,4,0,0.0,0.0,0,0.0,0
YMR106C,2,0.0,0.00012609556033944187,0.14513241181012762,0.0002635967843027862,4.3527124815196936e-09,5.0,2,4,59.25,195.0,194,1.0,0
YGR118W,57,0.9649122807017544,0.0015022882497672508,0.16197061524854864,0.0006237960203546867,9.977754636367883e-05,55.43859649122807,56,7,227.28571428571428,559.0,589,0.9439786101197695,0
YMR048W,1,0.0,0.0,0.1423327271821443,0.0001489685909377773,3.474756747821003e-08,3.0,1,1,3.0,3.0,2,1.0,0
YDL125C,1,0.0,0.0,0.1287635438450999,0.0001572351781731578,3.920387398339147e-11,4.0,1,0,0.0,0.0,0,0.0,0
YJL102W,1,0.0,0.0,0.13345022888639763,0.00014503689649087885,5.468071797888354e-09,5.0,1,0,0.0,0.0,0,0.0,0
YGL060W,1,0.0,0.0,0.13345022888639763,0.00014503689649087885,5.468071797888354e-09,5.0,1,0,0.0,0.0,0,0.0,0
YBR133C,4,0.0,0.00855559859933489,0.17147450902717756,0.00033919258211010766,1.3353127229858305e-06,10.5,3,0,0.0,0.0,0,0.0,0
YGL187C,8,0.75,0.007299726455646737,0.14243491245213785,0.0005016238329235423,1.6713611394710658e-08,6.625,7,3,26.333333333333332,56.0,56,0.9707792207792207,0
YNL106C,6,0.0,0.0035805289525114663,0.163005665738543,0.0008111325945803657,4.6816405632865347e-07,3.5,2,0,0.0,0.0,0,0.0,0
YDL230W,1,0.0,0.0,0.13639630757772517,0.00017881315177664076,5.851849327889064e-09,6.0,1,0,0.0,0.0,0,0.0,0
YER104W,1,0.0,0.0,0.13639630757772517,0.00017881315177664076,5.851849327889064e-09,6.0,1,0,0.0,0.0,0,0.0,1
YPR173C,4,0.16666666666666666,0.001003775658493893,0.1532015497640498,0.0004964420390663047,2.2462408590666108e-07,3.75,2,2,49.0,95.0,94,1.0,0
YPR188C,1,0.0,0.0,0.13639630757772517,0.00017881315177664076,5.851849327889064e-09,6.0,1,0,0.0,0.0,0,0.0,0
YOL065C,3,0.0,0.002995439883283566,0.13886794699797791,0.0004913073679346789,2.2066090025707667e-07,2.0,2,0,0.0,0.0,0,0.0,0
YJL117W,1,0.0,0.0,0.1190772965988663,0.00020298986783930234,2.7581395089468504e-09,3.0,1,0,0.0,0.0,0,0.0,0
YPL209C,5,0.2,0.0010341965519876282,0.16592919454511662,0.0004747746378618964,2.303932895130135e-07,7.4,2,3,33.333333333333336,55.0,55,0.9643097643097643,1
YOR084W,2,0.0,0.00013057397224331462,0.157207612475788,0.0002148166008530579,6.0486716199509616e-09,8.0,2,0,0.0,0.0,0,0.0,0
YAL032C,1,0.0,0.0,0.14711741472357254,0.00013160654586289347,3.124603072196007e-08,6.0,1,2,325.0,559.0,558,1.0,1
YHR133C,1,0.0,0.0,0.16256045725600873,0.00013178379198727666,9.087974321920458e-07,26.0,1,0,0.0,0.0,0,0.0,0
YJL151C,5,0.2,0.00017200299257672061,0.17811112842892768,0.00038597386736912136,1.8731593005322324e-05,20.2,5,0,0.0,0.0,0,0.0,0
YPL246C,5,0.2,0.0001716589865915672,0.17811112842892768,0.00038597386736912136,1.8731593005322324e-05,20.2,5,0,0.0,0.0,0,0.0,0
YDR460W,10,0.7777777777777778,0.0018050612466503579,0.1671250526488207,0.0005710040962384011,1.7425722197185023e-05,10.3,8,11,47.36363636363637,195.0,266,0.7317349978720386,1
YIL128W,4,0.0,0.0026619773348964437,0.1312818221086685,0.0005836671837572958,3.643422062117924e-10,4.0,1,0,0.0,0.0,0,0.0,0
YNL173C,1,0.0,0.0,0.11345558917905707,0.0001887413014660934,4.695234452646348e-12,4.0,1,0,0.0,0.0,0,0.0,0
YER068W,13,0.8461538461538461,0.002993090518669226,0.1556725425021796,0.0006434178225922635,2.850390396004799e-08,13.923076923076923,12,7,63.142857142857146,195.0,255,0.7764397097421646,0
YPL064C,1,0.0,0.0,0.11345558917905707,0.0001887413014660934,4.695234452646348e-12,4.0,1,2,325.0,559.0,558,1.0,0
YPL191C,1,0.0,0.0,0.11345558917905707,0.0001887413014660934,4.695234452646348e-12,4.0,1,0,0.0,0.0,0,0.0,0
YOR207C,13,0.8461538461538461,0.0013845682629365363,0.15677970519799808,0.0004951401240761586,2.5676413038177995e-08,19.076923076923077,12,5,50.8,195.0,209,0.8665807876334192,1
YNL245C,1,0.0,0.0,0.13586699608126618,0.00014189844797044682,3.242773409286004e-10,8.0,1,2,325.0,559.0,558,1.0,1
YOR087W,1,0.0,0.0,0.13586699608126618,0.00014189844797044682,3.242773409286004e-10,8.0,1,0,0.0,0.0,0,0.0,0
YGR014W,2,0.0,0.00022508699796717048,0.1630205480233726,0.00024113809047997676,2.337551622340966e-08,7.5,2,0,0.0,0.0,0,0.0,0
YNL293W,2,0.0,0.0011891704606204034,0.16661043785574323,0.00021696786457956372,4.3637977295736894e-08,13.0,2,0,0.0,0.0,0,0.0,0
YOL112W,1,0.0,0.0,0.15495652716306518,0.00013388085844838972,6.230059317396583e-09,14.0,1,0,0.0,0.0,0,0.0,0
YPL093W,7,0.0,0.005609833777651663,0.187697262955955,0.0006197006716606565,1.3868166023277193e-06,10.714285714285714,4,3,195.66666666666666,559.0,558,1.0,1
YOR074C,1,0.0,0.0,0.15326730150214593,0.00013908963494063317,1.750455181191217e-08,7.0,1,0,0.0,0.0,0,0.0,1
YLR359W,1,0.0,0.0,0.1658059302163618,0.0001410147464338354,2.366872192632159e-07,41.0,1,0,0.0,0.0,0,0.0,1
YHR129C,2,0.0,0.0003312604106219473,0.16583672912603326,0.0003056252312861437,2.3672420438970005e-07,21.0,1,7,24.571428571428573,73.0,95,0.6732362821948489,0
YLL001W,1,0.0,0.0,0.1658059302163618,0.0001410147464338354,2.366872192632159e-07,41.0,1,0,0.0,0.0,0,0.0,0
YHR068W,1,0.0,0.0,0.1658059302163618,0.0001410147464338354,2.366872192632159e-07,41.0,1,0,0.0,0.0,0,0.0,1
YOR326W,3,0.0,0.004966685404664896,0.17078565877570542,0.00028795890567904754,2.367751423209626e-07,20.0,3,4,28.75,73.0,72,1.0,1
YBL058W,1,0.0,0.0,0.1658059302163618,0.0001410147464338354,2.366872192632159e-07,41.0,1,0,0.0,0.0,0,0.0,0
YMR096W,1,0.0,0.0,0.1658059302163618,0.0001410147464338354,2.366872192632159e-07,41.0,1,1,2.0,2.0,1,0.0,0
YKL020C,2,0.0,0.0005724881545144543,0.1704270366039897,0.00023513144955740332,4.7504116348637705e-07,24.0,2,0,0.0,0.0,0,0.0,0
YMR271C,1,0.0,0.0,0.1658059302163618,0.0001410147464338354,2.366872192632159e-07,41.0,1,0,0.0,0.0,0,0.0,0
YOR229W,1,0.0,0.0,0.1658059302163618,0.0001410147464338354,2.366872192632159e-07,41.0,1,0,0.0,0.0,0,0.0,1
YAL055W,1,0.0,0.0,0.1658059302163618,0.0001410147464338354,2.366872192632159e-07,41.0,1,0,0.0,0.0,0,0.0,0
YDR132C,1,0.0,0.0,0.1658059302163618,0.0001410147464338354,2.366872192632159e-07,41.0,1,0,0.0,0.0,0,0.0,0
YKL061W,2,0.0,0.0011012393190991665,0.18090821301925025,0.00021560153017778467,2.4659832881050504e-07,35.5,2,0,0.0,0.0,0,0.0,0
YKR064W,1,0.0,0.0,0.1658059302163618,0.0001410147464338354,2.366872192632159e-07,41.0,1,0,0.0,0.0,0,0.0,0
YOL070C,1,0.0,0.0,0.1658059302163618,0.0001410147464338354,2.366872192632159e-07,41.0,1,2,452.5,559.0,558,1.0,0
YPR172W,1,0.0,0.0,0.1658059302163618,0.0001410147464338354,2.366872192632159e-07,41.0,1,0,0.0,0.0,0,0.0,0
YLL004W,22,0.7705627705627706,0.0004801193525644727,0.16086162725225225,0.0007547197244882821,1.4509239707656746e-08,18.09090909090909,18,7,20.285714285714285,56.0,57,0.9505012531328321,1
YGL169W,1,0.0,0.0,0.13489189865528442,9.273696103496474e-05,1.813843993718893e-10,22.0,1,0,0.0,0.0,0,0.0,1
YAR020C,2,0.0,0.0,0.00078125,0.0006101759431829726,4.0857040047950434e-32,1.0,1,0,0.0,0.0,0,0.0,0
YBR222C,1,0.0,0.0,0.0005208333333333333,0.0003310848129367916,2.88902900771161e-32,2.0,1,0,0.0,0.0,0,0.0,0
YDR113C,5,0.0,0.003244095311490312,0.17522709151128557,0.0005610785800552634,2.3165649870361425e-07,7.2,3,3,4.666666666666667,9.0,8,1.0,1
YGR060W,3,0.0,0.000662758890191481,0.1448968646027753,0.0005148122000785164,2.89953671211824e-09,2.3333333333333335,1,0,0.0,0.0,0,0.0,1
YMR257C,5,0.0,0.000831114635355261,0.16166265844273428,0.000579892335241219,6.660375751259677e-07,5.8,2,3,97.66666666666667,266.0,265,1.0,0
YKL143W,1,0.0,0.0,0.13545471571081777,0.00016246521318878462,8.325215674159519e-09,5.0,1,4,147.75,559.0,562,0.9858412468837422,0
YMR233W,1,0.0,0.0,0.13545471571081777,0.00016246521318878462,8.325215674159519e-09,5.0,1,0,0.0,0.0,0,0.0,0
YOR197W,4,0.0,0.0014831461423481928,0.1722187560281636,0.0003987421517947269,3.489890821511664e-05,10.25,3,0,0.0,0.0,0,0.0,0
YGR123C,4,0.0,0.0009053135880437018,0.15733228147854436,0.0005725896943886688,4.040261044015638e-08,4.0,2,0,0.0,0.0,0,0.0,0
YMR008C,1,0.0,0.0,0.13240130969153197,0.00018536945964532046,6.749342703529875e-10,4.0,1,0,0.0,0.0,0,0.0,0
YDL134C,1,0.0,0.0,0.14360335069165195,0.00010117070464477202,2.1911814646157e-07,16.0,1,4,3.75,6.0,6,0.7333333333333333,0
YNL011C,1,0.0,0.0,0.13240130969153197,0.00018536945964532046,6.749342703529875e-10,4.0,1,0,0.0,0.0,0,0.0,0
YOR362C,40,0.7692307692307693,0.0034530723613160627,0.17914759330791613,0.001125624084814213,1.5776169088683679e-06,32.85,35,7,21.142857142857142,46.0,48,0.9485815602836879,1
YMR154C,1,0.0,0.0,0.14751851144249836,8.750427833760197e-05,1.9905630812595484e-08,40.0,1,0,0.0,0.0,0,0.0,0
YFR026C,1,0.0,0.0,0.14751851144249836,8.750427833760197e-05,1.9905630812595484e-08,40.0,1,0,0.0,0.0,0,0.0,0
YLR076C,1,0.0,0.0,0.14751851144249836,8.750427833760197e-05,1.9905630812595484e-08,40.0,1,0,0.0,0.0,0,0.0,1
YPR103W,40,0.7730769230769231,0.0048776249071550825,0.18466894844347917,0.0010541132860347815,1.581431713109214e-06,33.025,35,7,21.142857142857142,46.0,48,0.9485815602836879,1
YOL145C,4,0.16666666666666666,0.000576765475297503,0.16446201183568207,0.0002119340942709385,4.681624447772055e-08,27.75,3,3,33.333333333333336,74.0,85,0.7873949579831933,0
YDL123W,3,1.0,0.0,0.15292600740835902,0.00012729384402019998,5.9864393495895e-08,39.0,3,0,0.0,0.0,0,0.0,0
YPL066W,1,0.0,0.0,0.15124208559207183,8.599157360177431e-05,1.9953812475069034e-08,40.0,1,0,0.0,0.0,0,0.0,0
YJL001W,36,0.9444444444444444,0.0016239481797391795,0.17902186309404453,0.0008593892015148913,1.5752364709146642e-06,36.166666666666664,35,7,21.142857142857142,46.0,48,0.9485815602836879,1
YPR180W,2,0.0,0.0001875750361641242,0.15287363548801372,0.000171563440524485,1.9969975050673996e-08,20.0,2,1,2.0,2.0,1,0.0,1
YFR050C,42,0.6933797909407665,0.008234508514722138,0.18693091106574541,0.0012489411183686902,1.5891247981915139e-06,31.261904761904763,35,7,21.142857142857142,46.0,48,0.9485815602836879,1
YGR067C,2,1.0,0.0,0.15350447579951856,0.00011020896319620349,3.9966706035825036e-08,40.5,2,0,0.0,0.0,0,0.0,0
YNL253W,1,0.0,0.0,0.15275592972024982,8.884923612845684e-05,2.0049381029220753e-08,42.0,1,2,5.0,7.0,6,1.0,0
YIL007C,5,0.1,0.0027526613039678444,0.17106381131442808,0.00036214585368495353,5.478272585591349e-08,19.4,3,0,0.0,0.0,0,0.0,0
YBL041W,38,0.8506401137980085,0.0022508365783210685,0.18512846682218767,0.0009514711965851199,1.5828498019162557e-06,34.5,35,7,21.142857142857142,46.0,48,0.9485815602836879,1
YML092C,36,0.9444444444444444,0.0037904519999211253,0.18516686326869233,0.0008377425763619817,2.246618465182799e-06,36.666666666666664,35,7,21.142857142857142,46.0,48,0.9485815602836879,1
YGR135W,36,0.9523809523809523,0.00046141997657206,0.17907572585497944,0.0008325456860632034,1.5766136053563353e-06,36.5,35,7,21.142857142857142,46.0,48,0.9485815602836879,0
YPR025C,11,0.6363636363636364,0.002593022225212242,0.17067138811890653,0.0006895232613266189,2.546531140621656e-07,10.818181818181818,8,12,45.0,195.0,282,0.6572777062668786,1
YKR086W,19,0.0,0.0202257660550368,0.18560956990644492,0.002348838648248275,6.983243564415804e-07,4.842105263157895,4,6,156.5,559.0,619,0.8502282102357388,1
YPR082C,1,0.0,0.0,0.15187242174874543,0.00016995833610728366,8.73732720657744e-09,19.0,1,6,127.66666666666667,559.0,558,1.0,1
YPL023C,1,0.0,0.0,0.15187242174874543,0.00016995833610728366,8.73732720657744e-09,19.0,1,0,0.0,0.0,0,0.0,0
YBR173C,36,0.9444444444444444,0.004995240144155412,0.1834357984898295,0.000892062521076858,1.5836140903435481e-06,36.638888888888886,35,2,25.5,36.0,35,1.0,0
YBL004W,1,0.0,0.0,0.15187242174874543,0.00016995833610728366,8.73732720657744e-09,19.0,1,2,302.5,559.0,558,1.0,1
YGR173W,1,0.0,0.0,0.15187242174874543,0.00016995833610728366,8.73732720657744e-09,19.0,1,0,0.0,0.0,0,0.0,0
YHR194W,1,0.0,0.0,0.15187242174874543,0.00016995833610728366,8.73732720657744e-09,19.0,1,0,0.0,0.0,0,0.0,0
YJR070C,1,0.0,0.0,0.15187242174874543,0.00016995833610728366,8.73732720657744e-09,19.0,1,0,0.0,0.0,0,0.0,0
YKL075C,1,0.0,0.0,0.15187242174874543,0.00016995833610728366,8.73732720657744e-09,19.0,1,0,0.0,0.0,0,0.0,0
YLR118C,1,0.0,0.0,0.15187242174874543,0.00016995833610728366,8.73732720657744e-09,19.0,1,0,0.0,0.0,0,0.0,0
YOL063C,1,0.0,0.0,0.15187242174874543,0.00016995833610728366,8.73732720657744e-09,19.0,1,0,0.0,0.0,0,0.0,0
YPL067C,1,0.0,0.0,0.15187242174874543,0.00016995833610728366,8.73732720657744e-09,19.0,1,0,0.0,0.0,0,0.0,0
YPR177C,1,0.0,0.0,0.15187242174874543,0.00016995833610728366,8.73732720657744e-09,19.0,1,0,0.0,0.0,0,0.0,1
YJR127C,1,0.0,0.0,0.15187242174874543,0.00016995833610728366,8.73732720657744e-09,19.0,1,0,0.0,0.0,0,0.0,0
YDR235W,4,0.0,0.0014881897934142046,0.17067138811890653,0.0004887632569927006,1.1113547662986478e-06,6.25,2,7,111.71428571428571,559.0,563,0.9827752950323319,1
YJR131W,1,0.0,0.0,0.1417226813636003,0.00016797719412291266,1.3897481025926624e-08,4.0,1,0,0.0,0.0,0,0.0,0
YER144C,1,0.0,0.0,0.1525080340365562,8.524284981546307e-05,2.0056333543248794e-08,38.0,1,0,0.0,0.0,0,0.0,0
YOR157C,38,0.8549075391180654,0.002750182292370551,0.1865598226413123,0.0009684931919298908,1.5896792381252163e-06,34.94736842105263,35,7,21.142857142857142,46.0,48,0.9485815602836879,1
YDL103C,1,0.0,0.0,0.11485681606200952,0.00020188937432812616,2.718994965494329e-09,2.0,1,0,0.0,0.0,0,0.0,1
YDR288W,2,0.0,0.0003313794450957405,0.1331616125363562,0.00032539352685263784,2.175293026227573e-07,4.0,1,1,8.0,8.0,7,1.0,1
YDL105W,7,0.09523809523809523,0.001744755911141296,0.15837893050381407,0.0007408343608724446,1.7400401682388444e-05,4.571428571428571,4,1,8.0,8.0,7,1.0,1
YNR031C,1,0.0,0.0,0.13314175397062114,0.0001536396264341313,2.1749531670203828e-07,7.0,1,0,0.0,0.0,0,0.0,0
YER168C,1,0.0,0.0,0.13714009696620585,0.0001579591901765295,8.039833592518518e-11,17.0,1,0,0.0,0.0,0,0.0,1
YLR289W,1,0.0,0.0,0.13714009696620585,0.0001579591901765295,8.039833592518518e-11,17.0,1,0,0.0,0.0,0,0.0,0
YLR207W,4,0.3333333333333333,0.001159964934935203,0.1476282813145928,0.0004964219174433592,4.41700626062038e-07,6.5,2,4,17.0,58.0,58,0.9661222020568663,0
YOR171C,1,0.0,0.0,0.13714009696620585,0.0001579591901765295,8.039833592518518e-11,17.0,1,0,0.0,0.0,0,0.0,0
YDR334W,1,0.0,0.0,0.13714009696620585,0.0001579591901765295,8.039833592518518e-11,17.0,1,2,48.0,83.0,82,1.0,0
YBL089W,1,0.0,0.0,0.13714009696620585,0.0001579591901765295,8.039833592518518e-11,17.0,1,0,0.0,0.0,0,0.0,0
YDR320C,3,0.3333333333333333,0.0005211910784768289,0.141062100055301,0.0003597768174588118,8.907900240942392e-11,8.333333333333334,3,0,0.0,0.0,0,0.0,0
YER066W,1,0.0,0.0,0.13714009696620585,0.0001579591901765295,8.039833592518518e-11,17.0,1,0,0.0,0.0,0,0.0,0
YGL050W,1,0.0,0.0,0.13714009696620585,0.0001579591901765295,8.039833592518518e-11,17.0,1,0,0.0,0.0,0,0.0,0
YHR112C,1,0.0,0.0,0.13714009696620585,0.0001579591901765295,8.039833592518518e-11,17.0,1,0,0.0,0.0,0,0.0,0
YKL179C,2,0.0,0.0012566223296335563,0.14831498151839853,0.00023290573635956316,1.3941759704287952e-10,12.5,2,0,0.0,0.0,0,0.0,0
YOR051C,1,0.0,0.0,0.13714009696620585,0.0001579591901765295,8.039833592518518e-11,17.0,1,0,0.0,0.0,0,0.0,0
YNR063W,1,0.0,0.0,0.1374779844856791,0.00016948508294540899,1.6589965339576336e-08,3.0,1,0,0.0,0.0,0,0.0,0
YMR179W,4,0.0,0.0008393656681648684,0.14675466939261939,0.0004257417902392974,4.997876967269387e-10,6.0,3,0,0.0,0.0,0,0.0,1
YNL201C,1,0.0,0.0,0.13254873895776112,0.00014596409345880287,2.7277610528951708e-11,6.0,1,1,3.0,3.0,2,1.0,0
YGL200C,8,0.75,0.0007886635656814788,0.15612171570341873,0.0005020732288837105,3.36322433360472e-08,9.5,7,4,33.75,95.0,94,1.0,0
YKL153W,1,0.0,0.0,0.1313977527779822,0.00013803016546431088,9.358087477731164e-11,4.0,1,0,0.0,0.0,0,0.0,1
YHR031C,2,0.0,0.00031607360431338866,0.13296329305979596,0.00023078779994440538,7.359494832707277e-12,7.5,2,0,0.0,0.0,0,0.0,0
YNL204C,2,0.0,0.0008201394624239825,0.16086162725225225,0.00025173195300557804,4.0133967770609995e-09,16.5,2,0,0.0,0.0,0,0.0,0
YNR052C,15,0.6761904761904762,0.002507317613681486,0.16838589801018486,0.0006974353402683032,2.512240717273419e-07,12.866666666666667,12,10,67.7,195.0,389,0.4481488352370604,1
YLL036C,4,0.16666666666666666,0.0007215600974743765,0.15161450815148172,0.0005514672350551638,5.8991778469216226e-09,5.0,2,8,121.5,559.0,674,0.7241855194641998,1
YBR188C,1,0.0,0.0,0.1283285944013224,0.00018051096465612916,7.385203646411952e-11,4.0,1,6,145.33333333333334,559.0,619,0.8502282102357388,0
YDL138W,12,0.0,0.007514247664817183,0.15858993360866863,0.0014830296461377842,3.487595114320808e-09,2.8333333333333335,2,0,0.0,0.0,0,0.0,0
YMR035W,2,0.0,0.002000781555295037,0.13331074081678365,0.0003513091038535262,4.3722352179079445e-11,6.5,1,3,4.333333333333333,8.0,8,0.7857142857142857,0
YPL145C,1,0.0,0.0,0.13329083775007466,0.00016969936034573067,4.3715454667571846e-11,12.0,1,0,0.0,0.0,0,0.0,0
YJL186W,1,0.0,0.0,0.13329083775007466,0.00016969936034573067,4.3715454667571846e-11,12.0,1,0,0.0,0.0,0,0.0,0
YBR251W,14,0.8571428571428571,0.002099983791580185,0.1438347077895924,0.0005705632231369994,1.0229586884446537e-10,13.0,13,9,161.77777777777777,559.0,593,0.9319709675949136,0
YEL026W,2,0.0,0.0006212052189451208,0.15634043100429035,0.00026320130953358313,1.1545149142513356e-08,12.0,2,7,115.28571428571429,559.0,558,1.0,1
YPR023C,1,0.0,0.0,0.13329083775007466,0.00016969936034573067,4.3715454667571846e-11,12.0,1,6,33.333333333333336,133.0,135,0.9585406301824212,0
YPR079W,1,0.0,0.0,0.13329083775007466,0.00016969936034573067,4.3715454667571846e-11,12.0,1,0,0.0,0.0,0,0.0,0
YNL180C,1,0.0,0.0,0.000390625,0.0004241151896855187,7.84526137315919e-34,1.0,1,0,0.0,0.0,0,0.0,0
YLL033W,1,0.0,0.0,0.000390625,0.0004241151896855187,7.84526137315919e-34,1.0,1,0,0.0,0.0,0,0.0,0
YEL037C,16,0.15833333333333333,0.009743432567741577,0.1882116646463582,0.0007951146851188191,6.650329886476682e-07,21.5625,8,7,42.57142857142857,195.0,240,0.6874128312412832,0
YHR027C,41,0.7451219512195122,0.0025796872183324673,0.18242379061095218,0.0010579449383092986,1.5873759740215558e-06,32.5609756097561,35,6,25.5,46.0,48,0.9547872340425532,1
YKL171W,1,0.0,0.0,0.1497328354297694,8.551634475500093e-05,2.00294556638777e-08,41.0,1,0,0.0,0.0,0,0.0,0
YFR004W,38,0.8477951635846372,0.005274783302018233,0.18689177962110112,0.0010081665234315338,1.8836652299685753e-05,35.26315789473684,35,6,25.666666666666668,46.0,48,0.9547872340425532,1
YER049W,2,0.0,0.00010816724745985756,0.16305032074696374,0.0001547966598463822,2.4190827983692163e-07,25.5,2,0,0.0,0.0,0,0.0,0
YDL147W,37,0.8933933933933934,0.0033645899970884733,0.18142288787848,0.0008980279686661265,1.579500994935151e-06,35.4054054054054,35,6,25.666666666666668,46.0,48,0.9547872340425532,1
YPL026C,1,0.0,0.0,0.14905785645713332,8.421098020879446e-05,1.9928000058755815e-08,37.0,1,0,0.0,0.0,0,0.0,0
YPR108W,36,0.9476190476190476,8.176135051650885e-05,0.17871725177659897,0.0008233314916771875,1.575739163283219e-06,36.19444444444444,35,6,25.666666666666668,46.0,48,0.9547872340425532,1
YLR264W,66,0.717948717948718,0.01758819429077584,0.17305331096142665,0.001201069427405787,0.0001000621072004778,48.0,56,7,227.28571428571428,559.0,589,0.9439786101197695,0
YAL018C,1,0.0,0.0,0.14336122541148133,7.908684222173926e-05,1.7826937447896974e-06,66.0,1,0,0.0,0.0,0,0.0,0
YKL176C,1,0.0,0.0,0.14336122541148133,7.908684222173926e-05,1.7826937447896974e-06,66.0,1,1,34.0,34.0,33,1.0,0
YKL145W,43,0.6710963455149501,0.012262418242057435,0.194888022538747,0.0012305532258074662,1.6091719319568094e-06,31.6046511627907,35,6,25.5,46.0,48,0.9547872340425532,1
YOR259C,40,0.767948717948718,0.007328450039569949,0.18601563313886862,0.0011032275515404414,1.615372814894583e-06,33.325,35,6,25.5,46.0,48,0.9547872340425532,1
YMR216C,6,0.06666666666666667,0.0019644256854007723,0.1604280379604672,0.00036801160891327615,4.079817762574224e-08,16.833333333333332,3,0,0.0,0.0,0,0.0,0
YGR146C,1,0.0,0.0,0.15214417710463532,8.702771807811985e-05,2.0377550627795288e-08,40.0,1,0,0.0,0.0,0,0.0,0
YOR117W,38,0.8577524893314367,0.0011729594936502683,0.18199613316685356,0.0009177374087510398,1.5844950645552844e-06,34.73684210526316,35,6,25.5,46.0,48,0.9547872340425532,1
YOR177C,2,0.0,7.48556875988765e-06,0.15249500918097192,0.00013621334216829683,2.05125326840137e-08,22.0,2,0,0.0,0.0,0,0.0,0
YKL135C,5,0.3,0.0010584377311447786,0.13254873895776112,0.0005797721922227985,4.1799689811664005e-11,3.4,3,6,28.833333333333332,95.0,104,0.8676250933532487,0
YBL025W,3,0.3333333333333333,0.000918528735786159,0.15062966614644846,0.00034035504499462844,2.9898426500949013e-09,4.0,2,6,58.333333333333336,195.0,257,0.7645914396887159,0
YJL047C,2,0.0,3.539867130402452e-05,0.15697266483516484,0.00019050646924767618,2.3846434463003895e-07,22.0,2,1,58.0,58.0,57,1.0,0
YJR073C,2,0.0,0.0004332659568605332,0.15693127636667253,0.0002409320051912281,1.747393550705843e-05,20.0,2,0,0.0,0.0,0,0.0,0
YLR144C,3,0.3333333333333333,9.326753253385325e-06,0.17650890297548438,0.00025632181150020536,1.8316911956865437e-05,24.666666666666668,3,0,0.0,0.0,0,0.0,0
YJR083C,3,0.3333333333333333,9.326753253385325e-06,0.17650890297548438,0.00025632181150020536,1.8316911956865437e-05,24.666666666666668,3,0,0.0,0.0,0,0.0,0
YMR192W,6,0.06666666666666667,0.003632872144165147,0.18751985533501367,0.0004603094936002645,7.063178388182948e-05,19.166666666666668,5,1,2.0,2.0,1,0.0,0
YNL086W,2,0.0,0.001141969974523699,0.18777621858239565,0.0002034305120811542,1.7979864391651367e-05,35.0,2,0,0.0,0.0,0,0.0,0
YLR027C,0,0.0,0.0,0.0,6.361727845282784e-05,7.48182427707595e-40,0.0,0,0,0.0,0.0,0,0.0,1
YMR190C,2,0.0,0.0004011189259770989,0.12734018417486806,0.0003175123640016458,7.062574740636751e-11,2.0,2,1,3.0,3.0,2,1.0,0
YER101C,1,0.0,0.0,0.15701407514069646,0.00015120753162803155,3.965912584893618e-09,29.0,1,0,0.0,0.0,0,0.0,0
YLL009C,1,0.0,0.0,0.15701407514069646,0.00015120753162803155,3.965912584893618e-09,29.0,1,0,0.0,0.0,0,0.0,0
YOL135C,22,0.8225108225108225,0.009542195737032017,0.19062283148286538,0.0008222107244384325,2.3213638474940204e-05,22.272727272727273,20,5,70.0,195.0,211,0.9097269239449334,1
YOR158W,14,0.8571428571428571,0.006369692023606293,0.1578887666902467,0.000553081944359043,3.976066179283001e-09,14.214285714285714,13,9,161.77777777777777,559.0,593,0.9319709675949136,0
YBL030C,4,0.16666666666666666,0.006622022687107833,0.16002545819143216,0.0003062689979200347,7.327098950113628e-09,16.0,4,0,0.0,0.0,0,0.0,1
YLR273C,2,0.0,0.00044613682976205906,0.1586322017146411,0.00025473473062210747,3.968504921111952e-09,16.0,2,1,7.0,7.0,6,1.0,0
YOR307C,1,0.0,0.0,0.15701407514069646,0.00015120753162803155,3.965912584893618e-09,29.0,1,0,0.0,0.0,0,0.0,0
YKL173W,2,0.0,0.0037054283019010725,0.18028716301494346,0.00025361189367815095,2.471518471983501e-07,38.0,2,6,127.66666666666667,559.0,558,1.0,1
YDR160W,1,0.0,0.0,0.15701407514069646,0.00015120753162803155,3.965912584893618e-09,29.0,1,0,0.0,0.0,0,0.0,1
YAL028W,1,0.0,0.0,0.15701407514069646,0.00015120753162803155,3.965912584893618e-09,29.0,1,0,0.0,0.0,0,0.0,0
YCR082W,2,0.0,0.0029960577573407234,0.17823558220203634,0.00022579431537198078,1.3877022132182727e-08,29.5,2,0,0.0,0.0,0,0.0,0
YDL133W,1,0.0,0.0,0.15701407514069646,0.00015120753162803155,3.965912584893618e-09,29.0,1,0,0.0,0.0,0,0.0,0
YDL173W,1,0.0,0.0,0.15701407514069646,0.00015120753162803155,3.965912584893618e-09,29.0,1,0,0.0,0.0,0,0.0,0
YKL090W,1,0.0,0.0,0.15701407514069646,0.00015120753162803155,3.965912584893618e-09,29.0,1,0,0.0,0.0,0,0.0,0
YOL032W,1,0.0,0.0,0.15701407514069646,0.00015120753162803155,3.965912584893618e-09,29.0,1,0,0.0,0.0,0,0.0,0
YOL036W,2,0.0,0.0007054509158559307,0.15961062505586843,0.00025692543614207127,4.008220964291374e-09,16.5,2,0,0.0,0.0,0,0.0,0
YOR245C,1,0.0,0.0,0.15701407514069646,0.00015120753162803155,3.965912584893618e-09,29.0,1,0,0.0,0.0,0,0.0,0
YLR130C,1,0.0,0.0,0.15701407514069646,0.00015120753162803155,3.965912584893618e-09,29.0,1,0,0.0,0.0,0,0.0,0
YGL201C,20,0.868421052631579,0.0013258109274446991,0.163005665738543,0.000654828230920235,1.4916463474775895e-08,19.3,18,6,22.333333333333332,56.0,57,0.9505012531328321,1
YHR087W,1,0.0,0.0,0.13458687438757821,0.00011572297201907237,5.20703333141585e-10,6.0,1,0,0.0,0.0,0,0.0,0
YBR098W,3,0.3333333333333333,2.179394050268461e-06,0.1637531238536317,0.0002571629182553239,3.99517998161944e-07,19.333333333333332,3,1,2.0,2.0,1,0.0,0
YCR009C,9,0.0,0.002875963642184328,0.19408305027173914,0.0006486069471749895,0.001395168679444365,17.88888888888889,5,1,2.0,2.0,1,0.0,0
YJR115W,2,0.0,4.632316587528862e-06,0.17503813964317225,0.00019024582788336952,3.5408783820667447e-05,24.5,2,0,0.0,0.0,0,0.0,0
YLR436C,1,0.0,0.0,0.17455900503470526,0.00012884372833720496,1.796995328210408e-05,40.0,1,0,0.0,0.0,0,0.0,0
YGR098C,2,0.0,0.0008520583152150672,0.17932751456261928,0.00022395574240634765,1.7972851909482472e-05,22.5,2,3,4.666666666666667,9.0,8,1.0,1
YJL085W,7,0.7619047619047619,0.00026151622332771233,0.18272247876586167,0.0004950696686562242,1.8465002157994402e-05,12.142857142857142,6,2,7.5,8.0,7,1.0,1
YER127W,2,0.0,0.0011419603611980014,0.1804329084983832,0.00019753267132163982,1.7976228434244186e-05,26.5,2,3,212.66666666666666,559.0,558,1.0,1
YMR287C,14,0.8571428571428571,0.01637244028993502,0.17715686700069452,0.0006165995154335875,1.8013002493489602e-05,15.714285714285714,13,3,49.333333333333336,131.0,130,1.0,0
YPR055W,7,0.7619047619047619,0.00026151622332771233,0.18272247876586167,0.0004950696686562242,1.8465002157994402e-05,12.142857142857142,6,2,7.5,8.0,7,1.0,1
YDR515W,1,0.0,0.0,0.17455900503470526,0.00012884372833720496,1.796995328210408e-05,40.0,1,2,287.0,559.0,558,1.0,0
YIL147C,2,0.0,0.000662758890191481,0.17462729217603914,0.00028976911763555646,1.797276171629125e-05,21.0,1,0,0.0,0.0,0,0.0,1
YDR189W,5,0.3,0.0006305817149673109,0.16313970420283233,0.0003972953454002924,2.4620919254043747e-07,12.2,3,0,0.0,0.0,0,0.0,1
YNL239W,3,0.0,0.0009008682999286774,0.1669843881511269,0.0002962182973019335,2.6531857484725986e-08,8.666666666666666,3,0,0.0,0.0,0,0.0,0
YOR075W,4,0.3333333333333333,0.0003533977972228511,0.15096077633581334,0.00040298155947764505,1.2740765922416639e-08,6.5,2,5,27.6,95.0,98,0.9217336419103724,1
YPR088C,6,0.6666666666666666,0.003320046893317702,0.1747298231235933,0.0004775259621383669,1.7984742022421154e-05,10.833333333333334,5,4,150.25,559.0,579,0.9308496333614213,1
YNL003C,1,0.0,0.0,0.12482970235598435,0.0001543030743019568,6.356746204603461e-12,4.0,1,0,0.0,0.0,0,0.0,0
YOR213C,14,0.45054945054945056,0.00335311096273879,0.1620735284106381,0.0008380995266604821,2.4045855488399934e-08,8.857142857142858,9,2,6.5,10.0,11,0.6727272727272727,0
YPL138C,3,0.0,0.0005931831235266593,0.14256000499001997,0.00034747201332346997,1.3748006935697802e-08,8.0,3,2,45.5,83.0,82,1.0,0
YBL106C,13,0.01282051282051282,0.01094897343588734,0.1866378240305216,0.0011441533861602598,1.8130472909415032e-06,5.6923076923076925,4,0,0.0,0.0,0,0.0,0
YCL017C,1,0.0,0.0,0.15256015571599454,0.00013855934843101016,2.2832575920560172e-08,13.0,1,1,2.0,2.0,1,0.0,1
YHR098C,2,0.0,0.0006061205603431258,0.1611083698005955,0.0002037336873053291,2.6442268400910113e-08,15.0,2,3,15.333333333333334,34.0,33,1.0,1
YKR030W,5,0.1,0.0005008954103194804,0.17793363851519683,0.00039274942381285484,1.7845628149050837e-05,17.6,4,0,0.0,0.0,0,0.0,0
YHR070W,1,0.0,0.0,0.1495823123481612,0.00014366480049248816,2.3395837140752937e-07,5.0,1,0,0.0,0.0,0,0.0,1
YMR183C,3,0.0,0.0027123323790529123,0.15064237429342783,0.0003941547238325755,3.5300989605694323e-09,6.0,2,4,33.0,95.0,94,1.0,0
YJR093C,3,0.3333333333333333,0.0018299508873792858,0.17016716501477178,0.0003268265897818234,1.0126636654229142e-08,12.666666666666666,3,6,32.833333333333336,131.0,141,0.8656534954407294,1
YDR362C,5,0.6,0.0022422016384196597,0.1766660792025329,0.00041527936871043204,1.799047672370815e-05,12.2,4,4,84.75,195.0,255,0.7764397097421646,1
YPR193C,1,0.0,0.0,0.16872002858357746,0.0001382040621967771,9.911109547289109e-09,30.0,1,0,0.0,0.0,0,0.0,0
YCL036W,1,0.0,0.0,0.17455900503470526,0.00012884372833720496,1.796995328210408e-05,40.0,1,0,0.0,0.0,0,0.0,0
YPR051W,1,0.0,0.0,0.16872002858357746,0.0001382040621967771,9.911109547289109e-09,30.0,1,1,3.0,3.0,2,1.0,0
YOL043C,2,0.0,0.002804807757344864,0.1701833837685856,0.00023350065530845427,9.912703281394837e-09,17.5,2,0,0.0,0.0,0,0.0,0
YDR229W,1,0.0,0.0,0.17455900503470526,0.00012884372833720496,1.796995328210408e-05,40.0,1,0,0.0,0.0,0,0.0,0
YPR182W,1,0.0,0.0,0.16872002858357746,0.0001382040621967771,9.911109547289109e-09,30.0,1,12,73.0,559.0,565,0.9764513901964477,1
YDR416W,1,0.0,0.0,0.16872002858357746,0.0001382040621967771,9.911109547289109e-09,30.0,1,3,219.33333333333334,559.0,558,1.0,1
YPL181W,6,0.4,0.004727769766733705,0.1884898197508709,0.00035597300004631147,1.8236084461457183e-05,20.166666666666668,5,4,46.25,133.0,133,0.9859876965140123,0
YEL051W,18,0.6470588235294118,0.006822882898335175,0.18054237234580386,0.0008018348127731476,1.9555610115572902e-08,15.444444444444445,14,5,12.8,15.0,15,0.9904761904761905,0
YOR270C,17,0.6838235294117647,0.0021937543749457698,0.171887183529072,0.0007679245838600325,1.04107467425787e-08,14.235294117647058,14,4,12.5,15.0,16,0.9083333333333333,0
YPL120W,1,0.0,0.0,0.16872002858357746,0.0001382040621967771,9.911109547289109e-09,30.0,1,2,4.0,4.0,4,0.8333333333333334,0
YDL016C,1,0.0,0.0,0.16872002858357746,0.0001382040621967771,9.911109547289109e-09,30.0,1,0,0.0,0.0,0,0.0,1
YDL239C,4,0.3333333333333333,0.002279282583382324,0.1703132451831362,0.00041737722315756087,9.922404464973882e-09,10.25,2,0,0.0,0.0,0,0.0,0
YKR020W,3,0.0,0.0039061322575520106,0.16976269846929073,0.00036113752110438255,9.914841585533791e-09,13.666666666666666,2,1,4.0,4.0,3,1.0,0
YLL049W,1,0.0,0.0,0.16872002858357746,0.0001382040621967771,9.911109547289109e-09,30.0,1,0,0.0,0.0,0,0.0,0
YCR079W,1,0.0,0.0,0.139040964218969,0.00010907653380883895,1.6500231053115465e-09,14.0,1,0,0.0,0.0,0,0.0,0
YDR146C,4,0.0,0.002957315248252066,0.15318840618565546,0.0005117386671702844,2.987802667397252e-09,4.0,2,0,0.0,0.0,0,0.0,0
YPL121C,1,0.0,0.0,0.1294543654389908,0.0001724706187137952,3.741477948383898e-11,4.0,1,1,2.0,2.0,1,0.0,0
YDR212W,8,0.75,0.0013679145861018223,0.14545161799446074,0.0005326994743497903,5.858774969259066e-09,6.75,7,3,9.666666666666666,11.0,12,0.9090909090909091,1
YML064C,7,0.047619047619047616,0.0028901610702480604,0.17285228097773478,0.0007281360802821047,4.4735632978998684e-07,4.285714285714286,3,0,0.0,0.0,0,0.0,1
YLR234W,1,0.0,0.0,0.13185379282971496,0.00017092023877710128,2.8276854993351523e-09,5.0,1,1,3.0,3.0,2,1.0,0
YGL135W,81,0.9753086419753086,0.003152898717648605,0.18522448781120332,0.000572562604598428,0.11112084990846556,79.35802469135803,80,6,258.8333333333333,559.0,589,0.9439786101197695,0
YLR306W,1,0.0,0.0,0.14231003925241095,0.00014595960320466322,4.188347925684194e-10,8.0,1,0,0.0,0.0,0,0.0,0
YER100W,1,0.0,0.0,0.13837291246900185,0.00019336712768213305,2.958928753631966e-09,2.0,1,0,0.0,0.0,0,0.0,0
YBR235W,1,0.0,0.0,0.16263448970762365,0.00014596559524696643,3.177759759321446e-08,24.0,1,0,0.0,0.0,0,0.0,0
YDR499W,1,0.0,0.0,0.16263448970762365,0.00014596559524696643,3.177759759321446e-08,24.0,1,0,0.0,0.0,0,0.0,1
YHR108W,1,0.0,0.0,0.16263448970762365,0.00014596559524696643,3.177759759321446e-08,24.0,1,0,0.0,0.0,0,0.0,0
YHR082C,1,0.0,0.0,0.16263448970762365,0.00014596559524696643,3.177759759321446e-08,24.0,1,0,0.0,0.0,0,0.0,1
YJR061W,1,0.0,0.0,0.16263448970762365,0.00014596559524696643,3.177759759321446e-08,24.0,1,0,0.0,0.0,0,0.0,0
YLR131C,3,0.0,0.0012118768758365827,0.1742863897022938,0.00027536280966419986,3.539182667964046e-08,14.666666666666666,3,0,0.0,0.0,0,0.0,0
YMR180C,1,0.0,0.0,0.16263448970762365,0.00014596559524696643,3.177759759321446e-08,24.0,1,0,0.0,0.0,0,0.0,0
YML117W,1,0.0,0.0,0.16263448970762365,0.00014596559524696643,3.177759759321446e-08,24.0,1,0,0.0,0.0,0,0.0,0
YNL196C,1,0.0,0.0,0.16263448970762365,0.00014596559524696643,3.177759759321446e-08,24.0,1,0,0.0,0.0,0,0.0,0
YOR371C,3,0.3333333333333333,0.0037107018542079464,0.16505491426326493,0.0003677018300350914,3.1827749052291746e-08,10.666666666666666,2,0,0.0,0.0,0,0.0,0
YDL189W,1,0.0,0.0,0.16263448970762365,0.00014596559524696643,3.177759759321446e-08,24.0,1,1,4.0,4.0,3,1.0,0
YLL060C,1,0.0,0.0,0.16263448970762365,0.00014596559524696643,3.177759759321446e-08,24.0,1,0,0.0,0.0,0,0.0,0
YOL069W,16,0.19166666666666668,0.007145129556936451,0.17243496499275712,0.0012107629318392115,1.8882165903801813e-08,8.25,5,7,28.142857142857142,55.0,75,0.6731531531531532,1
YFL008W,18,0.13071895424836602,0.008400326003615389,0.17857426367636767,0.0013742606135898959,1.3578748163500015e-08,7.833333333333333,5,4,6.0,9.0,8,1.0,1
YFR031C,9,0.16666666666666666,0.005143474750900601,0.1772623907971806,0.0007098736147419253,6.875064373663406e-07,10.11111111111111,5,1,5.0,5.0,4,1.0,1
YIR017C,6,0.26666666666666666,0.000916517243804637,0.1505788549924102,0.0005481553093111838,2.276838211937018e-10,8.0,3,6,47.333333333333336,195.0,194,1.0,0
YGR089W,10,0.022222222222222223,0.0034890463560449145,0.16352816764355713,0.0008194004244213028,4.315367813811833e-09,7.8,4,0,0.0,0.0,0,0.0,0
YDL181W,19,0.5321637426900585,0.01764416298725724,0.16503965824013309,0.0008855343574998685,6.454033938353931e-09,12.947368421052632,14,4,24.25,56.0,57,0.9523809523809523,0
YAL011W,5,0.1,0.0028733539227193583,0.16029841659933566,0.0004533343416895344,8.362908255097703e-10,7.6,4,2,48.0,83.0,82,1.0,0
YNL250W,9,0.25,0.0047822671667678476,0.1658059302163618,0.0007089813085043804,1.1929778428915424e-09,11.333333333333334,5,4,59.5,195.0,194,1.0,0
YHL010C,1,0.0,0.0,0.13676195331648286,0.00013326782560756762,5.394703137391873e-11,10.0,1,0,0.0,0.0,0,0.0,0
YDR201W,8,0.17857142857142858,0.007292738660316916,0.16656381180037316,0.0007051930886170385,4.721172699632664e-09,8.75,4,8,26.5,55.0,75,0.6731531531531532,1
YDR295C,8,0.25,0.0020290319024917863,0.1668751460280374,0.000625406661761142,1.4526048132064507e-09,9.125,5,3,55.0,133.0,132,1.0,0
YLR190W,1,0.0,0.0,0.14977051354638485,0.00013558211075648724,1.7775235540667386e-10,11.0,1,0,0.0,0.0,0,0.0,0
YGL075C,3,0.0,0.0001898090424449036,0.15312272210788097,0.0002969249717515094,2.300732352669005e-10,9.666666666666666,2,1,3.0,3.0,2,1.0,1
YJL074C,12,0.12121212121212122,0.007073278642465236,0.1816443603763988,0.000949107332024208,1.1213562772624647e-06,7.666666666666667,5,4,6.0,9.0,8,1.0,1
YNL079C,3,0.0,0.0011361508341691643,0.17687608345715702,0.0003793970532728671,3.5150395407127214e-05,21.333333333333332,2,3,43.666666666666664,73.0,72,1.0,0
YDL072C,1,0.0,0.0,0.1459748252534336,0.00017053378436267637,4.393607616240243e-07,3.0,1,0,0.0,0.0,0,0.0,0
YIR018W,1,0.0,0.0,0.13449563592196445,0.00014069840946160316,1.051466228534799e-11,5.0,1,0,0.0,0.0,0,0.0,0
YHR158C,7,0.047619047619047616,0.0032501035796566892,0.17520989721322738,0.0006657010791846924,2.4847714046256857e-09,8.142857142857142,4,2,2.5,3.0,2,1.0,0
YMR124W,3,0.3333333333333333,6.049152835645723e-05,0.1613558704590638,0.0002927318607811213,1.731567677540049e-08,6.666666666666667,3,0,0.0,0.0,0,0.0,0
YDR379W,0,0.0,0.0,0.0,6.361727845282784e-05,7.48182427707595e-40,0.0,0,0,0.0,0.0,0,0.0,0
YER018C,2,0.0,0.00013019184932069728,0.14902053601235188,0.00021649590143222314,1.4154506594783088e-10,5.5,2,8,26.5,55.0,75,0.6731531531531532,1
YDL074C,8,0.2857142857142857,0.0012407228593853171,0.16984343788642633,0.000610714625906707,2.6908883651125286e-08,10.0,5,2,3.0,4.0,4,0.5,0
YNL153C,6,0.4,0.000754764257508909,0.1438347077895924,0.0005033413879851961,3.9122087871196105e-10,5.833333333333333,4,3,6.0,7.0,6,1.0,0
YNL103W,7,0.14285714285714285,0.0010356880892114922,0.1486978732928048,0.0006730722583007499,4.691794391444851e-10,3.857142857142857,3,6,47.333333333333336,195.0,194,1.0,1
YDL099W,1,0.0,0.0,0.000390625,0.0004241151896855187,7.84526137315919e-34,1.0,1,1,2.0,2.0,1,0.0,0
YKL050C,1,0.0,0.0,0.000390625,0.0004241151896855187,7.84526137315919e-34,1.0,1,0,0.0,0.0,0,0.0,0
YDL087C,1,0.0,0.0,0.14920732535305425,0.00013089246872544422,1.4016345086646897e-08,12.0,1,7,111.71428571428571,559.0,563,0.9827752950323319,1
YEL061C,4,0.0,0.000560119409907552,0.1651923454991211,0.0003890544272916183,1.483769738356381e-09,8.0,3,7,33.0,73.0,124,0.532520325203252,0
YLR454W,2,0.0,5.404838037154396e-06,0.1484382793665309,0.00022249337391960943,3.46392239519974e-10,5.0,2,0,0.0,0.0,0,0.0,1
YGR130C,2,1.0,0.0,0.1554692261645625,0.00020050630688250927,3.476023734215165e-10,14.5,2,0,0.0,0.0,0,0.0,0
YLR086W,4,0.3333333333333333,0.00034221249412033546,0.15715226742650942,0.0003325826952682007,1.4357058460625193e-08,13.25,4,1,5.0,5.0,4,1.0,1
YJR035W,1,0.0,0.0,0.14409006314557782,0.00013592965400586316,4.592604121139099e-10,9.0,1,1,2.0,2.0,1,0.0,0
YPL018W,1,0.0,0.0,0.15052807810655874,0.00013410555259527144,3.1685077884408627e-09,11.0,1,7,23.0,55.0,54,1.0,0
YLR254C,2,0.0,0.00014949503140123806,0.14792180121779472,0.0002180757390279085,4.611331219067924e-10,7.5,2,0,0.0,0.0,0,0.0,0
YLR314C,8,0.03571428571428571,0.0024581210554584666,0.17593497512070155,0.0006831058735840185,3.640825683723676e-08,6.5,4,4,23.25,73.0,72,1.0,1
YGR059W,2,0.0,8.106396296524023e-05,0.15426039416846654,0.0002319069985396678,3.177288623676109e-09,5.0,2,3,29.333333333333332,73.0,72,1.0,0
YBR211C,1,0.0,0.0,0.1349020899440919,0.00014291954817214486,3.987343902999734e-11,6.0,1,5,29.6,55.0,75,0.6731531531531532,1
YPL155C,2,1.0,0.0,0.1324111281053022,0.0002390690813469914,1.1292691470694488e-10,5.0,2,5,26.6,73.0,73,0.974124809741248,0
YBR057C,1,0.0,0.0,0.14654990663985554,0.00013416189421291063,2.3832864693071436e-10,8.0,1,0,0.0,0.0,0,0.0,0
YJR112W,15,0.12380952380952381,0.004815334909605526,0.16478073666482096,0.0011945831320490994,4.05880586333793e-09,6.8,5,3,34.0,55.0,54,1.0,1
YDR150W,6,0.3333333333333333,0.0006528096116900935,0.1611083698005955,0.00047402058121871483,1.4434295036316137e-08,11.5,4,0,0.0,0.0,0,0.0,0
YLR200W,5,0.6,0.0002968511175727106,0.1382015528250774,0.000433998355097056,5.58458385275925e-11,6.6,4,3,6.0,7.0,6,1.0,0
YGL093W,1,0.0,0.0,0.13763694307407695,0.00013132765543596178,5.074041622009946e-11,15.0,1,3,20.333333333333332,32.0,31,1.0,1
YKL101W,4,0.0,0.0012900090759867904,0.15921213218903255,0.0003725277232926161,1.787582637844529e-08,5.0,3,0,0.0,0.0,0,0.0,1
YBL099W,16,0.7666666666666667,0.002166080500195389,0.13827647041740881,0.0006741376881326943,9.64704502940637e-11,13.0,14,4,24.0,56.0,57,0.9523809523809523,0
YNL315C,2,1.0,0.0,0.11865001412053958,0.00013291220394245863,2.4144973901468846e-12,15.5,2,0,0.0,0.0,0,0.0,0
YJL180C,1,0.0,0.0,0.11864213039867111,9.939953045094032e-05,1.2073422939212382e-12,16.0,1,0,0.0,0.0,0,0.0,0
YJR121W,15,0.8761904761904762,0.0001652989449003517,0.13826576293170204,0.0005919500358020979,9.645551829732977e-11,13.866666666666667,14,4,24.0,56.0,57,0.9523809523809523,0
YPR163C,2,0.0,1.9538882375928097e-07,0.10699047651147463,0.00020081330833859607,3.067029405130348e-14,4.0,2,4,299.5,559.0,589,0.9439786101197695,0
YBR048W,58,0.9316394434361767,0.003648681651297034,0.1617065805560587,0.0006615518039260904,9.981115564769678e-05,54.51724137931034,56,7,227.28571428571428,559.0,589,0.9439786101197695,0
YAR066W,2,0.0,0.0003313794450957405,0.15249500918097192,0.00028283558567370056,3.5965783886147885e-09,6.5,1,0,0.0,0.0,0,0.0,0
YCL014W,2,0.0,0.0004045897606810048,0.15884388066008365,0.00020621670531448735,3.554403525431626e-08,9.0,2,0,0.0,0.0,0,0.0,0
YPR071W,0,0.0,0.0,0.0,6.361727845282784e-05,7.48182427707595e-40,0.0,0,0,0.0,0.0,0,0.0,0
YKL011C,19,0.011695906432748537,0.018534773485122037,0.17094916826232648,0.0019955418725057894,2.530835996356585e-07,4.842105263157895,5,0,0.0,0.0,0,0.0,0
YBL077W,0,0.0,0.0,0.0,6.361727845282784e-05,7.48182427707595e-40,0.0,0,0,0.0,0.0,0,0.0,1
YNL191W,1,0.0,0.0,0.16235352450445537,7.263021083018553e-05,0.0013902464522158565,86.0,1,1,3.0,3.0,2,1.0,0
YPL088W,0,0.0,0.0,0.0,6.361727845282784e-05,7.48182427707595e-40,0.0,0,0,0.0,0.0,0,0.0,0
YPL049C,2,0.0,1.8717729995096412e-05,0.14671849322103533,0.00022173023930941517,1.393109033387999e-08,7.0,2,1,3.0,3.0,2,1.0,0
YOR380W,0,0.0,0.0,0.0,6.361727845282784e-05,7.48182427707595e-40,0.0,0,0,0.0,0.0,0,0.0,0
YOR285W,1,0.0,0.0,0.13548554992791564,7.330614235155252e-05,1.7782229176107033e-06,58.0,1,0,0.0,0.0,0,0.0,0
YLR135W,1,0.0,0.0,0.14336122541148133,7.908684222173926e-05,1.7826937447896974e-06,66.0,1,1,2.0,2.0,1,0.0,0
YLR056W,1,0.0,0.0,0.14336122541148133,7.908684222173926e-05,1.7826937447896974e-06,66.0,1,0,0.0,0.0,0,0.0,0
YKL017C,1,0.0,0.0,0.14336122541148133,7.908684222173926e-05,1.7826937447896974e-06,66.0,1,1,7.0,7.0,6,1.0,0
YBL081W,1,0.0,0.0,0.14336122541148133,7.908684222173926e-05,1.7826937447896974e-06,66.0,1,0,0.0,0.0,0,0.0,0
YOR155C,0,0.0,0.0,0.0,6.361727845282784e-05,7.48182427707595e-40,0.0,0,0,0.0,0.0,0,0.0,0
YOR020C,1,0.0,0.0,0.000390625,0.0004241151896855187,7.84526137315919e-34,1.0,1,0,0.0,0.0,0,0.0,1
YOL131W,1,0.0,0.0,0.16235352450445537,7.263021083018553e-05,0.0013902464522158565,86.0,1,0,0.0,0.0,0,0.0,0
YNR012W,0,0.0,0.0,0.0,6.361727845282784e-05,7.48182427707595e-40,0.0,0,0,0.0,0.0,0,0.0,0
YNL159C,0,0.0,0.0,0.0,6.361727845282784e-05,7.48182427707595e-40,0.0,0,0,0.0,0.0,0,0.0,0
YNL034W,1,0.0,0.0,0.1326669189761498,7.332175532526983e-05,1.7781542838908314e-06,58.0,1,0,0.0,0.0,0,0.0,0
YHR203C,58,0.9316394434361767,0.004,0.15770747769828652,0.0006626755123812238,9.980568174843743e-05,54.44827586206897,56,7,227.28571428571428,559.0,589,0.9439786101197695,0
YMR134W,1,0.0,0.0,0.13939917733624796,0.0001546245209522918,4.212382546633068e-09,8.0,1,0,0.0,0.0,0,0.0,1
YLR423C,8,0.10714285714285714,0.0056066732595203735,0.17929150140576364,0.000805181502002613,4.4552259809511996e-08,7.125,4,0,0.0,0.0,0,0.0,0
YLR377C,0,0.0,0.0,0.0,6.361727845282784e-05,7.48182427707595e-40,0.0,0,0,0.0,0.0,0,0.0,0
YEL054C,81,0.9753086419753086,0.0023474864137965593,0.18510927456976986,0.0005613502352497581,0.11112088412632637,79.4074074074074,80,6,258.8333333333333,559.0,589,0.9439786101197695,0
YLR324W,0,0.0,0.0,0.0,6.361727845282784e-05,7.48182427707595e-40,0.0,0,0,0.0,0.0,0,0.0,0
YLR295C,17,0.6691176470588235,0.006994634683339402,0.1392252680311891,0.0007715916739200495,9.64708815971504e-11,12.588235294117647,14,4,26.5,56.0,57,0.9523809523809523,0
YAR060C,2,0.0,0.002004008016032064,0.11935588653074868,0.000244538328001468,1.2075372866186108e-12,9.0,1,0,0.0,0.0,0,0.0,0
YPR102C,83,0.9285924184543051,0.009444538514307137,0.19023695530577456,0.0006813716294393877,0.1111552586938104,77.7710843373494,80,6,258.8333333333333,559.0,589,0.9439786101197695,0
YLR258W,3,0.0,0.0005062781533152202,0.14704472226797333,0.00036388189117044655,2.0721012982773295e-10,4.333333333333333,2,0,0.0,0.0,0,0.0,0
YLR197W,3,0.3333333333333333,0.0031968590929367683,0.13967178211045056,0.0004248515522510803,4.213905458349015e-09,5.0,2,7,111.71428571428571,559.0,619,0.8502282102357388,1
YER175C,2,0.0,1.9538882375928097e-07,0.10699047651147463,0.00020081330833859607,3.067029405130348e-14,4.0,2,0,0.0,0.0,0,0.0,0
YNL070W,10,0.6222222222222222,0.0012607188077136424,0.12245827189493178,0.0005883642778247931,1.317834566531156e-12,7.5,8,4,10.5,18.0,18,0.9281045751633987,0
YLR145W,1,0.0,0.0,0.1289588373898599,0.00018380348596790151,4.509994218871174e-11,2.0,1,2,284.5,559.0,558,1.0,1
YLR108C,0,0.0,0.0,0.0,6.361727845282784e-05,7.48182427707595e-40,0.0,0,0,0.0,0.0,0,0.0,0
YLR070C,0,0.0,0.0,0.0,6.361727845282784e-05,7.48182427707595e-40,0.0,0,0,0.0,0.0,0,0.0,0
YKR019C,1,0.0,0.0,0.10443727335205007,0.0001675518821773603,1.512164750369635e-14,2.0,1,0,0.0,0.0,0,0.0,0
YKL035W,0,0.0,0.0,0.0,6.361727845282784e-05,7.48182427707595e-40,0.0,0,0,0.0,0.0,0,0.0,1
YBR059C,0,0.0,0.0,0.0,6.361727845282784e-05,7.48182427707595e-40,0.0,0,0,0.0,0.0,0,0.0,0
YBR068C,1,0.0,0.0,0.1443813424840301,0.00014422618824068537,6.598635081535596e-09,6.0,1,0,0.0,0.0,0,0.0,0
YDR385W,6,0.0,0.0021058362236988223,0.17454194159335287,0.0005692765633002793,5.279128993947799e-07,14.5,4,5,236.4,559.0,589,0.9439786101197695,0
YOL006C,3,0.0,0.0003488474689486899,0.15134463998135278,0.0003890933257113583,4.4700352287330345e-07,3.6666666666666665,2,3,29.333333333333332,56.0,55,1.0,0
YJR103W,0,0.0,0.0,0.0,6.361727845282784e-05,7.48182427707595e-40,0.0,0,0,0.0,0.0,0,0.0,0
YJR091C,6,0.0,0.005008418566153579,0.1615164235639982,0.0005636389696869167,1.7948475367072876e-06,15.166666666666666,3,0,0.0,0.0,0,0.0,0
YDL153C,1,0.0,0.0,0.1326669189761498,7.332175532526983e-05,1.7781542838908314e-06,58.0,1,2,302.5,559.0,558,1.0,1
YDR321W,0,0.0,0.0,0.0,6.361727845282784e-05,7.48182427707595e-40,0.0,0,0,0.0,0.0,0,0.0,0
YER081W,1,0.0,0.0,0.14336122541148133,7.908684222173926e-05,1.7826937447896974e-06,66.0,1,1,3.0,3.0,2,1.0,0
YER086W,0,0.0,0.0,0.0,6.361727845282784e-05,7.48182427707595e-40,0.0,0,0,0.0,0.0,0,0.0,0
YDR459C,1,0.0,0.0,0.1326767768241938,7.407166052018572e-05,1.7787102950010448e-06,59.0,1,0,0.0,0.0,0,0.0,0
YFR015C,0,0.0,0.0,0.0,6.361727845282784e-05,7.48182427707595e-40,0.0,0,0,0.0,0.0,0,0.0,0
YGL040C,0,0.0,0.0,0.0,6.361727845282784e-05,7.48182427707595e-40,0.0,0,0,0.0,0.0,0,0.0,1
YGR041W,0,0.0,0.0,0.0,6.361727845282784e-05,7.48182427707595e-40,0.0,0,0,0.0,0.0,0,0.0,0
YGR097W,1,0.0,0.0,0.15258622991796275,0.00011059614039537325,4.910437711548704e-09,34.0,1,1,74.0,74.0,73,1.0,0
YHR025W,0,0.0,0.0,0.0,6.361727845282784e-05,7.48182427707595e-40,0.0,0,0,0.0,0.0,0,0.0,0
YHR074W,0,0.0,0.0,0.0,6.361727845282784e-05,7.48182427707595e-40,0.0,0,0,0.0,0.0,0,0.0,1
YHR114W,17,0.014705882352941176,0.011640989035855701,0.19401978295121158,0.001209643531137933,0.0013939243872346852,12.411764705882353,5,0,0.0,0.0,0,0.0,0
YBL087C,81,0.9753086419753086,0.00349223082113677,0.18671589067238314,0.0005650190892066014,0.11112088951698397,79.46913580246914,80,6,258.8333333333333,559.0,589,0.9439786101197695,0
YIL074C,0,0.0,0.0,0.0,6.361727845282784e-05,7.48182427707595e-40,0.0,0,1,3.0,3.0,2,1.0,0
YJR010W,0,0.0,0.0,0.0,6.361727845282784e-05,7.48182427707595e-40,0.0,0,0,0.0,0.0,0,0.0,0
YDL075W,81,0.9753086419753086,0.0003312604106219473,0.18101825451135442,0.0005634766833386969,0.11112082808720654,79.27160493827161,80,6,258.8333333333333,559.0,589,0.9439786101197695,0
YJR067C,1,0.0,0.0,0.14878460649112574,6.952353869411594e-05,0.0013889483738925609,81.0,1,0,0.0,0.0,0,0.0,1
YNL021W,1,0.0,0.0,0.144885107310938,0.0001318866506664495,1.738317396930514e-05,8.0,1,4,42.5,133.0,132,1.0,0
YDL042C,4,0.0,0.000881995706467788,0.17365921634895937,0.00037236290153000863,1.4686781773750647e-08,9.0,2,5,22.4,83.0,90,0.8404494382022472,0
YDR296W,1,0.0,0.0,0.1546746415887041,0.00010958895057558538,2.986381445329007e-08,17.0,1,0,0.0,0.0,0,0.0,0
YIL075C,38,0.8605974395448079,0.002062363354864079,0.18373781256431365,0.0009159673094450857,1.585076947889428e-06,34.8421052631579,35,6,25.5,46.0,48,0.9547872340425532,1
YGR092W,15,0.6666666666666666,0.000710286615851601,0.16431067106837213,0.0007172584542831036,2.4555300831404946e-07,12.733333333333333,12,4,71.25,195.0,194,1.0,0
YAR019C,1,0.0,0.0,0.13730883285912027,0.00010424527683318161,3.0772433891595787e-09,15.0,1,0,0.0,0.0,0,0.0,1
YCL024W,4,0.0,0.00012939347094596148,0.16471993196494467,0.0003545206229559934,4.251006806974768e-09,8.75,3,0,0.0,0.0,0,0.0,0
YCR002C,3,0.3333333333333333,2.3543631345709203e-06,0.14103981536334914,0.00028402117480854304,1.6470325491098537e-10,5.666666666666667,3,4,23.25,73.0,72,1.0,0
YKR048C,2,0.0,4.836989077560243e-05,0.14198187519879135,0.0002942315836988808,1.3881269526199874e-08,2.0,2,1,11.0,11.0,10,1.0,0
YLR457C,2,0.0,0.0001563796605816022,0.1544605590397924,0.0002835531563993215,9.935725233103271e-10,10.5,2,1,3.0,3.0,2,1.0,1
YDR162C,2,0.0,0.00022225106683333308,0.16175052654225927,0.0002589181947403646,1.1095516957193624e-06,9.5,2,0,0.0,0.0,0,0.0,0
YOR308C,2,1.0,0.0,0.17122785409474492,0.00024899945046082215,4.679252328854937e-07,29.0,2,4,184.25,559.0,558,1.0,0
YDR088C,2,0.0,9.337631053308656e-05,0.16303543302593135,0.00022603443837911454,2.2487480812503818e-07,7.0,2,6,156.5,559.0,619,0.8502282102357388,1
YKL012W,2,0.0,0.0002444772367489963,0.1620735284106381,0.00018434328739958995,8.016244723775493e-09,23.5,2,11,97.36363636363636,559.0,624,0.8370374943408652,1
YMR213W,1,0.0,0.0,0.13201952402957487,0.00018528624475936143,3.950059919041871e-11,4.0,1,3,219.33333333333334,559.0,558,1.0,1
YGR129W,4,0.0,0.0025478031807705556,0.1567934722953987,0.0005696189842656524,3.1596445800597706e-09,3.0,2,3,219.33333333333334,559.0,558,1.0,0
YJR050W,1,0.0,0.0,0.13201952402957487,0.00018528624475936143,3.950059919041871e-11,4.0,1,3,219.33333333333334,559.0,558,1.0,0
YPR185W,1,0.0,0.0,0.1394536131287098,0.00020354497078168085,2.2101822083071529e-07,4.0,1,0,0.0,0.0,0,0.0,0
YEL013W,4,0.0,0.0009941383352872215,0.16739139987812882,0.0006549447054738636,1.7682241921824883e-05,7.0,1,0,0.0,0.0,0,0.0,0
YGL180W,2,0.0,0.0003313794450957405,0.1476404880519266,0.00031811953448209363,5.632601558624514e-10,4.5,1,0,0.0,0.0,0,0.0,1
YPR049C,1,0.0,0.0,0.1254700346075469,0.00019915336821523286,7.1528922495028975e-12,2.0,1,0,0.0,0.0,0,0.0,0
YBL078C,4,0.16666666666666666,0.0011939543163443462,0.15098630665482835,0.0003755476638571822,9.778637280203265e-09,8.5,3,6,36.666666666666664,95.0,163,0.5252594107399834,0
YER177W,1,0.0,0.0,0.15590361149917054,0.00013670178860080334,2.2549898882147795e-07,13.0,1,0,0.0,0.0,0,0.0,0
YIR023W,2,1.0,0.0,0.1406842154506776,0.00027270345056319006,9.46560454464949e-11,5.0,2,0,0.0,0.0,0,0.0,0
YNR001C,1,0.0,0.0,0.0005208333333333333,0.0003310848129367916,2.88902900771161e-32,2.0,1,2,35.0,56.0,55,1.0,0
YKL085W,2,0.0,0.0,0.00078125,0.0006101759431829726,4.0857040047950434e-32,1.0,1,2,35.0,56.0,55,1.0,0
YGL162W,1,0.0,0.0,0.15043930090993343,0.00013801762437360397,2.2866210329221087e-07,9.0,1,0,0.0,0.0,0,0.0,0
YOR358W,5,0.3,0.0018976450377242917,0.16923173751303194,0.0004964022320657306,1.7509230572967133e-05,12.8,3,3,110.66666666666667,195.0,255,0.7764397097421646,0
YEL002C,9,0.8611111111111112,0.0008284486127393513,0.16029841659933566,0.0004951973292274082,4.599217729371422e-07,8.777777777777779,8,2,19.0,29.0,28,1.0,1
YMR149W,9,0.8611111111111112,0.0008284486127393513,0.16029841659933566,0.0004951973292274082,4.599217729371422e-07,8.777777777777779,8,2,19.0,29.0,28,1.0,1
YGL022W,9,0.8611111111111112,0.0008284486127393513,0.16029841659933566,0.0004951973292274082,4.599217729371422e-07,8.777777777777779,8,2,19.0,29.0,28,1.0,1
YJL002C,9,0.8611111111111112,0.0008301088304001516,0.16029841659933566,0.0004951973292274082,4.599217729371422e-07,8.777777777777779,8,2,19.0,29.0,28,1.0,1
YPL096W,1,0.0,0.0,0.15361012237611837,0.00010591457773602767,8.348344636784767e-09,16.0,1,1,2.0,2.0,1,0.0,0
YLR342W,3,0.6666666666666666,0.00016568972254787026,0.15568611583398728,0.00035549535618445877,1.1821233226496794e-08,7.0,2,4,3.5,5.0,6,0.6,0
YLR371W,3,0.0,0.000662758890191481,0.1556996915329613,0.0004832509390453847,1.1673357827662666e-08,6.0,1,0,0.0,0.0,0,0.0,1
YOR008C,1,0.0,0.0,0.13124322399852997,0.00020052759745028148,1.4597939211337175e-10,3.0,1,0,0.0,0.0,0,0.0,0
YLR332W,1,0.0,0.0,0.13124322399852997,0.00020052759745028148,1.4597939211337175e-10,3.0,1,0,0.0,0.0,0,0.0,0
YNL090W,3,0.3333333333333333,0.00022329978512592474,0.16467435788066034,0.00028974070297039156,9.775799426802544e-09,10.0,3,0,0.0,0.0,0,0.0,0
YIL118W,4,0.5,0.0005502945473169676,0.14170018748512023,0.00038995497478512656,1.1375703407363021e-08,5.0,3,0,0.0,0.0,0,0.0,1
YBR260C,3,0.0,0.0008315764116815833,0.16449231345002305,0.0002947777690205415,9.0931812150488e-07,11.0,3,0,0.0,0.0,0,0.0,0
YAR064W,1,0.0,0.0,0.15589000021826438,0.00015950443354566832,1.747094952663328e-05,38.0,1,0,0.0,0.0,0,0.0,0
YBR213W,1,0.0,0.0,0.15589000021826438,0.00015950443354566832,1.747094952663328e-05,38.0,1,0,0.0,0.0,0,0.0,0
YBR229C,1,0.0,0.0,0.15589000021826438,0.00015950443354566832,1.747094952663328e-05,38.0,1,1,2.0,2.0,1,0.0,0
YDR231C,1,0.0,0.0,0.15589000021826438,0.00015950443354566832,1.747094952663328e-05,38.0,1,0,0.0,0.0,0,0.0,1
YDR292C,2,0.0,0.0003313794450957405,0.1559172251571778,0.0003353784588386839,1.7473679559777618e-05,19.5,1,4,149.25,559.0,579,0.9308496333614213,1
YFL003C,1,0.0,0.0,0.15589000021826438,0.00015950443354566832,1.747094952663328e-05,38.0,1,0,0.0,0.0,0,0.0,0
YFR054C,1,0.0,0.0,0.15589000021826438,0.00015950443354566832,1.747094952663328e-05,38.0,1,0,0.0,0.0,0,0.0,0
YGL063W,1,0.0,0.0,0.15589000021826438,0.00015950443354566832,1.747094952663328e-05,38.0,1,0,0.0,0.0,0,0.0,0
YGL229C,1,0.0,0.0,0.15589000021826438,0.00015950443354566832,1.747094952663328e-05,38.0,1,0,0.0,0.0,0,0.0,0
YGR034W,81,0.9753086419753086,0.00657896819873933,0.18813234248235172,0.0005999059645153059,0.11112093660007101,79.72839506172839,80,6,258.8333333333333,559.0,589,0.9439786101197695,0
YGR253C,36,0.946031746031746,0.0035920870014510796,0.18595751536138305,0.0008818408440210327,1.8830252776251642e-05,37.166666666666664,35,7,21.142857142857142,46.0,48,0.9485815602836879,1
YHR028C,1,0.0,0.0,0.15589000021826438,0.00015950443354566832,1.747094952663328e-05,38.0,1,0,0.0,0.0,0,0.0,0
YKL175W,1,0.0,0.0,0.15589000021826438,0.00015950443354566832,1.747094952663328e-05,38.0,1,0,0.0,0.0,0,0.0,0
YKR025W,1,0.0,0.0,0.15589000021826438,0.00015950443354566832,1.747094952663328e-05,38.0,1,2,17.5,18.0,17,1.0,1
YLL051C,1,0.0,0.0,0.15589000021826438,0.00015950443354566832,1.747094952663328e-05,38.0,1,0,0.0,0.0,0,0.0,0
YLR443W,1,0.0,0.0,0.15589000021826438,0.00015950443354566832,1.747094952663328e-05,38.0,1,0,0.0,0.0,0,0.0,0
YNL066W,1,0.0,0.0,0.15589000021826438,0.00015950443354566832,1.747094952663328e-05,38.0,1,0,0.0,0.0,0,0.0,0
YNL202W,1,0.0,0.0,0.15589000021826438,0.00015950443354566832,1.747094952663328e-05,38.0,1,0,0.0,0.0,0,0.0,0
YOR029W,1,0.0,0.0,0.15589000021826438,0.00015950443354566832,1.747094952663328e-05,38.0,1,0,0.0,0.0,0,0.0,0
YGR229C,2,0.0,0.0003313794450957405,0.11365056727770352,0.00042376483836049163,1.5948589385033545e-12,1.5,1,0,0.0,0.0,0,0.0,0
YGR185C,1,0.0,0.0,0.10004280941842224,0.00024603930470676056,2.0332327762957472e-14,2.0,1,0,0.0,0.0,0,0.0,1
YMR273C,4,0.16666666666666666,0.00010819704912456854,0.16895950629258139,0.00035153530862317626,2.2199231417452632e-07,8.75,3,1,59.0,59.0,58,1.0,0
YOR156C,6,0.06666666666666667,0.00227262142358891,0.18103660777653857,0.0005138912819662083,7.631302087190282e-08,11.0,4,0,0.0,0.0,0,0.0,0
YLR353W,2,0.0,1.0070880878622849e-05,0.16076024691635904,0.00021448468892338273,2.2569516295567132e-07,9.0,2,0,0.0,0.0,0,0.0,0
YER096W,1,0.0,0.0,0.15564540293758716,0.00014201344724346811,1.1669705857305142e-08,16.0,1,0,0.0,0.0,0,0.0,0
YDL020C,36,0.946031746031746,0.0010746771189390544,0.1813123540312754,0.0008483015416096398,1.575671342664101e-06,36.25,35,4,26.75,46.0,48,0.9547872340425532,0
YKR034W,2,1.0,0.0,0.14422973041195478,0.0002560464043772602,2.375354528889158e-10,5.5,2,0,0.0,0.0,0,0.0,0
YFL021W,1,0.0,0.0,0.14067313184432365,0.00015675222030954875,9.346960511050864e-11,8.0,1,0,0.0,0.0,0,0.0,0
YER143W,2,0.0,0.0002783878173123127,0.16696877337759491,0.0001870666841604011,4.455250513902204e-07,13.5,2,0,0.0,0.0,0,0.0,0
YAL014C,1,0.0,0.0,0.14557019912767,0.00014142382440003495,3.513930483633219e-09,13.0,1,0,0.0,0.0,0,0.0,0
YOR329C,1,0.0,0.0,0.13778563643028013,0.00016574761253512893,1.1184984994829737e-10,7.0,1,0,0.0,0.0,0,0.0,1
YPL074W,1,0.0,0.0,0.13778563643028013,0.00016574761253512893,1.1184984994829737e-10,7.0,1,0,0.0,0.0,0,0.0,0
YBL052C,4,0.0,0.0008015738585965397,0.16918363298275538,0.00038007009509170544,2.922834838823455e-07,14.5,3,2,69.0,133.0,132,1.0,0
YNL167C,3,0.3333333333333333,0.0002858181764059803,0.16154564937121144,0.0002944985551078741,1.7614638111278404e-05,7.666666666666667,3,1,3.0,3.0,2,1.0,0
YPL083C,3,1.0,0.0,0.001171875,0.00042411518968551857,8.226352789621772e-28,3.0,3,4,56.5,131.0,130,1.0,1
YLR105C,3,1.0,0.0,0.001171875,0.00042411518968551857,8.226352789621772e-28,3.0,3,4,56.5,131.0,130,1.0,1
YAR008W,3,1.0,0.0,0.001171875,0.00042411518968551857,8.226352789621772e-28,3.0,3,4,56.5,131.0,130,1.0,1
YMR059W,3,1.0,0.0,0.001171875,0.00042411518968551857,8.226352789621772e-28,3.0,3,4,56.5,131.0,130,1.0,1
YNL289W,1,0.0,0.0,0.14209486411745983,0.0001427568466345524,1.9980522765305927e-10,7.0,1,4,11.75,25.0,30,0.7655172413793103,0
YNL025C,9,0.3888888888888889,0.0007861254970839608,0.1728188213801781,0.0005165353875931814,2.559558401647055e-07,11.88888888888889,5,4,46.75,133.0,172,0.7451380388956889,0
YHR071W,1,0.0,0.0,0.14209486411745983,0.0001427568466345524,1.9980522765305927e-10,7.0,1,1,14.0,14.0,13,1.0,0
YOR290C,12,0.6515151515151515,0.0005454513348188604,0.1762997692041864,0.0006027527070340679,3.2604836801065524e-07,13.916666666666666,9,6,64.5,195.0,269,0.6211507518171225,0
YJL176C,11,0.7454545454545455,0.0004681521925773496,0.1762823637575279,0.0005577587343836492,3.2577126541803704e-07,14.363636363636363,9,6,64.5,195.0,269,0.6211507518171225,0
YOR265W,1,0.0,0.0,0.12232404346783586,0.0001712941711037971,2.535116795412056e-12,5.0,1,3,39.666666666666664,73.0,72,1.0,0
YOR349W,2,0.0,2.24807007585589e-05,0.12234080592668724,0.0002888181252442281,3.510415980925854e-12,3.5,2,0,0.0,0.0,0,0.0,0
YML054C,2,1.0,0.0,0.122972731577135,0.0002445697357462692,4.3175794648283736e-11,5.5,2,2,35.0,56.0,55,1.0,0
YGR191W,1,0.0,0.0,0.1386738165967692,0.00011738077149194423,3.4569452579275045e-09,12.0,1,0,0.0,0.0,0,0.0,1
YIL026C,2,0.0,0.0003305978898007034,0.12705023925572792,0.00035676410474863726,3.872129103745723e-11,3.5,2,4,6.0,9.0,8,1.0,1
YDL003W,2,0.0,0.0003312604106219473,0.12705023925572792,0.00035676410474863726,3.872129103745723e-11,3.5,2,4,6.0,9.0,8,1.0,1
YER147C,1,0.0,0.0,0.1270140889529094,0.00019907837407838754,3.870918357560759e-11,4.0,1,1,2.0,2.0,1,0.0,1
YMR197C,5,0.2,0.000567185164666548,0.14722658826682058,0.0005075081968040061,3.7559686156921015e-09,7.4,3,3,40.666666666666664,95.0,94,1.0,1
YDR468C,3,0.0,0.0002143348574906183,0.1452504728300659,0.0003978347776818305,1.6402550453260404e-10,2.3333333333333335,2,4,33.0,95.0,94,1.0,1
YBL047C,1,0.0,0.0,0.15617633713810897,0.0001239739766666119,4.535904600691199e-07,26.0,1,0,0.0,0.0,0,0.0,0
YJR042W,10,0.5333333333333333,0.00022871838119638976,0.1771217203154449,0.0006077439844645901,3.516618154235076e-06,17.3,6,3,29.666666666666668,59.0,59,0.9812974868497955,1
YDR101C,2,0.0,2.2004745336416312e-05,0.1672659543325527,0.00018346906287722766,1.125533657820607e-06,26.5,2,3,356.0,559.0,558,1.0,0
YOR204W,1,0.0,0.0,0.15617633713810897,0.0001239739766666119,4.535904600691199e-07,26.0,1,0,0.0,0.0,0,0.0,1
YAR002W,8,0.10714285714285714,0.00035150521631480657,0.17869936574259407,0.0005797938240754123,1.883613658831316e-05,11.375,5,1,59.0,59.0,58,1.0,0
YNL049C,3,0.0,0.0006457249424181989,0.16502440503696858,0.00024189766662457437,4.576900120961297e-07,17.0,3,2,22.0,34.0,33,1.0,0
YPL125W,4,0.16666666666666666,3.550533283873976e-05,0.17122785409474492,0.00028091323109016267,2.4891433441204884e-06,22.75,4,1,59.0,59.0,58,1.0,1
YNL273W,2,0.0,0.000251469112410037,0.16441658034069984,0.00023336530121926549,6.775304961150392e-07,15.0,2,1,3.0,3.0,2,1.0,0
YPL169C,4,0.0,0.0009941383352872215,0.16378316478627777,0.0006222264618166985,6.722582963823381e-07,7.5,1,2,30.5,59.0,58,1.0,1
YOL144W,1,0.0,0.0,0.16014027466367714,0.00011836678535948095,6.717276609423263e-07,23.0,1,1,5.0,5.0,4,1.0,1
YOL149W,5,0.0,0.005732578059448572,0.17526149023360818,0.0005680634856138514,1.754817078314055e-05,16.2,3,4,145.0,559.0,559,0.9964285943280692,1
YCL008C,5,0.3,0.001329497087811239,0.16450746844481298,0.0005275910958429293,4.6626093734993515e-07,6.2,2,1,4.0,4.0,3,1.0,0
YPL065W,2,1.0,0.0,0.15003479224434924,0.00023443623286247884,4.4300792495448483e-07,8.0,2,1,4.0,4.0,3,1.0,0
YJL172W,2,1.0,0.0,0.15003479224434924,0.00023443623286247884,4.4300792495448483e-07,8.0,2,0,0.0,0.0,0,0.0,0
YDR092W,1,0.0,0.0,0.12332946971266749,0.00021362229392130291,5.463772150499522e-09,2.0,1,1,2.0,2.0,1,0.0,0
YLR032W,2,0.0,0.0003313794450957405,0.1446855248764282,0.0003495239041775977,4.368772654244363e-07,2.0,1,0,0.0,0.0,0,0.0,0
YHR195W,1,0.0,0.0,0.1394536131287098,0.00020354497078168085,2.2101822083071529e-07,4.0,1,1,2.0,2.0,1,0.0,0
YEL005C,1,0.0,0.0,0.1394536131287098,0.00020354497078168085,2.2101822083071529e-07,4.0,1,0,0.0,0.0,0,0.0,0
YDR473C,2,1.0,0.0,0.172835549559578,0.00024145680439116666,1.7685750702501567e-05,32.0,2,7,135.85714285714286,559.0,619,0.8502282102357388,1
YBR055C,1,0.0,0.0,0.16715634361542783,0.00016602164050294723,2.431859346134565e-07,47.0,1,7,133.57142857142858,559.0,619,0.8502282102357388,1
YGR091W,1,0.0,0.0,0.16715634361542783,0.00016602164050294723,2.431859346134565e-07,47.0,1,8,128.25,559.0,619,0.8502282102357388,1
YOL113W,1,0.0,0.0,0.15618999846920925,0.00012820515223945704,1.7893879839122185e-08,14.0,1,0,0.0,0.0,0,0.0,0
YDR498C,2,1.0,0.0,0.14940708413521883,0.0002064025179182861,9.699307014239289e-09,11.0,2,5,27.6,95.0,98,0.9217336419103724,1
YGL145W,1,0.0,0.0,0.12785994002864304,0.00014921638449900645,1.5925435423989322e-10,4.0,1,1,6.0,6.0,5,1.0,1
YBR155W,4,0.3333333333333333,2.5982675256244247e-05,0.15832275780280192,0.00034273532668203455,2.0869495586304237e-08,8.75,4,0,0.0,0.0,0,0.0,1
YHR089C,3,0.3333333333333333,0.0003313794450957405,0.09919800347222223,0.0005207577163062916,1.0886205894286151e-14,2.3333333333333335,2,6,136.0,559.0,619,0.8502282102357388,1
YCL054W,1,0.0,0.0,0.1048173796595245,0.0002019066192498163,7.613809798148927e-13,3.0,1,0,0.0,0.0,0,0.0,1
YOR310C,3,0.3333333333333333,0.0003313794450957405,0.11985260185930999,0.0004875829290010868,5.6485977291812215e-11,2.6666666666666665,2,7,111.71428571428571,559.0,619,0.8502282102357388,1
YKL148C,4,0.8333333333333334,0.0006661456298033152,0.1394209465526665,0.00045197757120772294,3.1274550642745784e-09,3.75,3,3,24.666666666666668,56.0,55,1.0,0
YLL041C,4,0.8333333333333334,0.0006661456298033152,0.1394209465526665,0.00045197757120772294,3.1274550642745784e-09,3.75,3,2,30.0,56.0,55,1.0,0
YKL141W,4,0.8333333333333334,0.0006674805909852857,0.1394209465526665,0.00045197757120772294,3.1274550642745784e-09,3.75,3,2,30.0,56.0,55,1.0,1
YOR069W,5,0.5,0.004655203855672789,0.1626789415543003,0.0004998270581356419,9.093841035209009e-07,8.0,3,4,31.75,95.0,94,1.0,0
YJL154C,4,0.8333333333333334,2.6104051270445016e-07,0.1361986317696415,0.0004260917873848031,1.1805910664835071e-08,3.75,3,4,32.0,95.0,94,1.0,0
YOR132W,3,1.0,0.0,0.1361882436503699,0.0003297543973790579,1.1661942132075616e-08,4.333333333333333,3,4,31.75,95.0,94,1.0,0
YHR012W,3,1.0,0.0,0.1361882436503699,0.0003297543973790579,1.1661942132075616e-08,4.333333333333333,3,4,32.0,95.0,94,1.0,0
YJL053W,4,0.8333333333333334,2.6051843167904125e-07,0.1361986317696415,0.0004260917873848031,1.1805910664835071e-08,3.75,3,4,32.0,95.0,94,1.0,0
YPR135W,1,0.0,0.0,0.13280506229081443,0.0001338703766549976,1.4689415635706403e-11,9.0,1,0,0.0,0.0,0,0.0,0
YML069W,1,0.0,0.0,0.13280506229081443,0.0001338703766549976,1.4689415635706403e-11,9.0,1,3,9.333333333333334,19.0,23,0.6640316205533597,1
YMR038C,1,0.0,0.0,0.000390625,0.0004241151896855187,7.84526137315919e-34,1.0,1,1,2.0,2.0,1,0.0,0
YJR104C,1,0.0,0.0,0.000390625,0.0004241151896855187,7.84526137315919e-34,1.0,1,1,2.0,2.0,1,0.0,0
YAL038W,2,0.0,0.0003313794450957405,0.12291347576925725,0.0003569247289796524,1.3439283270533308e-12,2.5,1,1,2.0,2.0,1,0.0,1
YNL307C,4,0.0,0.003926005168241988,0.14409006314557782,0.0005185864284006896,1.0709649341206524e-10,3.75,2,0,0.0,0.0,0,0.0,0
YDR303C,1,0.0,0.0,0.000390625,0.0004241151896855187,7.84526137315919e-34,1.0,1,2,50.0,83.0,82,1.0,1
YOR361C,7,0.7619047619047619,5.111449606204094e-05,0.14768933519437552,0.0004642888479290861,8.052368772543812e-09,7.0,6,6,54.0,266.0,268,0.9781988931745765,1
YIL071C,2,1.0,0.0,0.1383300327316393,0.00017848052066797525,6.025542986472539e-09,8.0,2,1,6.0,6.0,5,1.0,0
YBR079C,9,0.4444444444444444,0.006118773635559206,0.16575975329558115,0.000618491775301096,4.738407503007712e-07,7.0,6,7,174.42857142857142,559.0,592,0.9345532080303653,1
YLR394W,6,0.06666666666666667,0.003127322779070683,0.13598081353286118,0.0006520420476727788,1.0965236021078537e-10,3.6666666666666665,3,0,0.0,0.0,0,0.0,0
YGL249W,1,0.0,0.0,0.11694813089468169,0.00015614176889025517,1.3706607675904882e-12,6.0,1,2,4.5,5.0,4,1.0,0
YER095W,5,0.7,0.0006652871265963078,0.11884744824946752,0.0005027342200084129,3.720890365105823e-11,4.8,4,3,77.66666666666667,195.0,194,1.0,0
YDR004W,6,0.4666666666666667,0.002147252994637929,0.12537312614099144,0.0006063927966182011,2.759618732341105e-09,4.666666666666667,4,4,58.75,195.0,194,1.0,0
YDL154W,2,0.0,8.224109160677411e-05,0.12531153502000142,0.0002601974824278393,2.7578091289070687e-09,5.5,2,0,0.0,0.0,0,0.0,0
YJL090C,2,0.0,0.0003312604106219473,0.12977426139254308,0.00039722598276830686,7.409920439918422e-11,1.5,1,6,20.0,56.0,57,0.9442355889724311,1
YKL108W,2,0.0,0.002330597889800704,0.15361012237611837,0.00032258006284009813,5.926959258346482e-09,10.5,1,2,11.5,21.0,20,1.0,1
YGL236C,1,0.0,0.0,0.12595683285129797,0.00010471613058026022,3.3120105839466976e-09,15.0,1,1,2.0,2.0,1,0.0,1
YMR023C,15,0.7428571428571429,0.0006625208212438946,0.14831498151839853,0.0007256587303357019,2.6497254749560146e-07,12.066666666666666,13,6,73.5,266.0,390,0.7803704436095181,0
YGL213C,2,0.0,6.147944408592259e-05,0.15454077051237666,0.0002514341149403767,3.826806121408368e-09,4.0,2,1,3.0,3.0,2,1.0,1
YIL106W,13,0.8461538461538461,0.0003313794450957405,0.1556318367035649,0.0006083271559387804,2.8503901559726717e-08,13.692307692307692,12,4,71.25,195.0,194,1.0,1
YDL028C,1,0.0,0.0,0.1311950082659809,0.00010337030102662239,3.6415851402068026e-10,13.0,1,2,49.0,55.0,54,1.0,1
YOR297C,3,1.0,0.0,0.11302469062539562,0.00024947055791053034,1.292886494794797e-10,5.0,3,1,4.0,4.0,3,1.0,1
YJL054W,5,0.8,0.00011045981503191322,0.13068609108541318,0.00036442206955655956,3.447847785356246e-09,7.8,4,4,9.0,18.0,18,0.9019607843137255,1
YBR091C,5,0.8,0.00011045981503191322,0.13068609108541318,0.00036442206955655956,3.447847785356246e-09,7.8,4,5,8.2,18.0,20,0.7526315789473684,1
YOL018C,2,0.0,0.0001001489549956789,0.1561490216440752,0.00025978493898559814,8.601991689857107e-10,11.0,2,4,33.0,95.0,94,1.0,0
YOR327C,3,0.0,9.123921804861218e-05,0.1539279364224138,0.00035755147865829687,3.2066290845994453e-09,4.666666666666667,2,3,40.666666666666664,95.0,94,1.0,0
YMR017W,3,0.0,0.0001315662003038643,0.15178205223563412,0.00034478403931159635,2.634213279585771e-10,4.0,2,0,0.0,0.0,0,0.0,0
YLR006C,1,0.0,0.0,0.12316783213768366,0.00022454266775117932,2.8084341871680908e-09,2.0,1,0,0.0,0.0,0,0.0,0
YDL235C,2,0.0,0.0003313794450957405,0.14446311185275082,0.0003762352883965192,2.24684666326937e-07,1.5,1,0,0.0,0.0,0,0.0,1
YBL017C,1,0.0,0.0,0.12517098229933404,0.0001499903574822174,4.6949594106965783e-11,5.0,1,0,0.0,0.0,0,0.0,0
YGL006W,1,0.0,0.0,0.1329138054563049,0.00014691655699509274,5.433400336959649e-11,7.0,1,0,0.0,0.0,0,0.0,0
YOR244W,2,1.0,0.0,0.14435799680653247,0.00018231755204163572,1.0672609733858187e-09,9.0,2,7,28.0,133.0,134,0.971944787341488,1
YKR010C,1,0.0,0.0,0.12813520362396844,0.00017387021500864973,5.587298363551966e-09,3.0,1,0,0.0,0.0,0,0.0,0
YFR037C,10,0.8444444444444444,6.784846569899005e-05,0.1573877534156016,0.0005247500775216031,2.2444207163489792e-08,11.9,9,3,36.666666666666664,83.0,83,0.9782544813399942,1
YHR060W,2,1.0,0.0,0.14257138793516447,0.00017727919567594658,1.3185731374728305e-10,9.5,2,2,4.5,7.0,6,1.0,0
YKL119C,2,1.0,0.0,0.14257138793516447,0.00017727919567594658,1.3185731374728305e-10,9.5,2,2,4.5,7.0,6,1.0,0
YLR396C,4,0.6666666666666666,0.0011645173896053147,0.1350551442780425,0.0004461626530303888,8.978070018534111e-11,5.0,3,5,23.6,95.0,98,0.9229960025247212,0
YLR148W,5,0.4,0.0014958968347010553,0.1350653602496218,0.0005803218647950125,8.979456482853204e-11,4.0,3,5,23.6,95.0,98,0.9229960025247212,0
YDR183W,1,0.0,0.0,0.1452504728300659,0.0001529557599832811,3.081958643129013e-09,9.0,1,0,0.0,0.0,0,0.0,0
YOR281C,1,0.0,0.0,0.1452504728300659,0.0001529557599832811,3.081958643129013e-09,9.0,1,1,10.0,10.0,9,1.0,1
YLR309C,0,0.0,0.0,0.0,6.361727845282784e-05,7.48182427707595e-40,0.0,0,0,0.0,0.0,0,0.0,0
YGL003C,4,0.0,0.0006814320510270043,0.1426511194775106,0.00039078822104549597,3.947595558335576e-09,5.25,3,3,29.666666666666668,58.0,57,1.0,1
YJL035C,1,0.0,0.0,0.000390625,0.0004241151896855187,7.84526137315919e-34,1.0,1,0,0.0,0.0,0,0.0,1
YLR316C,1,0.0,0.0,0.000390625,0.0004241151896855187,7.84526137315919e-34,1.0,1,0,0.0,0.0,0,0.0,1
YHR172W,3,0.6666666666666666,0.001,0.15839297990774417,0.00036658317219746546,1.0403680500602942e-09,5.333333333333333,2,3,17.0,32.0,31,1.0,1
YNL126W,3,0.6666666666666666,0.001,0.15839297990774417,0.00036658317219746546,1.0403680500602942e-09,5.333333333333333,2,6,28.333333333333332,73.0,94,0.687256920613132,1
YNL188W,2,0.0,0.0001654440939082862,0.15884388066008365,0.0002408282185841266,1.0285534191777337e-09,7.0,2,3,20.333333333333332,32.0,31,1.0,1
YGL061C,13,0.02564102564102564,0.010653243602255301,0.18522448781120332,0.0010502059183471056,5.011589265855953e-07,9.461538461538462,3,8,25.0,55.0,75,0.6731531531531532,1
YAL013W,1,0.0,0.0,0.15161450815148172,0.00013230622143726268,6.275152140106942e-09,13.0,1,3,58.0,133.0,132,1.0,0
YIR004W,2,0.0,0.0007738517651813332,0.16731297437218892,0.00021645322334769792,2.3080605766336564e-07,11.5,2,0,0.0,0.0,0,0.0,1
YMR012W,1,0.0,0.0,0.15161450815148172,0.00013230622143726268,6.275152140106942e-09,13.0,1,1,7.0,7.0,6,1.0,0
YGR120C,5,0.1,0.0033675219007119855,0.17300300964053872,0.0003943316697935495,4.57614244667646e-07,11.0,3,3,41.333333333333336,95.0,94,1.0,1
YGL036W,1,0.0,0.0,0.15161450815148172,0.00013230622143726268,6.275152140106942e-09,13.0,1,0,0.0,0.0,0,0.0,0
YER069W,1,0.0,0.0,0.000390625,0.0004241151896855187,7.84526137315919e-34,1.0,1,1,2.0,2.0,1,0.0,0
YJL071W,1,0.0,0.0,0.000390625,0.0004241151896855187,7.84526137315919e-34,1.0,1,1,2.0,2.0,1,0.0,0
YOL115W,2,1.0,0.0,0.15548276406304423,0.00019562981407850288,8.763371741602804e-09,13.5,2,3,3.3333333333333335,4.0,3,1.0,0
YDL127W,1,0.0,0.0,0.17455900503470526,0.00012884372833720496,1.796995328210408e-05,40.0,1,4,11.75,25.0,30,0.7655172413793103,0
YDL179W,1,0.0,0.0,0.17455900503470526,0.00012884372833720496,1.796995328210408e-05,40.0,1,1,14.0,14.0,13,1.0,0
YLR010C,2,0.0,0.0002637001913538891,0.13767939413216132,0.0002884980963245665,1.430867537189246e-10,2.5,2,1,11.0,11.0,10,1.0,1
YDL220C,3,0.0,0.001076803444915989,0.13486133402567976,0.00038806460482360296,1.6487583413330975e-11,4.666666666666667,2,1,11.0,11.0,10,1.0,1
YLR233C,3,0.3333333333333333,0.000662758890191481,0.11614935682690432,0.0004613290344686194,2.073808013071103e-13,2.3333333333333335,2,5,125.2,559.0,611,0.8418716964932521,0
YDR480W,2,0.0,1.8717729995096412e-05,0.14671849322103533,0.00022173023930941517,1.393109033387999e-08,7.0,2,1,3.0,3.0,2,1.0,0
YDR457W,2,0.0,0.002000781555295037,0.1499214158270361,0.00024575535957378384,2.0151072708042414e-08,11.0,1,0,0.0,0.0,0,0.0,0
YCL059C,1,0.0,0.0,0.12711355182601267,0.00016802980913002875,2.518931304859902e-10,2.0,1,2,302.5,559.0,558,1.0,1
YJL089W,7,0.5238095238095238,0.0005399738248637698,0.16846533281441647,0.0005883873833405546,2.3062907156758252e-07,7.428571428571429,5,2,11.0,16.0,15,1.0,0
YMR280C,1,0.0,0.0,0.14019818329930905,0.00013513647545695007,2.8861240508902072e-09,7.0,1,0,0.0,0.0,0,0.0,0
YNL068C,1,0.0,0.0,0.13596010526916927,0.00014766223583644527,5.560376672162315e-09,7.0,1,0,0.0,0.0,0,0.0,0
YPL126W,1,0.0,0.0,0.11683334832820783,0.0001316385031040562,3.14579417035671e-11,3.0,1,5,141.4,559.0,641,0.7740542121684867,1
YJL076W,3,0.3333333333333333,0.0003313794450957405,0.1358256551422486,0.00024002041927018825,2.015839322649211e-09,10.0,2,3,32.666666666666664,83.0,82,1.0,1
YFL028C,13,0.9102564102564102,9.903620512195906e-06,0.15606713246219736,0.0005661937445236927,3.161810444619284e-08,14.461538461538462,12,5,85.6,195.0,255,0.7764397097421646,0
YDR443C,11,0.4727272727272727,0.0003888900712633702,0.16542190684639616,0.0005559073652089963,2.525464320955815e-07,11.545454545454545,7,4,46.75,133.0,172,0.7451380388956889,0
YAL021C,15,0.7619047619047619,0.00029958961872975434,0.16493294499353411,0.0006610770078826764,2.517199532174751e-07,13.866666666666667,12,9,59.666666666666664,195.0,275,0.6880159256801592,0
YKR036C,14,0.8351648351648352,0.00023291150916225775,0.16444686521458832,0.0006125670019435458,2.4855658439756375e-07,14.285714285714286,12,5,85.6,195.0,255,0.7764397097421646,0
YCR093W,21,0.4380952380952381,0.003161762275790986,0.1717549117449019,0.000926773645338537,2.75288174379155e-07,14.380952380952381,12,7,63.142857142857146,195.0,255,0.7764397097421646,1
YNL236W,22,0.8268398268398268,0.0016942034658356585,0.18793432928112833,0.0007444946235340345,2.3218018886497997e-05,21.636363636363637,20,5,70.0,195.0,211,0.9097269239449334,0
YOR140W,4,0.3333333333333333,0.0002201434713071016,0.16491771150826637,0.00021365558608203608,5.984027024030525e-07,16.25,4,0,0.0,0.0,0,0.0,0
YFR021W,8,0.0,0.0020264377852245493,0.14977051354638485,0.0011691078933849207,8.530025433142947e-09,2.0,2,0,0.0,0.0,0,0.0,0
YHR103W,1,0.0,0.0,0.127005054591365,0.00018938508930849677,1.067052305018364e-10,8.0,1,0,0.0,0.0,0,0.0,0
YCL063W,1,0.0,0.0,0.127005054591365,0.00018938508930849677,1.067052305018364e-10,8.0,1,0,0.0,0.0,0,0.0,0
YML059C,1,0.0,0.0,0.127005054591365,0.00018938508930849677,1.067052305018364e-10,8.0,1,0,0.0,0.0,0,0.0,0
YNR058W,1,0.0,0.0,0.127005054591365,0.00018938508930849677,1.067052305018364e-10,8.0,1,0,0.0,0.0,0,0.0,0
YLR094C,1,0.0,0.0,0.127005054591365,0.00018938508930849677,1.067052305018364e-10,8.0,1,0,0.0,0.0,0,0.0,0
YPR115W,2,0.0,0.00042581046069926334,0.16633107242664183,0.00018700261258510812,2.27699329466981e-08,24.0,2,0,0.0,0.0,0,0.0,0
YIL129C,1,0.0,0.0,0.15258622991796275,0.00011059614039537325,4.910437711548704e-09,34.0,1,0,0.0,0.0,0,0.0,1
YLR228C,1,0.0,0.0,0.15258622991796275,0.00011059614039537325,4.910437711548704e-09,34.0,1,0,0.0,0.0,0,0.0,0
YDR259C,1,0.0,0.0,0.15258622991796275,0.00011059614039537325,4.910437711548704e-09,34.0,1,0,0.0,0.0,0,0.0,0
YOR250C,5,0.6,0.0008284367170296778,0.17365921634895937,0.0003764892670711642,3.047175708761959e-08,12.0,5,5,36.8,131.0,141,0.8656534954407294,1
YOR341W,14,0.8681318681318682,0.00021957901941922693,0.15414054406940608,0.0005148190554827282,2.7115248962571627e-08,18.642857142857142,13,3,77.33333333333333,195.0,194,1.0,1
YPR072W,16,0.6,0.002672462798932501,0.17413341744685004,0.0006736579985116636,2.669973432700114e-07,16.125,12,7,63.142857142857146,195.0,255,0.7764397097421646,0
YGR140W,5,0.4,0.0015513481680012738,0.150948014413729,0.00047975932149595904,3.1055015191914283e-09,7.2,3,5,27.4,55.0,54,1.0,1
YLR175W,2,0.0,0.0027921761824994465,0.12399750434027779,0.00030537436576823343,1.3544423616209124e-12,4.0,2,6,116.66666666666667,559.0,629,0.7997934239972456,1
YMR168C,4,0.5,0.00025891566284640604,0.1553880482551562,0.0003605663714711454,3.1889257027747484e-09,8.75,3,5,27.4,55.0,54,1.0,1
YBR066C,1,0.0,0.0,0.1552664402173913,0.00012716502295666797,1.0001988900182131e-08,15.0,1,0,0.0,0.0,0,0.0,0
YGR233C,1,0.0,0.0,0.13379020399370598,0.0001573283375532006,1.2791155804089796e-10,3.0,1,0,0.0,0.0,0,0.0,0
YCR073C,2,1.0,0.0,0.1540208800569309,0.00010676945104389468,3.9999906615438434e-08,39.5,2,0,0.0,0.0,0,0.0,0
YDR073W,10,0.8,0.001829356368692662,0.18083492632165285,0.00047504446522555105,3.450679361739053e-07,18.7,9,6,64.5,195.0,269,0.6211507518171225,0
YDR427W,39,0.815114709851552,0.002254040586646157,0.18092654397608673,0.0009810955025634485,1.5785165332616067e-06,33.82051282051282,35,6,25.666666666666668,46.0,48,0.9547872340425532,1
YMR314W,36,0.9444444444444444,0.002000781555295037,0.17871725177659897,0.0008577130930524603,1.5752352357902112e-06,36.138888888888886,35,7,21.142857142857142,46.0,48,0.9485815602836879,1
YDL084W,1,0.0,0.0,0.14722658826682058,8.383209419635156e-05,1.9874531450593477e-08,36.0,1,4,165.0,559.0,564,0.9789375558998779,1
YER008C,8,0.5357142857142857,0.0004931407069811576,0.17837802822177823,0.0005721640598615416,7.460888751229192e-07,9.25,6,2,7.5,8.0,7,1.0,1
YJR048W,1,0.0,0.0,0.0008928571428571428,0.0002377559946139572,1.311053457021017e-29,4.0,1,0,0.0,0.0,0,0.0,0
YKR066C,4,0.16666666666666666,3.1262211801484955e-06,0.0015625,0.000818392555517876,3.0716973500767317e-29,1.5,2,0,0.0,0.0,0,0.0,0
YPR154W,20,0.005263157894736842,0.021668349596587172,0.19636688249202683,0.0017676231505591535,0.002789085774059049,15.0,5,0,0.0,0.0,0,0.0,0
YCL034W,2,0.0,6.271572875193576e-05,0.17158985801460697,0.00019785134862677228,9.613567555926308e-07,25.0,2,0,0.0,0.0,0,0.0,0
YKL152C,3,0.0,0.00032328932725678064,0.1760216938584385,0.0002693310388737081,1.1752042243941599e-06,16.333333333333332,3,0,0.0,0.0,0,0.0,1
YGR021W,1,0.0,0.0,0.15379535422049959,0.00014776428036326306,2.2453090552325867e-07,10.0,1,0,0.0,0.0,0,0.0,0
YDR213W,1,0.0,0.0,0.15379535422049959,0.00014776428036326306,2.2453090552325867e-07,10.0,1,0,0.0,0.0,0,0.0,0
YMR131C,1,0.0,0.0,0.15310959205110616,7.022919306960603e-05,0.0013893788169162958,82.0,1,0,0.0,0.0,0,0.0,1
YOR063W,82,0.9518217404396266,0.002849771761160608,0.1874607939632546,0.0006386845636564975,0.11115526504952698,78.53658536585365,80,6,258.8333333333333,559.0,589,0.9439786101197695,1
YAL017W,1,0.0,0.0,0.16586753947979566,0.0001519290087427218,2.4200158506902514e-07,24.0,1,0,0.0,0.0,0,0.0,0
YAL031C,1,0.0,0.0,0.16586753947979566,0.0001519290087427218,2.4200158506902514e-07,24.0,1,0,0.0,0.0,0,0.0,0
YGL234W,1,0.0,0.0,0.15899947128227962,0.000138927670734106,3.486202504131401e-05,20.0,1,0,0.0,0.0,0,0.0,0
YGR070W,1,0.0,0.0,0.16586753947979566,0.0001519290087427218,2.4200158506902514e-07,24.0,1,0,0.0,0.0,0,0.0,0
YIL156W,4,0.5,0.0001432284660293463,0.17846717266366816,0.0003222349447323564,1.8391810389074382e-05,17.5,4,0,0.0,0.0,0,0.0,0
YKL105C,1,0.0,0.0,0.16586753947979566,0.0001519290087427218,2.4200158506902514e-07,24.0,1,0,0.0,0.0,0,0.0,0
YHL002W,14,0.04395604395604396,0.0056630013248395086,0.19399870300956107,0.0012557167501294512,1.4285419050041113e-06,6.214285714285714,4,1,2.0,2.0,1,0.0,0
YKL213C,1,0.0,0.0,0.15744326448284984,0.00014002375064256273,1.7859495235149393e-08,14.0,1,0,0.0,0.0,0,0.0,0
YKR023W,1,0.0,0.0,0.16586753947979566,0.0001519290087427218,2.4200158506902514e-07,24.0,1,0,0.0,0.0,0,0.0,0
YLR096W,1,0.0,0.0,0.16841766294095453,0.00013437340489178934,3.5073591309052834e-08,19.0,1,0,0.0,0.0,0,0.0,0
YLR450W,4,0.16666666666666666,0.001599590046840841,0.1620735284106381,0.0005014642758183509,3.487851537325268e-05,7.0,2,1,3.0,3.0,2,1.0,0
YNR033W,1,0.0,0.0,0.15899947128227962,0.000138927670734106,3.486202504131401e-05,20.0,1,0,0.0,0.0,0,0.0,0
YJL020C,17,0.07352941176470588,0.007212552835984961,0.19427310004352083,0.0014023004725721207,4.816177279273068e-06,9.058823529411764,5,0,0.0,0.0,0,0.0,0
YOR081C,1,0.0,0.0,0.15762394619526837,0.00013389746467913107,6.020583130852983e-08,17.0,1,0,0.0,0.0,0,0.0,0
YPR112C,1,0.0,0.0,0.15899947128227962,0.000138927670734106,3.486202504131401e-05,20.0,1,1,559.0,559.0,558,1.0,1
YNL020C,1,0.0,0.0,0.1591128196845482,0.00013412127357876114,4.6488720900749345e-07,12.0,1,0,0.0,0.0,0,0.0,1
YDL129W,1,0.0,0.0,0.15762394619526837,0.00013389746467913107,6.020583130852983e-08,17.0,1,0,0.0,0.0,0,0.0,0
YIR003W,2,0.0,3.1225598267402985e-05,0.16883170031202724,0.00020440145980506438,5.250930403160232e-07,14.5,2,2,452.5,559.0,558,1.0,0
YNL078W,2,0.0,0.00018679029324541706,0.16907149536028787,0.000195651378438498,1.7432546866040806e-05,13.5,2,0,0.0,0.0,0,0.0,0
YGL104C,3,0.3333333333333333,4.9348138538150647e-05,0.16856075356367414,0.0002525135708801099,1.7547208303554645e-05,20.0,3,0,0.0,0.0,0,0.0,0
YDL146W,1,0.0,0.0,0.15745714836860672,0.00012426171403217648,1.7423277574968333e-05,17.0,1,0,0.0,0.0,0,0.0,0
YMR253C,3,0.3333333333333333,4.9348138538150647e-05,0.16856075356367414,0.0002525135708801099,1.7547208303554645e-05,20.0,3,0,0.0,0.0,0,0.0,0
YNR037C,1,0.0,0.0,0.14902053601235188,0.00014476322720678676,3.630623996235058e-09,12.0,1,9,161.77777777777777,559.0,593,0.9319709675949136,0
YNL054W,1,0.0,0.0,0.16586753947979566,0.0001519290087427218,2.4200158506902514e-07,24.0,1,0,0.0,0.0,0,0.0,0
YPR008W,1,0.0,0.0,0.16586753947979566,0.0001519290087427218,2.4200158506902514e-07,24.0,1,0,0.0,0.0,0,0.0,0
YNL058C,1,0.0,0.0,0.16586753947979566,0.0001519290087427218,2.4200158506902514e-07,24.0,1,0,0.0,0.0,0,0.0,0
YNL075W,1,0.0,0.0,0.16586753947979566,0.0001519290087427218,2.4200158506902514e-07,24.0,1,2,302.5,559.0,558,1.0,1
YHL027W,2,0.0,0.000122343464996662,0.16630008964328957,0.00023771171713493744,2.51398240170672e-08,7.5,2,0,0.0,0.0,0,0.0,0
YHR156C,1,0.0,0.0,0.16256045725600873,0.00013178379198727666,9.087974321920458e-07,26.0,1,9,96.11111111111111,559.0,629,0.7997934239972456,0
YKR069W,2,0.0,0.0,0.1652534995372513,0.00018518403696327288,9.506733188709012e-07,19.5,2,0,0.0,0.0,0,0.0,0
YOR247W,2,0.0,0.0,0.1652534995372513,0.00018518403696327288,9.506733188709012e-07,19.5,2,0,0.0,0.0,0,0.0,0
YGR192C,1,0.0,0.0,0.16303543302593135,0.00012530755700241954,4.720074152756427e-07,18.0,1,0,0.0,0.0,0,0.0,0
YML035C,1,0.0,0.0,0.1319902470801301,0.0001678841625249099,2.6379055508225243e-10,11.0,1,0,0.0,0.0,0,0.0,0
YOR057W,1,0.0,0.0,0.1319902470801301,0.0001678841625249099,2.6379055508225243e-10,11.0,1,3,23.333333333333332,58.0,57,1.0,1
YER082C,1,0.0,0.0,0.16841766294095453,0.00013437340489178934,3.5073591309052834e-08,19.0,1,5,168.0,559.0,619,0.8502282102357388,1
YNL139C,1,0.0,0.0,0.16841766294095453,0.00013437340489178934,3.5073591309052834e-08,19.0,1,3,10.0,19.0,21,0.7857142857142857,0
YNL152W,1,0.0,0.0,0.15759612202118273,0.0001296848350923235,5.2559323400584904e-08,24.0,1,0,0.0,0.0,0,0.0,1
YAR014C,6,0.0,0.0027141515656626146,0.15464784882210292,0.0007141713637573185,2.21803984791865e-07,3.1666666666666665,3,1,2.0,2.0,1,0.0,0
YIL045W,2,0.0,0.00011249350683940421,0.13659455802478582,0.0002687572309469453,2.7750327466708178e-09,4.5,2,0,0.0,0.0,0,0.0,0
YMR071C,1,0.0,0.0,0.13049507143901193,0.00016523003195286943,2.7724404104524843e-09,6.0,1,0,0.0,0.0,0,0.0,1
YGR136W,1,0.0,0.0,0.16150181462554272,0.00013378568053234484,1.109378186238107e-06,17.0,1,0,0.0,0.0,0,0.0,0
YMR275C,1,0.0,0.0,0.15744326448284984,0.00014002375064256273,1.7859495235149393e-08,14.0,1,2,30.0,58.0,57,1.0,0
YIL108W,1,0.0,0.0,0.15899947128227962,0.000138927670734106,3.486202504131401e-05,20.0,1,0,0.0,0.0,0,0.0,0
YPL112C,1,0.0,0.0,0.15899947128227962,0.000138927670734106,3.486202504131401e-05,20.0,1,0,0.0,0.0,0,0.0,0
YBR101C,2,0.0,0.00033173625149011086,0.16382824685750985,0.00024093254738849932,3.487110284707394e-05,12.0,2,3,356.0,559.0,558,1.0,0
YOL038W,36,0.9444444444444444,0.0072439368086917024,0.18803328375105308,0.000861715801519903,3.600663326843033e-05,36.666666666666664,35,7,21.142857142857142,46.0,48,0.9485815602836879,1
YKL150W,1,0.0,0.0,0.15899947128227962,0.000138927670734106,3.486202504131401e-05,20.0,1,0,0.0,0.0,0,0.0,0
YDR369C,3,0.3333333333333333,0.0009941383352872215,0.1385554483200124,0.0003697162777526689,1.512846142996638e-11,4.666666666666667,2,4,59.5,195.0,194,1.0,0
YGL090W,2,0.0,0.000662758890191481,0.11887909870173102,0.0003455305471958543,1.8928117608810008e-13,2.5,1,5,48.0,195.0,195,0.989796457837695,0
YMR127C,4,0.8333333333333334,2.258017279082306e-05,0.14275376259194117,0.0003184457522499012,5.9176251899692705e-09,6.75,3,1,3.0,3.0,2,1.0,0
YDR181C,4,0.8333333333333334,2.262542363809926e-05,0.14275376259194117,0.0003184457522499012,5.9176251899692705e-09,6.75,3,1,3.0,3.0,2,1.0,0
YPR105C,2,1.0,0.0,0.14912009875563723,0.00019566651977200015,9.37632217904603e-09,13.0,2,3,41.333333333333336,95.0,94,1.0,1
YER157W,9,0.2222222222222222,0.002388813408259731,0.1652534995372513,0.0007084752665696317,4.613497694618975e-07,7.888888888888889,3,3,41.333333333333336,95.0,94,1.0,1
YNL007C,1,0.0,0.0,0.15252106111728025,0.00012772103106227793,2.3053673310336052e-07,11.0,1,4,282.5,559.0,558,1.0,1
YIL095W,2,1.0,0.0,0.16001111770767992,0.00020955495609475058,5.633910534769506e-08,15.5,2,0,0.0,0.0,0,0.0,0
YNL039W,3,0.6666666666666666,0.0005874205558264105,0.16354314549368018,0.00024324087761634947,2.2911948283045787e-07,11.0,3,3,110.33333333333333,195.0,255,0.7764397097421646,1
YNL258C,1,0.0,0.0,0.1407396596910223,0.00011755550722468876,9.368805787897258e-09,11.0,1,1,6.0,6.0,5,1.0,1
YFR051C,11,0.8,0.00033504759744948875,0.16924777843601896,0.000698001772161517,7.49535876584339e-07,12.272727272727273,9,6,30.166666666666668,95.0,107,0.8236642567448422,1
YNL288W,2,0.0,4.455228963186e-07,0.13984680940632832,0.00014718475736721996,6.23508289390162e-09,13.0,2,3,51.333333333333336,133.0,132,1.0,0
YJR134C,1,0.0,0.0,0.12285427704004405,0.00017310745978918403,1.6796940004745506e-12,8.0,1,0,0.0,0.0,0,0.0,0
YLR262C,8,0.03571428571428571,0.004125323881734389,0.14403194825360974,0.0010234988416576453,1.3412392205860267e-10,4.0,2,0,0.0,0.0,0,0.0,0
YGR100W,1,0.0,0.0,0.12285427704004405,0.00017310745978918403,1.6796940004745506e-12,8.0,1,0,0.0,0.0,0,0.0,0
YJL029C,1,0.0,0.0,0.12285427704004405,0.00017310745978918403,1.6796940004745506e-12,8.0,1,1,4.0,4.0,3,1.0,0
YDR027C,2,0.0,6.793948529001284e-06,0.12477736285814116,0.0002865507373604333,3.732038244682424e-12,5.5,2,1,4.0,4.0,3,1.0,0
YDR484W,1,0.0,0.0,0.12285427704004405,0.00017310745978918403,1.6796940004745506e-12,8.0,1,1,4.0,4.0,3,1.0,0
YLR109W,1,0.0,0.0,0.14191416805754253,0.00015303842370434335,3.1639257278670483e-09,19.0,1,0,0.0,0.0,0,0.0,0
YNL014W,1,0.0,0.0,0.14191416805754253,0.00015303842370434335,3.1639257278670483e-09,19.0,1,3,356.0,559.0,558,1.0,0
YKL073W,1,0.0,0.0,0.14191416805754253,0.00015303842370434335,3.1639257278670483e-09,19.0,1,0,0.0,0.0,0,0.0,0
YEL024W,9,0.7777777777777778,0.004309495896834701,0.14209486411745983,0.0005294048023474786,3.1682713166074547e-09,9.222222222222221,8,2,33.0,56.0,55,1.0,0
YGL137W,11,0.8181818181818182,0.002486178916948344,0.17286901563558912,0.0006882956524790412,7.525450699190773e-07,13.909090909090908,9,6,30.166666666666668,95.0,107,0.8236642567448422,1
YLL011W,1,0.0,0.0,0.14191416805754253,0.00015303842370434335,3.1639257278670483e-09,19.0,1,3,208.33333333333334,559.0,558,1.0,1
YDR214W,1,0.0,0.0,0.14191416805754253,0.00015303842370434335,3.1639257278670483e-09,19.0,1,0,0.0,0.0,0,0.0,0
YGL121C,4,0.3333333333333333,0.0026430790037393547,0.15239089037296236,0.0004951606453832984,3.567932764068872e-09,7.0,2,0,0.0,0.0,0,0.0,0
YHR033W,1,0.0,0.0,0.14191416805754253,0.00015303842370434335,3.1639257278670483e-09,19.0,1,0,0.0,0.0,0,0.0,0
YKL056C,1,0.0,0.0,0.14191416805754253,0.00015303842370434335,3.1639257278670483e-09,19.0,1,2,452.5,559.0,558,1.0,0
YDR155C,2,0.0,0.0019794346943925647,0.14243491245213785,0.00029216608706757424,3.1648644891712226e-09,13.0,2,3,56.333333333333336,133.0,132,1.0,0
YER164W,1,0.0,0.0,0.14929465405518394,0.0001341391645683396,2.2135648451975611e-07,21.0,1,4,47.25,133.0,149,0.8233266823870851,0
YFL024C,1,0.0,0.0,0.14929465405518394,0.0001341391645683396,2.2135648451975611e-07,21.0,1,4,39.5,133.0,134,0.971944787341488,1
YHR174W,1,0.0,0.0,0.0005208333333333333,0.0003310848129367916,2.88902900771161e-32,2.0,1,1,5.0,5.0,4,1.0,0
YNL006W,2,0.0,0.0,0.00078125,0.0006101759431829726,4.0857040047950434e-32,1.0,1,3,5.666666666666667,8.0,10,0.6,1
YCR012W,1,0.0,0.0,0.0005208333333333333,0.0003310848129367916,2.88902900771161e-32,2.0,1,1,11.0,11.0,10,1.0,1
YGR292W,1,0.0,0.0,0.000390625,0.0004241151896855187,7.84526137315919e-34,1.0,1,0,0.0,0.0,0,0.0,0
YBR299W,1,0.0,0.0,0.000390625,0.0004241151896855187,7.84526137315919e-34,1.0,1,0,0.0,0.0,0,0.0,0
YJL138C,4,0.0,0.0007809361698747722,0.15904195800302842,0.0004780849237458613,7.262547982805209e-07,6.5,2,6,200.83333333333334,559.0,589,0.9439786101197695,0
YDR097C,3,0.0,0.00047513216095392745,0.1371506308088179,0.0003212653680353498,9.124987128843549e-11,8.0,2,4,58.75,195.0,194,1.0,0
YHL024W,3,0.0,0.0005667935069578754,0.14354562766299545,0.00038828632861218374,3.2268956832472403e-10,3.0,2,0,0.0,0.0,0,0.0,0
YHR047C,1,0.0,0.0,0.11627036937552909,0.00016234574915405316,1.1226207517870891e-12,5.0,1,0,0.0,0.0,0,0.0,0
YCR057C,1,0.0,0.0,0.14929465405518394,0.0001341391645683396,2.2135648451975611e-07,21.0,1,5,127.6,559.0,558,1.0,1
YLR176C,1,0.0,0.0,0.14929465405518394,0.0001341391645683396,2.2135648451975611e-07,21.0,1,0,0.0,0.0,0,0.0,0
YMR234W,1,0.0,0.0,0.12250027871158067,0.00017391397414888112,4.0387645017070785e-12,3.0,1,2,43.0,56.0,55,1.0,0
YBR169C,1,0.0,0.0,0.1206462204391892,0.00016464817877203603,4.343942304598372e-12,5.0,1,0,0.0,0.0,0,0.0,0
YBL032W,1,0.0,0.0,0.14929465405518394,0.0001341391645683396,2.2135648451975611e-07,21.0,1,0,0.0,0.0,0,0.0,0
YBL051C,1,0.0,0.0,0.13361000168362766,0.00016562215510722113,9.07780575993484e-09,4.0,1,0,0.0,0.0,0,0.0,0
YOR210W,28,0.5052910052910053,0.0011884149086358626,0.16821140485162508,0.0009889950961182285,2.7522678814915054e-07,15.678571428571429,13,11,38.90909090909091,195.0,213,0.8788200903534414,1
YHL021C,1,0.0,0.0,0.14002227591750316,9.361531235738645e-05,3.4483338643834493e-09,28.0,1,0,0.0,0.0,0,0.0,0
YAL035W,1,0.0,0.0,0.14929465405518394,0.0001341391645683396,2.2135648451975611e-07,21.0,1,4,282.5,559.0,558,1.0,1
YPL178W,2,0.0,0.00039374325419403556,0.13206834781804735,0.0002672369898494148,2.2050392506890922e-07,3.5,2,9,108.11111111111111,559.0,619,0.8502282102357388,0
YER173W,5,0.0,0.0031780066812639248,0.13740392939592153,0.0006106991383376527,2.2052475892129317e-07,2.8,2,2,5.5,6.0,5,1.0,0
YHR119W,3,0.0,0.0011387261600962135,0.15660095268373972,0.00031914239676622904,1.7408376549137743e-05,9.666666666666666,3,2,45.5,83.0,82,1.0,0
YBR258C,6,0.0,0.001279097801850858,0.14623784295659298,0.0007042285262673292,4.368984777361078e-07,2.3333333333333335,3,2,45.5,83.0,82,1.0,0
YKL018W,14,0.04395604395604396,0.006824288874187391,0.16418979885057472,0.001517253496396896,6.624755296552242e-07,3.357142857142857,3,4,31.5,83.0,101,0.6914851485148514,1
YLR015W,2,0.0,1.917648948972303e-05,0.1372666099707872,0.000256786217474341,1.3741650189493199e-08,10.0,2,2,45.5,83.0,82,1.0,0
YBR175W,2,0.0,1.917648948972303e-05,0.1372666099707872,0.000256786217474341,1.3741650189493199e-08,10.0,2,2,45.5,83.0,82,1.0,0
YDR469W,1,0.0,0.0,0.12445556997978673,0.00016417198434299016,5.460997428620008e-09,6.0,1,2,45.5,83.0,82,1.0,0
YDR301W,3,1.0,0.0,0.14091737530581644,0.00034644997397004657,8.49592322493012e-09,7.333333333333333,3,6,33.0,131.0,141,0.8656534954407294,1
YLR115W,3,1.0,0.0,0.14091737530581644,0.00034644997397004657,8.49592322493012e-09,7.333333333333333,3,6,33.0,131.0,141,0.8656534954407294,1
YLR277C,5,0.5,0.0003750619883402893,0.15137030031366566,0.0005415882217128331,8.726137118888814e-09,5.2,3,7,28.714285714285715,131.0,141,0.8656534954407294,1
YAL043C,3,0.6666666666666666,0.00021118079339522752,0.15134463998135278,0.0003410008806457695,8.51636742794698e-09,7.333333333333333,3,7,28.714285714285715,131.0,141,0.8656534954407294,1
YKL059C,1,0.0,0.0,0.13722441304180757,0.00015623151158417867,8.28065276087319e-09,14.0,1,6,42.0,131.0,197,0.5292137159432301,1
YNL317W,1,0.0,0.0,0.13722441304180757,0.00015623151158417867,8.28065276087319e-09,14.0,1,3,17.333333333333332,20.0,22,0.9264069264069265,1
YOR179C,1,0.0,0.0,0.13722441304180757,0.00015623151158417867,8.28065276087319e-09,14.0,1,2,17.5,20.0,19,1.0,0
YMR312W,4,0.0,0.004985541227041812,0.13352008244223437,0.0005352236805925924,3.028968911893313e-09,3.0,2,1,6.0,6.0,5,1.0,0
YGR200C,2,0.0,0.00033047728908383394,0.11515310605572036,0.0003283277436728587,3.788038392471401e-11,3.5,2,1,6.0,6.0,5,1.0,0
YPL086C,2,0.0,0.00033047728908383394,0.11515310605572036,0.0003283277436728587,3.788038392471401e-11,3.5,2,3,78.66666666666667,195.0,199,0.9507639206131668,0
YPL101W,1,0.0,0.0,0.11512340828497744,0.000179211955455887,3.7868534363849695e-11,4.0,1,1,6.0,6.0,5,1.0,0
YJR053W,3,0.3333333333333333,0.00017038375553979904,0.14291372358732193,0.00031182301802901803,1.7214614802890605e-10,3.6666666666666665,3,1,2.0,2.0,1,0.0,0
YDR016C,3,0.0,0.0040064497889879015,0.138921968606551,0.0004761296722668518,5.903771693771904e-11,3.3333333333333335,1,6,27.666666666666668,55.0,54,1.0,1
YKL052C,1,0.0,0.0,0.11911701551034024,0.00019882728871202984,7.380706054887834e-13,3.0,1,6,27.666666666666668,55.0,54,1.0,1
YKR083C,1,0.0,0.0,0.11911701551034024,0.00019882728871202984,7.380706054887834e-13,3.0,1,6,27.666666666666668,55.0,54,1.0,1
YCR033W,1,0.0,0.0,0.1090953786582758,0.00020274494181605866,9.387613041742192e-13,7.0,1,4,43.5,133.0,132,1.0,0
YOL068C,7,0.047619047619047616,0.0020981572230068008,0.12547885189739988,0.0011353524921672849,7.468296435289624e-11,1.5714285714285714,2,6,44.5,133.0,209,0.5794994479205006,0
YGL194C,1,0.0,0.0,0.1090953786582758,0.00020274494181605866,9.387613041742192e-13,7.0,1,3,56.333333333333336,133.0,132,1.0,0
YKR029C,1,0.0,0.0,0.1090953786582758,0.00020274494181605866,9.387613041742192e-13,7.0,1,3,56.333333333333336,133.0,132,1.0,0
YDR310C,2,1.0,0.0,0.10910204463521937,0.0003521055504703127,9.507450051608876e-13,4.5,2,3,55.0,133.0,132,1.0,0
YOR279C,2,1.0,0.0,0.10910204463521937,0.0003521055504703127,9.507450051608876e-13,4.5,2,3,55.0,133.0,132,1.0,0
YOL108C,7,0.047619047619047616,0.00302942900609236,0.15603985515162108,0.0009619330936430899,1.0070539304380816e-08,3.2857142857142856,2,1,2.0,2.0,1,0.0,0
YOL067C,2,1.0,0.0,0.1364484229329054,0.00028929942535662733,1.98364946691987e-10,6.0,2,3,90.66666666666667,195.0,194,1.0,0
YOR344C,1,0.0,0.0,0.13148483523564064,0.00018131677191918864,1.2640347704995513e-10,7.0,1,0,0.0,0.0,0,0.0,0
YLR422W,1,0.0,0.0,0.13148483523564064,0.00018131677191918864,1.2640347704995513e-10,7.0,1,0,0.0,0.0,0,0.0,0
YNR064C,1,0.0,0.0,0.13148483523564064,0.00018131677191918864,1.2640347704995513e-10,7.0,1,0,0.0,0.0,0,0.0,0
YER167W,2,0.0,0.000662758890191481,0.131523575611373,0.0003637387981731213,1.2642380937771805e-10,4.5,1,0,0.0,0.0,0,0.0,0
YCL051W,1,0.0,0.0,0.15303085897326021,0.00014670428458400184,3.740791797834031e-08,12.0,1,0,0.0,0.0,0,0.0,0
YGR214W,57,0.9649122807017544,0.00896977040414462,0.16795824122848274,0.0006215759819049189,9.978017345603318e-05,55.59649122807018,56,7,227.28571428571428,559.0,589,0.9439786101197695,0
YLR177W,2,0.0,0.00023256722202117283,0.15971056015205726,0.00023577466453116004,3.796474102837752e-08,8.5,2,0,0.0,0.0,0,0.0,0
YDL180W,1,0.0,0.0,0.1539279364224138,0.00015842064219130173,8.200630420549863e-10,19.0,1,0,0.0,0.0,0,0.0,0
YDR319C,1,0.0,0.0,0.1539279364224138,0.00015842064219130173,8.200630420549863e-10,19.0,1,0,0.0,0.0,0,0.0,0
YER188W,1,0.0,0.0,0.1539279364224138,0.00015842064219130173,8.200630420549863e-10,19.0,1,0,0.0,0.0,0,0.0,0
YJL057C,1,0.0,0.0,0.1539279364224138,0.00015842064219130173,8.200630420549863e-10,19.0,1,0,0.0,0.0,0,0.0,0
YLR417W,1,0.0,0.0,0.1539279364224138,0.00015842064219130173,8.200630420549863e-10,19.0,1,1,3.0,3.0,2,1.0,0
YML038C,1,0.0,0.0,0.1539279364224138,0.00015842064219130173,8.200630420549863e-10,19.0,1,0,0.0,0.0,0,0.0,0
YMR004W,1,0.0,0.0,0.1539279364224138,0.00015842064219130173,8.200630420549863e-10,19.0,1,0,0.0,0.0,0,0.0,0
YDR311W,11,0.6545454545454545,0.0025521951457247636,0.16176518051277405,0.000682249020417857,2.461271893498417e-07,9.454545454545455,8,12,44.0,195.0,266,0.7317349978720386,1
YNL312W,3,0.3333333333333333,0.0005090464000155856,0.1425031175179569,0.0003602946292152703,2.7652378857431696e-10,4.666666666666667,2,3,29.666666666666668,56.0,55,1.0,1
YGR104C,22,0.8441558441558441,0.000636797613457906,0.187697262955955,0.0007296007217683856,2.323799424838741e-05,21.863636363636363,20,6,59.5,195.0,211,0.9097269239449334,0
YML010W,5,0.0,0.000391846638743234,0.157276848630318,0.0003600873991732786,1.5673077995871842e-08,5.8,3,3,11.666666666666666,19.0,31,0.6946236559139785,1
YDR138W,2,1.0,0.0,0.15853361116043685,0.00015151741412712842,1.4204973870390744e-08,15.0,2,7,54.42857142857143,195.0,222,0.8152949329419917,0
YJL106W,1,0.0,0.0,0.11844537728026536,0.00020280064638577593,8.582003048111024e-13,2.0,1,2,18.0,19.0,28,0.8518518518518519,0
YFR028C,3,0.6666666666666666,0.0002577398972801271,0.15028735481020117,0.0003204404003738095,5.6965172297313615e-09,5.0,3,3,32.666666666666664,83.0,82,1.0,1
YER070W,4,0.6666666666666666,0.0002070225119848742,0.14848765592515592,0.000451217194792517,2.3013125773680698e-07,3.5,3,2,3.5,4.0,3,1.0,1
YHR144C,1,0.0,0.0,0.11232788515978863,0.00023414217180989466,9.262737993290257e-13,2.0,1,0,0.0,0.0,0,0.0,0
YDR238C,10,0.9777777777777777,3.668152353748242e-06,0.16923173751303194,0.0006009665439995411,7.494202169532416e-07,13.5,9,6,30.166666666666668,95.0,107,0.8236642567448422,1
YIL076W,10,0.9777777777777777,3.668152353748242e-06,0.16923173751303194,0.0006009665439995411,7.494202169532416e-07,13.5,9,6,30.166666666666668,95.0,107,0.8236642567448422,0
YPL010W,10,0.9777777777777777,3.668152353748242e-06,0.16923173751303194,0.0006009665439995411,7.494202169532416e-07,13.5,9,6,30.166666666666668,95.0,107,0.8236642567448422,1
YGL205W,1,0.0,0.0,0.12465540788187658,0.00016676225824476372,2.7377865563955343e-09,7.0,1,0,0.0,0.0,0,0.0,0
YOR294W,2,0.0,0.0003313794450957405,0.15498342700286433,0.0001951763937101745,0.0013895958423717073,42.0,1,0,0.0,0.0,0,0.0,1
YKL172W,1,0.0,0.0,0.13073393340899106,0.00014657875522963633,1.736917295277769e-05,2.0,1,0,0.0,0.0,0,0.0,1
YPL085W,8,0.75,2.6522530710378192e-05,0.152338884267554,0.0004967803025636101,3.9190132946870456e-08,9.375,7,5,35.0,95.0,104,0.8676250933532487,1
YDR328C,22,0.1038961038961039,0.010943843939670815,0.17929150140576364,0.001678226541002456,2.3565451839129163e-07,7.045454545454546,5,12,16.0,58.0,113,0.47945638432364096,1
YJL204C,1,0.0,0.0,0.14761607659556877,0.00012851419868745558,2.945570874348563e-09,22.0,1,0,0.0,0.0,0,0.0,0
YBR280C,1,0.0,0.0,0.14761607659556877,0.00012851419868745558,2.945570874348563e-09,22.0,1,2,35.5,58.0,57,1.0,0
YMR258C,1,0.0,0.0,0.14761607659556877,0.00012851419868745558,2.945570874348563e-09,22.0,1,0,0.0,0.0,0,0.0,0
YDR202C,6,0.7333333333333333,7.740610402026157e-05,0.1575405031321687,0.000355313796724163,3.3630452905822084e-09,15.166666666666666,5,1,3.0,3.0,2,1.0,0
YDL185W,16,0.8166666666666667,0.00022399933900980098,0.15780504308440124,0.0006612855978073724,3.5695291293837097e-09,14.8125,14,5,12.8,15.0,15,0.9904761904761905,0
YBR127C,16,0.8166666666666667,0.00022399933900980098,0.15780504308440124,0.0006612855978073724,3.5695291293837097e-09,14.8125,14,5,12.8,15.0,15,0.9904761904761905,0
YOR332W,16,0.8166666666666667,0.00022399933900980098,0.15780504308440124,0.0006612855978073724,3.5695291293837097e-09,14.8125,14,5,12.8,15.0,15,0.9904761904761905,0
YPL255W,3,0.0,6.143009444419387e-05,0.1420157530024656,0.0003307562055434217,1.263484986669405e-10,4.0,2,4,16.0,32.0,33,0.8825757575757576,1
YPL091W,0,0.0,0.0,0.0,6.361727845282784e-05,7.48182427707595e-40,0.0,0,0,0.0,0.0,0,0.0,0
YBR072W,0,0.0,0.0,0.0,6.361727845282784e-05,7.48182427707595e-40,0.0,0,0,0.0,0.0,0,0.0,0
YJR021C,0,0.0,0.0,0.0,6.361727845282784e-05,7.48182427707595e-40,0.0,0,0,0.0,0.0,0,0.0,0
YDR266C,0,0.0,0.0,0.0,6.361727845282784e-05,7.48182427707595e-40,0.0,0,2,452.5,559.0,558,1.0,0
YDR520C,0,0.0,0.0,0.0,6.361727845282784e-05,7.48182427707595e-40,0.0,0,0,0.0,0.0,0,0.0,0
YGL068W,0,0.0,0.0,0.0,6.361727845282784e-05,7.48182427707595e-40,0.0,0,6,228.5,559.0,589,0.9439786101197695,1
YIL122W,0,0.0,0.0,0.0,6.361727845282784e-05,7.48182427707595e-40,0.0,0,0,0.0,0.0,0,0.0,0
YDL225W,1,0.0,0.0,0.1410064015241254,0.00013610323376691787,5.757578089346465e-11,8.0,1,4,23.25,73.0,72,1.0,0
YNL166C,5,0.4,0.00012939347094596148,0.16554460063971815,0.0004270065782700834,4.3085825878682325e-09,8.6,4,0,0.0,0.0,0,0.0,0
YGL223C,3,0.6666666666666666,4.035789378166988e-06,0.15217010929776717,0.0002626695248426209,1.5096568647813585e-08,10.333333333333334,3,3,41.333333333333336,95.0,94,1.0,0
YNL041C,2,1.0,0.0,0.14912009875563723,0.00019566651977200015,9.37632217904603e-09,13.0,2,3,41.333333333333336,95.0,94,1.0,0
YMR094W,4,0.6666666666666666,0.0002555322644547002,0.15892871050289276,0.00035382958672706754,6.513938230933138e-09,11.75,3,5,27.4,55.0,54,1.0,1
YOR064C,1,0.0,0.0,0.14069530080371917,0.00014455545532025756,3.6534812837816344e-09,4.0,1,2,69.0,133.0,132,1.0,0
YBR049C,1,0.0,0.0,0.1432117470725056,0.0001676345427731264,3.6588228483855983e-09,5.0,1,0,0.0,0.0,0,0.0,1
YHR134W,1,0.0,0.0,0.1432117470725056,0.0001676345427731264,3.6588228483855983e-09,5.0,1,0,0.0,0.0,0,0.0,0
YBR193C,22,0.8268398268398268,0.0026875140197027336,0.19052113342936408,0.0006992647495962258,2.323226463632648e-05,23.181818181818183,20,6,59.5,195.0,211,0.9097269239449334,1
YER012W,37,0.9024024024024024,0.002074399980873368,0.18503254533678756,0.0008563481130516575,1.8700412136851118e-06,36.13513513513514,35,7,21.142857142857142,46.0,48,0.9485815602836879,1
YOR123C,2,0.0,4.3820004692128045e-05,0.15868859424991114,0.00014913318229652181,2.0498079289807904e-08,24.0,2,3,33.333333333333336,74.0,85,0.7873949579831933,0
YFR027W,3,0.0,0.00033177022274325906,0.11030852304318281,0.0005526941792775263,9.683454885675065e-13,1.6666666666666667,2,0,0.0,0.0,0,0.0,1
YMR076C,1,0.0,0.0,0.0974440112693735,0.00022130300912307757,1.2107461849644457e-14,3.0,1,0,0.0,0.0,0,0.0,1
YGR225W,1,0.0,0.0,0.1278050291675614,0.00010817316208106254,3.0987041498316805e-09,12.0,1,2,37.0,58.0,57,1.0,0
YDL155W,1,0.0,0.0,0.1218482368295346,0.00014675240516218193,5.243866176647737e-11,4.0,1,3,12.333333333333334,25.0,24,1.0,1
YJR089W,2,1.0,0.0,0.14810584460019907,0.00021014489643772367,2.9843886238621914e-09,13.5,2,3,33.333333333333336,55.0,55,0.9643097643097643,1
YLR079W,2,1.0,0.0,0.15149873260648228,0.00020038845579735368,5.861654349486361e-09,15.5,2,0,0.0,0.0,0,0.0,0
YML001W,4,0.16666666666666666,0.00033158914882279363,0.12484715861417985,0.00042018374383843076,1.4918955031661934e-11,8.5,3,0,0.0,0.0,0,0.0,0
YGL198W,11,0.18181818181818182,0.003324318712722334,0.14670643846027442,0.0009815433408143256,3.95314969712899e-10,5.181818181818182,3,0,0.0,0.0,0,0.0,0
YKR014C,3,0.3333333333333333,3.287382008463937e-07,0.12482970235598435,0.00029023833279320473,1.4916529689399627e-11,11.0,3,0,0.0,0.0,0,0.0,0
YNL093W,3,0.3333333333333333,3.287382008463937e-07,0.12482970235598435,0.00029023833279320473,1.4916529689399627e-11,11.0,3,0,0.0,0.0,0,0.0,0
YGL210W,3,0.3333333333333333,3.280807244447009e-07,0.12482970235598435,0.00029023833279320473,1.4916529689399627e-11,11.0,3,0,0.0,0.0,0,0.0,0
YBR264C,3,0.3333333333333333,3.280807244447009e-07,0.12482970235598435,0.00029023833279320473,1.4916529689399627e-11,11.0,3,0,0.0,0.0,0,0.0,0
YNL304W,4,0.16666666666666666,0.0019026222507151083,0.14706894510336876,0.0003717408284663919,2.974482172122679e-09,9.0,3,0,0.0,0.0,0,0.0,0
YNL263C,12,0.15151515151515152,0.0035052275907711526,0.14671849322103533,0.001072883563605291,3.954393999747948e-10,4.833333333333333,3,0,0.0,0.0,0,0.0,1
YOR089C,2,0.0,1.6404036222235046e-07,0.12482097605732262,0.00021461730370627894,9.917220175160014e-12,11.0,2,0,0.0,0.0,0,0.0,0
YGL161C,10,0.0,0.0025753233536834922,0.14448649154393917,0.0008877723531820091,3.887603964600807e-10,3.9,3,0,0.0,0.0,0,0.0,0
YGL244W,1,0.0,0.0,0.13236205059303188,0.0001248340751431802,1.9654137227557012e-10,5.0,1,3,33.333333333333336,74.0,85,0.7873949579831933,0
YKL110C,3,0.0,0.00033216100039077767,0.1012281910822609,0.0005167757609612208,9.4744476140971e-13,1.6666666666666667,2,0,0.0,0.0,0,0.0,0
YHR187W,1,0.0,0.0,0.09028944490796927,0.00021273306666979953,1.1849560864313468e-14,3.0,1,1,6.0,6.0,5,1.0,0
YIR011C,2,0.0,0.0003963153898480666,0.16502440503696858,0.000146608330843602,2.756300693327777e-07,24.5,2,0,0.0,0.0,0,0.0,1
YDR381W,1,0.0,0.0,0.13694026094792544,0.00019682352012699212,8.402915054999411e-09,4.0,1,2,5.0,7.0,6,1.0,1
YKL214C,1,0.0,0.0,0.13694026094792544,0.00019682352012699212,8.402915054999411e-09,4.0,1,0,0.0,0.0,0,0.0,0
YOL127W,82,0.9515206263173743,0.005543561030808083,0.1883903843110361,0.0006120433579232143,0.1111383085278621,78.54878048780488,80,6,258.8333333333333,559.0,589,0.9439786101197695,1
YHL020C,2,0.0,0.0003312604106219473,0.14513241181012762,0.00033995911021209366,2.575908203028557e-10,6.0,1,0,0.0,0.0,0,0.0,0
YDR123C,1,0.0,0.0,0.12365402094875348,0.0002083927297268931,3.2321415793832366e-12,2.0,1,1,2.0,2.0,1,0.0,1
YCR092C,3,0.3333333333333333,0.00026300098703082377,0.13472904719686107,0.0003062345389346945,8.828850093203488e-11,7.666666666666667,2,5,47.6,195.0,194,1.0,0
YML021C,1,0.0,0.0,0.12022381244950177,0.0001372720433086239,2.2782085114409667e-12,12.0,1,0,0.0,0.0,0,0.0,0
YCR014C,1,0.0,0.0,0.09255463728488493,0.00024038959246701399,2.966407221057885e-17,2.0,1,2,43.0,56.0,55,1.0,0
YOR005C,2,0.0,0.0003313794450957405,0.10408417735354124,0.00041329243920537785,2.3690842995836895e-15,1.5,1,5,48.0,195.0,195,0.989796457837695,0
YLR246W,1,0.0,0.0,0.000390625,0.0004241151896855187,7.84526137315919e-34,1.0,1,1,2.0,2.0,1,0.0,0
YOL110W,1,0.0,0.0,0.000390625,0.0004241151896855187,7.84526137315919e-34,1.0,1,1,2.0,2.0,1,0.0,0
YGR181W,2,1.0,0.0,0.122972731577135,0.0002445697357462692,4.3175794648283736e-11,5.5,2,2,3.5,5.0,4,1.0,0
YMR276W,4,1.0,0.0,0.15204053665701636,0.0001478191243585326,7.99380013939269e-08,39.0,4,0,0.0,0.0,0,0.0,1
YPL122C,12,0.5757575757575758,0.0026066258415530473,0.17699881666336242,0.0006552145079735119,4.841855495203404e-07,11.666666666666666,8,12,44.0,195.0,266,0.7317349978720386,1
YFR022W,1,0.0,0.0,0.14777489551435902,0.00015773398157639576,2.3835394422316115e-07,7.0,1,0,0.0,0.0,0,0.0,0
YOR018W,1,0.0,0.0,0.14777489551435902,0.00015773398157639576,2.3835394422316115e-07,7.0,1,0,0.0,0.0,0,0.0,0
YBR037C,1,0.0,0.0,0.000390625,0.0004241151896855187,7.84526137315919e-34,1.0,1,0,0.0,0.0,0,0.0,0
YPL177C,1,0.0,0.0,0.14014316478298408,0.00011965927721989469,8.514504139816111e-10,6.0,1,0,0.0,0.0,0,0.0,0
YGR082W,9,0.7777777777777778,0.003640602573258012,0.13631300576379876,0.000517271185589321,9.175050400439314e-11,8.0,8,4,10.5,18.0,18,0.9281045751633987,1
YOL034W,2,0.0,0.000662758890191481,0.1306765268223068,0.00026056454130174943,3.3158238774373628e-09,11.0,1,1,8.0,8.0,7,1.0,1
YLR007W,2,0.0,0.0003313794450957405,0.11301753671118427,0.0003573250831864746,4.14524594465127e-11,1.5,1,1,8.0,8.0,7,1.0,1
YLR383W,1,0.0,0.0,0.09955196601806424,0.00021615333510198418,5.181333238424303e-13,2.0,1,1,8.0,8.0,7,1.0,1
YBR060C,22,0.7705627705627706,0.0035384008930988086,0.16984343788642633,0.0007512386453375982,1.7553717589350773e-08,18.318181818181817,18,7,20.285714285714285,56.0,57,0.9505012531328321,1
YPL063W,2,1.0,0.0,0.122972731577135,0.0002445697357462692,4.3175794648283736e-11,5.5,2,2,8.5,11.0,10,1.0,1
YPL011C,12,0.8939393939393939,0.00011689719808061342,0.17225198364846617,0.00048800270015532014,3.459603375975385e-07,21.083333333333332,11,8,59.25,195.0,266,0.731961980422755,1
YML015C,12,0.8939393939393939,0.00011689719808061342,0.17225198364846617,0.00048800270015532014,3.459603375975385e-07,21.083333333333332,11,8,59.25,195.0,266,0.731961980422755,1
YIL065C,1,0.0,0.0,0.000390625,0.0004241151896855187,7.84526137315919e-34,1.0,1,0,0.0,0.0,0,0.0,0
YJL112W,1,0.0,0.0,0.000390625,0.0004241151896855187,7.84526137315919e-34,1.0,1,0,0.0,0.0,0,0.0,0
YDR363W,1,0.0,0.0,0.14377679865528625,0.00014271921571379527,1.8365239086665779e-10,4.0,1,0,0.0,0.0,0,0.0,0
YOL017W,2,0.0,0.00010294982729199125,0.16115199120036103,0.000173618263795299,2.9068661322934594e-07,14.0,2,0,0.0,0.0,0,0.0,0
YGR101W,1,0.0,0.0,0.0008928571428571428,0.0002377559946139572,1.311053457021017e-29,4.0,1,0,0.0,0.0,0,0.0,0
YER017C,2,1.0,0.0,0.0010416666666666667,0.00041333570184090134,2.2873218419347992e-29,3.0,2,4,4.25,8.0,8,0.7857142857142857,0
YMR089C,2,1.0,0.0,0.0010416666666666667,0.00041333570184090134,2.2873218419347992e-29,3.0,2,4,4.25,8.0,8,0.7857142857142857,0
YMR239C,1,0.0,0.0,0.08867080808958634,0.00021132091784281833,1.5419492739471288e-16,3.0,1,3,78.33333333333333,131.0,130,1.0,1
YLR378C,5,0.1,0.0013612973607350747,0.138512455395237,0.0005980142131718269,1.1225803816161823e-08,3.0,2,5,10.6,29.0,29,0.9384236453201971,1
YIL162W,3,0.0,0.000898257640624973,0.1536630002151463,0.00036190999610137656,2.2672070160868982e-07,9.0,2,0,0.0,0.0,0,0.0,0
YBR283C,1,0.0,0.0,0.12979312804390492,0.00016623356719742217,2.833885211322162e-09,3.0,1,2,4.0,5.0,4,1.0,0
YER020W,4,0.3333333333333333,0.000751620971052981,0.1408729043392505,0.000547658360475507,4.4314820478009955e-10,2.5,2,0,0.0,0.0,0,0.0,0
YDL035C,1,0.0,0.0,0.12054847842965163,0.00018010416867939515,5.539776283591017e-12,4.0,1,0,0.0,0.0,0,0.0,0
YAL056W,2,1.0,0.0,0.12890297881172394,0.0002853535132409528,5.015145907729111e-11,4.0,2,0,0.0,0.0,0,0.0,0
YNR006W,1,0.0,0.0,0.14990882902359165,0.00014476938487720126,4.371767067534356e-07,11.0,1,1,2.0,2.0,1,0.0,0
YPR161C,1,0.0,0.0,0.12973654453970793,0.00020046061848351615,7.408762320300715e-11,2.0,1,1,2.0,2.0,1,0.0,1
YHR160C,2,0.0,0.0001652989449003517,0.13200976360343045,0.00030549282822430525,2.638730110020499e-10,6.5,2,0,0.0,0.0,0,0.0,0
YGR239C,2,0.0,0.00016563020531097365,0.13200976360343045,0.00030549282822430525,2.638730110020499e-10,6.5,2,0,0.0,0.0,0,0.0,0
YIL160C,2,0.0,3.9077764751856193e-07,0.1140134130962263,0.0003227579350650576,6.5966188538915e-12,2.0,2,0,0.0,0.0,0,0.0,0
YMR219W,1,0.0,0.0,0.14983335256356467,0.00014430538183999355,1.1164902850445591e-08,9.0,1,0,0.0,0.0,0,0.0,0
YBR024W,1,0.0,0.0,0.000390625,0.0004241151896855187,7.84526137315919e-34,1.0,1,0,0.0,0.0,0,0.0,1
YDL201W,1,0.0,0.0,0.000390625,0.0004241151896855187,7.84526137315919e-34,1.0,1,1,2.0,2.0,1,0.0,0
YDR165W,1,0.0,0.0,0.000390625,0.0004241151896855187,7.84526137315919e-34,1.0,1,1,2.0,2.0,1,0.0,0
YDL014W,4,0.16666666666666666,0.0022605548748646084,0.12047527579110723,0.000620117478494501,5.6496559512965364e-11,2.75,2,10,123.2,559.0,619,0.8502282102357388,1
YGR159C,1,0.0,0.0,0.1052933165762472,0.00019555496895462782,7.615307361322625e-13,4.0,1,3,78.33333333333333,131.0,130,1.0,1
YNL124W,2,1.0,0.0,0.099192492778179,0.00034292342183191534,1.088398684659476e-14,3.5,2,2,280.5,559.0,559,0.9964221824686941,1
YIR026C,1,0.0,0.0,0.000390625,0.0004241151896855187,7.84526137315919e-34,1.0,1,0,0.0,0.0,0,0.0,0
YGR103W,1,0.0,0.0,0.000390625,0.0004241151896855187,7.84526137315919e-34,1.0,1,4,148.75,559.0,558,1.0,1
YDL217C,5,0.8,0.00011045981503191322,0.13068609108541318,0.00036442206955655956,3.447847785356246e-09,7.8,4,4,9.0,18.0,18,0.9019607843137255,1
YGR284C,1,0.0,0.0,0.12761321201400802,0.00016019904045083656,5.554433602464478e-09,5.0,1,0,0.0,0.0,0,0.0,0
YPL195W,5,0.4,0.0006072331025963007,0.1420496469769292,0.0005575448060549073,2.900041114014356e-09,4.2,3,3,40.0,95.0,94,1.0,0
YDR080W,1,0.0,0.0,0.12140912915618415,0.0001584610526542088,3.624936536579192e-11,5.0,1,4,5.5,7.0,11,0.5454545454545454,0
YGR113W,2,1.0,0.0,0.13844801601147555,0.00023272242854157602,2.9953896740136953e-09,4.0,2,8,25.0,55.0,75,0.6731531531531532,1
YCL037C,1,0.0,0.0,0.13000102384419368,0.00016059689411001573,8.340593560651957e-11,3.0,1,3,192.66666666666666,559.0,561,0.9893430099312452,0
YPR018W,3,1.0,0.0,0.13576369088351584,0.0002497343185304671,4.485205826961238e-10,7.333333333333333,3,4,25.75,83.0,86,0.9124487004103967,0
YBR131W,1,0.0,0.0,0.10861755961433177,0.0001531889326488484,1.8958210431769028e-13,4.0,1,1,2.0,2.0,1,0.0,0
YMR022W,1,0.0,0.0,0.13574304869241297,0.00017021317549347897,4.359621961003787e-07,4.0,1,0,0.0,0.0,0,0.0,0
YOL013C,3,0.6666666666666666,8.781605729322618e-05,0.1386415142868235,0.0003954154820670974,4.416212211918744e-07,3.3333333333333335,2,3,21.666666666666668,58.0,57,1.0,0
YML075C,2,1.0,0.0,0.1254700346075469,0.00028131404918179515,1.104104233979228e-08,3.5,2,0,0.0,0.0,0,0.0,0
YLR453C,1,0.0,0.0,0.11896622443200748,0.00020155997462918028,3.426386723217767e-12,2.0,1,1,11.0,11.0,10,1.0,0
YEL046C,0,0.0,0.0,0.0,6.361727845282784e-05,7.48182427707595e-40,0.0,0,0,0.0,0.0,0,0.0,0
YBR103W,1,0.0,0.0,0.14983335256356467,0.00014430538183999355,1.1164902850445591e-08,9.0,1,3,56.333333333333336,133.0,132,1.0,0
YGR222W,15,0.7428571428571429,0.0006625208212438946,0.14831498151839853,0.0007256587303357019,2.6497254749560146e-07,12.066666666666666,13,6,75.33333333333333,266.0,389,0.7843929716693611,0
YER153C,1,0.0,0.0,0.12595683285129797,0.00010471613058026022,3.3120105839466976e-09,15.0,1,3,97.66666666666667,266.0,265,1.0,0
YNR045W,1,0.0,0.0,0.12595683285129797,0.00010471613058026022,3.3120105839466976e-09,15.0,1,3,97.66666666666667,266.0,265,1.0,0
YHR069C,7,0.7142857142857143,0.001273542031616759,0.15749881472170768,0.0004965383209195877,2.3688735142670545e-07,7.0,6,6,32.166666666666664,131.0,136,0.9196078431372549,1
YGL001C,1,0.0,0.0,0.12348299187413556,0.0002105011476403838,3.629709698524941e-11,3.0,1,0,0.0,0.0,0,0.0,1
YLR100W,1,0.0,0.0,0.12348299187413556,0.0002105011476403838,3.629709698524941e-11,3.0,1,0,0.0,0.0,0,0.0,1
YLR259C,1,0.0,0.0,0.000390625,0.0004241151896855187,7.84526137315919e-34,1.0,1,0,0.0,0.0,0,0.0,1
YHR015W,1,0.0,0.0,0.13694026094792544,0.00019682352012699212,8.402915054999411e-09,4.0,1,1,59.0,59.0,58,1.0,0
YJL026W,3,1.0,0.0,0.14109554030027657,0.00035130619203012483,2.2440798315530677e-07,4.0,3,2,3.5,4.0,3,1.0,1
YCL052C,1,0.0,0.0,0.13535203627198303,0.0002055813921146231,2.478361147923808e-10,2.0,1,0,0.0,0.0,0,0.0,1
YOR202W,0,0.0,0.0,0.0,6.361727845282784e-05,7.48182427707595e-40,0.0,0,0,0.0,0.0,0,0.0,0
YFL035C,4,0.0,0.0010366266840434008,0.14719017908663756,0.0004945901944042614,3.3834014880753736e-09,4.5,2,0,0.0,0.0,0,0.0,1
YDR490C,1,0.0,0.0,0.000390625,0.0004241151896855187,7.84526137315919e-34,1.0,1,0,0.0,0.0,0,0.0,0
YKL166C,3,1.0,0.0,0.1341016945174615,0.00034797841051544974,3.412282280104889e-10,3.6666666666666665,3,1,4.0,4.0,3,1.0,1
YEL021W,0,0.0,0.0,0.0,6.361727845282784e-05,7.48182427707595e-40,0.0,0,0,0.0,0.0,0,0.0,0
YDR326C,1,0.0,0.0,0.000390625,0.0004241151896855187,7.84526137315919e-34,1.0,1,0,0.0,0.0,0,0.0,0
YER150W,1,0.0,0.0,0.13137841678316534,0.0001797214441036058,5.772569765874198e-10,7.0,1,0,0.0,0.0,0,0.0,0
YIR016W,1,0.0,0.0,0.12514466375806,0.00016933518296686757,4.230837939775592e-11,4.0,1,0,0.0,0.0,0,0.0,0
YJL043W,1,0.0,0.0,0.13137841678316534,0.0001797214441036058,5.772569765874198e-10,7.0,1,0,0.0,0.0,0,0.0,0
YJL173C,3,0.3333333333333333,0.000572579949664371,0.1371717033494661,0.00040086623202784805,5.810272486775746e-10,4.0,2,3,29.666666666666668,56.0,55,1.0,1
YIL104C,1,0.0,0.0,0.0005208333333333333,0.0003310848129367916,2.88902900771161e-32,2.0,1,1,2.0,2.0,1,0.0,1
YJR092W,1,0.0,0.0,0.0005208333333333333,0.0003310848129367916,2.88902900771161e-32,2.0,1,0,0.0,0.0,0,0.0,0
YCR048W,1,0.0,0.0,0.13921441310619057,0.00015268765839998604,5.568230500372084e-10,5.0,1,0,0.0,0.0,0,0.0,0
YCL067C,1,0.0,0.0,0.1550103361836965,0.00012033633233914886,5.009042878140746e-08,14.0,1,0,0.0,0.0,0,0.0,1
YCR059C,2,0.0,0.002000781555295037,0.1355472604949518,0.00026685134757414766,3.0771398356659567e-09,6.0,1,0,0.0,0.0,0,0.0,0
YKL002W,1,0.0,0.0,0.12514466375806,0.00016933518296686757,4.230837939775592e-11,4.0,1,1,4.0,4.0,3,1.0,0
YHR055C,1,0.0,0.0,0.12040216200269724,0.00019966886922059292,7.607250397989179e-13,2.0,1,0,0.0,0.0,0,0.0,0
YKR092C,1,0.0,0.0,0.1293793248677632,0.00016604328262720278,6.408179537871917e-10,5.0,1,0,0.0,0.0,0,0.0,0
YLR265C,1,0.0,0.0,0.1293793248677632,0.00016604328262720278,6.408179537871917e-10,5.0,1,1,3.0,3.0,2,1.0,0
YLR373C,1,0.0,0.0,0.13137841678316534,0.0001797214441036058,5.772569765874198e-10,7.0,1,0,0.0,0.0,0,0.0,0
YPL149W,1,0.0,0.0,0.0005208333333333333,0.0003310848129367916,2.88902900771161e-32,2.0,1,1,3.0,3.0,2,1.0,0
YOL117W,1,0.0,0.0,0.11662730649902026,0.00017701294942774307,3.8467600163986865e-11,2.0,1,1,6.0,6.0,5,1.0,0
YOL132W,1,0.0,0.0,0.0005208333333333333,0.0003310848129367916,2.88902900771161e-32,2.0,1,0,0.0,0.0,0,0.0,0
YPL005W,1,0.0,0.0,0.13137841678316534,0.0001797214441036058,5.772569765874198e-10,7.0,1,0,0.0,0.0,0,0.0,0
YPL249C,1,0.0,0.0,0.15899947128227962,0.000138927670734106,3.486202504131401e-05,20.0,1,1,2.0,2.0,1,0.0,0
YKL190W,2,1.0,0.0,0.15701407514069646,0.0002558598902707579,4.490163294629323e-07,6.5,2,2,3.5,4.0,3,1.0,0
YGL208W,5,1.0,0.0,0.1599251287505598,0.00042601402179725736,1.3654903192573426e-08,8.0,5,4,7.5,16.0,15,1.0,0
YNL230C,0,0.0,0.0,0.0,6.361727845282784e-05,7.48182427707595e-40,0.0,0,4,21.0,58.0,74,0.650129581636431,0
YDL213C,0,0.0,0.0,0.0,6.361727845282784e-05,7.48182427707595e-40,0.0,0,0,0.0,0.0,0,0.0,0
YLR340W,80,1.0,0.0,0.18099990496705526,0.0005049371217105843,0.1111036813321249,80.2625,80,6,258.8333333333333,559.0,589,0.9439786101197695,1
YHR115C,0,0.0,0.0,0.0,6.361727845282784e-05,7.48182427707595e-40,0.0,0,0,0.0,0.0,0,0.0,0
YIR005W,0,0.0,0.0,0.0,6.361727845282784e-05,7.48182427707595e-40,0.0,0,7,108.85714285714286,559.0,562,0.9865770960600352,0
YNL175C,0,0.0,0.0,0.0,6.361727845282784e-05,7.48182427707595e-40,0.0,0,0,0.0,0.0,0,0.0,0
YDR177W,0,0.0,0.0,0.0,6.361727845282784e-05,7.48182427707595e-40,0.0,0,1,46.0,46.0,45,1.0,1
YGR052W,0,0.0,0.0,0.0,6.361727845282784e-05,7.48182427707595e-40,0.0,0,0,0.0,0.0,0,0.0,0
YHR188C,0,0.0,0.0,0.0,6.361727845282784e-05,7.48182427707595e-40,0.0,0,1,5.0,5.0,4,1.0,1
YHR052W,0,0.0,0.0,0.0,6.361727845282784e-05,7.48182427707595e-40,0.0,0,3,317.0,559.0,603,0.8616772174564608,1
YNL311C,0,0.0,0.0,0.0,6.361727845282784e-05,7.48182427707595e-40,0.0,0,3,321.0,559.0,614,0.8347476765626411,0
YOR080W,0,0.0,0.0,0.0,6.361727845282784e-05,7.48182427707595e-40,0.0,0,2,35.5,58.0,57,1.0,0
YFR014C,0,0.0,0.0,0.0,6.361727845282784e-05,7.48182427707595e-40,0.0,0,0,0.0,0.0,0,0.0,0
YJL149W,0,0.0,0.0,0.0,6.361727845282784e-05,7.48182427707595e-40,0.0,0,2,35.5,58.0,57,1.0,0
YDR306C,0,0.0,0.0,0.0,6.361727845282784e-05,7.48182427707595e-40,0.0,0,1,58.0,58.0,57,1.0,0
YJR062C,0,0.0,0.0,0.0,6.361727845282784e-05,7.48182427707595e-40,0.0,0,0,0.0,0.0,0,0.0,0
YHR014W,0,0.0,0.0,0.0,6.361727845282784e-05,7.48182427707595e-40,0.0,0,0,0.0,0.0,0,0.0,1
YDR219C,0,0.0,0.0,0.0,6.361727845282784e-05,7.48182427707595e-40,0.0,0,1,58.0,58.0,57,1.0,0
YAL036C,0,0.0,0.0,0.0,6.361727845282784e-05,7.48182427707595e-40,0.0,0,0,0.0,0.0,0,0.0,0
YLR352W,0,0.0,0.0,0.0,6.361727845282784e-05,7.48182427707595e-40,0.0,0,0,0.0,0.0,0,0.0,0
YOR090C,0,0.0,0.0,0.0,6.361727845282784e-05,7.48182427707595e-40,0.0,0,1,7.0,7.0,6,1.0,0
YOL128C,0,0.0,0.0,0.0,6.361727845282784e-05,7.48182427707595e-40,0.0,0,0,0.0,0.0,0,0.0,0
YHR135C,3,1.0,0.0,0.11245522499685098,0.0003815413565004769,1.6099565519274394e-12,3.3333333333333335,3,2,6.0,8.0,7,1.0,0
YOR125C,0,0.0,0.0,0.0,6.361727845282784e-05,7.48182427707595e-40,0.0,0,0,0.0,0.0,0,0.0,0
YNL154C,3,1.0,0.0,0.11245522499685098,0.0003815413565004769,1.6099565519274394e-12,3.3333333333333335,3,2,6.0,8.0,7,1.0,0
YPR015C,0,0.0,0.0,0.0,6.361727845282784e-05,7.48182427707595e-40,0.0,0,0,0.0,0.0,0,0.0,1
YBR203W,0,0.0,0.0,0.0,6.361727845282784e-05,7.48182427707595e-40,0.0,0,0,0.0,0.0,0,0.0,0
YJL044C,0,0.0,0.0,0.0,6.361727845282784e-05,7.48182427707595e-40,0.0,0,0,0.0,0.0,0,0.0,0
YKL078W,0,0.0,0.0,0.0,6.361727845282784e-05,7.48182427707595e-40,0.0,0,4,72.25,131.0,130,1.0,1
YLR097C,0,0.0,0.0,0.0,6.361727845282784e-05,7.48182427707595e-40,0.0,0,2,35.5,58.0,57,1.0,1
YPL235W,0,0.0,0.0,0.0,6.361727845282784e-05,7.48182427707595e-40,0.0,0,3,36.0,83.0,82,1.0,1
YFL014W,0,0.0,0.0,0.0,6.361727845282784e-05,7.48182427707595e-40,0.0,0,0,0.0,0.0,0,0.0,0
YNL260C,0,0.0,0.0,0.0,6.361727845282784e-05,7.48182427707595e-40,0.0,0,0,0.0,0.0,0,0.0,1
YJR017C,0,0.0,0.0,0.0,6.361727845282784e-05,7.48182427707595e-40,0.0,0,0,0.0,0.0,0,0.0,1
YPL170W,0,0.0,0.0,0.0,6.361727845282784e-05,7.48182427707595e-40,0.0,0,0,0.0,0.0,0,0.0,0
YIR034C,0,0.0,0.0,0.0,6.361727845282784e-05,7.48182427707595e-40,0.0,0,0,0.0,0.0,0,0.0,0
YIL113W,0,0.0,0.0,0.0,6.361727845282784e-05,7.48182427707595e-40,0.0,0,0,0.0,0.0,0,0.0,0
YPL135W,0,0.0,0.0,0.0,6.361727845282784e-05,7.48182427707595e-40,0.0,0,0,0.0,0.0,0,0.0,0
YHR169W,0,0.0,0.0,0.0,6.361727845282784e-05,7.48182427707595e-40,0.0,0,0,0.0,0.0,0,0.0,1
YNL157W,0,0.0,0.0,0.0,6.361727845282784e-05,7.48182427707595e-40,0.0,0,0,0.0,0.0,0,0.0,0
YPR111W,0,0.0,0.0,0.0,6.361727845282784e-05,7.48182427707595e-40,0.0,0,0,0.0,0.0,0,0.0,1
YGL179C,0,0.0,0.0,0.0,6.361727845282784e-05,7.48182427707595e-40,0.0,0,0,0.0,0.0,0,0.0,0
YLR186W,0,0.0,0.0,0.0,6.361727845282784e-05,7.48182427707595e-40,0.0,0,2,302.5,559.0,558,1.0,1
YNL053W,0,0.0,0.0,0.0,6.361727845282784e-05,7.48182427707595e-40,0.0,0,0,0.0,0.0,0,0.0,0
YKL215C,0,0.0,0.0,0.0,6.361727845282784e-05,7.48182427707595e-40,0.0,0,0,0.0,0.0,0,0.0,0
YHR120W,0,0.0,0.0,0.0,6.361727845282784e-05,7.48182427707595e-40,0.0,0,0,0.0,0.0,0,0.0,0
YNL099C,0,0.0,0.0,0.0,6.361727845282784e-05,7.48182427707595e-40,0.0,0,1,6.0,6.0,5,1.0,0
YGR262C,0,0.0,0.0,0.0,6.361727845282784e-05,7.48182427707595e-40,0.0,0,1,5.0,5.0,4,1.0,0
YMR104C,0,0.0,0.0,0.0,6.361727845282784e-05,7.48182427707595e-40,0.0,0,0,0.0,0.0,0,0.0,0
YDL025C,0,0.0,0.0,0.0,6.361727845282784e-05,7.48182427707595e-40,0.0,0,0,0.0,0.0,0,0.0,0
YLR238W,0,0.0,0.0,0.0,6.361727845282784e-05,7.48182427707595e-40,0.0,0,1,6.0,6.0,5,1.0,0
YOL045W,0,0.0,0.0,0.0,6.361727845282784e-05,7.48182427707595e-40,0.0,0,0,0.0,0.0,0,0.0,0
YNL056W,0,0.0,0.0,0.0,6.361727845282784e-05,7.48182427707595e-40,0.0,0,1,6.0,6.0,5,1.0,0
YKL161C,0,0.0,0.0,0.0,6.361727845282784e-05,7.48182427707595e-40,0.0,0,0,0.0,0.0,0,0.0,0
YGL163C,4,1.0,0.0,0.10903542150097703,0.00040877123976352993,3.585516509951087e-11,4.75,4,3,77.66666666666667,195.0,194,1.0,0
YDL164C,0,0.0,0.0,0.0,6.361727845282784e-05,7.48182427707595e-40,0.0,0,2,43.0,56.0,55,1.0,1
YMR137C,0,0.0,0.0,0.0,6.361727845282784e-05,7.48182427707595e-40,0.0,0,0,0.0,0.0,0,0.0,0
YGR258C,8,1.0,0.0,0.15998244444942208,0.0004595181688266369,2.4282859978052547e-07,11.0,8,6,44.666666666666664,195.0,194,1.0,0
YBR223C,0,0.0,0.0,0.0,6.361727845282784e-05,7.48182427707595e-40,0.0,0,0,0.0,0.0,0,0.0,0
YER041W,0,0.0,0.0,0.0,6.361727845282784e-05,7.48182427707595e-40,0.0,0,0,0.0,0.0,0,0.0,0
YAL015C,0,0.0,0.0,0.0,6.361727845282784e-05,7.48182427707595e-40,0.0,0,0,0.0,0.0,0,0.0,0
YDL059C,0,0.0,0.0,0.0,6.361727845282784e-05,7.48182427707595e-40,0.0,0,0,0.0,0.0,0,0.0,0
YER142C,0,0.0,0.0,0.0,6.361727845282784e-05,7.48182427707595e-40,0.0,0,0,0.0,0.0,0,0.0,0
YDR419W,0,0.0,0.0,0.0,6.361727845282784e-05,7.48182427707595e-40,0.0,0,0,0.0,0.0,0,0.0,0
YOR386W,0,0.0,0.0,0.0,6.361727845282784e-05,7.48182427707595e-40,0.0,0,0,0.0,0.0,0,0.0,0
YDR030C,0,0.0,0.0,0.0,6.361727845282784e-05,7.48182427707595e-40,0.0,0,0,0.0,0.0,0,0.0,0
YDL200C,0,0.0,0.0,0.0,6.361727845282784e-05,7.48182427707595e-40,0.0,0,0,0.0,0.0,0,0.0,0
YGL087C,0,0.0,0.0,0.0,6.361727845282784e-05,7.48182427707595e-40,0.0,0,1,2.0,2.0,1,0.0,0
YDR200C,0,0.0,0.0,0.0,6.361727845282784e-05,7.48182427707595e-40,0.0,0,1,6.0,6.0,5,1.0,0
YBR082C,0,0.0,0.0,0.0,6.361727845282784e-05,7.48182427707595e-40,0.0,0,1,46.0,46.0,45,1.0,0
YDR313C,0,0.0,0.0,0.0,6.361727845282784e-05,7.48182427707595e-40,0.0,0,0,0.0,0.0,0,0.0,0
YIL131C,0,0.0,0.0,0.0,6.361727845282784e-05,7.48182427707595e-40,0.0,0,0,0.0,0.0,0,0.0,0
YPR093C,0,0.0,0.0,0.0,6.361727845282784e-05,7.48182427707595e-40,0.0,0,0,0.0,0.0,0,0.0,0
YJR007W,2,1.0,0.0,0.14452157527316878,0.0002842583081340324,2.2275251935096928e-07,3.0,2,7,174.28571428571428,559.0,592,0.9345646407829149,1
YPR104C,0,0.0,0.0,0.0,6.361727845282784e-05,7.48182427707595e-40,0.0,0,1,5.0,5.0,4,1.0,1
YOL054W,0,0.0,0.0,0.0,6.361727845282784e-05,7.48182427707595e-40,0.0,0,0,0.0,0.0,0,0.0,0
YNL116W,0,0.0,0.0,0.0,6.361727845282784e-05,7.48182427707595e-40,0.0,0,0,0.0,0.0,0,0.0,0
YDR247W,0,0.0,0.0,0.0,6.361727845282784e-05,7.48182427707595e-40,0.0,0,0,0.0,0.0,0,0.0,0
YPL150W,0,0.0,0.0,0.0,6.361727845282784e-05,7.48182427707595e-40,0.0,0,0,0.0,0.0,0,0.0,0
YGL081W,0,0.0,0.0,0.0,6.361727845282784e-05,7.48182427707595e-40,0.0,0,0,0.0,0.0,0,0.0,0
YCR008W,0,0.0,0.0,0.0,6.361727845282784e-05,7.48182427707595e-40,0.0,0,0,0.0,0.0,0,0.0,0
YOL100W,0,0.0,0.0,0.0,6.361727845282784e-05,7.48182427707595e-40,0.0,0,0,0.0,0.0,0,0.0,1
YNL323W,0,0.0,0.0,0.0,6.361727845282784e-05,7.48182427707595e-40,0.0,0,0,0.0,0.0,0,0.0,0
YCR091W,0,0.0,0.0,0.0,6.361727845282784e-05,7.48182427707595e-40,0.0,0,0,0.0,0.0,0,0.0,0
YJL165C,0,0.0,0.0,0.0,6.361727845282784e-05,7.48182427707595e-40,0.0,0,0,0.0,0.0,0,0.0,0
YHR199C,0,0.0,0.0,0.0,6.361727845282784e-05,7.48182427707595e-40,0.0,0,0,0.0,0.0,0,0.0,0
YML029W,0,0.0,0.0,0.0,6.361727845282784e-05,7.48182427707595e-40,0.0,0,2,31.5,58.0,57,1.0,0
YPL179W,0,0.0,0.0,0.0,6.361727845282784e-05,7.48182427707595e-40,0.0,0,0,0.0,0.0,0,0.0,0
YNL161W,0,0.0,0.0,0.0,6.361727845282784e-05,7.48182427707595e-40,0.0,0,1,2.0,2.0,1,0.0,1
YPR054W,0,0.0,0.0,0.0,6.361727845282784e-05,7.48182427707595e-40,0.0,0,1,2.0,2.0,1,0.0,0
YNL182C,0,0.0,0.0,0.0,6.361727845282784e-05,7.48182427707595e-40,0.0,0,1,3.0,3.0,2,1.0,1
YPR137W,0,0.0,0.0,0.0,6.361727845282784e-05,7.48182427707595e-40,0.0,0,4,171.0,559.0,558,1.0,1
YOR230W,0,0.0,0.0,0.0,6.361727845282784e-05,7.48182427707595e-40,0.0,0,0,0.0,0.0,0,0.0,0
YDR316W,0,0.0,0.0,0.0,6.361727845282784e-05,7.48182427707595e-40,0.0,0,0,0.0,0.0,0,0.0,0
YNL035C,0,0.0,0.0,0.0,6.361727845282784e-05,7.48182427707595e-40,0.0,0,0,0.0,0.0,0,0.0,0
YOR272W,0,0.0,0.0,0.0,6.361727845282784e-05,7.48182427707595e-40,0.0,0,3,39.666666666666664,73.0,72,1.0,1
YJL098W,0,0.0,0.0,0.0,6.361727845282784e-05,7.48182427707595e-40,0.0,0,1,2.0,2.0,1,0.0,0
YPL003W,0,0.0,0.0,0.0,6.361727845282784e-05,7.48182427707595e-40,0.0,0,1,2.0,2.0,1,0.0,0
YNL128W,0,0.0,0.0,0.0,6.361727845282784e-05,7.48182427707595e-40,0.0,0,0,0.0,0.0,0,0.0,0
YER117W,80,1.0,0.0,0.18099990496705526,0.0005049371217105843,0.1111036813321249,80.2625,80,6,258.8333333333333,559.0,589,0.9439786101197695,0
YDR128W,0,0.0,0.0,0.0,6.361727845282784e-05,7.48182427707595e-40,0.0,0,0,0.0,0.0,0,0.0,0
YDR143C,0,0.0,0.0,0.0,6.361727845282784e-05,7.48182427707595e-40,0.0,0,0,0.0,0.0,0,0.0,0
YFR040W,0,0.0,0.0,0.0,6.361727845282784e-05,7.48182427707595e-40,0.0,0,1,2.0,2.0,1,0.0,0
YKL021C,0,0.0,0.0,0.0,6.361727845282784e-05,7.48182427707595e-40,0.0,0,0,0.0,0.0,0,0.0,1
YGL004C,0,0.0,0.0,0.0,6.361727845282784e-05,7.48182427707595e-40,0.0,0,0,0.0,0.0,0,0.0,0
YLR222C,0,0.0,0.0,0.0,6.361727845282784e-05,7.48182427707595e-40,0.0,0,6,141.0,559.0,619,0.8502282102357388,1
YDR436W,0,0.0,0.0,0.0,6.361727845282784e-05,7.48182427707595e-40,0.0,0,0,0.0,0.0,0,0.0,0
YCL039W,0,0.0,0.0,0.0,6.361727845282784e-05,7.48182427707595e-40,0.0,0,1,8.0,8.0,7,1.0,0
YLR403W,0,0.0,0.0,0.0,6.361727845282784e-05,7.48182427707595e-40,0.0,0,0,0.0,0.0,0,0.0,1
YBR276C,0,0.0,0.0,0.0,6.361727845282784e-05,7.48182427707595e-40,0.0,0,0,0.0,0.0,0,0.0,0
YGR223C,0,0.0,0.0,0.0,6.361727845282784e-05,7.48182427707595e-40,0.0,0,0,0.0,0.0,0,0.0,0
YDR488C,0,0.0,0.0,0.0,6.361727845282784e-05,7.48182427707595e-40,0.0,0,5,25.2,73.0,73,0.9733637747336378,0
YGL131C,0,0.0,0.0,0.0,6.361727845282784e-05,7.48182427707595e-40,0.0,0,0,0.0,0.0,0,0.0,0
YOR353C,0,0.0,0.0,0.0,6.361727845282784e-05,7.48182427707595e-40,0.0,0,1,3.0,3.0,2,1.0,1
YPL236C,0,0.0,0.0,0.0,6.361727845282784e-05,7.48182427707595e-40,0.0,0,0,0.0,0.0,0,0.0,0
YLR247C,0,0.0,0.0,0.0,6.361727845282784e-05,7.48182427707595e-40,0.0,0,0,0.0,0.0,0,0.0,0
YMR291W,0,0.0,0.0,0.0,6.361727845282784e-05,7.48182427707595e-40,0.0,0,0,0.0,0.0,0,0.0,0
YKL210W,0,0.0,0.0,0.0,6.361727845282784e-05,7.48182427707595e-40,0.0,0,0,0.0,0.0,0,0.0,1
YML057W,2,1.0,0.0,0.15701407514069646,0.0002558598902707579,4.490163294629323e-07,6.5,2,2,3.5,4.0,3,1.0,0
YDL190C,0,0.0,0.0,0.0,6.361727845282784e-05,7.48182427707595e-40,0.0,0,1,58.0,58.0,57,1.0,0
YLL010C,0,0.0,0.0,0.0,6.361727845282784e-05,7.48182427707595e-40,0.0,0,1,2.0,2.0,1,0.0,0
YGL174W,0,0.0,0.0,0.0,6.361727845282784e-05,7.48182427707595e-40,0.0,0,3,217.66666666666666,559.0,559,0.9964285943280692,0
YOL087C,0,0.0,0.0,0.0,6.361727845282784e-05,7.48182427707595e-40,0.0,0,0,0.0,0.0,0,0.0,0
YOR227W,0,0.0,0.0,0.0,6.361727845282784e-05,7.48182427707595e-40,0.0,0,2,452.5,559.0,558,1.0,0
YKL189W,0,0.0,0.0,0.0,6.361727845282784e-05,7.48182427707595e-40,0.0,0,1,3.0,3.0,2,1.0,1
YPR073C,0,0.0,0.0,0.0,6.361727845282784e-05,7.48182427707595e-40,0.0,0,0,0.0,0.0,0,0.0,0
YMR146C,6,1.0,0.0,0.14767712037879416,0.0003896100498237575,7.977924037854026e-09,8.0,6,6,54.0,266.0,268,0.9781988931745765,1
YPL139C,0,0.0,0.0,0.0,6.361727845282784e-05,7.48182427707595e-40,0.0,0,5,38.0,133.0,133,0.9859876965140123,0
YGL100W,5,1.0,0.0,0.1637080831117631,0.0003263045035299316,6.10213073450524e-07,12.2,5,3,29.666666666666668,59.0,59,0.9812974868497955,0
YDR260C,0,0.0,0.0,0.0,6.361727845282784e-05,7.48182427707595e-40,0.0,0,3,29.666666666666668,58.0,57,1.0,0
YBR083W,0,0.0,0.0,0.0,6.361727845282784e-05,7.48182427707595e-40,0.0,0,0,0.0,0.0,0,0.0,0
YDL006W,0,0.0,0.0,0.0,6.361727845282784e-05,7.48182427707595e-40,0.0,0,0,0.0,0.0,0,0.0,0
YMR093W,0,0.0,0.0,0.0,6.361727845282784e-05,7.48182427707595e-40,0.0,0,3,204.0,559.0,559,0.9964542417655696,1
YGR280C,0,0.0,0.0,0.0,6.361727845282784e-05,7.48182427707595e-40,0.0,0,0,0.0,0.0,0,0.0,1
YNR019W,0,0.0,0.0,0.0,6.361727845282784e-05,7.48182427707595e-40,0.0,0,0,0.0,0.0,0,0.0,0
YJL068C,0,0.0,0.0,0.0,6.361727845282784e-05,7.48182427707595e-40,0.0,0,0,0.0,0.0,0,0.0,0
YLR320W,0,0.0,0.0,0.0,6.361727845282784e-05,7.48182427707595e-40,0.0,0,0,0.0,0.0,0,0.0,0
YHR196W,0,0.0,0.0,0.0,6.361727845282784e-05,7.48182427707595e-40,0.0,0,6,141.16666666666666,559.0,620,0.8475115951847413,1
YFR003C,0,0.0,0.0,0.0,6.361727845282784e-05,7.48182427707595e-40,0.0,0,0,0.0,0.0,0,0.0,1
YDR339C,0,0.0,0.0,0.0,6.361727845282784e-05,7.48182427707595e-40,0.0,0,2,302.5,559.0,558,1.0,1
YDR365C,0,0.0,0.0,0.0,6.361727845282784e-05,7.48182427707595e-40,0.0,0,0,0.0,0.0,0,0.0,1
YFR016C,0,0.0,0.0,0.0,6.361727845282784e-05,7.48182427707595e-40,0.0,0,0,0.0,0.0,0,0.0,0
YLR427W,0,0.0,0.0,0.0,6.361727845282784e-05,7.48182427707595e-40,0.0,0,0,0.0,0.0,0,0.0,0
YBR094W,0,0.0,0.0,0.0,6.361727845282784e-05,7.48182427707595e-40,0.0,0,2,287.5,559.0,558,1.0,0
YHR105W,0,0.0,0.0,0.0,6.361727845282784e-05,7.48182427707595e-40,0.0,0,0,0.0,0.0,0,0.0,0
YBL088C,0,0.0,0.0,0.0,6.361727845282784e-05,7.48182427707595e-40,0.0,0,0,0.0,0.0,0,0.0,0
YFL034W,0,0.0,0.0,0.0,6.361727845282784e-05,7.48182427707595e-40,0.0,0,0,0.0,0.0,0,0.0,0
YBL049W,0,0.0,0.0,0.0,6.361727845282784e-05,7.48182427707595e-40,0.0,0,0,0.0,0.0,0,0.0,0
YCR001W,0,0.0,0.0,0.0,6.361727845282784e-05,7.48182427707595e-40,0.0,0,0,0.0,0.0,0,0.0,0
YOR174W,20,1.0,0.0,0.18339811652629417,0.0006372638940245359,2.3200755792622922e-05,22.95,20,5,70.0,195.0,211,0.9097269239449334,1
YOL126C,0,0.0,0.0,0.0,6.361727845282784e-05,7.48182427707595e-40,0.0,0,0,0.0,0.0,0,0.0,0
YGL158W,0,0.0,0.0,0.0,6.361727845282784e-05,7.48182427707595e-40,0.0,0,0,0.0,0.0,0,0.0,0
YBL021C,3,1.0,0.0,0.14075075378369858,0.0003417738334815256,2.2446784766965654e-07,3.6666666666666665,3,3,110.66666666666667,195.0,255,0.7764397097421646,0
YLR019W,0,0.0,0.0,0.0,6.361727845282784e-05,7.48182427707595e-40,0.0,0,0,0.0,0.0,0,0.0,0
YLR248W,0,0.0,0.0,0.0,6.361727845282784e-05,7.48182427707595e-40,0.0,0,0,0.0,0.0,0,0.0,0
YGL237C,3,1.0,0.0,0.14075075378369858,0.0003417738334815256,2.2446784766965654e-07,3.6666666666666665,3,3,110.66666666666667,195.0,255,0.7764397097421646,0
YPL259C,3,1.0,0.0,0.11441522891836473,0.000374645292129078,5.38239077887564e-13,3.6666666666666665,3,6,28.833333333333332,95.0,104,0.8676250933532487,0
YDR076W,4,1.0,0.0,0.10903542150097703,0.00040877123976352993,3.585516509951087e-11,4.75,4,4,58.75,195.0,194,1.0,0
YNR010W,20,1.0,0.0,0.18339811652629417,0.0006372638940245359,2.3200755792622922e-05,22.95,20,5,70.0,195.0,211,0.9097269239449334,0
YGR054W,0,0.0,0.0,0.0,6.361727845282784e-05,7.48182427707595e-40,0.0,0,4,282.5,559.0,558,1.0,0
YDR523C,0,0.0,0.0,0.0,6.361727845282784e-05,7.48182427707595e-40,0.0,0,0,0.0,0.0,0,0.0,0
YDR482C,0,0.0,0.0,0.0,6.361727845282784e-05,7.48182427707595e-40,0.0,0,5,172.8,559.0,619,0.8502282102357388,0
YOR276W,2,1.0,0.0,0.14308550865453962,0.00023677143381985652,1.376490143172832e-09,4.0,2,4,74.75,266.0,267,0.9916927149334009,0
YBL036C,0,0.0,0.0,0.0,6.361727845282784e-05,7.48182427707595e-40,0.0,0,0,0.0,0.0,0,0.0,0
YGL220W,0,0.0,0.0,0.0,6.361727845282784e-05,7.48182427707595e-40,0.0,0,0,0.0,0.0,0,0.0,0
YJR110W,0,0.0,0.0,0.0,6.361727845282784e-05,7.48182427707595e-40,0.0,0,0,0.0,0.0,0,0.0,0
YML115C,0,0.0,0.0,0.0,6.361727845282784e-05,7.48182427707595e-40,0.0,0,2,5.0,8.0,7,1.0,0
YLR291C,4,1.0,0.0,0.1418690658271095,0.0004027053458152256,1.6768744178020594e-09,4.75,4,5,63.2,266.0,270,0.9641470466749277,1
YGR083C,4,1.0,0.0,0.1418690658271095,0.0004027053458152256,1.6768744178020594e-09,4.75,4,5,63.2,266.0,270,0.9641470466749277,1
YIL142W,7,1.0,0.0,0.13302272684943756,0.00045500786887360246,1.6493806123652846e-10,7.428571428571429,7,3,9.666666666666666,11.0,12,0.9090909090909091,1
YMR116C,56,1.0,0.0,0.1576796240286118,0.0005395660511259071,9.974339201553638e-05,56.392857142857146,56,7,227.28571428571428,559.0,589,0.9439786101197695,0
YOL062C,3,1.0,0.0,0.14634571449061554,0.0003211510240616232,5.484598677975824e-10,4.0,3,5,33.6,95.0,104,0.8676250933532487,0
YDR398W,0,0.0,0.0,0.0,6.361727845282784e-05,7.48182427707595e-40,0.0,0,5,168.0,559.0,619,0.8502282102357388,1
YMR246W,0,0.0,0.0,0.0,6.361727845282784e-05,7.48182427707595e-40,0.0,0,1,3.0,3.0,2,1.0,0
YPL131W,80,1.0,0.0,0.18099990496705526,0.0005049371217105843,0.1111036813321249,80.2625,80,6,258.8333333333333,559.0,589,0.9439786101197695,1
YDR324C,0,0.0,0.0,0.0,6.361727845282784e-05,7.48182427707595e-40,0.0,0,6,141.16666666666666,559.0,620,0.8475115951847413,1
YPL203W,3,1.0,0.0,0.1341016945174615,0.00034797841051544974,3.412282280104889e-10,3.6666666666666665,3,2,3.5,4.0,3,1.0,1
YER123W,3,1.0,0.0,0.11245522499685098,0.0003815413565004769,1.6099565519274394e-12,3.3333333333333335,3,2,6.0,8.0,7,1.0,0
YDL143W,7,1.0,0.0,0.13302272684943756,0.00045500786887360246,1.6493806123652846e-10,7.428571428571429,7,3,9.666666666666666,11.0,12,0.9090909090909091,1
YDR188W,7,1.0,0.0,0.13302272684943756,0.00045500786887360246,1.6493806123652846e-10,7.428571428571429,7,3,9.666666666666666,11.0,12,0.9090909090909091,1
YJL014W,7,1.0,0.0,0.13302272684943756,0.00045500786887360246,1.6493806123652846e-10,7.428571428571429,7,3,9.666666666666666,11.0,12,0.9090909090909091,1
YJL111W,7,1.0,0.0,0.13302272684943756,0.00045500786887360246,1.6493806123652846e-10,7.428571428571429,7,3,9.666666666666666,11.0,12,0.9090909090909091,1
YJL006C,2,1.0,0.0,0.1354341673619539,0.00032699788093181565,1.2350835227171304e-10,2.5,2,3,74.33333333333333,195.0,214,0.8490632267122987,0
YKL139W,2,1.0,0.0,0.1354341673619539,0.00032699788093181565,1.2350835227171304e-10,2.5,2,3,74.33333333333333,195.0,214,0.8490632267122987,1
YIL068C,6,1.0,0.0,0.1652076297649889,0.00042914424886733934,7.168904375103225e-07,7.666666666666667,6,2,7.5,8.0,7,1.0,1
YLR166C,6,1.0,0.0,0.1652076297649889,0.00042914424886733934,7.168904375103225e-07,7.666666666666667,6,2,7.5,8.0,7,1.0,1
YKL182W,1,0.0,0.0,0.000390625,0.0004241151896855187,7.84526137315919e-34,1.0,1,1,2.0,2.0,1,0.0,1
YPL231W,1,0.0,0.0,0.000390625,0.0004241151896855187,7.84526137315919e-34,1.0,1,1,2.0,2.0,1,0.0,1
YEL003W,4,1.0,0.0,0.12455975322636903,0.00036294501911253094,5.731952828371325e-12,4.75,4,3,6.0,7.0,6,1.0,0
YGR078C,4,1.0,0.0,0.12455975322636903,0.00036294501911253094,5.731952828371325e-12,4.75,4,3,6.0,7.0,6,1.0,0
YML094W,4,1.0,0.0,0.12455975322636903,0.00036294501911253094,5.731952828371325e-12,4.75,4,3,6.0,7.0,6,1.0,0
YDL090C,1,0.0,0.0,0.0005208333333333333,0.0003310848129367916,2.88902900771161e-32,2.0,1,2,4.0,6.0,5,1.0,0
YKL019W,2,0.0,7.815552950371239e-07,0.00078125,0.0006101759431829726,4.0857040047950434e-32,1.0,1,3,3.3333333333333335,6.0,5,1.0,1
YGL155W,1,0.0,0.0,0.0005208333333333333,0.0003310848129367916,2.88902900771161e-32,2.0,1,2,4.0,6.0,5,1.0,1
YJL031C,2,1.0,0.0,0.15092249704167018,0.00023396820906152493,3.1670490178675705e-09,3.5,2,3,3.6666666666666665,6.0,5,1.0,1
YCR034W,2,1.0,0.0,0.13124322399852997,0.0002650488490290072,2.9565820864136554e-10,3.0,2,2,4.0,5.0,4,1.0,0
YGR143W,1,0.0,0.0,0.14813041832586693,0.0001452836714205352,1.2633047732624137e-08,4.0,1,2,3.5,5.0,4,1.0,0
YAL044C,3,1.0,0.0,0.0017400568181818181,0.00034509145406009845,1.4744258444336581e-25,4.333333333333333,3,1,4.0,4.0,3,1.0,0
YDR019C,3,1.0,0.0,0.0017400568181818181,0.00034509145406009845,1.4744258444336581e-25,4.333333333333333,3,1,4.0,4.0,3,1.0,0
YFL018C,7,0.42857142857142855,0.0,0.002734375,0.0007075838485350125,3.4218426380246233e-25,3.5714285714285716,4,5,5.0,7.0,12,0.3484848484848485,0
YMR189W,3,1.0,0.0,0.0017400568181818181,0.00034509145406009845,1.4744258444336581e-25,4.333333333333333,3,1,4.0,4.0,3,1.0,0
YGL008C,3,1.0,0.0,0.13541362524647355,0.0003871599159054228,2.543057955883578e-10,3.3333333333333335,3,1,4.0,4.0,3,1.0,1
YPL036W,3,1.0,0.0,0.13541362524647355,0.0003871599159054228,2.543057955883578e-10,3.3333333333333335,3,1,4.0,4.0,3,1.0,0
YEL027W,14,1.0,0.0,0.14934460208263634,0.0005478429972093283,6.187932669990669e-10,15.071428571428571,14,5,12.6,15.0,16,0.9083333333333333,0
YKL080W,14,1.0,0.0,0.14934460208263634,0.0005478429972093283,6.187932669990669e-10,15.071428571428571,14,5,12.8,15.0,15,0.9904761904761905,0
YLR447C,14,1.0,0.0,0.14934460208263634,0.0005478429972093283,6.187932669990669e-10,15.071428571428571,14,5,12.6,15.0,16,0.9083333333333333,0
YMR054W,14,1.0,0.0,0.14934460208263634,0.0005478429972093283,6.187932669990669e-10,15.071428571428571,14,4,12.5,15.0,16,0.9083333333333333,0
YPL234C,14,1.0,0.0,0.14934460208263634,0.0005478429972093283,6.187932669990669e-10,15.071428571428571,14,5,12.6,15.0,16,0.9083333333333333,0
YPR036W,14,1.0,0.0,0.14934460208263634,0.0005478429972093283,6.187932669990669e-10,15.071428571428571,14,5,12.8,15.0,15,0.9904761904761905,0
YEL056W,1,0.0,0.0,0.000390625,0.0004241151896855187,7.84526137315919e-34,1.0,1,4,39.25,133.0,132,1.0,0
YPL001W,1,0.0,0.0,0.000390625,0.0004241151896855187,7.84526137315919e-34,1.0,1,4,39.25,133.0,132,1.0,0
YOL148C,13,1.0,0.0,0.16696877337759491,0.0005454726496412405,7.038293715434663e-08,19.46153846153846,13,10,50.0,195.0,255,0.7764397097421646,0
YBR081C,13,1.0,0.0,0.16696877337759491,0.0005454726496412405,7.038293715434663e-08,19.46153846153846,13,9,55.22222222222222,195.0,255,0.7764397097421646,0
YLR055C,13,1.0,0.0,0.16696877337759491,0.0005454726496412405,7.038293715434663e-08,19.46153846153846,13,7,67.85714285714286,195.0,255,0.7764397097421646,0
YMR263W,2,1.0,0.0,0.14676673208120994,0.0002469422318879394,3.071068897044174e-10,8.5,2,6,32.166666666666664,133.0,133,0.9859876965140123,0
YNL037C,1,0.0,0.0,0.000390625,0.0004241151896855187,7.84526137315919e-34,1.0,1,1,2.0,2.0,1,0.0,0
YOR136W,1,0.0,0.0,0.000390625,0.0004241151896855187,7.84526137315919e-34,1.0,1,1,2.0,2.0,1,0.0,0
YLR170C,3,1.0,0.0,0.11441522891836473,0.000374645292129078,5.38239077887564e-13,3.6666666666666665,3,6,28.833333333333332,95.0,104,0.8676250933532487,0
YPR029C,3,1.0,0.0,0.11441522891836473,0.000374645292129078,5.38239077887564e-13,3.6666666666666665,3,6,28.833333333333332,95.0,104,0.8676250933532487,0
YJR058C,3,1.0,0.0,0.14634571449061554,0.0003211510240616232,5.484598677975824e-10,4.0,3,5,33.6,95.0,104,0.8676250933532487,0
YBR288C,3,1.0,0.0,0.13412184049425374,0.00034077733209268853,2.8120863985322714e-09,4.333333333333333,3,3,40.0,95.0,94,1.0,0
YJL024C,3,1.0,0.0,0.13412184049425374,0.00034077733209268853,2.8120863985322714e-09,4.333333333333333,3,3,40.0,95.0,94,1.0,0
YDL195W,7,1.0,0.0,0.15232588828698174,0.0004289180702218462,3.353983026343651e-08,10.428571428571429,7,5,35.0,95.0,104,0.8676250933532487,1
YLR208W,12,0.4696969696969697,0.0014895639720685487,0.16824310397625553,0.0006999966154190316,6.359025527031597e-07,10.166666666666666,7,8,33.0,95.0,163,0.479815193516625,1
YML012W,7,1.0,0.0,0.15232588828698174,0.0004289180702218462,3.353983026343651e-08,10.428571428571429,7,4,33.75,95.0,94,1.0,0
YBR254C,9,1.0,0.0,0.003515625,0.0004241151896855186,7.481824277075946e-20,9.0,9,3,37.333333333333336,95.0,94,1.0,1
YDR108W,9,1.0,0.0,0.003515625,0.0004241151896855186,7.481824277075946e-20,9.0,9,3,37.333333333333336,95.0,94,1.0,0
YDR246W,9,1.0,0.0,0.003515625,0.0004241151896855186,7.481824277075946e-20,9.0,9,3,37.333333333333336,95.0,94,1.0,1
YDR407C,9,1.0,0.0,0.003515625,0.0004241151896855186,7.481824277075946e-20,9.0,9,2,52.5,95.0,94,1.0,1
YDR472W,9,1.0,0.0,0.003515625,0.0004241151896855186,7.481824277075946e-20,9.0,9,3,37.333333333333336,95.0,94,1.0,1
YGR166W,9,1.0,0.0,0.003515625,0.0004241151896855186,7.481824277075946e-20,9.0,9,2,52.5,95.0,94,1.0,0
YKR068C,9,1.0,0.0,0.003515625,0.0004241151896855186,7.481824277075946e-20,9.0,9,3,37.333333333333336,95.0,94,1.0,1
YML077W,9,1.0,0.0,0.003515625,0.0004241151896855186,7.481824277075946e-20,9.0,9,3,37.333333333333336,95.0,94,1.0,1
YMR218C,9,1.0,0.0,0.003515625,0.0004241151896855186,7.481824277075946e-20,9.0,9,2,52.5,95.0,94,1.0,1
YOR115C,9,1.0,0.0,0.003515625,0.0004241151896855186,7.481824277075946e-20,9.0,9,3,37.333333333333336,95.0,94,1.0,0
YKL041W,2,1.0,0.0,0.1311275657266652,0.0002805100589677365,2.8496672039796446e-09,3.5,2,3,34.0,95.0,96,0.9592105263157895,0
YMR231W,3,1.0,0.0,0.11628551367632693,0.0003589651136155796,2.273497746381181e-12,4.0,3,5,23.6,95.0,98,0.9229960025247212,0
YPL045W,3,1.0,0.0,0.11628551367632693,0.0003589651136155796,2.273497746381181e-12,4.0,3,5,23.6,95.0,98,0.9229960025247212,1
YIL062C,5,1.0,0.0,0.15396775566956972,0.0003784705351051326,2.91462074823722e-07,7.0,5,4,29.0,95.0,96,0.962280701754386,1
YLR370C,5,1.0,0.0,0.15396775566956972,0.0003784705351051326,2.91462074823722e-07,7.0,5,4,29.0,95.0,96,0.962280701754386,0
YGR238C,1,0.0,0.0,0.14483809721771576,0.00014450141710526488,3.1128363294414193e-11,7.0,1,2,2.5,3.0,2,1.0,0
YBR115C,1,0.0,0.0,0.000390625,0.0004241151896855187,7.84526137315919e-34,1.0,1,1,2.0,2.0,1,0.0,0
YGL154C,1,0.0,0.0,0.000390625,0.0004241151896855187,7.84526137315919e-34,1.0,1,1,2.0,2.0,1,0.0,0
YHR117W,8,1.0,0.0,0.12027240081503436,0.00045303677394212743,1.287544016821896e-12,8.625,8,2,13.5,18.0,17,1.0,0
YMR060C,8,1.0,0.0,0.12027240081503436,0.00045303677394212743,1.287544016821896e-12,8.625,8,3,10.333333333333334,18.0,20,0.7315789473684211,0
YNL121C,8,1.0,0.0,0.12027240081503436,0.00045303677394212743,1.287544016821896e-12,8.625,8,4,10.5,18.0,18,0.9281045751633987,0
YOR045W,8,1.0,0.0,0.12027240081503436,0.00045303677394212743,1.287544016821896e-12,8.625,8,4,10.5,18.0,18,0.9281045751633987,0
YAL009W,1,0.0,0.0,0.000390625,0.0004241151896855187,7.84526137315919e-34,1.0,1,1,2.0,2.0,1,0.0,0
YHR004C,1,0.0,0.0,0.000390625,0.0004241151896855187,7.84526137315919e-34,1.0,1,1,2.0,2.0,1,0.0,0
YCL009C,1,0.0,0.0,0.000390625,0.0004241151896855187,7.84526137315919e-34,1.0,1,1,2.0,2.0,1,0.0,0
YMR108W,1,0.0,0.0,0.000390625,0.0004241151896855187,7.84526137315919e-34,1.0,1,1,2.0,2.0,1,0.0,1
YGR072W,2,1.0,0.0,0.15308333869170096,0.0002449131996287292,4.674034496962613e-10,8.5,2,3,192.33333333333334,559.0,558,1.0,0
YBL002W,7,1.0,0.0,0.15790272926246907,0.0004999751442392021,4.753314205987485e-07,11.428571428571429,7,2,9.5,11.0,10,1.0,0
YBL003C,7,1.0,0.0,0.15790272926246907,0.0004999751442392021,4.753314205987485e-07,11.428571428571429,7,2,9.5,11.0,10,1.0,1
YNL030W,7,1.0,0.0,0.15790272926246907,0.0004999751442392021,4.753314205987485e-07,11.428571428571429,7,2,9.5,11.0,10,1.0,0
YNL031C,7,1.0,0.0,0.15790272926246907,0.0004999751442392021,4.753314205987485e-07,11.428571428571429,7,2,9.5,11.0,10,1.0,0
YFL022C,2,1.0,0.0,0.00078125,0.0004241151896855187,2.6087508180331516e-30,2.0,2,2,2.5,3.0,2,1.0,1
YLR060W,2,1.0,0.0,0.00078125,0.0004241151896855187,2.6087508180331516e-30,2.0,2,2,2.5,3.0,2,1.0,1
YPR047W,2,1.0,0.0,0.00078125,0.0004241151896855187,2.6087508180331516e-30,2.0,2,1,3.0,3.0,2,1.0,0
YGR240C,1,0.0,0.0,0.1393121684091441,0.00020953682271694383,3.046561067867507e-09,2.0,1,1,2.0,2.0,1,0.0,0
YMR150C,1,0.0,0.0,0.11496774595969352,0.0002115327209891064,5.486941174760012e-13,2.0,1,3,4.333333333333333,8.0,8,0.7857142857142857,0
YHR024C,1,0.0,0.0,0.000390625,0.0004241151896855187,7.84526137315919e-34,1.0,1,2,5.0,8.0,7,1.0,1
YLR163C,1,0.0,0.0,0.000390625,0.0004241151896855187,7.84526137315919e-34,1.0,1,2,5.0,8.0,7,1.0,1
YDL007W,35,1.0,0.0,0.17869936574259407,0.000787620156064897,1.5749848301548082e-06,37.17142857142857,35,6,25.5,46.0,48,0.9547872340425532,1
YDR069C,35,1.0,0.0,0.17869936574259407,0.000787620156064897,1.5749848301548082e-06,37.17142857142857,35,3,28.333333333333332,46.0,47,0.9777983348751156,0
YER021W,35,1.0,0.0,0.17869936574259407,0.000787620156064897,1.5749848301548082e-06,37.17142857142857,35,6,25.666666666666668,46.0,48,0.9547872340425532,1
YER094C,35,1.0,0.0,0.17869936574259407,0.000787620156064897,1.5749848301548082e-06,37.17142857142857,35,7,21.142857142857142,46.0,48,0.9485815602836879,1
YFR052W,35,1.0,0.0,0.17869936574259407,0.000787620156064897,1.5749848301548082e-06,37.17142857142857,35,6,25.666666666666668,46.0,48,0.9547872340425532,1
YGL011C,35,1.0,0.0,0.17869936574259407,0.000787620156064897,1.5749848301548082e-06,37.17142857142857,35,7,21.142857142857142,46.0,48,0.9485815602836879,1
YGR232W,35,1.0,0.0,0.17869936574259407,0.000787620156064897,1.5749848301548082e-06,37.17142857142857,35,4,30.5,46.0,47,0.9777983348751156,0
YGR270W,35,1.0,0.0,0.17869936574259407,0.000787620156064897,1.5749848301548082e-06,37.17142857142857,35,2,19.5,36.0,35,1.0,0
YHR200W,35,1.0,0.0,0.17869936574259407,0.000787620156064897,1.5749848301548082e-06,37.17142857142857,35,6,25.5,46.0,48,0.9547872340425532,0
YOR261C,35,1.0,0.0,0.17869936574259407,0.000787620156064897,1.5749848301548082e-06,37.17142857142857,35,6,25.666666666666668,46.0,48,0.9547872340425532,1
YDL040C,1,0.0,0.0,0.000390625,0.0004241151896855187,7.84526137315919e-34,1.0,1,5,214.6,559.0,558,1.0,0
YHR013C,1,0.0,0.0,0.000390625,0.0004241151896855187,7.84526137315919e-34,1.0,1,5,214.6,559.0,558,1.0,0
YOR347C,1,0.0,0.0,0.10715098790806529,0.0002156186260466955,1.6940467973612694e-14,2.0,1,1,2.0,2.0,1,0.0,0
YBR221C,4,1.0,0.0,0.0019140624999999997,0.0004125158266922102,2.5905159305978696e-25,4.75,4,4,5.5,7.0,7,0.9047619047619048,0
YER178W,4,1.0,0.0,0.0019140624999999997,0.0004125158266922102,2.5905159305978696e-25,4.75,4,4,5.5,7.0,7,0.9047619047619048,0
YGR193C,4,1.0,0.0,0.0019140624999999997,0.0004125158266922102,2.5905159305978696e-25,4.75,4,4,5.5,7.0,7,0.9047619047619048,0
YNL071W,4,1.0,0.0,0.0019140624999999997,0.0004125158266922102,2.5905159305978696e-25,4.75,4,4,5.5,7.0,7,0.9047619047619048,0
YGL032C,1,0.0,0.0,0.000390625,0.0004241151896855187,7.84526137315919e-34,1.0,1,0,0.0,0.0,0,0.0,0
YNR044W,1,0.0,0.0,0.000390625,0.0004241151896855187,7.84526137315919e-34,1.0,1,0,0.0,0.0,0,0.0,0
YCR052W,9,1.0,0.0,0.15734614579661615,0.0004812153822556859,1.8418825230363257e-08,12.0,9,3,36.666666666666664,83.0,83,0.9782544813399942,1
YIL126W,9,1.0,0.0,0.15734614579661615,0.0004812153822556859,1.8418825230363257e-08,12.0,9,3,36.666666666666664,83.0,83,0.9782544813399942,1
YKR008W,9,1.0,0.0,0.15734614579661615,0.0004812153822556859,1.8418825230363257e-08,12.0,9,3,36.666666666666664,83.0,83,0.9782544813399942,1
YMR033W,17,0.5367647058823529,0.0026799510524411047,0.18034178997071004,0.0008329368632978608,3.355250800486161e-07,13.294117647058824,9,8,51.75,195.0,270,0.6167699297810822,1
YPR034W,17,0.5367647058823529,0.0026799510524411047,0.18034178997071004,0.0008329368632978608,3.355250800486161e-07,13.294117647058824,9,8,51.75,195.0,270,0.6167699297810822,1
YHR118C,21,0.8476190476190476,0.00014873990746873237,0.16084713651923252,0.0006776691297995418,1.4506999730709987e-08,18.952380952380953,18,7,20.285714285714285,56.0,57,0.9505012531328321,1
YNL261W,21,0.8476190476190476,0.00014873990746873237,0.16084713651923252,0.0006776691297995418,1.4506999730709987e-08,18.952380952380953,18,7,20.285714285714285,56.0,57,0.9505012531328321,1
YPR162C,21,0.8476190476190476,0.00014873990746873237,0.16084713651923252,0.0006776691297995418,1.4506999730709987e-08,18.952380952380953,18,7,20.285714285714285,56.0,57,0.9505012531328321,1
YLR103C,19,0.9649122807017544,4.938264817225111e-05,0.159839232163638,0.00060355156224939,1.4402481879700106e-08,20.05263157894737,18,5,25.6,56.0,57,0.9505012531328321,1
YLR274W,19,0.9649122807017544,4.938264817225111e-05,0.159839232163638,0.00060355156224939,1.4402481879700106e-08,20.05263157894737,18,6,22.333333333333332,56.0,57,0.9505012531328321,1
YBR278W,18,1.0,0.0,0.15605349261492746,0.0005711260854154557,1.4160151566426644e-08,20.38888888888889,18,6,19.666666666666668,56.0,56,0.9662337662337662,0
YDL102W,18,1.0,0.0,0.15605349261492746,0.0005711260854154557,1.4160151566426644e-08,20.38888888888889,18,4,27.25,56.0,55,1.0,1
YJR006W,18,1.0,0.0,0.15605349261492746,0.0005711260854154557,1.4160151566426644e-08,20.38888888888889,18,4,27.25,56.0,55,1.0,1
YPR175W,18,1.0,0.0,0.15605349261492746,0.0005711260854154557,1.4160151566426644e-08,20.38888888888889,18,6,19.666666666666668,56.0,56,0.9662337662337662,1
YPL167C,1,0.0,0.0,0.13114682794711716,0.0002041675512893514,1.4395878355802262e-10,2.0,1,4,22.75,56.0,56,0.964935064935065,0
YAR007C,2,1.0,0.0,0.1259213020098731,0.00027927316101082123,1.3846060320040365e-11,3.0,2,3,29.666666666666668,56.0,55,1.0,1
YER176W,1,0.0,0.0,0.0005208333333333333,0.0003310848129367916,2.88902900771161e-32,2.0,1,5,132.4,559.0,610,0.8446256965194218,0
YBL035C,3,1.0,0.0,0.14316581642880052,0.0002645822506366507,4.2205274741629516e-10,6.0,3,5,20.4,56.0,59,0.8766803039158387,1
YLR318W,2,1.0,0.0,0.10197978539608202,0.0003386191136105503,2.6572665306939295e-15,2.5,2,6,104.66666666666667,559.0,611,0.8418716964932521,0
YDR178W,3,1.0,0.0,0.11949966955561504,0.00035198578904623284,1.1763017189171889e-10,4.0,3,2,30.0,56.0,55,1.0,0
YBL045C,8,1.0,0.0,0.12150000425285792,0.00044291003607590043,4.341835077165306e-11,8.125,8,3,23.333333333333332,56.0,57,0.9323308270676691,0
YDR529C,8,1.0,0.0,0.12150000425285792,0.00044291003607590043,4.341835077165306e-11,8.125,8,2,33.0,56.0,55,1.0,0
YFR033C,8,1.0,0.0,0.12150000425285792,0.00044291003607590043,4.341835077165306e-11,8.125,8,2,33.0,56.0,55,1.0,0
YGR183C,8,1.0,0.0,0.12150000425285792,0.00044291003607590043,4.341835077165306e-11,8.125,8,2,33.0,56.0,55,1.0,0
YJL166W,8,1.0,0.0,0.12150000425285792,0.00044291003607590043,4.341835077165306e-11,8.125,8,2,33.0,56.0,55,1.0,0
YOR065W,8,1.0,0.0,0.12150000425285792,0.00044291003607590043,4.341835077165306e-11,8.125,8,2,33.0,56.0,55,1.0,0
YPR191W,8,1.0,0.0,0.12150000425285792,0.00044291003607590043,4.341835077165306e-11,8.125,8,3,23.333333333333332,56.0,57,0.9323308270676691,0
YDL067C,7,1.0,0.0,0.1217402374377855,0.0004304022288938568,2.2591754093520601e-10,7.142857142857143,7,3,26.333333333333332,56.0,56,0.9707792207792207,1
YGL191W,7,1.0,0.0,0.1217402374377855,0.0004304022288938568,2.2591754093520601e-10,7.142857142857143,7,3,26.333333333333332,56.0,56,0.9707792207792207,0
YHR051W,7,1.0,0.0,0.1217402374377855,0.0004304022288938568,2.2591754093520601e-10,7.142857142857143,7,3,26.333333333333332,56.0,56,0.9707792207792207,0
YLR038C,7,1.0,0.0,0.1217402374377855,0.0004304022288938568,2.2591754093520601e-10,7.142857142857143,7,3,26.333333333333332,56.0,56,0.9707792207792207,0
YLR395C,7,1.0,0.0,0.1217402374377855,0.0004304022288938568,2.2591754093520601e-10,7.142857142857143,7,3,26.333333333333332,56.0,56,0.9707792207792207,0
YMR256C,7,1.0,0.0,0.1217402374377855,0.0004304022288938568,2.2591754093520601e-10,7.142857142857143,7,3,26.333333333333332,56.0,56,0.9707792207792207,0
YNL052W,7,1.0,0.0,0.1217402374377855,0.0004304022288938568,2.2591754093520601e-10,7.142857142857143,7,3,26.333333333333332,56.0,56,0.9707792207792207,0
YBR039W,14,1.0,0.0,0.1382550571041425,0.000536467085826052,9.642565662852122e-11,14.785714285714286,14,4,24.25,56.0,57,0.9523809523809523,0
YDL004W,14,1.0,0.0,0.1382550571041425,0.000536467085826052,9.642565662852122e-11,14.785714285714286,14,4,24.25,56.0,57,0.9523809523809523,1
YDR298C,14,1.0,0.0,0.1382550571041425,0.000536467085826052,9.642565662852122e-11,14.785714285714286,14,5,21.8,56.0,57,0.9523809523809523,0
YDR377W,14,1.0,0.0,0.1382550571041425,0.000536467085826052,9.642565662852122e-11,14.785714285714286,14,4,26.5,56.0,57,0.9523809523809523,0
YKL016C,14,1.0,0.0,0.1382550571041425,0.000536467085826052,9.642565662852122e-11,14.785714285714286,14,5,21.8,56.0,57,0.9523809523809523,0
YPL078C,14,1.0,0.0,0.1382550571041425,0.000536467085826052,9.642565662852122e-11,14.785714285714286,14,5,21.8,56.0,57,0.9523809523809523,0
YPL271W,14,1.0,0.0,0.1382550571041425,0.000536467085826052,9.642565662852122e-11,14.785714285714286,14,4,24.25,56.0,57,0.9523809523809523,0
YPR020W,14,1.0,0.0,0.1382550571041425,0.000536467085826052,9.642565662852122e-11,14.785714285714286,14,4,26.5,56.0,57,0.9523809523809523,0
YCR035C,6,1.0,0.0,0.14282227343625023,0.000431587995673174,9.19662706053222e-09,6.5,6,6,32.166666666666664,131.0,136,0.9196078431372549,1
YDL111C,6,1.0,0.0,0.14282227343625023,0.000431587995673174,9.19662706053222e-09,6.5,6,6,32.166666666666664,131.0,136,0.9196078431372549,1
YDR280W,6,1.0,0.0,0.14282227343625023,0.000431587995673174,9.19662706053222e-09,6.5,6,6,32.166666666666664,131.0,136,0.9196078431372549,1
YGR095C,6,1.0,0.0,0.14282227343625023,0.000431587995673174,9.19662706053222e-09,6.5,6,6,32.166666666666664,131.0,136,0.9196078431372549,1
YGR195W,6,1.0,0.0,0.14282227343625023,0.000431587995673174,9.19662706053222e-09,6.5,6,6,32.166666666666664,131.0,136,0.9196078431372549,1
YAL033W,8,1.0,0.0,0.003125,0.0004241151896855184,9.09615165841398e-21,8.0,8,7,106.71428571428571,559.0,619,0.8502282102357388,1
YBL018C,8,1.0,0.0,0.003125,0.0004241151896855184,9.09615165841398e-21,8.0,8,7,106.71428571428571,559.0,619,0.8502282102357388,1
YBR167C,8,1.0,0.0,0.003125,0.0004241151896855184,9.09615165841398e-21,8.0,8,7,106.71428571428571,559.0,619,0.8502282102357388,1
YBR257W,8,1.0,0.0,0.003125,0.0004241151896855184,9.09615165841398e-21,8.0,8,7,106.71428571428571,559.0,619,0.8502282102357388,1
YGR030C,8,1.0,0.0,0.003125,0.0004241151896855184,9.09615165841398e-21,8.0,8,7,106.71428571428571,559.0,619,0.8502282102357388,1
YHR062C,8,1.0,0.0,0.003125,0.0004241151896855184,9.09615165841398e-21,8.0,8,7,106.71428571428571,559.0,619,0.8502282102357388,1
YNL221C,8,1.0,0.0,0.003125,0.0004241151896855184,9.09615165841398e-21,8.0,8,9,94.55555555555556,559.0,619,0.8502282102357388,1
YNL282W,8,1.0,0.0,0.003125,0.0004241151896855184,9.09615165841398e-21,8.0,8,7,106.71428571428571,559.0,619,0.8502282102357388,1
YIR015W,8,1.0,0.0,0.003125,0.0004241151896855184,9.09615165841398e-21,8.0,8,4,177.25,559.0,619,0.8502282102357388,1
YPR101W,2,1.0,0.0,0.14784831187380973,0.00027551280401896165,5.859251333495647e-09,8.5,2,7,130.57142857142858,559.0,619,0.8502282102357388,1
YBR120C,13,1.0,0.0,0.14829034652437506,0.0005526681363121708,2.6489077300552926e-07,13.923076923076923,13,6,75.33333333333333,266.0,389,0.7843929716693611,0
YDL044C,13,1.0,0.0,0.14829034652437506,0.0005526681363121708,2.6489077300552926e-07,13.923076923076923,13,3,53.0,131.0,130,1.0,0
YDR194C,13,1.0,0.0,0.14829034652437506,0.0005526681363121708,2.6489077300552926e-07,13.923076923076923,13,3,53.0,131.0,130,1.0,0
YIR021W,13,1.0,0.0,0.14829034652437506,0.0005526681363121708,2.6489077300552926e-07,13.923076923076923,13,4,40.25,131.0,131,0.9847328244274809,0
YJL133W,13,1.0,0.0,0.14829034652437506,0.0005526681363121708,2.6489077300552926e-07,13.923076923076923,13,3,53.0,131.0,130,1.0,0
YKR052C,13,1.0,0.0,0.14829034652437506,0.0005526681363121708,2.6489077300552926e-07,13.923076923076923,13,3,53.0,131.0,130,1.0,0
YLR382C,13,1.0,0.0,0.14829034652437506,0.0005526681363121708,2.6489077300552926e-07,13.923076923076923,13,5,36.0,131.0,143,0.9109622771594602,0
YOR334W,13,1.0,0.0,0.14829034652437506,0.0005526681363121708,2.6489077300552926e-07,13.923076923076923,13,3,53.0,131.0,130,1.0,0
YPL029W,13,1.0,0.0,0.14829034652437506,0.0005526681363121708,2.6489077300552926e-07,13.923076923076923,13,6,73.5,266.0,389,0.7843929716693611,0
YPR134W,13,1.0,0.0,0.14829034652437506,0.0005526681363121708,2.6489077300552926e-07,13.923076923076923,13,3,53.0,131.0,130,1.0,0
YDR054C,5,0.7,0.0001995776544086361,0.163588095510765,0.00040476231849834193,2.2482411070091384e-07,10.8,4,6,15.166666666666666,58.0,57,1.0,1
YDR028C,5,1.0,0.0,0.1522739265307863,0.00045519500958353637,3.817730459239661e-09,8.2,5,3,5.0,7.0,8,0.7857142857142857,0
YKL193C,5,1.0,0.0,0.1522739265307863,0.00045519500958353637,3.817730459239661e-09,8.2,5,2,4.0,6.0,5,1.0,1
YER027C,5,1.0,0.0,0.1599251287505598,0.00042601402179725736,1.3654903192573426e-08,8.0,5,4,7.5,16.0,15,1.0,0
YGL115W,5,1.0,0.0,0.1599251287505598,0.00042601402179725736,1.3654903192573426e-08,8.0,5,6,6.0,16.0,15,1.0,0
YLR212C,2,1.0,0.0,0.1331616125363562,0.0002715858416606833,2.613244425714183e-11,3.0,2,6,26.666666666666668,73.0,94,0.687256920613132,1
YGR244C,1,0.0,0.0,0.000390625,0.0004241151896855187,7.84526137315919e-34,1.0,1,1,2.0,2.0,1,0.0,1
YOR142W,1,0.0,0.0,0.000390625,0.0004241151896855187,7.84526137315919e-34,1.0,1,1,2.0,2.0,1,0.0,0
YDR074W,3,1.0,0.0,0.14060666686353257,0.00035398983827646775,3.0370436212486863e-09,3.6666666666666665,3,2,4.0,4.0,4,0.8333333333333334,0
YML100W,3,1.0,0.0,0.14060666686353257,0.00035398983827646775,3.0370436212486863e-09,3.6666666666666665,3,1,4.0,4.0,3,1.0,0
YMR261C,3,1.0,0.0,0.14060666686353257,0.00035398983827646775,3.0370436212486863e-09,3.6666666666666665,3,2,4.0,4.0,4,0.8333333333333334,0
YEL034W,1,0.0,0.0,0.000390625,0.0004241151896855187,7.84526137315919e-34,1.0,1,5,240.0,559.0,589,0.9439786101197695,1
YJR047C,1,0.0,0.0,0.000390625,0.0004241151896855187,7.84526137315919e-34,1.0,1,5,240.0,559.0,589,0.9439786101197695,0
YGR162W,4,0.5,9.937733095745596e-05,0.1611083698005955,0.000404885194338259,5.0551591041674875e-08,6.5,2,8,151.5,559.0,589,0.9439786101197695,0
YOL139C,2,1.0,0.0,0.15875914132657598,0.00021275752494697835,4.979918028035776e-08,11.0,2,7,172.71428571428572,559.0,589,0.9439786101197695,1
YPL237W,2,1.0,0.0,0.14452157527316878,0.0002842583081340324,2.2275251935096928e-07,3.0,2,7,174.28571428571428,559.0,592,0.9345646407829149,1
YDR211W,4,1.0,0.0,0.1418690658271095,0.0004027053458152256,1.6768744178020594e-09,4.75,4,5,63.2,266.0,270,0.9641470466749277,1
YDR429C,6,1.0,0.0,0.14767712037879416,0.0003896100498237575,7.977924037854026e-09,8.0,6,5,63.2,266.0,268,0.9781988931745765,1
YMR309C,6,1.0,0.0,0.14767712037879416,0.0003896100498237575,7.977924037854026e-09,8.0,6,6,54.0,266.0,268,0.9781988931745765,1
YNL062C,6,1.0,0.0,0.14767712037879416,0.0003896100498237575,7.977924037854026e-09,8.0,6,4,75.5,266.0,266,0.9924812030075187,1
YKR059W,1,0.0,0.0,0.13361000168362766,0.00016562215510722113,9.07780575993484e-09,4.0,1,7,172.57142857142858,559.0,589,0.9439786101197695,0
YAL003W,5,1.0,0.0,0.15261231303418804,0.00041034511929132297,2.4201767688830784e-07,6.0,5,6,198.5,559.0,589,0.9439786101197695,1
YKL081W,5,1.0,0.0,0.15261231303418804,0.00041034511929132297,2.4201767688830784e-07,6.0,5,6,198.5,559.0,589,0.9439786101197695,0
YPL048W,5,1.0,0.0,0.15261231303418804,0.00041034511929132297,2.4201767688830784e-07,6.0,5,4,71.5,266.0,265,1.0,0
YPR080W,5,1.0,0.0,0.15261231303418804,0.00041034511929132297,2.4201767688830784e-07,6.0,5,6,198.5,559.0,589,0.9439786101197695,0
YOR133W,1,0.0,0.0,0.1443813424840301,0.00014422618824068537,6.598635081535596e-09,6.0,1,5,236.4,559.0,589,0.9439786101197695,0
YBL027W,80,1.0,0.0,0.18099990496705526,0.0005049371217105843,0.1111036813321249,80.2625,80,6,258.8333333333333,559.0,589,0.9439786101197695,0
YBL092W,80,1.0,0.0,0.18099990496705526,0.0005049371217105843,0.1111036813321249,80.2625,80,6,258.8333333333333,559.0,589,0.9439786101197695,1
YBR031W,80,1.0,0.0,0.18099990496705526,0.0005049371217105843,0.1111036813321249,80.2625,80,6,258.8333333333333,559.0,589,0.9439786101197695,0
YBR191W,80,1.0,0.0,0.18099990496705526,0.0005049371217105843,0.1111036813321249,80.2625,80,6,258.8333333333333,559.0,589,0.9439786101197695,0
YDL081C,80,1.0,0.0,0.18099990496705526,0.0005049371217105843,0.1111036813321249,80.2625,80,6,258.8333333333333,559.0,589,0.9439786101197695,0
YDL082W,80,1.0,0.0,0.18099990496705526,0.0005049371217105843,0.1111036813321249,80.2625,80,6,258.8333333333333,559.0,589,0.9439786101197695,0
YDL130W,80,1.0,0.0,0.18099990496705526,0.0005049371217105843,0.1111036813321249,80.2625,80,6,258.8333333333333,559.0,589,0.9439786101197695,0
YDL136W,80,1.0,0.0,0.18099990496705526,0.0005049371217105843,0.1111036813321249,80.2625,80,6,258.8333333333333,559.0,589,0.9439786101197695,0
YDL184C,80,1.0,0.0,0.18099990496705526,0.0005049371217105843,0.1111036813321249,80.2625,80,6,258.8333333333333,559.0,589,0.9439786101197695,0
YDL191W,80,1.0,0.0,0.18099990496705526,0.0005049371217105843,0.1111036813321249,80.2625,80,6,258.8333333333333,559.0,589,0.9439786101197695,0
YDR418W,80,1.0,0.0,0.18099990496705526,0.0005049371217105843,0.1111036813321249,80.2625,80,6,258.8333333333333,559.0,589,0.9439786101197695,0
YDR471W,80,1.0,0.0,0.18099990496705526,0.0005049371217105843,0.1111036813321249,80.2625,80,6,258.8333333333333,559.0,589,0.9439786101197695,0
YDR500C,80,1.0,0.0,0.18099990496705526,0.0005049371217105843,0.1111036813321249,80.2625,80,6,258.8333333333333,559.0,589,0.9439786101197695,0
YGL030W,80,1.0,0.0,0.18099990496705526,0.0005049371217105843,0.1111036813321249,80.2625,80,6,258.8333333333333,559.0,589,0.9439786101197695,1
YGL031C,80,1.0,0.0,0.18099990496705526,0.0005049371217105843,0.1111036813321249,80.2625,80,6,258.8333333333333,559.0,589,0.9439786101197695,0
YGL076C,80,1.0,0.0,0.18099990496705526,0.0005049371217105843,0.1111036813321249,80.2625,80,6,258.8333333333333,559.0,589,0.9439786101197695,0
YGL103W,80,1.0,0.0,0.18099990496705526,0.0005049371217105843,0.1111036813321249,80.2625,80,6,258.8333333333333,559.0,589,0.9439786101197695,1
YGL147C,80,1.0,0.0,0.18099990496705526,0.0005049371217105843,0.1111036813321249,80.2625,80,6,258.8333333333333,559.0,589,0.9439786101197695,0
YGR085C,80,1.0,0.0,0.18099990496705526,0.0005049371217105843,0.1111036813321249,80.2625,80,6,258.8333333333333,559.0,589,0.9439786101197695,0
YGR148C,80,1.0,0.0,0.18099990496705526,0.0005049371217105843,0.1111036813321249,80.2625,80,6,258.8333333333333,559.0,589,0.9439786101197695,0
YHL033C,80,1.0,0.0,0.18099990496705526,0.0005049371217105843,0.1111036813321249,80.2625,80,6,258.8333333333333,559.0,589,0.9439786101197695,0
YHR010W,80,1.0,0.0,0.18099990496705526,0.0005049371217105843,0.1111036813321249,80.2625,80,6,258.8333333333333,559.0,589,0.9439786101197695,0
YIL018W,80,1.0,0.0,0.18099990496705526,0.0005049371217105843,0.1111036813321249,80.2625,80,6,258.8333333333333,559.0,589,0.9439786101197695,0
YIL052C,80,1.0,0.0,0.18099990496705526,0.0005049371217105843,0.1111036813321249,80.2625,80,6,258.8333333333333,559.0,589,0.9439786101197695,0
YIL133C,80,1.0,0.0,0.18099990496705526,0.0005049371217105843,0.1111036813321249,80.2625,80,6,258.8333333333333,559.0,589,0.9439786101197695,0
YIL148W,80,1.0,0.0,0.18099990496705526,0.0005049371217105843,0.1111036813321249,80.2625,80,6,258.8333333333333,559.0,589,0.9439786101197695,0
YJL177W,80,1.0,0.0,0.18099990496705526,0.0005049371217105843,0.1111036813321249,80.2625,80,6,258.8333333333333,559.0,589,0.9439786101197695,0
YJL189W,80,1.0,0.0,0.18099990496705526,0.0005049371217105843,0.1111036813321249,80.2625,80,6,258.8333333333333,559.0,589,0.9439786101197695,0
YKL006W,80,1.0,0.0,0.18099990496705526,0.0005049371217105843,0.1111036813321249,80.2625,80,6,258.8333333333333,559.0,589,0.9439786101197695,0
YKL180W,80,1.0,0.0,0.18099990496705526,0.0005049371217105843,0.1111036813321249,80.2625,80,6,258.8333333333333,559.0,589,0.9439786101197695,1
YKR094C,80,1.0,0.0,0.18099990496705526,0.0005049371217105843,0.1111036813321249,80.2625,80,6,258.8333333333333,559.0,589,0.9439786101197695,0
YLL045C,80,1.0,0.0,0.18099990496705526,0.0005049371217105843,0.1111036813321249,80.2625,80,6,258.8333333333333,559.0,589,0.9439786101197695,0
YLR029C,80,1.0,0.0,0.18099990496705526,0.0005049371217105843,0.1111036813321249,80.2625,80,6,258.8333333333333,559.0,589,0.9439786101197695,1
YLR061W,80,1.0,0.0,0.18099990496705526,0.0005049371217105843,0.1111036813321249,80.2625,80,6,258.8333333333333,559.0,589,0.9439786101197695,0
YLR325C,80,1.0,0.0,0.18099990496705526,0.0005049371217105843,0.1111036813321249,80.2625,80,6,258.8333333333333,559.0,589,0.9439786101197695,0
YLR344W,80,1.0,0.0,0.18099990496705526,0.0005049371217105843,0.1111036813321249,80.2625,80,6,258.8333333333333,559.0,589,0.9439786101197695,0
YLR406C,80,1.0,0.0,0.18099990496705526,0.0005049371217105843,0.1111036813321249,80.2625,80,6,258.8333333333333,559.0,589,0.9439786101197695,0
YLR448W,80,1.0,0.0,0.18099990496705526,0.0005049371217105843,0.1111036813321249,80.2625,80,6,258.8333333333333,559.0,589,0.9439786101197695,0
YML073C,80,1.0,0.0,0.18099990496705526,0.0005049371217105843,0.1111036813321249,80.2625,80,6,258.8333333333333,559.0,589,0.9439786101197695,0
YMR121C,80,1.0,0.0,0.18099990496705526,0.0005049371217105843,0.1111036813321249,80.2625,80,6,258.8333333333333,559.0,589,0.9439786101197695,0
YMR194W,80,1.0,0.0,0.18099990496705526,0.0005049371217105843,0.1111036813321249,80.2625,80,6,258.8333333333333,559.0,589,0.9439786101197695,0
YMR242C,80,1.0,0.0,0.18099990496705526,0.0005049371217105843,0.1111036813321249,80.2625,80,6,258.8333333333333,559.0,589,0.9439786101197695,0
YNL067W,80,1.0,0.0,0.18099990496705526,0.0005049371217105843,0.1111036813321249,80.2625,80,6,258.8333333333333,559.0,589,0.9439786101197695,0
YNL069C,80,1.0,0.0,0.18099990496705526,0.0005049371217105843,0.1111036813321249,80.2625,80,6,258.8333333333333,559.0,589,0.9439786101197695,0
YNL162W,80,1.0,0.0,0.18099990496705526,0.0005049371217105843,0.1111036813321249,80.2625,80,6,258.8333333333333,559.0,589,0.9439786101197695,1
YNL301C,80,1.0,0.0,0.18099990496705526,0.0005049371217105843,0.1111036813321249,80.2625,80,6,258.8333333333333,559.0,589,0.9439786101197695,0
YOL039W,80,1.0,0.0,0.18099990496705526,0.0005049371217105843,0.1111036813321249,80.2625,80,6,258.8333333333333,559.0,589,0.9439786101197695,0
YOL120C,80,1.0,0.0,0.18099990496705526,0.0005049371217105843,0.1111036813321249,80.2625,80,6,258.8333333333333,559.0,589,0.9439786101197695,1
YOR234C,80,1.0,0.0,0.18099990496705526,0.0005049371217105843,0.1111036813321249,80.2625,80,6,258.8333333333333,559.0,589,0.9439786101197695,0
YOR312C,80,1.0,0.0,0.18099990496705526,0.0005049371217105843,0.1111036813321249,80.2625,80,6,258.8333333333333,559.0,589,0.9439786101197695,0
YPL079W,80,1.0,0.0,0.18099990496705526,0.0005049371217105843,0.1111036813321249,80.2625,80,6,258.8333333333333,559.0,589,0.9439786101197695,0
YPL143W,80,1.0,0.0,0.18099990496705526,0.0005049371217105843,0.1111036813321249,80.2625,80,6,258.8333333333333,559.0,589,0.9439786101197695,1
YPL198W,80,1.0,0.0,0.18099990496705526,0.0005049371217105843,0.1111036813321249,80.2625,80,6,258.8333333333333,559.0,589,0.9439786101197695,0
YPL220W,80,1.0,0.0,0.18099990496705526,0.0005049371217105843,0.1111036813321249,80.2625,80,6,258.8333333333333,559.0,589,0.9439786101197695,0
YBR181C,56,1.0,0.0,0.1576796240286118,0.0005395660511259071,9.974339201553638e-05,56.392857142857146,56,8,204.625,559.0,589,0.9439786101197695,0
YBR189W,56,1.0,0.0,0.1576796240286118,0.0005395660511259071,9.974339201553638e-05,56.392857142857146,56,8,204.625,559.0,589,0.9439786101197695,0
YCR031C,56,1.0,0.0,0.1576796240286118,0.0005395660511259071,9.974339201553638e-05,56.392857142857146,56,8,204.625,559.0,589,0.9439786101197695,0
YDL061C,56,1.0,0.0,0.1576796240286118,0.0005395660511259071,9.974339201553638e-05,56.392857142857146,56,7,227.28571428571428,559.0,589,0.9439786101197695,0
YDL083C,56,1.0,0.0,0.1576796240286118,0.0005395660511259071,9.974339201553638e-05,56.392857142857146,56,7,227.28571428571428,559.0,589,0.9439786101197695,0
YDR025W,56,1.0,0.0,0.1576796240286118,0.0005395660511259071,9.974339201553638e-05,56.392857142857146,56,7,227.28571428571428,559.0,589,0.9439786101197695,0
YDR064W,56,1.0,0.0,0.1576796240286118,0.0005395660511259071,9.974339201553638e-05,56.392857142857146,56,7,227.28571428571428,559.0,589,0.9439786101197695,1
YDR447C,56,1.0,0.0,0.1576796240286118,0.0005395660511259071,9.974339201553638e-05,56.392857142857146,56,7,227.28571428571428,559.0,589,0.9439786101197695,0
YDR450W,56,1.0,0.0,0.1576796240286118,0.0005395660511259071,9.974339201553638e-05,56.392857142857146,56,7,227.28571428571428,559.0,589,0.9439786101197695,0
YER074W,56,1.0,0.0,0.1576796240286118,0.0005395660511259071,9.974339201553638e-05,56.392857142857146,56,7,227.28571428571428,559.0,589,0.9439786101197695,0
YGL123W,56,1.0,0.0,0.1576796240286118,0.0005395660511259071,9.974339201553638e-05,56.392857142857146,56,8,204.625,559.0,589,0.9439786101197695,1
YGL189C,56,1.0,0.0,0.1576796240286118,0.0005395660511259071,9.974339201553638e-05,56.392857142857146,56,7,227.28571428571428,559.0,589,0.9439786101197695,1
YGR027C,56,1.0,0.0,0.1576796240286118,0.0005395660511259071,9.974339201553638e-05,56.392857142857146,56,7,227.28571428571428,559.0,589,0.9439786101197695,0
YHL015W,56,1.0,0.0,0.1576796240286118,0.0005395660511259071,9.974339201553638e-05,56.392857142857146,56,7,227.28571428571428,559.0,589,0.9439786101197695,1
YHR021C,56,1.0,0.0,0.1576796240286118,0.0005395660511259071,9.974339201553638e-05,56.392857142857146,56,7,227.28571428571428,559.0,589,0.9439786101197695,0
YIL069C,56,1.0,0.0,0.1576796240286118,0.0005395660511259071,9.974339201553638e-05,56.392857142857146,56,7,227.28571428571428,559.0,589,0.9439786101197695,0
YJL136C,56,1.0,0.0,0.1576796240286118,0.0005395660511259071,9.974339201553638e-05,56.392857142857146,56,7,227.28571428571428,559.0,589,0.9439786101197695,0
YJL190C,56,1.0,0.0,0.1576796240286118,0.0005395660511259071,9.974339201553638e-05,56.392857142857146,56,7,227.28571428571428,559.0,589,0.9439786101197695,0
YJL191W,56,1.0,0.0,0.1576796240286118,0.0005395660511259071,9.974339201553638e-05,56.392857142857146,56,8,204.625,559.0,589,0.9439786101197695,0
YJR123W,56,1.0,0.0,0.1576796240286118,0.0005395660511259071,9.974339201553638e-05,56.392857142857146,56,7,227.28571428571428,559.0,589,0.9439786101197695,1
YJR145C,56,1.0,0.0,0.1576796240286118,0.0005395660511259071,9.974339201553638e-05,56.392857142857146,56,7,227.28571428571428,559.0,589,0.9439786101197695,0
YKL156W,56,1.0,0.0,0.1576796240286118,0.0005395660511259071,9.974339201553638e-05,56.392857142857146,56,7,227.28571428571428,559.0,589,0.9439786101197695,0
YKR057W,56,1.0,0.0,0.1576796240286118,0.0005395660511259071,9.974339201553638e-05,56.392857142857146,56,7,227.28571428571428,559.0,589,0.9439786101197695,0
YLR048W,56,1.0,0.0,0.1576796240286118,0.0005395660511259071,9.974339201553638e-05,56.392857142857146,56,7,227.28571428571428,559.0,589,0.9439786101197695,0
YLR167W,56,1.0,0.0,0.1576796240286118,0.0005395660511259071,9.974339201553638e-05,56.392857142857146,56,7,227.28571428571428,559.0,589,0.9439786101197695,1
YLR333C,56,1.0,0.0,0.1576796240286118,0.0005395660511259071,9.974339201553638e-05,56.392857142857146,56,7,227.28571428571428,559.0,589,0.9439786101197695,0
YLR367W,56,1.0,0.0,0.1576796240286118,0.0005395660511259071,9.974339201553638e-05,56.392857142857146,56,7,227.28571428571428,559.0,589,0.9439786101197695,0
YLR388W,56,1.0,0.0,0.1576796240286118,0.0005395660511259071,9.974339201553638e-05,56.392857142857146,56,7,227.28571428571428,559.0,589,0.9439786101197695,0
YLR441C,56,1.0,0.0,0.1576796240286118,0.0005395660511259071,9.974339201553638e-05,56.392857142857146,56,7,227.28571428571428,559.0,589,0.9439786101197695,0
YML024W,56,1.0,0.0,0.1576796240286118,0.0005395660511259071,9.974339201553638e-05,56.392857142857146,56,7,227.28571428571428,559.0,589,0.9439786101197695,0
YML026C,56,1.0,0.0,0.1576796240286118,0.0005395660511259071,9.974339201553638e-05,56.392857142857146,56,7,227.28571428571428,559.0,589,0.9439786101197695,0
YML063W,56,1.0,0.0,0.1576796240286118,0.0005395660511259071,9.974339201553638e-05,56.392857142857146,56,7,227.28571428571428,559.0,589,0.9439786101197695,0
YMR143W,56,1.0,0.0,0.1576796240286118,0.0005395660511259071,9.974339201553638e-05,56.392857142857146,56,7,227.28571428571428,559.0,589,0.9439786101197695,0
YMR230W,56,1.0,0.0,0.1576796240286118,0.0005395660511259071,9.974339201553638e-05,56.392857142857146,56,7,227.28571428571428,559.0,589,0.9439786101197695,0
YNL096C,56,1.0,0.0,0.1576796240286118,0.0005395660511259071,9.974339201553638e-05,56.392857142857146,56,8,204.625,559.0,589,0.9439786101197695,0
YNL178W,56,1.0,0.0,0.1576796240286118,0.0005395660511259071,9.974339201553638e-05,56.392857142857146,56,9,179.77777777777777,559.0,589,0.9439786101197695,1
YNL302C,56,1.0,0.0,0.1576796240286118,0.0005395660511259071,9.974339201553638e-05,56.392857142857146,56,7,227.28571428571428,559.0,589,0.9439786101197695,0
YOL040C,56,1.0,0.0,0.1576796240286118,0.0005395660511259071,9.974339201553638e-05,56.392857142857146,56,7,227.28571428571428,559.0,589,0.9439786101197695,1
YOL121C,56,1.0,0.0,0.1576796240286118,0.0005395660511259071,9.974339201553638e-05,56.392857142857146,56,7,227.28571428571428,559.0,589,0.9439786101197695,0
YOR167C,56,1.0,0.0,0.1576796240286118,0.0005395660511259071,9.974339201553638e-05,56.392857142857146,56,7,227.28571428571428,559.0,589,0.9439786101197695,0
YOR182C,56,1.0,0.0,0.1576796240286118,0.0005395660511259071,9.974339201553638e-05,56.392857142857146,56,7,227.28571428571428,559.0,589,0.9439786101197695,0
YOR293W,56,1.0,0.0,0.1576796240286118,0.0005395660511259071,9.974339201553638e-05,56.392857142857146,56,7,227.28571428571428,559.0,589,0.9439786101197695,1
YOR369C,56,1.0,0.0,0.1576796240286118,0.0005395660511259071,9.974339201553638e-05,56.392857142857146,56,7,227.28571428571428,559.0,589,0.9439786101197695,0
YPL081W,56,1.0,0.0,0.1576796240286118,0.0005395660511259071,9.974339201553638e-05,56.392857142857146,56,8,204.625,559.0,589,0.9439786101197695,0
YPR132W,56,1.0,0.0,0.1576796240286118,0.0005395660511259071,9.974339201553638e-05,56.392857142857146,56,7,227.28571428571428,559.0,589,0.9439786101197695,0
YGL023C,1,0.0,0.0,0.12595683285129797,0.00010471613058026022,3.3120105839466976e-09,15.0,1,0,0.0,0.0,0,0.0,0
YBL038W,31,1.0,0.0,0.012109375,0.00042411518968551824,9.484339035637453e-10,31.0,31,7,202.14285714285714,559.0,589,0.9439786101197695,0
YBR122C,31,1.0,0.0,0.012109375,0.00042411518968551824,9.484339035637453e-10,31.0,31,7,202.14285714285714,559.0,589,0.9439786101197695,0
YBR268W,31,1.0,0.0,0.012109375,0.00042411518968551824,9.484339035637453e-10,31.0,31,7,202.14285714285714,559.0,589,0.9439786101197695,0
YBR282W,31,1.0,0.0,0.012109375,0.00042411518968551824,9.484339035637453e-10,31.0,31,7,202.14285714285714,559.0,589,0.9439786101197695,0
YCR003W,31,1.0,0.0,0.012109375,0.00042411518968551824,9.484339035637453e-10,31.0,31,7,202.14285714285714,559.0,589,0.9439786101197695,0
YDL202W,31,1.0,0.0,0.012109375,0.00042411518968551824,9.484339035637453e-10,31.0,31,7,202.14285714285714,559.0,589,0.9439786101197695,0
YDR237W,31,1.0,0.0,0.012109375,0.00042411518968551824,9.484339035637453e-10,31.0,31,7,202.14285714285714,559.0,589,0.9439786101197695,0
YDR322W,31,1.0,0.0,0.012109375,0.00042411518968551824,9.484339035637453e-10,31.0,31,7,202.14285714285714,559.0,589,0.9439786101197695,0
YDR405W,31,1.0,0.0,0.012109375,0.00042411518968551824,9.484339035637453e-10,31.0,31,7,202.14285714285714,559.0,589,0.9439786101197695,0
YDR462W,31,1.0,0.0,0.012109375,0.00042411518968551824,9.484339035637453e-10,31.0,31,7,202.14285714285714,559.0,589,0.9439786101197695,0
YGR076C,31,1.0,0.0,0.012109375,0.00042411518968551824,9.484339035637453e-10,31.0,31,7,202.14285714285714,559.0,589,0.9439786101197695,0
YGR220C,31,1.0,0.0,0.012109375,0.00042411518968551824,9.484339035637453e-10,31.0,31,7,202.14285714285714,559.0,589,0.9439786101197695,0
YHR147C,31,1.0,0.0,0.012109375,0.00042411518968551824,9.484339035637453e-10,31.0,31,7,202.14285714285714,559.0,589,0.9439786101197695,0
YJL063C,31,1.0,0.0,0.012109375,0.00042411518968551824,9.484339035637453e-10,31.0,31,7,202.14285714285714,559.0,589,0.9439786101197695,0
YJL096W,31,1.0,0.0,0.012109375,0.00042411518968551824,9.484339035637453e-10,31.0,31,7,202.14285714285714,559.0,589,0.9439786101197695,0
YKL138C,31,1.0,0.0,0.012109375,0.00042411518968551824,9.484339035637453e-10,31.0,31,7,202.14285714285714,559.0,589,0.9439786101197695,0
YKL167C,31,1.0,0.0,0.012109375,0.00042411518968551824,9.484339035637453e-10,31.0,31,7,202.14285714285714,559.0,589,0.9439786101197695,0
YKL170W,31,1.0,0.0,0.012109375,0.00042411518968551824,9.484339035637453e-10,31.0,31,7,202.14285714285714,559.0,589,0.9439786101197695,0
YKR006C,31,1.0,0.0,0.012109375,0.00042411518968551824,9.484339035637453e-10,31.0,31,7,202.14285714285714,559.0,589,0.9439786101197695,0
YKR085C,31,1.0,0.0,0.012109375,0.00042411518968551824,9.484339035637453e-10,31.0,31,7,202.14285714285714,559.0,589,0.9439786101197695,0
YLR439W,31,1.0,0.0,0.012109375,0.00042411518968551824,9.484339035637453e-10,31.0,31,7,202.14285714285714,559.0,589,0.9439786101197695,0
YMR024W,31,1.0,0.0,0.012109375,0.00042411518968551824,9.484339035637453e-10,31.0,31,7,202.14285714285714,559.0,589,0.9439786101197695,0
YMR193W,31,1.0,0.0,0.012109375,0.00042411518968551824,9.484339035637453e-10,31.0,31,7,202.14285714285714,559.0,589,0.9439786101197695,0
YMR225C,31,1.0,0.0,0.012109375,0.00042411518968551824,9.484339035637453e-10,31.0,31,7,202.14285714285714,559.0,589,0.9439786101197695,0
YMR286W,31,1.0,0.0,0.012109375,0.00042411518968551824,9.484339035637453e-10,31.0,31,7,202.14285714285714,559.0,589,0.9439786101197695,0
YNL005C,31,1.0,0.0,0.012109375,0.00042411518968551824,9.484339035637453e-10,31.0,31,7,202.14285714285714,559.0,589,0.9439786101197695,0
YNL185C,31,1.0,0.0,0.012109375,0.00042411518968551824,9.484339035637453e-10,31.0,31,7,202.14285714285714,559.0,589,0.9439786101197695,0
YNL252C,31,1.0,0.0,0.012109375,0.00042411518968551824,9.484339035637453e-10,31.0,31,7,202.14285714285714,559.0,589,0.9439786101197695,0
YNL284C,31,1.0,0.0,0.012109375,0.00042411518968551824,9.484339035637453e-10,31.0,31,7,202.14285714285714,559.0,589,0.9439786101197695,0
YOR150W,31,1.0,0.0,0.012109375,0.00042411518968551824,9.484339035637453e-10,31.0,31,7,202.14285714285714,559.0,589,0.9439786101197695,0
YPL173W,31,1.0,0.0,0.012109375,0.00042411518968551824,9.484339035637453e-10,31.0,31,7,202.14285714285714,559.0,589,0.9439786101197695,0
YBR146W,13,1.0,0.0,0.1349020899440919,0.0004684170461318496,5.912221078286192e-11,13.153846153846153,13,9,161.77777777777777,559.0,593,0.9319709675949136,0
YDR337W,13,1.0,0.0,0.1349020899440919,0.0004684170461318496,5.912221078286192e-11,13.153846153846153,13,9,161.77777777777777,559.0,593,0.9319709675949136,0
YDR347W,13,1.0,0.0,0.1349020899440919,0.0004684170461318496,5.912221078286192e-11,13.153846153846153,13,9,161.77777777777777,559.0,593,0.9319709675949136,0
YFR049W,13,1.0,0.0,0.1349020899440919,0.0004684170461318496,5.912221078286192e-11,13.153846153846153,13,9,161.77777777777777,559.0,593,0.9319709675949136,0
YGR084C,13,1.0,0.0,0.1349020899440919,0.0004684170461318496,5.912221078286192e-11,13.153846153846153,13,9,161.77777777777777,559.0,593,0.9319709675949136,0
YHL004W,13,1.0,0.0,0.1349020899440919,0.0004684170461318496,5.912221078286192e-11,13.153846153846153,13,9,161.77777777777777,559.0,593,0.9319709675949136,0
YHR075C,13,1.0,0.0,0.1349020899440919,0.0004684170461318496,5.912221078286192e-11,13.153846153846153,13,4,101.25,266.0,266,0.999177188253653,0
YKL003C,13,1.0,0.0,0.1349020899440919,0.0004684170461318496,5.912221078286192e-11,13.153846153846153,13,9,161.77777777777777,559.0,593,0.9319709675949136,0
YNL306W,13,1.0,0.0,0.1349020899440919,0.0004684170461318496,5.912221078286192e-11,13.153846153846153,13,9,161.77777777777777,559.0,593,0.9319709675949136,1
YPR166C,13,1.0,0.0,0.1349020899440919,0.0004684170461318496,5.912221078286192e-11,13.153846153846153,13,9,161.77777777777777,559.0,593,0.9319709675949136,0
YDR156W,13,1.0,0.0,0.15411393600034526,0.0004487115433347789,2.708428785850473e-08,19.923076923076923,13,3,77.33333333333333,195.0,194,1.0,0
YJL148W,13,1.0,0.0,0.15411393600034526,0.0004487115433347788,2.708428785850473e-08,19.923076923076923,13,3,77.33333333333333,195.0,194,1.0,0
YJR063W,13,1.0,0.0,0.15411393600034526,0.0004487115433347788,2.708428785850473e-08,19.923076923076923,13,3,77.33333333333333,195.0,194,1.0,0
YNL248C,13,1.0,0.0,0.15411393600034526,0.0004487115433347788,2.708428785850473e-08,19.923076923076923,13,3,77.33333333333333,195.0,194,1.0,0
YOR224C,27,0.5441595441595442,0.0008570354635401219,0.1681955597682743,0.0009108042003661326,2.751840758535483e-07,16.25925925925926,13,11,38.90909090909091,195.0,213,0.8788200903534414,1
YOR340C,13,1.0,0.0,0.15411393600034526,0.0004487115433347788,2.708428785850473e-08,19.923076923076923,13,3,77.33333333333333,195.0,194,1.0,1
YPR110C,19,0.7543859649122807,9.887876945926078e-05,0.15608077469405596,0.0006321057188727494,2.905034235276477e-08,17.263157894736842,13,6,46.666666666666664,195.0,199,0.9538094512968884,1
YLR005W,9,0.9722222222222222,9.769441187964048e-08,0.1599967797939068,0.00050910654862459,2.4582651903409286e-07,10.555555555555555,8,12,44.0,195.0,266,0.7317349978720386,1
YPR056W,8,1.0,0.0,0.15998244444942208,0.0004595181688266369,2.4282859978052547e-07,11.0,8,9,52.22222222222222,195.0,266,0.7317349978720386,1
YKL144C,12,1.0,0.0,0.15218307870962244,0.00041952352720675746,2.5356139413490598e-08,20.083333333333332,12,4,60.75,195.0,199,0.9538094512968884,1
YNL151C,12,1.0,0.0,0.15218307870962244,0.00041952352720675746,2.5356139413490598e-08,20.083333333333332,12,4,60.75,195.0,199,0.9538094512968884,1
YPR190C,12,1.0,0.0,0.15218307870962244,0.00041952352720675746,2.5356139413490598e-08,20.083333333333332,12,4,60.75,195.0,199,0.9538094512968884,1
YAL001C,4,1.0,0.0,0.15325414663977344,0.00034690610845169035,2.4236500322406885e-07,5.5,4,4,84.75,195.0,255,0.7764397097421646,1
YOR110W,4,1.0,0.0,0.15325414663977344,0.00034690610845169035,2.4236500322406885e-07,5.5,4,4,84.75,195.0,255,0.7764397097421646,1
YKL109W,3,1.0,0.0,0.14075075378369858,0.0003417738334815256,2.2446784766965654e-07,3.6666666666666665,3,3,110.66666666666667,195.0,255,0.7764397097421646,0
YNL082W,2,1.0,0.0,0.13296329305979596,0.00022410930362816266,8.603844557685081e-11,6.0,2,5,47.6,195.0,194,1.0,0
YAL051W,1,0.0,0.0,0.12503950017507004,0.0001975153469577376,2.8399415242130337e-09,2.0,1,3,90.66666666666667,195.0,194,1.0,0
YDL160C,12,1.0,0.0,0.15561827283423393,0.0005232128287547589,2.8499269145556444e-08,14.833333333333334,12,5,171.6,559.0,749,0.621923705760979,0
YJR122W,12,1.0,0.0,0.15561827283423393,0.0005232128287547589,2.8499269145556444e-08,14.833333333333334,12,3,94.33333333333333,195.0,194,1.0,0
YMR053C,3,1.0,0.0,0.15151158782350446,0.00033690355232132837,5.280293233300322e-10,7.333333333333333,3,6,73.16666666666667,195.0,255,0.7764397097421646,0
YPL038W,2,1.0,0.0,0.13251922684429274,0.00022309628273237085,8.717985274632015e-12,6.5,2,4,69.5,195.0,194,1.0,0
YDR253C,2,1.0,0.0,0.13251922684429274,0.00022309628273237085,8.717985274632015e-12,6.5,2,4,69.5,195.0,194,1.0,0
YDR397C,1,0.0,0.0,0.000390625,0.0004241151896855187,7.84526137315919e-34,1.0,1,3,90.66666666666667,195.0,194,1.0,1
YER159C,1,0.0,0.0,0.000390625,0.0004241151896855187,7.84526137315919e-34,1.0,1,3,90.66666666666667,195.0,194,1.0,1
YHR193C,1,0.0,0.0,0.000390625,0.0004241151896855187,7.84526137315919e-34,1.0,1,4,68.75,195.0,195,0.9899550621200106,0
YPL037C,1,0.0,0.0,0.000390625,0.0004241151896855187,7.84526137315919e-34,1.0,1,7,191.85714285714286,559.0,749,0.621923705760979,0
YHL025W,9,1.0,0.0,0.1762127763248791,0.000452125302745504,3.253910058914639e-07,16.77777777777778,9,6,64.5,195.0,269,0.6211507518171225,0
YER001W,1,0.0,0.0,0.12986864953814822,0.00015341752240907196,1.2077750824500304e-10,6.0,1,0,0.0,0.0,0,0.0,0
YDR009W,2,1.0,0.0,0.1547014436406169,0.00020282734014252576,3.024227192081368e-08,10.0,2,4,68.75,195.0,194,1.0,0
YBL014C,3,1.0,0.0,0.16299078617069832,0.000254606923990998,2.287672117434709e-07,9.333333333333334,3,5,68.8,195.0,255,0.7764397097421646,1
YML043C,3,1.0,0.0,0.16299078617069832,0.000254606923990998,2.287672117434709e-07,9.333333333333334,3,5,68.8,195.0,255,0.7764397097421646,1
YLR141W,2,1.0,0.0,0.15006001029498278,0.00023732916441106814,2.9893244707705093e-09,4.0,2,6,58.333333333333336,195.0,257,0.7645914396887159,1
YDR404C,12,1.0,0.0,0.16381321674311927,0.0004569481322501883,2.661194371412108e-07,20.5,12,8,114.75,559.0,763,0.602910874672776,1
YOL005C,12,1.0,0.0,0.16381321674311927,0.0004569481322501883,2.661194371412108e-07,20.5,12,6,57.166666666666664,195.0,208,0.9184318097361576,1
YDL005C,20,1.0,0.0,0.18339811652629417,0.0006372638940245359,2.3200755792622922e-05,22.95,20,5,70.0,195.0,211,0.9097269239449334,0
YGL025C,20,1.0,0.0,0.18339811652629417,0.0006372638940245359,2.3200755792622922e-05,22.95,20,5,70.0,195.0,211,0.9097269239449334,0
YGL151W,20,1.0,0.0,0.18339811652629417,0.0006372638940245359,2.3200755792622922e-05,22.95,20,4,69.0,195.0,200,0.9663316582914573,0
YHR058C,20,1.0,0.0,0.18339811652629417,0.0006372638940245359,2.3200755792622922e-05,22.95,20,6,59.5,195.0,211,0.9097269239449334,1
YLR071C,20,1.0,0.0,0.18339811652629417,0.0006372638940245359,2.3200755792622922e-05,22.95,20,5,70.0,195.0,211,0.9097269239449334,1
YMR112C,20,1.0,0.0,0.18339811652629417,0.0006372638940245359,2.3200755792622922e-05,22.95,20,6,59.5,195.0,211,0.9097269239449334,1
YPR168W,20,1.0,0.0,0.18339811652629417,0.0006372638940245359,2.3200755792622922e-05,22.95,20,5,70.0,195.0,211,0.9097269239449334,1
YCR042C,11,1.0,0.0,0.1703132451831362,0.0004502670341525081,3.425538579098822e-07,21.181818181818183,11,8,59.25,195.0,266,0.731961980422755,1
YML098W,11,1.0,0.0,0.1703132451831362,0.0004502670341525081,3.425538579098822e-07,21.181818181818183,11,8,59.25,195.0,266,0.731961980422755,1
YMR227C,11,1.0,0.0,0.1703132451831362,0.0004502670341525081,3.425538579098822e-07,21.181818181818183,11,8,59.25,195.0,266,0.731961980422755,1
YDR086C,2,1.0,0.0,0.11882372146802422,0.0002876208204329629,1.4209266507398888e-10,3.5,2,6,9.333333333333334,29.0,29,0.9384236453201971,1
YBR171W,3,1.0,0.0,0.10153326865119983,0.0003890987207449095,5.031907181096404e-13,3.3333333333333335,3,4,12.25,29.0,28,1.0,0
YLR292C,3,1.0,0.0,0.10153326865119983,0.0003890987207449095,5.031907181096404e-13,3.3333333333333335,3,4,12.25,29.0,28,1.0,0
YPL094C,3,1.0,0.0,0.10153326865119983,0.0003890987207449095,5.031907181096404e-13,3.3333333333333335,3,4,12.25,29.0,28,1.0,1
YDL232W,8,1.0,0.0,0.13456658847690106,0.00043560659503676997,2.4205323956654298e-08,8.5,8,2,19.0,29.0,28,1.0,1
YML019W,8,1.0,0.0,0.13456658847690106,0.00043560659503676997,2.4205323956654298e-08,8.5,8,2,19.0,29.0,28,1.0,0
YOR085W,8,1.0,0.0,0.13456658847690106,0.00043560659503676997,2.4205323956654298e-08,8.5,8,2,19.0,29.0,28,1.0,0
YOR103C,8,1.0,0.0,0.13456658847690106,0.00043560659503676997,2.4205323956654298e-08,8.5,8,2,19.0,29.0,28,1.0,1
YIR022W,2,1.0,0.0,0.10425433890932446,0.00036330934831680034,3.492265947064318e-11,2.5,2,3,12.0,29.0,29,0.9359605911330049,1
YML055W,2,1.0,0.0,0.10425433890932446,0.00036330934831680034,3.492265947064318e-11,2.5,2,3,12.0,29.0,29,0.9359605911330049,0
YDL092W,5,1.0,0.0,0.14455667604436528,0.00041019639656675853,2.3663030193707623e-07,5.2,5,4,150.25,559.0,579,0.9308496333614213,1
YKL122C,5,1.0,0.0,0.14455667604436528,0.00041019639656675853,2.3663030193707623e-07,5.2,5,4,150.25,559.0,579,0.9308496333614213,1
YML105C,5,1.0,0.0,0.14455667604436528,0.00041019639656675853,2.3663030193707623e-07,5.2,5,4,150.25,559.0,579,0.9308496333614213,1
YPL210C,5,1.0,0.0,0.14455667604436528,0.00041019639656675853,2.3663030193707623e-07,5.2,5,4,150.25,559.0,579,0.9308496333614213,1
YPL243W,5,1.0,0.0,0.14455667604436528,0.00041019639656675853,2.3663030193707623e-07,5.2,5,4,150.25,559.0,579,0.9308496333614213,1
YKL154W,1,0.0,0.0,0.1313977527779822,0.00020476818666347472,2.1841161368077426e-07,2.0,1,3,196.66666666666666,559.0,579,0.9308496333614213,1
YDL008W,10,1.0,0.0,0.14305111861079955,0.00048434460212762537,2.4715261016438964e-07,10.7,10,4,25.0,58.0,57,1.0,1
YDR118W,10,1.0,0.0,0.14305111861079955,0.00048434460212762537,2.4715261016438964e-07,10.7,10,4,25.0,58.0,57,1.0,1
YFR036W,10,1.0,0.0,0.14305111861079955,0.00048434460212762537,2.4715261016438964e-07,10.7,10,4,25.0,58.0,57,1.0,0
YGL240W,10,1.0,0.0,0.14305111861079955,0.00048434460212762537,2.4715261016438964e-07,10.7,10,4,25.0,58.0,57,1.0,0
YLR102C,10,1.0,0.0,0.14305111861079955,0.00048434460212762537,2.4715261016438964e-07,10.7,10,4,25.0,58.0,57,1.0,0
YOR249C,10,1.0,0.0,0.14305111861079955,0.00048434460212762537,2.4715261016438964e-07,10.7,10,4,25.0,58.0,57,1.0,1
YER090W,1,0.0,0.0,0.000390625,0.0004241151896855187,7.84526137315919e-34,1.0,1,1,2.0,2.0,1,0.0,0
YKL211C,1,0.0,0.0,0.000390625,0.0004241151896855187,7.84526137315919e-34,1.0,1,1,2.0,2.0,1,0.0,0
YOR303W,1,0.0,0.0,0.11948367655915418,0.00020237865063495717,5.570328065364771e-11,2.0,1,1,2.0,2.0,1,0.0,0
